# This is a clothes file for MakeHuman Community, exported by MakeClothes 2
#
# author: WojackOWL
# license: CC-BY
#
v 0.0292 1.6398 0.0977
v 0.0297 1.6372 0.1094
v 0.0297 1.6274 0.1237
v 0.0386 1.6398 0.0981
v 0.0389 1.6360 0.1095
v 0.0379 1.6249 0.1228
v 0.0471 1.6382 0.0979
v 0.0472 1.6335 0.1090
v 0.0450 1.6218 0.1215
v 0.0546 1.6353 0.0969
v 0.0546 1.6301 0.1078
v 0.0512 1.6182 0.1199
v 0.0612 1.6313 0.0952
v 0.0611 1.6257 0.1058
v 0.0568 1.6139 0.1178
v 0.0668 1.6265 0.0927
v 0.0668 1.6206 0.1032
v 0.0620 1.6091 0.1152
v 0.0716 1.6210 0.0896
v 0.0718 1.6149 0.1000
v 0.0666 1.6036 0.1120
v 0.0758 1.6151 0.0859
v 0.0761 1.6087 0.0961
v 0.0709 1.5976 0.1083
v 0.0793 1.6087 0.0816
v 0.0799 1.6021 0.0916
v 0.0747 1.5911 0.1039
v 0.0824 1.6019 0.0768
v 0.0831 1.5951 0.0867
v 0.0781 1.5841 0.0991
v 0.0849 1.5947 0.0715
v 0.0859 1.5878 0.0812
v 0.0809 1.5769 0.0937
v 0.0869 1.5873 0.0658
v 0.0879 1.5801 0.0754
v 0.0826 1.5693 0.0880
v 0.0882 1.5794 0.0601
v 0.0880 1.5722 0.0692
v 0.0820 1.5615 0.0820
v 0.0882 1.5713 0.0546
v 0.0867 1.5640 0.0628
v 0.0801 1.5535 0.0758
v 0.0871 1.5630 0.0487
v 0.0848 1.5557 0.0564
v 0.0776 1.5456 0.0696
v 0.0850 1.5547 0.0421
v 0.0826 1.5474 0.0499
v 0.0753 1.5379 0.0636
v 0.0292 1.6356 0.1032
v 0.0293 1.6324 0.1087
v 0.0291 1.6258 0.1137
v 0.0381 1.6350 0.1031
v 0.0378 1.6314 0.1083
v 0.0368 1.6244 0.1127
v 0.0460 1.6332 0.1026
v 0.0454 1.6293 0.1075
v 0.0434 1.6222 0.1115
v 0.0530 1.6303 0.1015
v 0.0521 1.6262 0.1062
v 0.0492 1.6194 0.1100
v 0.0592 1.6264 0.0997
v 0.0580 1.6223 0.1044
v 0.0544 1.6158 0.1081
v 0.0646 1.6217 0.0972
v 0.0632 1.6177 0.1019
v 0.0591 1.6115 0.1058
v 0.0692 1.6164 0.0942
v 0.0678 1.6124 0.0989
v 0.0634 1.6066 0.1029
v 0.0733 1.6105 0.0905
v 0.0719 1.6066 0.0952
v 0.0673 1.6010 0.0994
v 0.0769 1.6042 0.0863
v 0.0755 1.6003 0.0910
v 0.0708 1.5949 0.0954
v 0.0799 1.5975 0.0815
v 0.0786 1.5935 0.0863
v 0.0739 1.5883 0.0908
v 0.0825 1.5904 0.0763
v 0.0812 1.5864 0.0810
v 0.0765 1.5814 0.0858
v 0.0845 1.5830 0.0706
v 0.0833 1.5790 0.0754
v 0.0786 1.5741 0.0803
v 0.0860 1.5753 0.0647
v 0.0847 1.5714 0.0695
v 0.0800 1.5667 0.0746
v 0.0869 1.5674 0.0589
v 0.0854 1.5636 0.0633
v 0.0807 1.5592 0.0687
v 0.0868 1.5594 0.0529
v 0.0852 1.5557 0.0572
v 0.0805 1.5518 0.0628
v 0.0854 1.5514 0.0466
v 0.0839 1.5479 0.0511
v 0.0793 1.5444 0.0570
v 0.0288 1.6300 0.1036
v 0.0293 1.6288 0.1135
v 0.0295 1.6227 0.1252
v 0.0369 1.6296 0.1030
v 0.0374 1.6273 0.1128
v 0.0370 1.6200 0.1238
v 0.0440 1.6280 0.1022
v 0.0445 1.6250 0.1117
v 0.0434 1.6171 0.1223
v 0.0502 1.6255 0.1009
v 0.0507 1.6219 0.1103
v 0.0489 1.6138 0.1205
v 0.0557 1.6221 0.0992
v 0.0563 1.6181 0.1084
v 0.0540 1.6099 0.1185
v 0.0605 1.6179 0.0969
v 0.0613 1.6136 0.1059
v 0.0587 1.6054 0.1160
v 0.0648 1.6130 0.0941
v 0.0657 1.6084 0.1029
v 0.0631 1.6002 0.1130
v 0.0687 1.6075 0.0907
v 0.0698 1.6026 0.0993
v 0.0671 1.5945 0.1094
v 0.0721 1.6015 0.0867
v 0.0734 1.5964 0.0952
v 0.0708 1.5882 0.1053
v 0.0750 1.5950 0.0822
v 0.0765 1.5896 0.0905
v 0.0741 1.5814 0.1006
v 0.0775 1.5881 0.0771
v 0.0792 1.5826 0.0853
v 0.0769 1.5743 0.0954
v 0.0795 1.5809 0.0717
v 0.0813 1.5752 0.0797
v 0.0791 1.5670 0.0898
v 0.0808 1.5735 0.0660
v 0.0828 1.5677 0.0739
v 0.0807 1.5594 0.0840
v 0.0816 1.5660 0.0603
v 0.0835 1.5600 0.0678
v 0.0814 1.5519 0.0780
v 0.0815 1.5584 0.0546
v 0.0832 1.5523 0.0617
v 0.0812 1.5444 0.0721
v 0.0802 1.5509 0.0487
v 0.0820 1.5447 0.0558
v 0.0800 1.5370 0.0664
v 0.0201 1.6486 0.0733
v 0.0164 1.6462 0.0845
v 0.0126 1.6368 0.0988
v 0.0306 1.6479 0.0755
v 0.0279 1.6468 0.0871
v 0.0244 1.6388 0.1021
v 0.0394 1.6460 0.0762
v 0.0384 1.6457 0.0882
v 0.0361 1.6390 0.1039
v 0.0467 1.6431 0.0757
v 0.0479 1.6431 0.0876
v 0.0474 1.6369 0.1038
v 0.0531 1.6395 0.0740
v 0.0565 1.6391 0.0855
v 0.0579 1.6328 0.1016
v 0.0591 1.6351 0.0712
v 0.0641 1.6338 0.0821
v 0.0672 1.6269 0.0977
v 0.0649 1.6298 0.0673
v 0.0710 1.6275 0.0774
v 0.0750 1.6195 0.0922
v 0.0706 1.6235 0.0620
v 0.0771 1.6201 0.0714
v 0.0814 1.6110 0.0856
v 0.0759 1.6163 0.0554
v 0.0825 1.6117 0.0643
v 0.0863 1.6015 0.0778
v 0.0807 1.6082 0.0478
v 0.0869 1.6024 0.0562
v 0.0898 1.5913 0.0691
v 0.0857 1.5988 0.0408
v 0.0910 1.5921 0.0486
v 0.0920 1.5804 0.0599
v 0.0899 1.5886 0.0337
v 0.0942 1.5809 0.0411
v 0.0931 1.5690 0.0510
v 0.0913 1.5779 0.0241
v 0.0938 1.5695 0.0312
v 0.0900 1.5576 0.0406
v 0.0880 1.5669 0.0125
v 0.0883 1.5579 0.0198
v 0.0829 1.5462 0.0295
v 0.0845 1.5560 -0.0014
v 0.0853 1.5467 0.0057
v 0.0794 1.5353 0.0166
v 0.0800 1.5455 -0.0158
v 0.0818 1.5360 -0.0087
v 0.0762 1.5248 0.0039
v 0.0188 1.6444 0.0787
v 0.0172 1.6414 0.0840
v 0.0162 1.6349 0.0891
v 0.0292 1.6444 0.0813
v 0.0279 1.6419 0.0869
v 0.0265 1.6360 0.0926
v 0.0384 1.6429 0.0823
v 0.0376 1.6409 0.0883
v 0.0362 1.6355 0.0944
v 0.0463 1.6403 0.0820
v 0.0463 1.6385 0.0880
v 0.0452 1.6334 0.0945
v 0.0535 1.6366 0.0803
v 0.0543 1.6348 0.0863
v 0.0536 1.6298 0.0929
v 0.0600 1.6320 0.0774
v 0.0615 1.6298 0.0831
v 0.0612 1.6248 0.0897
v 0.0662 1.6263 0.0731
v 0.0681 1.6238 0.0786
v 0.0679 1.6185 0.0850
v 0.0719 1.6197 0.0676
v 0.0739 1.6167 0.0727
v 0.0736 1.6112 0.0790
v 0.0770 1.6121 0.0608
v 0.0789 1.6086 0.0657
v 0.0783 1.6029 0.0717
v 0.0815 1.6036 0.0529
v 0.0830 1.5997 0.0576
v 0.0819 1.5939 0.0633
v 0.0859 1.5940 0.0458
v 0.0869 1.5899 0.0501
v 0.0848 1.5841 0.0551
v 0.0895 1.5837 0.0385
v 0.0899 1.5793 0.0425
v 0.0868 1.5737 0.0471
v 0.0905 1.5730 0.0289
v 0.0903 1.5685 0.0328
v 0.0865 1.5634 0.0372
v 0.0890 1.5622 0.0177
v 0.0884 1.5577 0.0217
v 0.0844 1.5531 0.0263
v 0.0874 1.5517 0.0037
v 0.0874 1.5473 0.0079
v 0.0834 1.5431 0.0133
v 0.0830 1.5414 -0.0107
v 0.0835 1.5371 -0.0062
v 0.0797 1.5333 0.0001
v 0.0192 1.6389 0.0794
v 0.0160 1.6378 0.0888
v 0.0126 1.6321 0.1004
v 0.0289 1.6389 0.0823
v 0.0267 1.6389 0.0921
v 0.0239 1.6343 0.1041
v 0.0373 1.6376 0.0837
v 0.0367 1.6383 0.0937
v 0.0351 1.6346 0.1063
v 0.0447 1.6353 0.0837
v 0.0461 1.6361 0.0936
v 0.0462 1.6328 0.1064
v 0.0515 1.6319 0.0824
v 0.0547 1.6324 0.0919
v 0.0566 1.6289 0.1044
v 0.0577 1.6275 0.0797
v 0.0624 1.6272 0.0885
v 0.0658 1.6231 0.1006
v 0.0637 1.6220 0.0756
v 0.0693 1.6208 0.0838
v 0.0735 1.6158 0.0952
v 0.0691 1.6156 0.0700
v 0.0751 1.6133 0.0777
v 0.0797 1.6073 0.0885
v 0.0739 1.6082 0.0632
v 0.0800 1.6049 0.0704
v 0.0844 1.5979 0.0807
v 0.0779 1.6000 0.0553
v 0.0838 1.5957 0.0621
v 0.0875 1.5878 0.0719
v 0.0819 1.5909 0.0481
v 0.0870 1.5857 0.0540
v 0.0892 1.5772 0.0625
v 0.0851 1.5811 0.0407
v 0.0892 1.5751 0.0461
v 0.0897 1.5662 0.0532
v 0.0851 1.5710 0.0312
v 0.0876 1.5643 0.0362
v 0.0860 1.5552 0.0428
v 0.0809 1.5607 0.0203
v 0.0818 1.5535 0.0252
v 0.0789 1.5443 0.0318
v 0.0781 1.5508 0.0068
v 0.0788 1.5431 0.0118
v 0.0752 1.5339 0.0195
v 0.0756 1.5412 -0.0072
v 0.0776 1.5332 -0.0018
v 0.0740 1.5239 0.0075
v 0.0224 1.6558 0.0527
v 0.0187 1.6534 0.0639
v 0.0149 1.6439 0.0779
v 0.0329 1.6552 0.0549
v 0.0302 1.6540 0.0666
v 0.0266 1.6461 0.0815
v 0.0418 1.6533 0.0558
v 0.0406 1.6530 0.0677
v 0.0380 1.6463 0.0835
v 0.0492 1.6504 0.0554
v 0.0500 1.6505 0.0674
v 0.0489 1.6444 0.0836
v 0.0555 1.6469 0.0541
v 0.0583 1.6466 0.0658
v 0.0590 1.6406 0.0820
v 0.0612 1.6427 0.0519
v 0.0656 1.6416 0.0630
v 0.0677 1.6349 0.0789
v 0.0665 1.6377 0.0487
v 0.0720 1.6356 0.0592
v 0.0750 1.6280 0.0745
v 0.0716 1.6319 0.0445
v 0.0775 1.6286 0.0544
v 0.0807 1.6199 0.0691
v 0.0763 1.6252 0.0393
v 0.0822 1.6207 0.0487
v 0.0850 1.6110 0.0628
v 0.0808 1.6175 0.0336
v 0.0862 1.6119 0.0424
v 0.0879 1.6014 0.0559
v 0.0855 1.6087 0.0283
v 0.0900 1.6022 0.0369
v 0.0903 1.5912 0.0497
v 0.0894 1.5991 0.0227
v 0.0931 1.5918 0.0312
v 0.0918 1.5804 0.0436
v 0.0914 1.5889 0.0152
v 0.0942 1.5811 0.0237
v 0.0914 1.5698 0.0360
v 0.0912 1.5785 0.0059
v 0.0931 1.5702 0.0143
v 0.0891 1.5592 0.0267
v 0.0884 1.5680 -0.0057
v 0.0909 1.5595 0.0029
v 0.0877 1.5489 0.0157
v 0.0850 1.5577 -0.0183
v 0.0892 1.5491 -0.0099
v 0.0873 1.5388 0.0031
v 0.0210 1.6517 0.0581
v 0.0195 1.6487 0.0634
v 0.0185 1.6422 0.0685
v 0.0315 1.6516 0.0607
v 0.0302 1.6492 0.0664
v 0.0288 1.6432 0.0720
v 0.0407 1.6502 0.0619
v 0.0398 1.6482 0.0678
v 0.0383 1.6428 0.0739
v 0.0486 1.6476 0.0617
v 0.0484 1.6459 0.0678
v 0.0471 1.6409 0.0743
v 0.0555 1.6441 0.0605
v 0.0561 1.6424 0.0665
v 0.0550 1.6375 0.0732
v 0.0617 1.6397 0.0581
v 0.0629 1.6377 0.0640
v 0.0621 1.6328 0.0707
v 0.0674 1.6344 0.0547
v 0.0689 1.6320 0.0604
v 0.0682 1.6269 0.0669
v 0.0725 1.6282 0.0503
v 0.0741 1.6253 0.0557
v 0.0733 1.6201 0.0621
v 0.0770 1.6212 0.0449
v 0.0785 1.6178 0.0500
v 0.0774 1.6124 0.0563
v 0.0811 1.6132 0.0389
v 0.0822 1.6095 0.0438
v 0.0805 1.6040 0.0498
v 0.0851 1.6043 0.0334
v 0.0858 1.6003 0.0383
v 0.0834 1.5949 0.0441
v 0.0884 1.5945 0.0277
v 0.0887 1.5904 0.0326
v 0.0856 1.5852 0.0382
v 0.0899 1.5845 0.0202
v 0.0897 1.5802 0.0251
v 0.0859 1.5753 0.0307
v 0.0893 1.5741 0.0110
v 0.0886 1.5700 0.0158
v 0.0844 1.5655 0.0215
v 0.0872 1.5638 -0.0000
v 0.0867 1.5598 0.0046
v 0.0830 1.5558 0.0105
v 0.0846 1.5538 -0.0128
v 0.0850 1.5498 -0.0081
v 0.0817 1.5462 -0.0020
v 0.0215 1.6462 0.0588
v 0.0183 1.6451 0.0682
v 0.0150 1.6392 0.0795
v 0.0312 1.6462 0.0617
v 0.0290 1.6461 0.0715
v 0.0261 1.6415 0.0835
v 0.0397 1.6449 0.0633
v 0.0388 1.6456 0.0732
v 0.0370 1.6420 0.0858
v 0.0470 1.6426 0.0635
v 0.0479 1.6435 0.0734
v 0.0477 1.6403 0.0862
v 0.0534 1.6394 0.0625
v 0.0562 1.6400 0.0721
v 0.0575 1.6367 0.0848
v 0.0593 1.6353 0.0604
v 0.0634 1.6351 0.0695
v 0.0662 1.6312 0.0818
v 0.0646 1.6303 0.0572
v 0.0697 1.6291 0.0657
v 0.0732 1.6244 0.0775
v 0.0694 1.6243 0.0528
v 0.0750 1.6222 0.0608
v 0.0787 1.6164 0.0721
v 0.0736 1.6176 0.0473
v 0.0792 1.6143 0.0550
v 0.0827 1.6076 0.0658
v 0.0773 1.6099 0.0413
v 0.0825 1.6058 0.0485
v 0.0853 1.5982 0.0588
v 0.0810 1.6014 0.0359
v 0.0857 1.5963 0.0428
v 0.0872 1.5882 0.0523
v 0.0840 1.5922 0.0301
v 0.0880 1.5864 0.0371
v 0.0882 1.5779 0.0460
v 0.0853 1.5827 0.0227
v 0.0885 1.5762 0.0296
v 0.0874 1.5676 0.0382
v 0.0833 1.5729 0.0135
v 0.0849 1.5660 0.0204
v 0.0824 1.5574 0.0289
v 0.0790 1.5630 0.0026
v 0.0799 1.5559 0.0093
v 0.0772 1.5474 0.0181
v 0.0759 1.5534 -0.0100
v 0.0772 1.5460 -0.0035
v 0.0745 1.5375 0.0059
v 0.0445 1.6578 0.0421
v 0.0419 1.6554 0.0536
v 0.0380 1.6458 0.0675
v 0.0496 1.6556 0.0417
v 0.0492 1.6540 0.0536
v 0.0471 1.6456 0.0686
v 0.0534 1.6530 0.0405
v 0.0556 1.6516 0.0522
v 0.0558 1.6438 0.0677
v 0.0568 1.6501 0.0386
v 0.0611 1.6484 0.0497
v 0.0635 1.6406 0.0650
v 0.0602 1.6466 0.0360
v 0.0661 1.6444 0.0462
v 0.0700 1.6363 0.0610
v 0.0638 1.6424 0.0324
v 0.0706 1.6396 0.0419
v 0.0755 1.6311 0.0562
v 0.0676 1.6376 0.0279
v 0.0748 1.6341 0.0369
v 0.0800 1.6250 0.0507
v 0.0715 1.6321 0.0227
v 0.0787 1.6279 0.0313
v 0.0837 1.6181 0.0446
v 0.0754 1.6259 0.0170
v 0.0826 1.6208 0.0258
v 0.0869 1.6103 0.0388
v 0.0795 1.6190 0.0116
v 0.0865 1.6130 0.0207
v 0.0898 1.6018 0.0336
v 0.0831 1.6116 0.0059
v 0.0897 1.6045 0.0154
v 0.0918 1.5928 0.0283
v 0.0854 1.6036 -0.0009
v 0.0912 1.5957 0.0087
v 0.0919 1.5837 0.0218
v 0.0859 1.5954 -0.0086
v 0.0907 1.5868 0.0009
v 0.0899 1.5748 0.0140
v 0.0841 1.5870 -0.0172
v 0.0876 1.5779 -0.0081
v 0.0861 1.5663 0.0055
v 0.0791 1.5788 -0.0268
v 0.0816 1.5695 -0.0185
v 0.0817 1.5584 -0.0045
v 0.0712 1.5712 -0.0359
v 0.0744 1.5617 -0.0285
v 0.0744 1.5511 -0.0146
v 0.0429 1.6536 0.0474
v 0.0415 1.6506 0.0528
v 0.0398 1.6441 0.0577
v 0.0486 1.6519 0.0475
v 0.0480 1.6493 0.0532
v 0.0464 1.6433 0.0588
v 0.0533 1.6495 0.0465
v 0.0536 1.6472 0.0523
v 0.0525 1.6415 0.0584
v 0.0575 1.6466 0.0446
v 0.0587 1.6442 0.0503
v 0.0582 1.6388 0.0566
v 0.0615 1.6431 0.0418
v 0.0633 1.6405 0.0472
v 0.0633 1.6351 0.0536
v 0.0654 1.6388 0.0380
v 0.0677 1.6360 0.0432
v 0.0678 1.6305 0.0495
v 0.0693 1.6337 0.0334
v 0.0717 1.6307 0.0384
v 0.0719 1.6251 0.0446
v 0.0731 1.6280 0.0280
v 0.0754 1.6247 0.0329
v 0.0754 1.6190 0.0389
v 0.0769 1.6215 0.0226
v 0.0791 1.6179 0.0275
v 0.0788 1.6121 0.0336
v 0.0809 1.6143 0.0175
v 0.0828 1.6104 0.0226
v 0.0819 1.6045 0.0286
v 0.0841 1.6066 0.0120
v 0.0858 1.6024 0.0173
v 0.0842 1.5966 0.0233
v 0.0859 1.5987 0.0053
v 0.0871 1.5942 0.0107
v 0.0848 1.5887 0.0168
v 0.0858 1.5905 -0.0023
v 0.0864 1.5860 0.0030
v 0.0835 1.5809 0.0092
v 0.0834 1.5824 -0.0110
v 0.0834 1.5779 -0.0057
v 0.0800 1.5734 0.0006
v 0.0779 1.5746 -0.0208
v 0.0777 1.5703 -0.0157
v 0.0750 1.5664 -0.0088
v 0.0704 1.5672 -0.0302
v 0.0707 1.5631 -0.0254
v 0.0682 1.5598 -0.0182
v 0.0423 1.6481 0.0478
v 0.0402 1.6470 0.0575
v 0.0372 1.6411 0.0690
v 0.0472 1.6465 0.0483
v 0.0472 1.6461 0.0583
v 0.0459 1.6411 0.0705
v 0.0514 1.6445 0.0479
v 0.0536 1.6442 0.0577
v 0.0544 1.6396 0.0700
v 0.0553 1.6419 0.0465
v 0.0594 1.6413 0.0556
v 0.0622 1.6366 0.0676
v 0.0592 1.6386 0.0440
v 0.0645 1.6375 0.0524
v 0.0687 1.6324 0.0638
v 0.0630 1.6344 0.0405
v 0.0692 1.6328 0.0482
v 0.0741 1.6273 0.0591
v 0.0667 1.6296 0.0360
v 0.0733 1.6273 0.0432
v 0.0786 1.6212 0.0537
v 0.0703 1.6240 0.0306
v 0.0769 1.6211 0.0375
v 0.0821 1.6144 0.0477
v 0.0739 1.6177 0.0254
v 0.0804 1.6141 0.0322
v 0.0851 1.6068 0.0419
v 0.0775 1.6109 0.0204
v 0.0838 1.6063 0.0272
v 0.0877 1.5984 0.0368
v 0.0804 1.6036 0.0150
v 0.0863 1.5982 0.0220
v 0.0893 1.5896 0.0315
v 0.0818 1.5962 0.0083
v 0.0871 1.5900 0.0154
v 0.0890 1.5809 0.0249
v 0.0815 1.5887 0.0008
v 0.0859 1.5818 0.0078
v 0.0867 1.5726 0.0172
v 0.0790 1.5814 -0.0076
v 0.0825 1.5739 -0.0010
v 0.0830 1.5647 0.0088
v 0.0737 1.5744 -0.0170
v 0.0771 1.5665 -0.0108
v 0.0788 1.5574 -0.0008
v 0.0667 1.5677 -0.0261
v 0.0704 1.5595 -0.0204
v 0.0717 1.5506 -0.0105
v 0.0486 1.6618 0.0254
v 0.0510 1.6597 0.0369
v 0.0510 1.6512 0.0520
v 0.0517 1.6582 0.0230
v 0.0562 1.6561 0.0339
v 0.0588 1.6480 0.0490
v 0.0547 1.6542 0.0199
v 0.0609 1.6521 0.0300
v 0.0656 1.6441 0.0446
v 0.0577 1.6498 0.0161
v 0.0652 1.6476 0.0253
v 0.0715 1.6395 0.0393
v 0.0608 1.6451 0.0117
v 0.0691 1.6426 0.0200
v 0.0766 1.6344 0.0333
v 0.0637 1.6402 0.0066
v 0.0726 1.6373 0.0143
v 0.0807 1.6287 0.0269
v 0.0666 1.6351 0.0010
v 0.0757 1.6316 0.0081
v 0.0844 1.6222 0.0209
v 0.0692 1.6298 -0.0050
v 0.0785 1.6254 0.0020
v 0.0876 1.6152 0.0153
v 0.0714 1.6242 -0.0115
v 0.0807 1.6189 -0.0042
v 0.0896 1.6077 0.0097
v 0.0731 1.6184 -0.0181
v 0.0820 1.6120 -0.0109
v 0.0901 1.6000 0.0033
v 0.0740 1.6121 -0.0250
v 0.0822 1.6048 -0.0178
v 0.0889 1.5923 -0.0034
v 0.0727 1.6047 -0.0323
v 0.0796 1.5967 -0.0253
v 0.0858 1.5845 -0.0104
v 0.0685 1.5963 -0.0395
v 0.0734 1.5881 -0.0331
v 0.0785 1.5768 -0.0189
v 0.0620 1.5879 -0.0461
v 0.0652 1.5798 -0.0402
v 0.0693 1.5696 -0.0272
v 0.0544 1.5800 -0.0516
v 0.0567 1.5723 -0.0458
v 0.0610 1.5633 -0.0338
v 0.0469 1.5732 -0.0562
v 0.0496 1.5658 -0.0503
v 0.0549 1.5571 -0.0385
v 0.0484 1.6581 0.0312
v 0.0487 1.6554 0.0369
v 0.0473 1.6496 0.0428
v 0.0524 1.6546 0.0289
v 0.0537 1.6520 0.0345
v 0.0531 1.6465 0.0407
v 0.0562 1.6507 0.0257
v 0.0583 1.6481 0.0311
v 0.0586 1.6427 0.0374
v 0.0599 1.6463 0.0217
v 0.0626 1.6437 0.0268
v 0.0636 1.6383 0.0331
v 0.0634 1.6415 0.0170
v 0.0665 1.6389 0.0218
v 0.0680 1.6335 0.0280
v 0.0666 1.6365 0.0117
v 0.0700 1.6337 0.0162
v 0.0717 1.6282 0.0223
v 0.0695 1.6312 0.0059
v 0.0731 1.6281 0.0103
v 0.0751 1.6223 0.0168
v 0.0721 1.6256 -0.0001
v 0.0759 1.6221 0.0046
v 0.0780 1.6161 0.0115
v 0.0742 1.6197 -0.0063
v 0.0779 1.6158 -0.0014
v 0.0799 1.6096 0.0058
v 0.0756 1.6136 -0.0129
v 0.0790 1.6094 -0.0080
v 0.0804 1.6031 -0.0006
v 0.0760 1.6072 -0.0197
v 0.0789 1.6027 -0.0148
v 0.0796 1.5965 -0.0073
v 0.0752 1.6004 -0.0267
v 0.0775 1.5958 -0.0217
v 0.0775 1.5900 -0.0142
v 0.0730 1.5934 -0.0337
v 0.0746 1.5888 -0.0288
v 0.0738 1.5836 -0.0214
v 0.0694 1.5860 -0.0403
v 0.0703 1.5817 -0.0357
v 0.0688 1.5771 -0.0284
v 0.0639 1.5785 -0.0462
v 0.0646 1.5743 -0.0415
v 0.0630 1.5705 -0.0343
v 0.0567 1.5709 -0.0516
v 0.0580 1.5669 -0.0468
v 0.0571 1.5637 -0.0393
v 0.0461 1.6532 0.0325
v 0.0485 1.6522 0.0421
v 0.0494 1.6470 0.0542
v 0.0501 1.6499 0.0307
v 0.0544 1.6490 0.0397
v 0.0573 1.6440 0.0516
v 0.0541 1.6461 0.0280
v 0.0598 1.6451 0.0362
v 0.0645 1.6401 0.0475
v 0.0579 1.6418 0.0243
v 0.0646 1.6407 0.0317
v 0.0707 1.6357 0.0423
v 0.0616 1.6371 0.0199
v 0.0690 1.6358 0.0265
v 0.0759 1.6306 0.0364
v 0.0648 1.6322 0.0147
v 0.0727 1.6304 0.0207
v 0.0802 1.6248 0.0301
v 0.0677 1.6269 0.0091
v 0.0760 1.6246 0.0150
v 0.0840 1.6184 0.0244
v 0.0703 1.6214 0.0034
v 0.0789 1.6183 0.0094
v 0.0871 1.6113 0.0191
v 0.0722 1.6157 -0.0026
v 0.0809 1.6117 0.0037
v 0.0890 1.6039 0.0137
v 0.0731 1.6099 -0.0090
v 0.0816 1.6050 -0.0028
v 0.0891 1.5964 0.0074
v 0.0731 1.6040 -0.0158
v 0.0810 1.5982 -0.0095
v 0.0876 1.5889 0.0008
v 0.0720 1.5979 -0.0226
v 0.0791 1.5913 -0.0164
v 0.0845 1.5817 -0.0060
v 0.0696 1.5916 -0.0296
v 0.0756 1.5845 -0.0237
v 0.0796 1.5749 -0.0134
v 0.0658 1.5851 -0.0361
v 0.0706 1.5777 -0.0307
v 0.0739 1.5683 -0.0206
v 0.0605 1.5782 -0.0419
v 0.0648 1.5707 -0.0367
v 0.0684 1.5618 -0.0269
v 0.0538 1.5712 -0.0470
v 0.0587 1.5635 -0.0418
v 0.0624 1.5549 -0.0318
v 0.0478 1.6572 0.0004
v 0.0570 1.6552 0.0079
v 0.0664 1.6471 0.0200
v 0.0487 1.6537 -0.0029
v 0.0587 1.6523 0.0036
v 0.0697 1.6449 0.0148
v 0.0499 1.6499 -0.0068
v 0.0605 1.6491 -0.0012
v 0.0727 1.6425 0.0092
v 0.0512 1.6458 -0.0110
v 0.0622 1.6455 -0.0063
v 0.0753 1.6394 0.0032
v 0.0525 1.6414 -0.0153
v 0.0638 1.6413 -0.0115
v 0.0775 1.6357 -0.0028
v 0.0536 1.6367 -0.0197
v 0.0651 1.6363 -0.0166
v 0.0791 1.6308 -0.0086
v 0.0544 1.6318 -0.0240
v 0.0660 1.6308 -0.0215
v 0.0800 1.6249 -0.0142
v 0.0548 1.6265 -0.0284
v 0.0663 1.6246 -0.0263
v 0.0800 1.6179 -0.0193
v 0.0548 1.6209 -0.0327
v 0.0660 1.6177 -0.0308
v 0.0790 1.6101 -0.0238
v 0.0543 1.6148 -0.0369
v 0.0649 1.6103 -0.0350
v 0.0770 1.6017 -0.0277
v 0.0531 1.6080 -0.0410
v 0.0630 1.6023 -0.0388
v 0.0739 1.5930 -0.0310
v 0.0511 1.6007 -0.0451
v 0.0602 1.5940 -0.0423
v 0.0698 1.5842 -0.0339
v 0.0483 1.5929 -0.0489
v 0.0566 1.5854 -0.0456
v 0.0649 1.5754 -0.0365
v 0.0445 1.5848 -0.0526
v 0.0520 1.5768 -0.0487
v 0.0601 1.5668 -0.0390
v 0.0396 1.5767 -0.0563
v 0.0471 1.5684 -0.0520
v 0.0558 1.5584 -0.0419
v 0.0337 1.5691 -0.0601
v 0.0415 1.5605 -0.0558
v 0.0505 1.5504 -0.0456
v 0.0512 1.6537 0.0053
v 0.0550 1.6511 0.0096
v 0.0575 1.6456 0.0153
v 0.0528 1.6504 0.0016
v 0.0571 1.6482 0.0056
v 0.0604 1.6429 0.0112
v 0.0545 1.6469 -0.0026
v 0.0592 1.6449 0.0011
v 0.0632 1.6400 0.0064
v 0.0561 1.6432 -0.0071
v 0.0612 1.6414 -0.0038
v 0.0657 1.6367 0.0013
v 0.0577 1.6394 -0.0119
v 0.0630 1.6377 -0.0089
v 0.0678 1.6331 -0.0039
v 0.0590 1.6354 -0.0168
v 0.0644 1.6336 -0.0141
v 0.0693 1.6290 -0.0092
v 0.0599 1.6313 -0.0218
v 0.0653 1.6292 -0.0192
v 0.0702 1.6246 -0.0144
v 0.0604 1.6270 -0.0266
v 0.0657 1.6245 -0.0243
v 0.0704 1.6197 -0.0194
v 0.0603 1.6223 -0.0315
v 0.0655 1.6195 -0.0291
v 0.0698 1.6144 -0.0241
v 0.0597 1.6173 -0.0362
v 0.0645 1.6140 -0.0338
v 0.0684 1.6088 -0.0286
v 0.0583 1.6118 -0.0409
v 0.0627 1.6082 -0.0383
v 0.0660 1.6029 -0.0327
v 0.0561 1.6058 -0.0455
v 0.0601 1.6019 -0.0426
v 0.0628 1.5967 -0.0366
v 0.0530 1.5993 -0.0499
v 0.0565 1.5952 -0.0467
v 0.0586 1.5902 -0.0403
v 0.0489 1.5924 -0.0543
v 0.0520 1.5881 -0.0507
v 0.0535 1.5833 -0.0441
v 0.0436 1.5850 -0.0585
v 0.0464 1.5807 -0.0548
v 0.0476 1.5760 -0.0480
v 0.0371 1.5773 -0.0627
v 0.0397 1.5729 -0.0590
v 0.0412 1.5683 -0.0521
v 0.0501 1.6490 0.0080
v 0.0581 1.6480 0.0139
v 0.0663 1.6430 0.0229
v 0.0521 1.6458 0.0046
v 0.0608 1.6454 0.0096
v 0.0701 1.6410 0.0178
v 0.0543 1.6423 0.0005
v 0.0633 1.6424 0.0048
v 0.0735 1.6386 0.0123
v 0.0563 1.6388 -0.0039
v 0.0656 1.6391 -0.0004
v 0.0765 1.6357 0.0064
v 0.0580 1.6350 -0.0085
v 0.0676 1.6354 -0.0057
v 0.0789 1.6321 0.0004
v 0.0593 1.6312 -0.0133
v 0.0691 1.6313 -0.0111
v 0.0807 1.6278 -0.0055
v 0.0602 1.6272 -0.0180
v 0.0701 1.6267 -0.0164
v 0.0817 1.6227 -0.0112
v 0.0605 1.6230 -0.0227
v 0.0704 1.6218 -0.0215
v 0.0819 1.6170 -0.0165
v 0.0602 1.6186 -0.0273
v 0.0699 1.6164 -0.0263
v 0.0811 1.6106 -0.0214
v 0.0592 1.6139 -0.0318
v 0.0686 1.6106 -0.0309
v 0.0793 1.6039 -0.0256
v 0.0575 1.6089 -0.0363
v 0.0665 1.6045 -0.0352
v 0.0763 1.5969 -0.0295
v 0.0550 1.6033 -0.0407
v 0.0634 1.5981 -0.0392
v 0.0721 1.5898 -0.0331
v 0.0516 1.5973 -0.0450
v 0.0594 1.5913 -0.0430
v 0.0670 1.5827 -0.0365
v 0.0472 1.5907 -0.0492
v 0.0544 1.5842 -0.0468
v 0.0612 1.5753 -0.0397
v 0.0418 1.5837 -0.0534
v 0.0485 1.5767 -0.0507
v 0.0555 1.5677 -0.0432
v 0.0353 1.5761 -0.0576
v 0.0420 1.5689 -0.0548
v 0.0497 1.5596 -0.0473
v 0.0438 1.6574 -0.0024
v 0.0530 1.6554 0.0050
v 0.0624 1.6473 0.0171
v 0.0447 1.6539 -0.0057
v 0.0547 1.6525 0.0008
v 0.0656 1.6452 0.0120
v 0.0458 1.6501 -0.0096
v 0.0564 1.6493 -0.0040
v 0.0686 1.6427 0.0063
v 0.0472 1.6461 -0.0139
v 0.0582 1.6457 -0.0092
v 0.0713 1.6396 0.0004
v 0.0485 1.6418 -0.0182
v 0.0598 1.6416 -0.0144
v 0.0735 1.6359 -0.0056
v 0.0495 1.6372 -0.0226
v 0.0611 1.6368 -0.0195
v 0.0751 1.6312 -0.0115
v 0.0503 1.6323 -0.0269
v 0.0619 1.6313 -0.0245
v 0.0760 1.6253 -0.0171
v 0.0507 1.6271 -0.0312
v 0.0622 1.6251 -0.0292
v 0.0760 1.6184 -0.0223
v 0.0507 1.6215 -0.0355
v 0.0619 1.6182 -0.0337
v 0.0749 1.6105 -0.0268
v 0.0501 1.6153 -0.0397
v 0.0607 1.6107 -0.0379
v 0.0727 1.6020 -0.0307
v 0.0487 1.6084 -0.0438
v 0.0586 1.6026 -0.0416
v 0.0694 1.5931 -0.0339
v 0.0465 1.6009 -0.0477
v 0.0556 1.5940 -0.0450
v 0.0651 1.5841 -0.0366
v 0.0434 1.5927 -0.0514
v 0.0516 1.5851 -0.0482
v 0.0599 1.5751 -0.0390
v 0.0391 1.5843 -0.0550
v 0.0466 1.5762 -0.0511
v 0.0550 1.5662 -0.0413
v 0.0337 1.5758 -0.0584
v 0.0411 1.5674 -0.0542
v 0.0498 1.5575 -0.0440
v 0.0271 1.5678 -0.0621
v 0.0345 1.5591 -0.0577
v 0.0433 1.5492 -0.0475
v 0.0472 1.6539 0.0024
v 0.0510 1.6513 0.0068
v 0.0535 1.6458 0.0125
v 0.0488 1.6507 -0.0012
v 0.0531 1.6484 0.0028
v 0.0564 1.6431 0.0083
v 0.0504 1.6472 -0.0054
v 0.0552 1.6452 -0.0018
v 0.0592 1.6402 0.0036
v 0.0521 1.6435 -0.0100
v 0.0572 1.6417 -0.0067
v 0.0617 1.6369 -0.0015
v 0.0536 1.6396 -0.0148
v 0.0589 1.6379 -0.0118
v 0.0637 1.6333 -0.0067
v 0.0549 1.6357 -0.0196
v 0.0603 1.6338 -0.0169
v 0.0652 1.6292 -0.0120
v 0.0558 1.6315 -0.0245
v 0.0612 1.6294 -0.0220
v 0.0661 1.6247 -0.0172
v 0.0562 1.6271 -0.0294
v 0.0615 1.6247 -0.0270
v 0.0663 1.6198 -0.0222
v 0.0561 1.6225 -0.0342
v 0.0612 1.6196 -0.0319
v 0.0656 1.6145 -0.0269
v 0.0553 1.6174 -0.0389
v 0.0601 1.6141 -0.0365
v 0.0640 1.6089 -0.0313
v 0.0538 1.6118 -0.0436
v 0.0582 1.6081 -0.0409
v 0.0614 1.6029 -0.0353
v 0.0513 1.6057 -0.0481
v 0.0553 1.6017 -0.0452
v 0.0579 1.5965 -0.0392
v 0.0478 1.5989 -0.0524
v 0.0513 1.5948 -0.0492
v 0.0534 1.5899 -0.0428
v 0.0432 1.5917 -0.0566
v 0.0463 1.5875 -0.0531
v 0.0479 1.5828 -0.0464
v 0.0374 1.5840 -0.0607
v 0.0402 1.5797 -0.0570
v 0.0414 1.5752 -0.0501
v 0.0302 1.5759 -0.0648
v 0.0328 1.5716 -0.0610
v 0.0342 1.5671 -0.0540
v 0.0460 1.6492 0.0052
v 0.0541 1.6483 0.0111
v 0.0623 1.6433 0.0201
v 0.0481 1.6460 0.0017
v 0.0568 1.6456 0.0068
v 0.0661 1.6412 0.0150
v 0.0502 1.6426 -0.0023
v 0.0593 1.6426 0.0020
v 0.0695 1.6388 0.0094
v 0.0522 1.6390 -0.0067
v 0.0616 1.6393 -0.0032
v 0.0724 1.6359 0.0035
v 0.0540 1.6353 -0.0113
v 0.0636 1.6356 -0.0086
v 0.0748 1.6323 -0.0025
v 0.0553 1.6314 -0.0161
v 0.0651 1.6315 -0.0139
v 0.0766 1.6280 -0.0085
v 0.0561 1.6274 -0.0208
v 0.0660 1.6269 -0.0192
v 0.0776 1.6229 -0.0142
v 0.0564 1.6232 -0.0255
v 0.0662 1.6219 -0.0243
v 0.0776 1.6171 -0.0196
v 0.0560 1.6188 -0.0300
v 0.0656 1.6165 -0.0291
v 0.0767 1.6107 -0.0244
v 0.0549 1.6141 -0.0345
v 0.0642 1.6106 -0.0336
v 0.0747 1.6038 -0.0287
v 0.0530 1.6089 -0.0389
v 0.0619 1.6044 -0.0378
v 0.0714 1.5968 -0.0326
v 0.0502 1.6032 -0.0432
v 0.0585 1.5978 -0.0418
v 0.0671 1.5896 -0.0360
v 0.0465 1.5970 -0.0474
v 0.0541 1.5909 -0.0455
v 0.0618 1.5822 -0.0390
v 0.0417 1.5902 -0.0515
v 0.0487 1.5836 -0.0491
v 0.0556 1.5747 -0.0421
v 0.0357 1.5829 -0.0556
v 0.0423 1.5758 -0.0528
v 0.0494 1.5668 -0.0454
v 0.0285 1.5749 -0.0596
v 0.0350 1.5676 -0.0568
v 0.0426 1.5584 -0.0492
v 0.0438 1.6527 0.0733
v 0.0348 1.6587 0.0785
v 0.0189 1.6614 0.0850
v 0.0479 1.6503 0.0848
v 0.0384 1.6552 0.0902
v 0.0222 1.6562 0.0964
v 0.0515 1.6472 0.0946
v 0.0417 1.6510 0.1004
v 0.0255 1.6507 0.1065
v 0.0546 1.6434 0.1027
v 0.0448 1.6463 0.1090
v 0.0287 1.6449 0.1151
v 0.0575 1.6389 0.1089
v 0.0479 1.6408 0.1159
v 0.0320 1.6385 0.1223
v 0.0601 1.6340 0.1132
v 0.0510 1.6347 0.1211
v 0.0355 1.6314 0.1279
v 0.0626 1.6288 0.1158
v 0.0542 1.6279 0.1244
v 0.0391 1.6236 0.1316
v 0.0650 1.6233 0.1169
v 0.0573 1.6207 0.1258
v 0.0428 1.6151 0.1333
v 0.0674 1.6174 0.1165
v 0.0604 1.6133 0.1254
v 0.0464 1.6065 0.1330
v 0.0698 1.6111 0.1148
v 0.0635 1.6057 0.1235
v 0.0500 1.5979 0.1310
v 0.0724 1.6044 0.1120
v 0.0666 1.5981 0.1203
v 0.0535 1.5894 0.1277
v 0.0751 1.5974 0.1080
v 0.0696 1.5904 0.1161
v 0.0568 1.5811 0.1232
v 0.0779 1.5903 0.1032
v 0.0726 1.5828 0.1110
v 0.0601 1.5730 0.1178
v 0.0807 1.5832 0.0978
v 0.0756 1.5753 0.1053
v 0.0632 1.5652 0.1120
v 0.0834 1.5762 0.0921
v 0.0784 1.5681 0.0994
v 0.0662 1.5577 0.1059
v 0.0860 1.5696 0.0863
v 0.0811 1.5613 0.0935
v 0.0689 1.5508 0.0999
v 0.0374 1.6533 0.0758
v 0.0318 1.6548 0.0783
v 0.0239 1.6537 0.0808
v 0.0414 1.6503 0.0871
v 0.0357 1.6512 0.0896
v 0.0278 1.6492 0.0916
v 0.0450 1.6467 0.0969
v 0.0391 1.6470 0.0993
v 0.0314 1.6445 0.1010
v 0.0481 1.6424 0.1049
v 0.0423 1.6424 0.1074
v 0.0346 1.6396 0.1088
v 0.0510 1.6377 0.1111
v 0.0453 1.6373 0.1138
v 0.0377 1.6343 0.1150
v 0.0538 1.6325 0.1156
v 0.0482 1.6316 0.1185
v 0.0406 1.6286 0.1196
v 0.0564 1.6269 0.1183
v 0.0511 1.6255 0.1214
v 0.0434 1.6225 0.1225
v 0.0590 1.6210 0.1195
v 0.0539 1.6191 0.1227
v 0.0463 1.6159 0.1239
v 0.0616 1.6146 0.1192
v 0.0567 1.6122 0.1224
v 0.0492 1.6089 0.1236
v 0.0642 1.6080 0.1175
v 0.0596 1.6051 0.1207
v 0.0521 1.6017 0.1219
v 0.0670 1.6010 0.1145
v 0.0625 1.5978 0.1176
v 0.0551 1.5942 0.1189
v 0.0698 1.5938 0.1105
v 0.0655 1.5903 0.1135
v 0.0581 1.5866 0.1148
v 0.0726 1.5865 0.1057
v 0.0684 1.5828 0.1085
v 0.0611 1.5791 0.1098
v 0.0755 1.5793 0.1002
v 0.0713 1.5754 0.1030
v 0.0640 1.5716 0.1042
v 0.0782 1.5722 0.0944
v 0.0741 1.5683 0.0971
v 0.0669 1.5644 0.0983
v 0.0809 1.5655 0.0885
v 0.0768 1.5615 0.0912
v 0.0695 1.5576 0.0924
v 0.0331 1.6498 0.0762
v 0.0261 1.6556 0.0806
v 0.0146 1.6592 0.0858
v 0.0374 1.6465 0.0871
v 0.0299 1.6512 0.0917
v 0.0180 1.6535 0.0969
v 0.0411 1.6427 0.0963
v 0.0334 1.6466 0.1013
v 0.0213 1.6479 0.1067
v 0.0443 1.6385 0.1038
v 0.0366 1.6417 0.1094
v 0.0246 1.6420 0.1149
v 0.0472 1.6340 0.1096
v 0.0397 1.6363 0.1159
v 0.0279 1.6357 0.1218
v 0.0497 1.6292 0.1136
v 0.0427 1.6303 0.1207
v 0.0313 1.6288 0.1271
v 0.0521 1.6242 0.1161
v 0.0457 1.6239 0.1238
v 0.0347 1.6213 0.1306
v 0.0544 1.6188 0.1171
v 0.0487 1.6170 0.1251
v 0.0383 1.6132 0.1323
v 0.0568 1.6130 0.1168
v 0.0517 1.6098 0.1248
v 0.0418 1.6048 0.1320
v 0.0593 1.6067 0.1153
v 0.0547 1.6024 0.1231
v 0.0453 1.5963 0.1301
v 0.0619 1.6000 0.1125
v 0.0578 1.5948 0.1200
v 0.0488 1.5879 0.1269
v 0.0646 1.5929 0.1086
v 0.0608 1.5871 0.1158
v 0.0521 1.5797 0.1224
v 0.0674 1.5858 0.1038
v 0.0638 1.5795 0.1108
v 0.0553 1.5716 0.1171
v 0.0702 1.5786 0.0984
v 0.0668 1.5720 0.1051
v 0.0585 1.5638 0.1113
v 0.0730 1.5716 0.0927
v 0.0697 1.5647 0.0992
v 0.0614 1.5564 0.1052
v 0.0756 1.5649 0.0869
v 0.0723 1.5580 0.0933
v 0.0641 1.5495 0.0992
v 0.0355 1.6512 0.0776
v 0.0265 1.6573 0.0827
v 0.0107 1.6600 0.0892
v 0.0397 1.6489 0.0891
v 0.0301 1.6537 0.0945
v 0.0140 1.6548 0.1009
v 0.0433 1.6457 0.0991
v 0.0334 1.6496 0.1048
v 0.0171 1.6495 0.1111
v 0.0465 1.6418 0.1076
v 0.0366 1.6449 0.1137
v 0.0203 1.6437 0.1198
v 0.0494 1.6372 0.1146
v 0.0396 1.6395 0.1212
v 0.0234 1.6375 0.1271
v 0.0521 1.6321 0.1200
v 0.0426 1.6334 0.1272
v 0.0266 1.6309 0.1334
v 0.0546 1.6265 0.1239
v 0.0456 1.6268 0.1317
v 0.0299 1.6236 0.1383
v 0.0571 1.6205 0.1264
v 0.0486 1.6197 0.1348
v 0.0332 1.6156 0.1417
v 0.0596 1.6142 0.1276
v 0.0516 1.6122 0.1363
v 0.0366 1.6073 0.1436
v 0.0621 1.6076 0.1277
v 0.0546 1.6044 0.1365
v 0.0402 1.5986 0.1446
v 0.0646 1.6007 0.1267
v 0.0576 1.5964 0.1355
v 0.0438 1.5898 0.1442
v 0.0672 1.5935 0.1247
v 0.0606 1.5883 0.1333
v 0.0471 1.5809 0.1421
v 0.0698 1.5861 0.1217
v 0.0635 1.5801 0.1300
v 0.0502 1.5721 0.1383
v 0.0724 1.5786 0.1178
v 0.0665 1.5719 0.1258
v 0.0531 1.5634 0.1332
v 0.0751 1.5711 0.1131
v 0.0693 1.5639 0.1208
v 0.0562 1.5547 0.1275
v 0.0776 1.5639 0.1077
v 0.0720 1.5561 0.1150
v 0.0591 1.5465 0.1213
v 0.0291 1.6519 0.0801
v 0.0235 1.6534 0.0826
v 0.0156 1.6522 0.0850
v 0.0332 1.6489 0.0914
v 0.0274 1.6497 0.0938
v 0.0196 1.6478 0.0959
v 0.0367 1.6452 0.1013
v 0.0309 1.6456 0.1037
v 0.0231 1.6431 0.1054
v 0.0399 1.6409 0.1097
v 0.0341 1.6410 0.1121
v 0.0263 1.6382 0.1135
v 0.0429 1.6361 0.1167
v 0.0371 1.6358 0.1192
v 0.0293 1.6329 0.1203
v 0.0456 1.6307 0.1221
v 0.0399 1.6302 0.1247
v 0.0322 1.6273 0.1257
v 0.0483 1.6249 0.1261
v 0.0427 1.6240 0.1289
v 0.0349 1.6211 0.1298
v 0.0509 1.6187 0.1288
v 0.0455 1.6175 0.1317
v 0.0377 1.6146 0.1326
v 0.0535 1.6122 0.1301
v 0.0482 1.6105 0.1332
v 0.0405 1.6076 0.1342
v 0.0561 1.6052 0.1303
v 0.0510 1.6032 0.1334
v 0.0433 1.6002 0.1345
v 0.0587 1.5980 0.1293
v 0.0538 1.5956 0.1324
v 0.0462 1.5926 0.1337
v 0.0614 1.5906 0.1272
v 0.0567 1.5878 0.1304
v 0.0491 1.5847 0.1318
v 0.0642 1.5829 0.1242
v 0.0595 1.5799 0.1272
v 0.0519 1.5767 0.1286
v 0.0669 1.5752 0.1202
v 0.0624 1.5720 0.1232
v 0.0548 1.5686 0.1244
v 0.0696 1.5676 0.1154
v 0.0651 1.5641 0.1183
v 0.0576 1.5607 0.1194
v 0.0722 1.5602 0.1099
v 0.0678 1.5565 0.1126
v 0.0603 1.5531 0.1137
v 0.0249 1.6484 0.0805
v 0.0179 1.6541 0.0848
v 0.0063 1.6578 0.0902
v 0.0292 1.6450 0.0913
v 0.0217 1.6498 0.0959
v 0.0097 1.6523 0.1017
v 0.0329 1.6412 0.1008
v 0.0252 1.6452 0.1057
v 0.0130 1.6467 0.1116
v 0.0361 1.6370 0.1087
v 0.0283 1.6403 0.1141
v 0.0162 1.6409 0.1198
v 0.0390 1.6323 0.1152
v 0.0314 1.6349 0.1211
v 0.0193 1.6348 0.1267
v 0.0417 1.6273 0.1202
v 0.0343 1.6291 0.1267
v 0.0224 1.6282 0.1326
v 0.0442 1.6219 0.1239
v 0.0371 1.6227 0.1310
v 0.0256 1.6211 0.1372
v 0.0466 1.6162 0.1264
v 0.0400 1.6159 0.1339
v 0.0288 1.6135 0.1406
v 0.0489 1.6101 0.1276
v 0.0429 1.6087 0.1355
v 0.0322 1.6054 0.1428
v 0.0514 1.6036 0.1278
v 0.0458 1.6011 0.1358
v 0.0359 1.5969 0.1442
v 0.0539 1.5967 0.1269
v 0.0487 1.5933 0.1349
v 0.0395 1.5883 0.1442
v 0.0564 1.5895 0.1250
v 0.0517 1.5852 0.1328
v 0.0428 1.5796 0.1423
v 0.0591 1.5821 0.1221
v 0.0546 1.5771 0.1296
v 0.0457 1.5709 0.1384
v 0.0618 1.5745 0.1182
v 0.0575 1.5690 0.1254
v 0.0485 1.5622 0.1329
v 0.0644 1.5671 0.1135
v 0.0604 1.5610 0.1204
v 0.0514 1.5537 0.1269
v 0.0669 1.5598 0.1081
v 0.0631 1.5533 0.1146
v 0.0542 1.5454 0.1206
v 0.0025 1.6539 0.0806
v -0.0034 1.6562 0.0825
v -0.0135 1.6572 0.0855
v 0.0129 1.6531 0.0918
v 0.0065 1.6550 0.0937
v -0.0042 1.6555 0.0964
v 0.0220 1.6507 0.1026
v 0.0153 1.6523 0.1044
v 0.0041 1.6525 0.1068
v 0.0301 1.6467 0.1126
v 0.0232 1.6482 0.1143
v 0.0117 1.6482 0.1164
v 0.0370 1.6416 0.1216
v 0.0301 1.6429 0.1233
v 0.0185 1.6428 0.1249
v 0.0428 1.6355 0.1295
v 0.0360 1.6367 0.1312
v 0.0244 1.6366 0.1326
v 0.0477 1.6287 0.1361
v 0.0409 1.6297 0.1380
v 0.0294 1.6296 0.1392
v 0.0515 1.6213 0.1415
v 0.0450 1.6221 0.1434
v 0.0336 1.6220 0.1446
v 0.0546 1.6136 0.1454
v 0.0483 1.6141 0.1475
v 0.0370 1.6139 0.1487
v 0.0570 1.6057 0.1479
v 0.0510 1.6058 0.1502
v 0.0401 1.6055 0.1518
v 0.0591 1.5978 0.1497
v 0.0535 1.5975 0.1523
v 0.0431 1.5969 0.1544
v 0.0610 1.5899 0.1504
v 0.0556 1.5892 0.1534
v 0.0457 1.5882 0.1560
v 0.0624 1.5823 0.1496
v 0.0573 1.5810 0.1528
v 0.0477 1.5798 0.1556
v 0.0632 1.5749 0.1470
v 0.0582 1.5732 0.1501
v 0.0489 1.5717 0.1530
v 0.0632 1.5679 0.1427
v 0.0582 1.5659 0.1455
v 0.0488 1.5641 0.1481
v 0.0627 1.5614 0.1366
v 0.0576 1.5591 0.1391
v 0.0482 1.5571 0.1416
v 0.0137 1.6542 0.0818
v 0.0118 1.6547 0.0829
v 0.0092 1.6543 0.0843
v 0.0193 1.6531 0.0928
v 0.0172 1.6535 0.0938
v 0.0145 1.6528 0.0949
v 0.0240 1.6504 0.1036
v 0.0219 1.6507 0.1045
v 0.0191 1.6499 0.1053
v 0.0279 1.6464 0.1139
v 0.0258 1.6465 0.1146
v 0.0230 1.6456 0.1151
v 0.0313 1.6411 0.1232
v 0.0291 1.6412 0.1239
v 0.0262 1.6404 0.1241
v 0.0340 1.6349 0.1316
v 0.0318 1.6350 0.1321
v 0.0289 1.6342 0.1321
v 0.0363 1.6280 0.1386
v 0.0341 1.6281 0.1392
v 0.0312 1.6274 0.1391
v 0.0381 1.6206 0.1443
v 0.0359 1.6206 0.1449
v 0.0330 1.6200 0.1447
v 0.0396 1.6127 0.1485
v 0.0374 1.6127 0.1491
v 0.0345 1.6123 0.1489
v 0.0409 1.6047 0.1513
v 0.0387 1.6047 0.1521
v 0.0358 1.6043 0.1521
v 0.0421 1.5968 0.1533
v 0.0401 1.5966 0.1543
v 0.0372 1.5962 0.1546
v 0.0434 1.5889 0.1541
v 0.0414 1.5885 0.1553
v 0.0387 1.5882 0.1558
v 0.0446 1.5811 0.1532
v 0.0427 1.5806 0.1545
v 0.0400 1.5803 0.1552
v 0.0454 1.5736 0.1502
v 0.0436 1.5730 0.1516
v 0.0409 1.5727 0.1523
v 0.0458 1.5666 0.1454
v 0.0439 1.5659 0.1466
v 0.0412 1.5656 0.1473
v 0.0459 1.5601 0.1388
v 0.0440 1.5593 0.1399
v 0.0413 1.5590 0.1405
v -0.0016 1.6529 0.0825
v -0.0062 1.6550 0.0839
v -0.0137 1.6564 0.0862
v 0.0087 1.6517 0.0931
v 0.0036 1.6536 0.0947
v -0.0044 1.6546 0.0969
v 0.0178 1.6491 0.1033
v 0.0124 1.6507 0.1050
v 0.0040 1.6515 0.1071
v 0.0258 1.6451 0.1128
v 0.0202 1.6466 0.1145
v 0.0116 1.6472 0.1164
v 0.0327 1.6401 0.1215
v 0.0271 1.6414 0.1231
v 0.0183 1.6418 0.1247
v 0.0384 1.6341 0.1291
v 0.0329 1.6353 0.1307
v 0.0242 1.6357 0.1321
v 0.0432 1.6274 0.1355
v 0.0378 1.6285 0.1373
v 0.0291 1.6288 0.1387
v 0.0470 1.6202 0.1407
v 0.0418 1.6211 0.1426
v 0.0332 1.6213 0.1440
v 0.0500 1.6127 0.1445
v 0.0450 1.6133 0.1465
v 0.0366 1.6134 0.1480
v 0.0525 1.6050 0.1472
v 0.0477 1.6052 0.1494
v 0.0396 1.6051 0.1512
v 0.0549 1.5973 0.1493
v 0.0504 1.5971 0.1519
v 0.0427 1.5966 0.1540
v 0.0569 1.5896 0.1504
v 0.0527 1.5889 0.1532
v 0.0453 1.5882 0.1556
v 0.0584 1.5820 0.1499
v 0.0545 1.5809 0.1528
v 0.0474 1.5798 0.1554
v 0.0593 1.5747 0.1474
v 0.0555 1.5732 0.1502
v 0.0486 1.5718 0.1528
v 0.0592 1.5678 0.1430
v 0.0554 1.5660 0.1456
v 0.0484 1.5644 0.1479
v 0.0586 1.5613 0.1369
v 0.0547 1.5593 0.1392
v 0.0478 1.5574 0.1415
v 0.0190 1.6486 0.0811
v 0.0096 1.6547 0.0855
v -0.0068 1.6576 0.0913
v 0.0234 1.6462 0.0920
v 0.0136 1.6511 0.0968
v -0.0031 1.6527 0.1030
v 0.0281 1.6426 0.1015
v 0.0181 1.6467 0.1066
v 0.0013 1.6473 0.1127
v 0.0327 1.6380 0.1099
v 0.0227 1.6414 0.1149
v 0.0058 1.6414 0.1203
v 0.0370 1.6326 0.1170
v 0.0270 1.6355 0.1218
v 0.0100 1.6351 0.1265
v 0.0406 1.6265 0.1231
v 0.0308 1.6291 0.1276
v 0.0135 1.6288 0.1317
v 0.0438 1.6199 0.1280
v 0.0342 1.6222 0.1325
v 0.0168 1.6223 0.1359
v 0.0472 1.6128 0.1318
v 0.0380 1.6150 0.1364
v 0.0204 1.6155 0.1389
v 0.0504 1.6055 0.1348
v 0.0418 1.6076 0.1395
v 0.0245 1.6085 0.1416
v 0.0536 1.5981 0.1379
v 0.0456 1.6000 0.1430
v 0.0286 1.6016 0.1448
v 0.0565 1.5908 0.1407
v 0.0490 1.5925 0.1462
v 0.0321 1.5947 0.1479
v 0.0587 1.5834 0.1428
v 0.0517 1.5850 0.1487
v 0.0348 1.5877 0.1502
v 0.0599 1.5762 0.1437
v 0.0532 1.5776 0.1500
v 0.0366 1.5807 0.1513
v 0.0597 1.5692 0.1434
v 0.0534 1.5703 0.1496
v 0.0370 1.5737 0.1508
v 0.0583 1.5624 0.1420
v 0.0523 1.5632 0.1480
v 0.0360 1.5667 0.1492
v 0.0559 1.5556 0.1402
v 0.0499 1.5562 0.1461
v 0.0334 1.5599 0.1474
v 0.0123 1.6493 0.0831
v 0.0066 1.6508 0.0852
v -0.0015 1.6497 0.0873
v 0.0158 1.6462 0.0942
v 0.0099 1.6472 0.0965
v 0.0018 1.6455 0.0985
v 0.0190 1.6422 0.1042
v 0.0130 1.6428 0.1065
v 0.0050 1.6407 0.1081
v 0.0219 1.6374 0.1128
v 0.0158 1.6378 0.1149
v 0.0078 1.6355 0.1160
v 0.0244 1.6319 0.1202
v 0.0182 1.6321 0.1220
v 0.0102 1.6299 0.1225
v 0.0264 1.6260 0.1265
v 0.0203 1.6261 0.1280
v 0.0123 1.6241 0.1280
v 0.0286 1.6196 0.1317
v 0.0226 1.6198 0.1330
v 0.0147 1.6182 0.1323
v 0.0310 1.6128 0.1357
v 0.0251 1.6131 0.1368
v 0.0172 1.6120 0.1357
v 0.0335 1.6058 0.1390
v 0.0278 1.6063 0.1400
v 0.0199 1.6058 0.1387
v 0.0363 1.5987 0.1422
v 0.0305 1.5994 0.1434
v 0.0226 1.5995 0.1418
v 0.0388 1.5916 0.1452
v 0.0330 1.5925 0.1464
v 0.0249 1.5932 0.1445
v 0.0408 1.5845 0.1474
v 0.0350 1.5855 0.1486
v 0.0267 1.5869 0.1465
v 0.0420 1.5775 0.1483
v 0.0363 1.5786 0.1496
v 0.0278 1.5804 0.1473
v 0.0421 1.5705 0.1477
v 0.0365 1.5717 0.1490
v 0.0280 1.5739 0.1468
v 0.0413 1.5637 0.1461
v 0.0357 1.5648 0.1474
v 0.0273 1.5673 0.1455
v 0.0396 1.5570 0.1440
v 0.0340 1.5581 0.1452
v 0.0256 1.5607 0.1435
v 0.0034 1.6451 0.0832
v -0.0039 1.6509 0.0872
v -0.0157 1.6548 0.0921
v 0.0029 1.6414 0.0941
v -0.0050 1.6465 0.0988
v -0.0173 1.6492 0.1041
v 0.0015 1.6370 0.1039
v -0.0069 1.6414 0.1090
v -0.0192 1.6433 0.1143
v -0.0008 1.6318 0.1123
v -0.0092 1.6356 0.1175
v -0.0213 1.6371 0.1225
v -0.0036 1.6260 0.1195
v -0.0121 1.6295 0.1248
v -0.0237 1.6307 0.1294
v -0.0072 1.6201 0.1261
v -0.0154 1.6232 0.1313
v -0.0264 1.6244 0.1355
v -0.0108 1.6140 0.1317
v -0.0187 1.6168 0.1368
v -0.0289 1.6180 0.1404
v -0.0141 1.6077 0.1362
v -0.0217 1.6102 0.1411
v -0.0313 1.6114 0.1441
v -0.0167 1.6011 0.1399
v -0.0245 1.6029 0.1447
v -0.0351 1.6038 0.1474
v -0.0212 1.5929 0.1429
v -0.0327 1.5926 0.1482
v -0.0449 1.5927 0.1496
v -0.0323 1.5803 0.1436
v -0.0468 1.5782 0.1457
v -0.0580 1.5808 0.1464
v -0.0425 1.5676 0.1375
v -0.0561 1.5676 0.1412
v -0.0665 1.5720 0.1431
v -0.0513 1.5590 0.1320
v -0.0613 1.5597 0.1385
v -0.0712 1.5648 0.1410
v -0.0572 1.5526 0.1291
v -0.0664 1.5536 0.1357
v -0.0752 1.5589 0.1377
v -0.0585 1.5478 0.1347
v -0.0677 1.5486 0.1344
v -0.0766 1.5540 0.1349
v -0.0584 1.5429 0.1337
v -0.0668 1.5436 0.1343
v -0.0763 1.5492 0.1332
v 0.0226 1.6532 0.0877
v 0.0175 1.6564 0.0901
v 0.0088 1.6579 0.0930
v 0.0260 1.6500 0.0987
v 0.0207 1.6526 0.1012
v 0.0118 1.6533 0.1042
v 0.0292 1.6460 0.1085
v 0.0237 1.6481 0.1111
v 0.0147 1.6483 0.1140
v 0.0321 1.6412 0.1172
v 0.0265 1.6430 0.1197
v 0.0174 1.6427 0.1222
v 0.0346 1.6358 0.1247
v 0.0289 1.6373 0.1272
v 0.0198 1.6369 0.1291
v 0.0366 1.6298 0.1310
v 0.0309 1.6312 0.1336
v 0.0218 1.6308 0.1351
v 0.0387 1.6235 0.1362
v 0.0332 1.6247 0.1388
v 0.0241 1.6245 0.1400
v 0.0410 1.6168 0.1402
v 0.0357 1.6180 0.1429
v 0.0267 1.6180 0.1438
v 0.0432 1.6098 0.1432
v 0.0381 1.6110 0.1459
v 0.0291 1.6114 0.1468
v 0.0453 1.6028 0.1456
v 0.0405 1.6038 0.1485
v 0.0317 1.6047 0.1495
v 0.0473 1.5958 0.1479
v 0.0427 1.5967 0.1512
v 0.0341 1.5979 0.1522
v 0.0490 1.5887 0.1498
v 0.0446 1.5896 0.1533
v 0.0361 1.5910 0.1545
v 0.0500 1.5818 0.1509
v 0.0458 1.5825 0.1548
v 0.0375 1.5842 0.1560
v 0.0502 1.5749 0.1511
v 0.0461 1.5755 0.1551
v 0.0380 1.5773 0.1565
v 0.0493 1.5681 0.1500
v 0.0454 1.5686 0.1540
v 0.0374 1.5705 0.1554
v 0.0475 1.5614 0.1481
v 0.0436 1.5617 0.1519
v 0.0356 1.5637 0.1533
v 0.0195 1.6536 0.0886
v 0.0165 1.6544 0.0897
v 0.0122 1.6538 0.0906
v 0.0238 1.6501 0.0991
v 0.0207 1.6506 0.1002
v 0.0166 1.6496 0.1011
v 0.0282 1.6459 0.1084
v 0.0251 1.6462 0.1094
v 0.0209 1.6450 0.1100
v 0.0322 1.6411 0.1164
v 0.0291 1.6412 0.1173
v 0.0250 1.6399 0.1176
v 0.0358 1.6357 0.1233
v 0.0327 1.6358 0.1240
v 0.0285 1.6345 0.1240
v 0.0388 1.6299 0.1291
v 0.0356 1.6300 0.1298
v 0.0314 1.6288 0.1294
v 0.0412 1.6238 0.1339
v 0.0379 1.6239 0.1345
v 0.0336 1.6229 0.1339
v 0.0428 1.6173 0.1376
v 0.0395 1.6175 0.1382
v 0.0352 1.6169 0.1374
v 0.0438 1.6107 0.1404
v 0.0405 1.6109 0.1410
v 0.0361 1.6106 0.1402
v 0.0442 1.6039 0.1429
v 0.0410 1.6042 0.1436
v 0.0367 1.6043 0.1429
v 0.0442 1.5971 0.1455
v 0.0410 1.5975 0.1463
v 0.0368 1.5979 0.1456
v 0.0436 1.5902 0.1478
v 0.0405 1.5908 0.1487
v 0.0363 1.5915 0.1480
v 0.0424 1.5834 0.1494
v 0.0394 1.5840 0.1504
v 0.0352 1.5849 0.1497
v 0.0406 1.5766 0.1499
v 0.0376 1.5772 0.1511
v 0.0335 1.5784 0.1505
v 0.0381 1.5698 0.1491
v 0.0351 1.5704 0.1503
v 0.0311 1.5717 0.1498
v 0.0351 1.5631 0.1476
v 0.0321 1.5637 0.1487
v 0.0282 1.5651 0.1480
v 0.0171 1.6517 0.0886
v 0.0132 1.6548 0.0907
v 0.0068 1.6568 0.0932
v 0.0216 1.6481 0.0989
v 0.0174 1.6507 0.1013
v 0.0107 1.6521 0.1040
v 0.0260 1.6439 0.1079
v 0.0216 1.6461 0.1104
v 0.0149 1.6470 0.1131
v 0.0304 1.6389 0.1156
v 0.0260 1.6408 0.1181
v 0.0193 1.6414 0.1206
v 0.0347 1.6334 0.1222
v 0.0303 1.6351 0.1246
v 0.0236 1.6354 0.1267
v 0.0385 1.6275 0.1277
v 0.0342 1.6289 0.1301
v 0.0274 1.6292 0.1319
v 0.0417 1.6212 0.1322
v 0.0375 1.6225 0.1346
v 0.0307 1.6229 0.1362
v 0.0443 1.6147 0.1357
v 0.0401 1.6159 0.1382
v 0.0334 1.6163 0.1396
v 0.0461 1.6081 0.1383
v 0.0420 1.6091 0.1409
v 0.0353 1.6097 0.1423
v 0.0474 1.6013 0.1408
v 0.0435 1.6022 0.1435
v 0.0369 1.6030 0.1449
v 0.0483 1.5945 0.1433
v 0.0444 1.5952 0.1462
v 0.0379 1.5962 0.1476
v 0.0487 1.5877 0.1454
v 0.0449 1.5883 0.1486
v 0.0384 1.5893 0.1499
v 0.0485 1.5808 0.1469
v 0.0448 1.5813 0.1502
v 0.0383 1.5824 0.1515
v 0.0475 1.5740 0.1474
v 0.0438 1.5744 0.1508
v 0.0374 1.5755 0.1521
v 0.0456 1.5673 0.1465
v 0.0419 1.5675 0.1500
v 0.0355 1.5687 0.1513
v 0.0430 1.5607 0.1450
v 0.0393 1.5607 0.1482
v 0.0328 1.5619 0.1495
v 0.0385 1.6538 0.0777
v 0.0353 1.6560 0.0795
v 0.0299 1.6571 0.0826
v 0.0437 1.6526 0.0898
v 0.0403 1.6544 0.0919
v 0.0347 1.6548 0.0949
v 0.0478 1.6494 0.1017
v 0.0444 1.6509 0.1038
v 0.0386 1.6510 0.1065
v 0.0511 1.6447 0.1128
v 0.0476 1.6460 0.1150
v 0.0417 1.6459 0.1172
v 0.0535 1.6387 0.1229
v 0.0500 1.6399 0.1250
v 0.0440 1.6398 0.1269
v 0.0552 1.6318 0.1318
v 0.0516 1.6330 0.1339
v 0.0456 1.6330 0.1354
v 0.0563 1.6244 0.1394
v 0.0526 1.6255 0.1415
v 0.0466 1.6258 0.1427
v 0.0567 1.6166 0.1455
v 0.0531 1.6177 0.1476
v 0.0470 1.6182 0.1487
v 0.0567 1.6087 0.1500
v 0.0531 1.6098 0.1522
v 0.0470 1.6105 0.1532
v 0.0562 1.6007 0.1530
v 0.0526 1.6018 0.1553
v 0.0465 1.6028 0.1562
v 0.0553 1.5929 0.1546
v 0.0517 1.5940 0.1568
v 0.0457 1.5952 0.1578
v 0.0540 1.5853 0.1547
v 0.0505 1.5862 0.1572
v 0.0447 1.5877 0.1589
v 0.0525 1.5779 0.1539
v 0.0490 1.5787 0.1567
v 0.0434 1.5803 0.1589
v 0.0508 1.5708 0.1522
v 0.0474 1.5714 0.1552
v 0.0419 1.5730 0.1577
v 0.0488 1.5639 0.1491
v 0.0454 1.5643 0.1522
v 0.0400 1.5659 0.1551
v 0.0468 1.5570 0.1447
v 0.0433 1.5573 0.1478
v 0.0379 1.5589 0.1506
v 0.0366 1.6542 0.0778
v 0.0347 1.6547 0.0789
v 0.0320 1.6543 0.0803
v 0.0420 1.6530 0.0884
v 0.0400 1.6533 0.0894
v 0.0374 1.6526 0.0906
v 0.0466 1.6500 0.0982
v 0.0445 1.6502 0.0992
v 0.0418 1.6493 0.1000
v 0.0502 1.6455 0.1072
v 0.0481 1.6456 0.1081
v 0.0453 1.6447 0.1086
v 0.0531 1.6398 0.1154
v 0.0509 1.6399 0.1162
v 0.0480 1.6391 0.1164
v 0.0551 1.6332 0.1226
v 0.0529 1.6334 0.1233
v 0.0500 1.6327 0.1234
v 0.0564 1.6261 0.1289
v 0.0542 1.6263 0.1295
v 0.0513 1.6258 0.1294
v 0.0570 1.6185 0.1342
v 0.0549 1.6188 0.1347
v 0.0519 1.6185 0.1345
v 0.0571 1.6108 0.1384
v 0.0549 1.6111 0.1390
v 0.0519 1.6110 0.1386
v 0.0565 1.6029 0.1416
v 0.0543 1.6033 0.1422
v 0.0514 1.6035 0.1417
v 0.0555 1.5951 0.1438
v 0.0533 1.5956 0.1443
v 0.0504 1.5960 0.1439
v 0.0540 1.5874 0.1450
v 0.0519 1.5879 0.1457
v 0.0491 1.5886 0.1455
v 0.0523 1.5800 0.1455
v 0.0503 1.5805 0.1464
v 0.0476 1.5813 0.1465
v 0.0504 1.5727 0.1451
v 0.0484 1.5732 0.1462
v 0.0458 1.5742 0.1465
v 0.0481 1.5656 0.1436
v 0.0462 1.5661 0.1447
v 0.0436 1.5672 0.1451
v 0.0457 1.5585 0.1405
v 0.0438 1.5590 0.1417
v 0.0412 1.5602 0.1422
v 0.0352 1.6529 0.0785
v 0.0327 1.6550 0.0800
v 0.0288 1.6564 0.0822
v 0.0407 1.6516 0.0887
v 0.0381 1.6534 0.0904
v 0.0340 1.6543 0.0926
v 0.0452 1.6485 0.0982
v 0.0425 1.6501 0.1000
v 0.0383 1.6506 0.1021
v 0.0488 1.6441 0.1069
v 0.0461 1.6455 0.1088
v 0.0417 1.6459 0.1107
v 0.0516 1.6385 0.1148
v 0.0488 1.6398 0.1167
v 0.0444 1.6402 0.1184
v 0.0536 1.6321 0.1219
v 0.0508 1.6333 0.1238
v 0.0463 1.6337 0.1253
v 0.0549 1.6252 0.1280
v 0.0521 1.6263 0.1299
v 0.0476 1.6268 0.1313
v 0.0555 1.6178 0.1331
v 0.0527 1.6189 0.1351
v 0.0482 1.6196 0.1364
v 0.0555 1.6102 0.1372
v 0.0527 1.6113 0.1392
v 0.0482 1.6121 0.1405
v 0.0550 1.6026 0.1404
v 0.0522 1.6036 0.1424
v 0.0477 1.6045 0.1437
v 0.0540 1.5951 0.1425
v 0.0512 1.5960 0.1446
v 0.0467 1.5970 0.1461
v 0.0526 1.5877 0.1437
v 0.0498 1.5884 0.1462
v 0.0456 1.5895 0.1481
v 0.0510 1.5804 0.1444
v 0.0483 1.5810 0.1471
v 0.0442 1.5821 0.1494
v 0.0491 1.5734 0.1441
v 0.0465 1.5738 0.1470
v 0.0424 1.5748 0.1496
v 0.0469 1.5665 0.1426
v 0.0443 1.5667 0.1456
v 0.0403 1.5677 0.1483
v 0.0446 1.5596 0.1397
v 0.0418 1.5596 0.1426
v 0.0378 1.5605 0.1454
v 0.0384 1.6549 0.0679
v 0.0372 1.6572 0.0714
v 0.0350 1.6582 0.0772
v 0.0478 1.6535 0.0720
v 0.0466 1.6554 0.0758
v 0.0441 1.6558 0.0815
v 0.0556 1.6500 0.0760
v 0.0545 1.6515 0.0799
v 0.0516 1.6516 0.0855
v 0.0621 1.6448 0.0796
v 0.0610 1.6460 0.0837
v 0.0579 1.6459 0.0891
v 0.0675 1.6382 0.0827
v 0.0665 1.6391 0.0868
v 0.0633 1.6388 0.0922
v 0.0721 1.6305 0.0851
v 0.0712 1.6311 0.0893
v 0.0680 1.6308 0.0946
v 0.0762 1.6220 0.0870
v 0.0753 1.6224 0.0912
v 0.0720 1.6220 0.0966
v 0.0796 1.6128 0.0884
v 0.0788 1.6131 0.0927
v 0.0756 1.6127 0.0980
v 0.0826 1.6032 0.0895
v 0.0818 1.6035 0.0938
v 0.0786 1.6032 0.0991
v 0.0850 1.5934 0.0906
v 0.0842 1.5938 0.0949
v 0.0810 1.5938 0.1002
v 0.0866 1.5835 0.0920
v 0.0858 1.5842 0.0962
v 0.0825 1.5847 0.1015
v 0.0872 1.5736 0.0942
v 0.0864 1.5749 0.0983
v 0.0831 1.5764 0.1033
v 0.0863 1.5641 0.0977
v 0.0857 1.5661 0.1015
v 0.0825 1.5689 0.1061
v 0.0835 1.5553 0.1033
v 0.0831 1.5582 0.1065
v 0.0805 1.5625 0.1102
v 0.0783 1.5479 0.1114
v 0.0784 1.5515 0.1139
v 0.0765 1.5569 0.1163
v 0.0704 1.5424 0.1223
v 0.0710 1.5463 0.1241
v 0.0699 1.5522 0.1255
v 0.0375 1.6552 0.0702
v 0.0367 1.6558 0.0723
v 0.0356 1.6553 0.0750
v 0.0467 1.6536 0.0743
v 0.0458 1.6539 0.0763
v 0.0444 1.6532 0.0789
v 0.0544 1.6500 0.0782
v 0.0534 1.6502 0.0802
v 0.0517 1.6494 0.0826
v 0.0607 1.6447 0.0817
v 0.0597 1.6448 0.0838
v 0.0578 1.6440 0.0859
v 0.0661 1.6380 0.0848
v 0.0651 1.6381 0.0868
v 0.0630 1.6374 0.0888
v 0.0707 1.6303 0.0872
v 0.0697 1.6303 0.0892
v 0.0675 1.6296 0.0912
v 0.0747 1.6217 0.0891
v 0.0737 1.6217 0.0911
v 0.0715 1.6211 0.0930
v 0.0782 1.6126 0.0905
v 0.0772 1.6125 0.0925
v 0.0750 1.6120 0.0945
v 0.0812 1.6030 0.0916
v 0.0802 1.6030 0.0936
v 0.0779 1.6026 0.0956
v 0.0835 1.5933 0.0927
v 0.0825 1.5934 0.0947
v 0.0802 1.5932 0.0967
v 0.0851 1.5837 0.0940
v 0.0841 1.5839 0.0961
v 0.0818 1.5840 0.0980
v 0.0857 1.5742 0.0961
v 0.0847 1.5748 0.0981
v 0.0824 1.5754 0.0999
v 0.0849 1.5652 0.0995
v 0.0839 1.5663 0.1012
v 0.0817 1.5675 0.1028
v 0.0823 1.5570 0.1047
v 0.0815 1.5586 0.1061
v 0.0795 1.5605 0.1073
v 0.0774 1.5501 0.1122
v 0.0769 1.5521 0.1133
v 0.0752 1.5545 0.1138
v 0.0698 1.5448 0.1227
v 0.0696 1.5469 0.1233
v 0.0683 1.5497 0.1234
v 0.0368 1.6539 0.0716
v 0.0359 1.6560 0.0743
v 0.0343 1.6574 0.0786
v 0.0457 1.6522 0.0753
v 0.0449 1.6540 0.0783
v 0.0432 1.6549 0.0827
v 0.0531 1.6486 0.0790
v 0.0523 1.6501 0.0822
v 0.0504 1.6507 0.0865
v 0.0592 1.6435 0.0823
v 0.0586 1.6447 0.0856
v 0.0566 1.6450 0.0899
v 0.0644 1.6370 0.0852
v 0.0639 1.6379 0.0886
v 0.0618 1.6381 0.0929
v 0.0689 1.6294 0.0875
v 0.0685 1.6301 0.0910
v 0.0664 1.6302 0.0953
v 0.0729 1.6210 0.0893
v 0.0725 1.6215 0.0929
v 0.0705 1.6214 0.0972
v 0.0763 1.6120 0.0907
v 0.0760 1.6123 0.0943
v 0.0740 1.6122 0.0986
v 0.0793 1.6025 0.0919
v 0.0789 1.6029 0.0954
v 0.0769 1.6028 0.0998
v 0.0816 1.5930 0.0929
v 0.0813 1.5934 0.0965
v 0.0793 1.5935 0.1008
v 0.0832 1.5835 0.0943
v 0.0829 1.5841 0.0979
v 0.0808 1.5847 0.1021
v 0.0837 1.5743 0.0963
v 0.0834 1.5753 0.0998
v 0.0814 1.5766 0.1039
v 0.0830 1.5656 0.0996
v 0.0828 1.5673 0.1028
v 0.0809 1.5695 0.1065
v 0.0805 1.5578 0.1045
v 0.0805 1.5601 0.1073
v 0.0789 1.5634 0.1104
v 0.0757 1.5511 0.1118
v 0.0761 1.5540 0.1141
v 0.0751 1.5581 0.1163
v 0.0684 1.5460 0.1220
v 0.0691 1.5491 0.1237
v 0.0687 1.5536 0.1251
v 0.0048 1.6709 0.0317
v 0.0038 1.6731 0.0353
v 0.0028 1.6741 0.0414
v 0.0209 1.6733 0.0345
v 0.0201 1.6751 0.0384
v 0.0187 1.6753 0.0445
v 0.0354 1.6712 0.0386
v 0.0345 1.6726 0.0426
v 0.0325 1.6724 0.0485
v 0.0481 1.6645 0.0440
v 0.0471 1.6657 0.0480
v 0.0442 1.6656 0.0535
v 0.0588 1.6533 0.0505
v 0.0576 1.6545 0.0544
v 0.0541 1.6547 0.0596
v 0.0672 1.6380 0.0579
v 0.0659 1.6392 0.0619
v 0.0622 1.6399 0.0668
v 0.0735 1.6185 0.0664
v 0.0723 1.6198 0.0703
v 0.0685 1.6209 0.0752
v 0.0778 1.5949 0.0758
v 0.0768 1.5963 0.0798
v 0.0732 1.5978 0.0847
v -0.0296 1.6409 0.1006
v -0.0302 1.6385 0.1129
v -0.0302 1.6287 0.1271
v -0.0390 1.6408 0.1010
v -0.0394 1.6372 0.1129
v -0.0384 1.6261 0.1262
v -0.0475 1.6392 0.1007
v -0.0477 1.6348 0.1124
v -0.0455 1.6231 0.1249
v -0.0550 1.6363 0.0997
v -0.0551 1.6313 0.1112
v -0.0517 1.6194 0.1233
v -0.0615 1.6322 0.0978
v -0.0616 1.6269 0.1089
v -0.0573 1.6152 0.1212
v -0.0671 1.6272 0.0948
v -0.0672 1.6215 0.1056
v -0.0624 1.6103 0.1184
v -0.0718 1.6215 0.0910
v -0.0720 1.6155 0.1015
v -0.0670 1.6046 0.1145
v -0.0759 1.6153 0.0865
v -0.0763 1.6091 0.0970
v -0.0711 1.5982 0.1099
v -0.0793 1.6087 0.0817
v -0.0799 1.6022 0.0919
v -0.0748 1.5914 0.1047
v -0.0824 1.6019 0.0768
v -0.0831 1.5951 0.0867
v -0.0781 1.5842 0.0992
v -0.0849 1.5947 0.0715
v -0.0859 1.5878 0.0812
v -0.0809 1.5769 0.0937
v -0.0869 1.5873 0.0658
v -0.0880 1.5801 0.0754
v -0.0832 1.5693 0.0880
v -0.0883 1.5795 0.0597
v -0.0895 1.5723 0.0692
v -0.0847 1.5616 0.0820
v -0.0889 1.5715 0.0534
v -0.0902 1.5642 0.0628
v -0.0854 1.5538 0.0758
v -0.0887 1.5634 0.0469
v -0.0900 1.5559 0.0563
v -0.0852 1.5459 0.0696
v -0.0875 1.5551 0.0405
v -0.0886 1.5476 0.0498
v -0.0839 1.5382 0.0636
v -0.0297 1.6368 0.1064
v -0.0298 1.6337 0.1121
v -0.0296 1.6271 0.1171
v -0.0385 1.6362 0.1064
v -0.0383 1.6327 0.1117
v -0.0373 1.6257 0.1161
v -0.0465 1.6344 0.1059
v -0.0459 1.6306 0.1109
v -0.0439 1.6235 0.1149
v -0.0535 1.6315 0.1047
v -0.0526 1.6275 0.1096
v -0.0497 1.6206 0.1134
v -0.0596 1.6275 0.1027
v -0.0584 1.6235 0.1075
v -0.0549 1.6170 0.1113
v -0.0649 1.6226 0.0997
v -0.0635 1.6186 0.1044
v -0.0595 1.6126 0.1086
v -0.0695 1.6170 0.0958
v -0.0680 1.6131 0.1006
v -0.0637 1.6074 0.1051
v -0.0734 1.6108 0.0913
v -0.0720 1.6070 0.0963
v -0.0675 1.6016 0.1009
v -0.0769 1.6043 0.0865
v -0.0755 1.6004 0.0914
v -0.0709 1.5951 0.0960
v -0.0799 1.5975 0.0815
v -0.0786 1.5935 0.0863
v -0.0739 1.5883 0.0909
v -0.0825 1.5904 0.0763
v -0.0812 1.5864 0.0810
v -0.0765 1.5814 0.0858
v -0.0845 1.5830 0.0706
v -0.0833 1.5790 0.0754
v -0.0786 1.5741 0.0803
v -0.0859 1.5753 0.0647
v -0.0847 1.5714 0.0695
v -0.0800 1.5667 0.0746
v -0.0866 1.5675 0.0585
v -0.0854 1.5636 0.0633
v -0.0807 1.5592 0.0687
v -0.0864 1.5595 0.0522
v -0.0852 1.5557 0.0571
v -0.0805 1.5518 0.0628
v -0.0851 1.5515 0.0459
v -0.0838 1.5479 0.0510
v -0.0793 1.5444 0.0570
v -0.0293 1.6313 0.1070
v -0.0298 1.6300 0.1169
v -0.0300 1.6239 0.1286
v -0.0374 1.6309 0.1065
v -0.0379 1.6285 0.1162
v -0.0375 1.6213 0.1272
v -0.0445 1.6293 0.1056
v -0.0450 1.6262 0.1151
v -0.0439 1.6184 0.1257
v -0.0507 1.6268 0.1044
v -0.0512 1.6232 0.1137
v -0.0494 1.6150 0.1239
v -0.0562 1.6233 0.1024
v -0.0567 1.6193 0.1115
v -0.0545 1.6111 0.1218
v -0.0609 1.6189 0.0996
v -0.0617 1.6146 0.1087
v -0.0591 1.6065 0.1191
v -0.0651 1.6137 0.0959
v -0.0661 1.6092 0.1052
v -0.0635 1.6012 0.1156
v -0.0688 1.6079 0.0917
v -0.0700 1.6031 0.1007
v -0.0674 1.5952 0.1113
v -0.0721 1.6016 0.0870
v -0.0735 1.5966 0.0957
v -0.0710 1.5885 0.1062
v -0.0750 1.5950 0.0822
v -0.0765 1.5897 0.0905
v -0.0742 1.5815 0.1008
v -0.0775 1.5881 0.0771
v -0.0792 1.5826 0.0853
v -0.0769 1.5743 0.0954
v -0.0795 1.5809 0.0717
v -0.0813 1.5752 0.0797
v -0.0791 1.5670 0.0898
v -0.0808 1.5735 0.0660
v -0.0828 1.5677 0.0739
v -0.0807 1.5594 0.0840
v -0.0815 1.5660 0.0601
v -0.0835 1.5600 0.0678
v -0.0814 1.5519 0.0780
v -0.0813 1.5585 0.0541
v -0.0832 1.5523 0.0617
v -0.0812 1.5444 0.0721
v -0.0801 1.5509 0.0483
v -0.0820 1.5447 0.0558
v -0.0800 1.5370 0.0664
v -0.0202 1.6487 0.0735
v -0.0166 1.6465 0.0854
v -0.0130 1.6374 0.1005
v -0.0307 1.6481 0.0759
v -0.0282 1.6473 0.0886
v -0.0249 1.6399 0.1051
v -0.0395 1.6462 0.0768
v -0.0387 1.6463 0.0898
v -0.0365 1.6402 0.1072
v -0.0468 1.6434 0.0763
v -0.0482 1.6437 0.0893
v -0.0479 1.6381 0.1070
v -0.0532 1.6398 0.0747
v -0.0567 1.6397 0.0873
v -0.0584 1.6340 0.1048
v -0.0592 1.6353 0.0718
v -0.0643 1.6343 0.0834
v -0.0675 1.6277 0.1000
v -0.0650 1.6299 0.0674
v -0.0711 1.6277 0.0780
v -0.0751 1.6199 0.0933
v -0.0706 1.6235 0.0620
v -0.0771 1.6201 0.0715
v -0.0814 1.6111 0.0857
v -0.0759 1.6163 0.0554
v -0.0825 1.6117 0.0643
v -0.0863 1.6015 0.0778
v -0.0806 1.6082 0.0477
v -0.0868 1.6024 0.0562
v -0.0898 1.5913 0.0691
v -0.0845 1.5992 0.0389
v -0.0901 1.5923 0.0471
v -0.0918 1.5805 0.0596
v -0.0872 1.5893 0.0292
v -0.0919 1.5816 0.0371
v -0.0921 1.5693 0.0493
v -0.0883 1.5788 0.0186
v -0.0919 1.5704 0.0263
v -0.0907 1.5580 0.0384
v -0.0877 1.5678 0.0074
v -0.0917 1.5589 0.0150
v -0.0903 1.5468 0.0271
v -0.0862 1.5566 -0.0043
v -0.0909 1.5474 0.0032
v -0.0894 1.5358 0.0156
v -0.0807 1.5457 -0.0161
v -0.0850 1.5363 -0.0088
v -0.0833 1.5252 0.0039
v -0.0189 1.6447 0.0794
v -0.0174 1.6419 0.0852
v -0.0165 1.6356 0.0910
v -0.0294 1.6448 0.0824
v -0.0282 1.6426 0.0888
v -0.0269 1.6370 0.0953
v -0.0386 1.6434 0.0836
v -0.0379 1.6417 0.0903
v -0.0366 1.6366 0.0973
v -0.0465 1.6408 0.0834
v -0.0467 1.6393 0.0902
v -0.0456 1.6345 0.0975
v -0.0537 1.6372 0.0818
v -0.0546 1.6356 0.0884
v -0.0540 1.6309 0.0959
v -0.0602 1.6324 0.0785
v -0.0618 1.6305 0.0848
v -0.0615 1.6257 0.0921
v -0.0663 1.6265 0.0737
v -0.0682 1.6241 0.0795
v -0.0681 1.6190 0.0864
v -0.0719 1.6197 0.0676
v -0.0739 1.6167 0.0729
v -0.0737 1.6113 0.0793
v -0.0770 1.6121 0.0608
v -0.0789 1.6086 0.0657
v -0.0783 1.6029 0.0717
v -0.0814 1.6036 0.0528
v -0.0830 1.5997 0.0575
v -0.0819 1.5939 0.0633
v -0.0848 1.5944 0.0439
v -0.0859 1.5901 0.0484
v -0.0842 1.5843 0.0540
v -0.0869 1.5844 0.0340
v -0.0875 1.5800 0.0384
v -0.0850 1.5743 0.0440
v -0.0873 1.5739 0.0234
v -0.0874 1.5694 0.0278
v -0.0843 1.5640 0.0333
v -0.0870 1.5631 0.0123
v -0.0873 1.5586 0.0166
v -0.0843 1.5537 0.0223
v -0.0860 1.5522 0.0007
v -0.0866 1.5478 0.0051
v -0.0833 1.5435 0.0111
v -0.0805 1.5415 -0.0109
v -0.0809 1.5372 -0.0064
v -0.0776 1.5333 -0.0001
v -0.0194 1.6393 0.0804
v -0.0162 1.6385 0.0905
v -0.0130 1.6328 0.1024
v -0.0291 1.6395 0.0838
v -0.0271 1.6398 0.0946
v -0.0244 1.6355 0.1073
v -0.0376 1.6383 0.0855
v -0.0371 1.6393 0.0964
v -0.0356 1.6359 0.1096
v -0.0450 1.6360 0.0856
v -0.0465 1.6371 0.0964
v -0.0467 1.6341 0.1098
v -0.0517 1.6326 0.0843
v -0.0551 1.6334 0.0946
v -0.0571 1.6301 0.1078
v -0.0580 1.6281 0.0813
v -0.0627 1.6280 0.0907
v -0.0662 1.6240 0.1031
v -0.0638 1.6224 0.0764
v -0.0694 1.6212 0.0849
v -0.0737 1.6162 0.0964
v -0.0691 1.6156 0.0702
v -0.0752 1.6134 0.0779
v -0.0797 1.6074 0.0887
v -0.0739 1.6082 0.0632
v -0.0800 1.6049 0.0704
v -0.0844 1.5979 0.0807
v -0.0779 1.6001 0.0552
v -0.0838 1.5957 0.0621
v -0.0875 1.5878 0.0719
v -0.0809 1.5912 0.0462
v -0.0863 1.5859 0.0528
v -0.0891 1.5772 0.0623
v -0.0826 1.5818 0.0364
v -0.0873 1.5757 0.0427
v -0.0890 1.5664 0.0520
v -0.0827 1.5720 0.0259
v -0.0867 1.5651 0.0320
v -0.0874 1.5556 0.0412
v -0.0826 1.5618 0.0149
v -0.0867 1.5544 0.0209
v -0.0869 1.5449 0.0300
v -0.0815 1.5515 0.0037
v -0.0860 1.5438 0.0095
v -0.0856 1.5344 0.0187
v -0.0764 1.5414 -0.0075
v -0.0801 1.5334 -0.0019
v -0.0794 1.5241 0.0075
v -0.0224 1.6558 0.0527
v -0.0187 1.6534 0.0639
v -0.0150 1.6441 0.0784
v -0.0329 1.6552 0.0549
v -0.0302 1.6540 0.0666
v -0.0268 1.6464 0.0826
v -0.0418 1.6533 0.0558
v -0.0406 1.6530 0.0677
v -0.0382 1.6467 0.0847
v -0.0492 1.6504 0.0554
v -0.0500 1.6505 0.0674
v -0.0491 1.6449 0.0849
v -0.0555 1.6469 0.0541
v -0.0583 1.6466 0.0658
v -0.0592 1.6410 0.0832
v -0.0612 1.6427 0.0519
v -0.0656 1.6416 0.0630
v -0.0678 1.6352 0.0796
v -0.0665 1.6377 0.0487
v -0.0720 1.6356 0.0592
v -0.0750 1.6280 0.0747
v -0.0716 1.6319 0.0445
v -0.0775 1.6286 0.0544
v -0.0807 1.6199 0.0691
v -0.0763 1.6252 0.0393
v -0.0822 1.6207 0.0487
v -0.0850 1.6110 0.0628
v -0.0806 1.6176 0.0331
v -0.0861 1.6120 0.0422
v -0.0878 1.6014 0.0558
v -0.0841 1.6091 0.0261
v -0.0889 1.6026 0.0349
v -0.0894 1.5914 0.0482
v -0.0868 1.5998 0.0183
v -0.0906 1.5925 0.0270
v -0.0896 1.5811 0.0399
v -0.0882 1.5899 0.0097
v -0.0910 1.5820 0.0183
v -0.0885 1.5706 0.0311
v -0.0881 1.5794 0.0006
v -0.0901 1.5711 0.0091
v -0.0875 1.5600 0.0218
v -0.0865 1.5686 -0.0091
v -0.0895 1.5602 -0.0007
v -0.0877 1.5495 0.0121
v -0.0837 1.5579 -0.0193
v -0.0872 1.5493 -0.0110
v -0.0861 1.5390 0.0020
v -0.0210 1.6517 0.0581
v -0.0195 1.6487 0.0634
v -0.0185 1.6422 0.0687
v -0.0315 1.6516 0.0607
v -0.0302 1.6492 0.0664
v -0.0288 1.6434 0.0724
v -0.0407 1.6502 0.0619
v -0.0398 1.6482 0.0678
v -0.0384 1.6430 0.0745
v -0.0486 1.6476 0.0617
v -0.0484 1.6459 0.0679
v -0.0472 1.6411 0.0750
v -0.0555 1.6441 0.0605
v -0.0561 1.6424 0.0666
v -0.0551 1.6377 0.0739
v -0.0617 1.6397 0.0581
v -0.0629 1.6377 0.0640
v -0.0622 1.6330 0.0711
v -0.0674 1.6344 0.0547
v -0.0689 1.6320 0.0604
v -0.0682 1.6270 0.0671
v -0.0725 1.6282 0.0503
v -0.0741 1.6253 0.0557
v -0.0733 1.6201 0.0621
v -0.0770 1.6212 0.0449
v -0.0785 1.6178 0.0500
v -0.0774 1.6124 0.0563
v -0.0809 1.6133 0.0385
v -0.0820 1.6096 0.0435
v -0.0803 1.6041 0.0495
v -0.0839 1.6046 0.0313
v -0.0846 1.6006 0.0362
v -0.0822 1.5952 0.0420
v -0.0859 1.5953 0.0234
v -0.0861 1.5911 0.0282
v -0.0830 1.5859 0.0339
v -0.0868 1.5854 0.0148
v -0.0864 1.5812 0.0195
v -0.0827 1.5763 0.0251
v -0.0862 1.5751 0.0056
v -0.0856 1.5709 0.0103
v -0.0818 1.5665 0.0159
v -0.0851 1.5645 -0.0040
v -0.0850 1.5605 0.0006
v -0.0815 1.5565 0.0064
v -0.0827 1.5540 -0.0141
v -0.0828 1.5500 -0.0094
v -0.0795 1.5464 -0.0034
v -0.0215 1.6462 0.0588
v -0.0183 1.6451 0.0682
v -0.0151 1.6395 0.0804
v -0.0312 1.6462 0.0617
v -0.0290 1.6462 0.0717
v -0.0263 1.6421 0.0850
v -0.0397 1.6449 0.0633
v -0.0389 1.6458 0.0736
v -0.0373 1.6426 0.0875
v -0.0470 1.6426 0.0635
v -0.0480 1.6437 0.0739
v -0.0479 1.6410 0.0880
v -0.0534 1.6394 0.0625
v -0.0562 1.6402 0.0726
v -0.0578 1.6373 0.0866
v -0.0593 1.6353 0.0604
v -0.0635 1.6352 0.0698
v -0.0663 1.6317 0.0831
v -0.0646 1.6303 0.0572
v -0.0697 1.6292 0.0657
v -0.0733 1.6245 0.0780
v -0.0694 1.6243 0.0528
v -0.0750 1.6222 0.0608
v -0.0787 1.6164 0.0721
v -0.0736 1.6176 0.0473
v -0.0792 1.6143 0.0550
v -0.0827 1.6076 0.0658
v -0.0770 1.6100 0.0409
v -0.0824 1.6058 0.0483
v -0.0853 1.5982 0.0587
v -0.0797 1.6018 0.0337
v -0.0845 1.5967 0.0408
v -0.0864 1.5885 0.0510
v -0.0814 1.5930 0.0257
v -0.0854 1.5871 0.0327
v -0.0863 1.5785 0.0426
v -0.0820 1.5836 0.0170
v -0.0852 1.5772 0.0240
v -0.0849 1.5684 0.0338
v -0.0813 1.5739 0.0079
v -0.0843 1.5671 0.0148
v -0.0839 1.5583 0.0245
v -0.0804 1.5639 -0.0017
v -0.0841 1.5568 0.0051
v -0.0838 1.5482 0.0149
v -0.0783 1.5538 -0.0115
v -0.0821 1.5465 -0.0048
v -0.0821 1.5380 0.0050
v -0.0445 1.6578 0.0421
v -0.0419 1.6554 0.0536
v -0.0380 1.6459 0.0676
v -0.0496 1.6556 0.0417
v -0.0492 1.6540 0.0536
v -0.0471 1.6456 0.0688
v -0.0534 1.6530 0.0405
v -0.0556 1.6516 0.0522
v -0.0558 1.6439 0.0678
v -0.0568 1.6501 0.0386
v -0.0611 1.6484 0.0497
v -0.0635 1.6406 0.0650
v -0.0602 1.6466 0.0360
v -0.0661 1.6444 0.0462
v -0.0700 1.6363 0.0610
v -0.0638 1.6424 0.0324
v -0.0706 1.6396 0.0419
v -0.0755 1.6311 0.0562
v -0.0676 1.6376 0.0279
v -0.0748 1.6341 0.0369
v -0.0800 1.6250 0.0507
v -0.0715 1.6321 0.0227
v -0.0787 1.6279 0.0313
v -0.0837 1.6181 0.0446
v -0.0752 1.6260 0.0167
v -0.0822 1.6210 0.0251
v -0.0865 1.6104 0.0381
v -0.0787 1.6193 0.0102
v -0.0851 1.6134 0.0184
v -0.0884 1.6022 0.0312
v -0.0816 1.6120 0.0032
v -0.0873 1.6052 0.0113
v -0.0892 1.5935 0.0239
v -0.0835 1.6042 -0.0042
v -0.0883 1.5966 0.0038
v -0.0887 1.5846 0.0163
v -0.0840 1.5960 -0.0119
v -0.0877 1.5876 -0.0041
v -0.0867 1.5758 0.0085
v -0.0825 1.5874 -0.0198
v -0.0853 1.5786 -0.0121
v -0.0838 1.5671 0.0006
v -0.0784 1.5790 -0.0279
v -0.0804 1.5699 -0.0204
v -0.0796 1.5589 -0.0073
v -0.0712 1.5712 -0.0359
v -0.0739 1.5617 -0.0286
v -0.0732 1.5512 -0.0152
v -0.0429 1.6536 0.0474
v -0.0415 1.6506 0.0528
v -0.0398 1.6441 0.0577
v -0.0486 1.6519 0.0475
v -0.0480 1.6493 0.0532
v -0.0464 1.6433 0.0588
v -0.0533 1.6495 0.0465
v -0.0536 1.6472 0.0523
v -0.0525 1.6415 0.0584
v -0.0575 1.6466 0.0446
v -0.0587 1.6442 0.0503
v -0.0582 1.6388 0.0566
v -0.0615 1.6431 0.0418
v -0.0633 1.6405 0.0472
v -0.0633 1.6351 0.0536
v -0.0654 1.6388 0.0380
v -0.0677 1.6360 0.0432
v -0.0678 1.6305 0.0495
v -0.0693 1.6337 0.0334
v -0.0717 1.6307 0.0384
v -0.0719 1.6251 0.0446
v -0.0731 1.6280 0.0280
v -0.0754 1.6247 0.0328
v -0.0754 1.6190 0.0389
v -0.0765 1.6216 0.0219
v -0.0786 1.6180 0.0266
v -0.0782 1.6122 0.0326
v -0.0796 1.6147 0.0153
v -0.0813 1.6108 0.0199
v -0.0803 1.6050 0.0258
v -0.0819 1.6073 0.0082
v -0.0831 1.6031 0.0128
v -0.0814 1.5974 0.0186
v -0.0832 1.5994 0.0008
v -0.0839 1.5951 0.0054
v -0.0815 1.5896 0.0112
v -0.0831 1.5913 -0.0068
v -0.0833 1.5869 -0.0023
v -0.0802 1.5819 0.0036
v -0.0812 1.5830 -0.0147
v -0.0808 1.5787 -0.0101
v -0.0774 1.5742 -0.0040
v -0.0768 1.5749 -0.0226
v -0.0763 1.5706 -0.0180
v -0.0733 1.5669 -0.0115
v -0.0702 1.5673 -0.0304
v -0.0702 1.5631 -0.0257
v -0.0676 1.5599 -0.0188
v -0.0423 1.6481 0.0478
v -0.0402 1.6470 0.0575
v -0.0372 1.6412 0.0692
v -0.0472 1.6465 0.0483
v -0.0472 1.6461 0.0583
v -0.0459 1.6412 0.0709
v -0.0514 1.6445 0.0479
v -0.0536 1.6442 0.0577
v -0.0545 1.6397 0.0704
v -0.0553 1.6419 0.0465
v -0.0594 1.6413 0.0556
v -0.0622 1.6366 0.0678
v -0.0592 1.6386 0.0440
v -0.0645 1.6375 0.0524
v -0.0687 1.6324 0.0639
v -0.0630 1.6344 0.0405
v -0.0692 1.6328 0.0482
v -0.0741 1.6273 0.0591
v -0.0667 1.6296 0.0360
v -0.0733 1.6273 0.0432
v -0.0786 1.6212 0.0537
v -0.0702 1.6240 0.0306
v -0.0769 1.6211 0.0375
v -0.0821 1.6144 0.0477
v -0.0734 1.6179 0.0245
v -0.0799 1.6142 0.0312
v -0.0846 1.6069 0.0411
v -0.0761 1.6113 0.0179
v -0.0822 1.6068 0.0245
v -0.0862 1.5988 0.0342
v -0.0780 1.6043 0.0108
v -0.0835 1.5990 0.0173
v -0.0866 1.5904 0.0268
v -0.0790 1.5970 0.0035
v -0.0838 1.5909 0.0098
v -0.0857 1.5819 0.0193
v -0.0786 1.5896 -0.0041
v -0.0826 1.5828 0.0021
v -0.0834 1.5735 0.0116
v -0.0766 1.5821 -0.0116
v -0.0798 1.5747 -0.0056
v -0.0807 1.5655 0.0039
v -0.0725 1.5747 -0.0191
v -0.0755 1.5669 -0.0133
v -0.0766 1.5579 -0.0037
v -0.0664 1.5678 -0.0264
v -0.0697 1.5596 -0.0209
v -0.0703 1.5507 -0.0112
v -0.0486 1.6618 0.0254
v -0.0510 1.6597 0.0369
v -0.0510 1.6512 0.0520
v -0.0517 1.6582 0.0230
v -0.0562 1.6561 0.0339
v -0.0588 1.6480 0.0490
v -0.0547 1.6542 0.0199
v -0.0609 1.6521 0.0300
v -0.0656 1.6441 0.0446
v -0.0577 1.6498 0.0161
v -0.0652 1.6476 0.0253
v -0.0715 1.6395 0.0393
v -0.0608 1.6451 0.0117
v -0.0691 1.6426 0.0200
v -0.0766 1.6344 0.0333
v -0.0637 1.6402 0.0066
v -0.0726 1.6373 0.0143
v -0.0807 1.6287 0.0269
v -0.0666 1.6351 0.0010
v -0.0756 1.6316 0.0081
v -0.0840 1.6223 0.0201
v -0.0692 1.6298 -0.0050
v -0.0782 1.6255 0.0016
v -0.0863 1.6155 0.0132
v -0.0714 1.6242 -0.0115
v -0.0802 1.6191 -0.0052
v -0.0876 1.6083 0.0062
v -0.0731 1.6184 -0.0182
v -0.0813 1.6122 -0.0120
v -0.0877 1.6007 -0.0007
v -0.0740 1.6121 -0.0250
v -0.0815 1.6050 -0.0189
v -0.0865 1.5930 -0.0075
v -0.0727 1.6047 -0.0323
v -0.0788 1.5968 -0.0263
v -0.0828 1.5850 -0.0145
v -0.0685 1.5963 -0.0395
v -0.0730 1.5881 -0.0336
v -0.0761 1.5770 -0.0217
v -0.0620 1.5879 -0.0461
v -0.0651 1.5798 -0.0402
v -0.0684 1.5698 -0.0282
v -0.0544 1.5800 -0.0516
v -0.0566 1.5723 -0.0458
v -0.0607 1.5633 -0.0338
v -0.0468 1.5732 -0.0562
v -0.0488 1.5658 -0.0504
v -0.0536 1.5571 -0.0385
v -0.0484 1.6581 0.0312
v -0.0487 1.6554 0.0369
v -0.0473 1.6496 0.0428
v -0.0524 1.6546 0.0289
v -0.0537 1.6520 0.0345
v -0.0531 1.6465 0.0407
v -0.0562 1.6507 0.0257
v -0.0583 1.6481 0.0311
v -0.0586 1.6427 0.0374
v -0.0599 1.6463 0.0217
v -0.0626 1.6437 0.0268
v -0.0636 1.6383 0.0331
v -0.0634 1.6415 0.0170
v -0.0665 1.6389 0.0218
v -0.0680 1.6335 0.0280
v -0.0666 1.6365 0.0117
v -0.0700 1.6337 0.0162
v -0.0717 1.6282 0.0223
v -0.0695 1.6312 0.0059
v -0.0730 1.6281 0.0102
v -0.0747 1.6224 0.0161
v -0.0720 1.6256 -0.0003
v -0.0754 1.6222 0.0038
v -0.0769 1.6164 0.0096
v -0.0739 1.6198 -0.0069
v -0.0771 1.6161 -0.0029
v -0.0782 1.6101 0.0029
v -0.0752 1.6137 -0.0136
v -0.0780 1.6096 -0.0096
v -0.0785 1.6036 -0.0038
v -0.0756 1.6073 -0.0204
v -0.0779 1.6030 -0.0164
v -0.0777 1.5971 -0.0105
v -0.0749 1.6005 -0.0272
v -0.0767 1.5961 -0.0231
v -0.0758 1.5905 -0.0170
v -0.0729 1.5934 -0.0338
v -0.0742 1.5890 -0.0296
v -0.0727 1.5839 -0.0231
v -0.0694 1.5860 -0.0403
v -0.0702 1.5817 -0.0358
v -0.0684 1.5772 -0.0289
v -0.0639 1.5785 -0.0462
v -0.0646 1.5743 -0.0415
v -0.0630 1.5705 -0.0343
v -0.0565 1.5709 -0.0516
v -0.0574 1.5669 -0.0468
v -0.0565 1.5637 -0.0393
v -0.0461 1.6532 0.0325
v -0.0485 1.6522 0.0421
v -0.0494 1.6470 0.0542
v -0.0501 1.6499 0.0307
v -0.0544 1.6490 0.0397
v -0.0573 1.6440 0.0516
v -0.0541 1.6461 0.0280
v -0.0598 1.6451 0.0362
v -0.0645 1.6401 0.0475
v -0.0579 1.6418 0.0243
v -0.0646 1.6407 0.0317
v -0.0707 1.6357 0.0423
v -0.0616 1.6371 0.0199
v -0.0690 1.6358 0.0265
v -0.0759 1.6306 0.0364
v -0.0648 1.6322 0.0147
v -0.0727 1.6304 0.0207
v -0.0801 1.6249 0.0301
v -0.0676 1.6269 0.0090
v -0.0757 1.6247 0.0145
v -0.0833 1.6186 0.0233
v -0.0699 1.6215 0.0028
v -0.0780 1.6186 0.0079
v -0.0855 1.6118 0.0164
v -0.0715 1.6159 -0.0037
v -0.0794 1.6122 0.0012
v -0.0865 1.6046 0.0094
v -0.0724 1.6102 -0.0103
v -0.0799 1.6055 -0.0056
v -0.0862 1.5972 0.0026
v -0.0724 1.6042 -0.0169
v -0.0794 1.5987 -0.0123
v -0.0847 1.5898 -0.0041
v -0.0715 1.5981 -0.0236
v -0.0777 1.5918 -0.0189
v -0.0818 1.5825 -0.0105
v -0.0693 1.5917 -0.0300
v -0.0747 1.5848 -0.0252
v -0.0778 1.5754 -0.0164
v -0.0657 1.5851 -0.0361
v -0.0703 1.5777 -0.0311
v -0.0731 1.5685 -0.0219
v -0.0605 1.5782 -0.0419
v -0.0648 1.5707 -0.0367
v -0.0680 1.5618 -0.0270
v -0.0535 1.5712 -0.0470
v -0.0581 1.5635 -0.0418
v -0.0616 1.5549 -0.0318
v -0.0478 1.6572 0.0004
v -0.0570 1.6552 0.0079
v -0.0664 1.6471 0.0200
v -0.0487 1.6537 -0.0029
v -0.0587 1.6523 0.0036
v -0.0697 1.6449 0.0148
v -0.0499 1.6499 -0.0068
v -0.0605 1.6491 -0.0012
v -0.0727 1.6425 0.0092
v -0.0512 1.6458 -0.0110
v -0.0622 1.6455 -0.0063
v -0.0753 1.6394 0.0032
v -0.0524 1.6414 -0.0153
v -0.0637 1.6413 -0.0115
v -0.0775 1.6357 -0.0028
v -0.0534 1.6367 -0.0197
v -0.0650 1.6364 -0.0166
v -0.0791 1.6309 -0.0086
v -0.0541 1.6318 -0.0240
v -0.0657 1.6308 -0.0215
v -0.0799 1.6249 -0.0142
v -0.0544 1.6265 -0.0284
v -0.0659 1.6246 -0.0263
v -0.0798 1.6179 -0.0193
v -0.0542 1.6209 -0.0327
v -0.0654 1.6178 -0.0308
v -0.0786 1.6101 -0.0238
v -0.0536 1.6148 -0.0369
v -0.0642 1.6103 -0.0350
v -0.0764 1.6017 -0.0277
v -0.0522 1.6081 -0.0410
v -0.0622 1.6024 -0.0388
v -0.0732 1.5930 -0.0311
v -0.0501 1.6007 -0.0451
v -0.0593 1.5940 -0.0423
v -0.0689 1.5842 -0.0339
v -0.0472 1.5929 -0.0489
v -0.0554 1.5854 -0.0456
v -0.0639 1.5754 -0.0364
v -0.0432 1.5848 -0.0526
v -0.0507 1.5768 -0.0487
v -0.0587 1.5668 -0.0390
v -0.0383 1.5767 -0.0563
v -0.0453 1.5684 -0.0520
v -0.0532 1.5584 -0.0419
v -0.0323 1.5691 -0.0601
v -0.0390 1.5605 -0.0558
v -0.0467 1.5504 -0.0457
v -0.0512 1.6537 0.0053
v -0.0550 1.6511 0.0096
v -0.0575 1.6456 0.0153
v -0.0528 1.6504 0.0016
v -0.0571 1.6482 0.0056
v -0.0604 1.6429 0.0112
v -0.0545 1.6469 -0.0026
v -0.0592 1.6449 0.0011
v -0.0632 1.6400 0.0064
v -0.0561 1.6432 -0.0071
v -0.0612 1.6414 -0.0038
v -0.0657 1.6367 0.0013
v -0.0577 1.6394 -0.0119
v -0.0630 1.6377 -0.0089
v -0.0678 1.6331 -0.0039
v -0.0590 1.6354 -0.0168
v -0.0644 1.6336 -0.0141
v -0.0693 1.6290 -0.0092
v -0.0599 1.6313 -0.0218
v -0.0653 1.6292 -0.0192
v -0.0702 1.6246 -0.0144
v -0.0604 1.6270 -0.0266
v -0.0657 1.6245 -0.0243
v -0.0704 1.6197 -0.0194
v -0.0603 1.6223 -0.0315
v -0.0655 1.6195 -0.0291
v -0.0698 1.6144 -0.0241
v -0.0597 1.6173 -0.0362
v -0.0645 1.6140 -0.0338
v -0.0684 1.6088 -0.0286
v -0.0583 1.6118 -0.0409
v -0.0627 1.6082 -0.0383
v -0.0660 1.6029 -0.0327
v -0.0561 1.6058 -0.0455
v -0.0601 1.6019 -0.0426
v -0.0628 1.5967 -0.0366
v -0.0530 1.5993 -0.0499
v -0.0565 1.5952 -0.0467
v -0.0586 1.5902 -0.0403
v -0.0489 1.5924 -0.0543
v -0.0520 1.5881 -0.0507
v -0.0535 1.5833 -0.0441
v -0.0436 1.5850 -0.0585
v -0.0464 1.5807 -0.0548
v -0.0475 1.5760 -0.0480
v -0.0371 1.5773 -0.0627
v -0.0397 1.5729 -0.0590
v -0.0407 1.5683 -0.0521
v -0.0501 1.6490 0.0080
v -0.0581 1.6480 0.0139
v -0.0663 1.6430 0.0229
v -0.0521 1.6458 0.0046
v -0.0608 1.6454 0.0096
v -0.0701 1.6410 0.0178
v -0.0543 1.6423 0.0005
v -0.0633 1.6424 0.0048
v -0.0735 1.6386 0.0123
v -0.0563 1.6388 -0.0039
v -0.0656 1.6391 -0.0004
v -0.0765 1.6357 0.0064
v -0.0580 1.6350 -0.0085
v -0.0676 1.6354 -0.0057
v -0.0789 1.6321 0.0004
v -0.0593 1.6312 -0.0133
v -0.0691 1.6313 -0.0111
v -0.0806 1.6278 -0.0056
v -0.0602 1.6272 -0.0180
v -0.0701 1.6267 -0.0164
v -0.0816 1.6228 -0.0114
v -0.0605 1.6230 -0.0227
v -0.0704 1.6218 -0.0215
v -0.0818 1.6170 -0.0168
v -0.0602 1.6186 -0.0273
v -0.0699 1.6164 -0.0263
v -0.0809 1.6107 -0.0217
v -0.0592 1.6139 -0.0318
v -0.0686 1.6106 -0.0309
v -0.0790 1.6040 -0.0261
v -0.0575 1.6089 -0.0363
v -0.0665 1.6045 -0.0352
v -0.0760 1.5970 -0.0299
v -0.0550 1.6033 -0.0407
v -0.0634 1.5981 -0.0392
v -0.0720 1.5899 -0.0334
v -0.0516 1.5973 -0.0450
v -0.0594 1.5913 -0.0430
v -0.0670 1.5827 -0.0365
v -0.0472 1.5907 -0.0492
v -0.0544 1.5842 -0.0468
v -0.0612 1.5753 -0.0397
v -0.0418 1.5837 -0.0534
v -0.0485 1.5767 -0.0507
v -0.0551 1.5677 -0.0432
v -0.0353 1.5761 -0.0576
v -0.0417 1.5689 -0.0548
v -0.0483 1.5596 -0.0473
v -0.0438 1.6574 -0.0024
v -0.0530 1.6554 0.0050
v -0.0624 1.6473 0.0171
v -0.0447 1.6539 -0.0057
v -0.0547 1.6525 0.0008
v -0.0656 1.6452 0.0120
v -0.0458 1.6501 -0.0096
v -0.0564 1.6493 -0.0040
v -0.0686 1.6427 0.0063
v -0.0471 1.6461 -0.0139
v -0.0582 1.6457 -0.0092
v -0.0713 1.6396 0.0004
v -0.0484 1.6418 -0.0182
v -0.0597 1.6416 -0.0144
v -0.0734 1.6359 -0.0056
v -0.0494 1.6372 -0.0226
v -0.0610 1.6368 -0.0195
v -0.0751 1.6312 -0.0115
v -0.0501 1.6323 -0.0269
v -0.0617 1.6313 -0.0245
v -0.0759 1.6253 -0.0171
v -0.0503 1.6271 -0.0312
v -0.0619 1.6251 -0.0292
v -0.0758 1.6184 -0.0222
v -0.0502 1.6215 -0.0355
v -0.0614 1.6183 -0.0337
v -0.0746 1.6105 -0.0268
v -0.0494 1.6153 -0.0397
v -0.0601 1.6107 -0.0379
v -0.0722 1.6021 -0.0307
v -0.0479 1.6085 -0.0438
v -0.0578 1.6026 -0.0416
v -0.0688 1.5932 -0.0339
v -0.0456 1.6009 -0.0477
v -0.0546 1.5940 -0.0450
v -0.0643 1.5841 -0.0366
v -0.0423 1.5927 -0.0514
v -0.0505 1.5851 -0.0482
v -0.0589 1.5751 -0.0390
v -0.0379 1.5843 -0.0550
v -0.0453 1.5762 -0.0511
v -0.0533 1.5662 -0.0413
v -0.0324 1.5758 -0.0584
v -0.0393 1.5674 -0.0542
v -0.0470 1.5576 -0.0440
v -0.0257 1.5678 -0.0621
v -0.0324 1.5591 -0.0577
v -0.0395 1.5492 -0.0475
v -0.0472 1.6539 0.0024
v -0.0510 1.6513 0.0068
v -0.0535 1.6458 0.0125
v -0.0488 1.6507 -0.0012
v -0.0531 1.6484 0.0028
v -0.0564 1.6431 0.0083
v -0.0504 1.6472 -0.0054
v -0.0552 1.6452 -0.0018
v -0.0592 1.6402 0.0036
v -0.0521 1.6434 -0.0099
v -0.0572 1.6416 -0.0066
v -0.0617 1.6369 -0.0015
v -0.0536 1.6391 -0.0145
v -0.0589 1.6375 -0.0115
v -0.0637 1.6330 -0.0066
v -0.0547 1.6344 -0.0191
v -0.0601 1.6327 -0.0164
v -0.0650 1.6282 -0.0116
v -0.0553 1.6292 -0.0236
v -0.0607 1.6273 -0.0212
v -0.0657 1.6228 -0.0165
v -0.0555 1.6237 -0.0280
v -0.0608 1.6214 -0.0257
v -0.0654 1.6167 -0.0210
v -0.0550 1.6176 -0.0322
v -0.0600 1.6149 -0.0300
v -0.0643 1.6100 -0.0251
v -0.0538 1.6111 -0.0363
v -0.0585 1.6079 -0.0339
v -0.0622 1.6028 -0.0289
v -0.0518 1.6039 -0.0401
v -0.0560 1.6003 -0.0376
v -0.0592 1.5953 -0.0322
v -0.0489 1.5962 -0.0437
v -0.0527 1.5924 -0.0409
v -0.0553 1.5875 -0.0352
v -0.0451 1.5881 -0.0472
v -0.0484 1.5841 -0.0440
v -0.0504 1.5795 -0.0380
v -0.0403 1.5797 -0.0504
v -0.0432 1.5756 -0.0470
v -0.0449 1.5714 -0.0408
v -0.0345 1.5713 -0.0537
v -0.0372 1.5672 -0.0501
v -0.0387 1.5632 -0.0438
v -0.0277 1.5633 -0.0573
v -0.0303 1.5591 -0.0537
v -0.0317 1.5551 -0.0472
v -0.0460 1.6492 0.0052
v -0.0541 1.6483 0.0111
v -0.0623 1.6433 0.0201
v -0.0481 1.6460 0.0017
v -0.0568 1.6456 0.0068
v -0.0661 1.6412 0.0150
v -0.0502 1.6426 -0.0023
v -0.0593 1.6426 0.0020
v -0.0695 1.6388 0.0094
v -0.0522 1.6388 -0.0066
v -0.0616 1.6393 -0.0032
v -0.0724 1.6359 0.0035
v -0.0538 1.6346 -0.0110
v -0.0635 1.6352 -0.0083
v -0.0748 1.6322 -0.0024
v -0.0550 1.6299 -0.0154
v -0.0649 1.6304 -0.0135
v -0.0765 1.6275 -0.0082
v -0.0556 1.6249 -0.0198
v -0.0655 1.6249 -0.0184
v -0.0772 1.6216 -0.0137
v -0.0555 1.6195 -0.0240
v -0.0654 1.6187 -0.0230
v -0.0769 1.6147 -0.0187
v -0.0548 1.6138 -0.0280
v -0.0644 1.6119 -0.0273
v -0.0755 1.6070 -0.0231
v -0.0533 1.6077 -0.0319
v -0.0625 1.6046 -0.0311
v -0.0729 1.5987 -0.0268
v -0.0510 1.6011 -0.0355
v -0.0597 1.5968 -0.0346
v -0.0691 1.5901 -0.0299
v -0.0479 1.5940 -0.0390
v -0.0559 1.5887 -0.0377
v -0.0643 1.5813 -0.0324
v -0.0439 1.5864 -0.0424
v -0.0511 1.5804 -0.0405
v -0.0587 1.5726 -0.0346
v -0.0389 1.5785 -0.0457
v -0.0456 1.5719 -0.0433
v -0.0531 1.5640 -0.0369
v -0.0330 1.5704 -0.0490
v -0.0395 1.5635 -0.0462
v -0.0467 1.5555 -0.0395
v -0.0263 1.5626 -0.0525
v -0.0324 1.5554 -0.0497
v -0.0391 1.5473 -0.0429
v -0.0438 1.6527 0.0735
v -0.0348 1.6587 0.0786
v -0.0190 1.6615 0.0852
v -0.0481 1.6507 0.0857
v -0.0385 1.6556 0.0914
v -0.0224 1.6567 0.0979
v -0.0517 1.6479 0.0965
v -0.0420 1.6519 0.1026
v -0.0258 1.6517 0.1091
v -0.0550 1.6443 0.1053
v -0.0452 1.6473 0.1118
v -0.0292 1.6461 0.1184
v -0.0579 1.6400 0.1119
v -0.0484 1.6419 0.1189
v -0.0325 1.6398 0.1257
v -0.0605 1.6352 0.1163
v -0.0515 1.6359 0.1244
v -0.0360 1.6327 0.1313
v -0.0630 1.6299 0.1186
v -0.0547 1.6291 0.1277
v -0.0396 1.6248 0.1350
v -0.0654 1.6243 0.1197
v -0.0578 1.6220 0.1291
v -0.0433 1.6164 0.1367
v -0.0678 1.6184 0.1193
v -0.0609 1.6145 0.1287
v -0.0469 1.6077 0.1363
v -0.0702 1.6120 0.1175
v -0.0639 1.6068 0.1265
v -0.0505 1.5991 0.1343
v -0.0727 1.6051 0.1140
v -0.0669 1.5991 0.1230
v -0.0539 1.5905 0.1305
v -0.0753 1.5979 0.1093
v -0.0699 1.5911 0.1179
v -0.0571 1.5818 0.1250
v -0.0779 1.5905 0.1037
v -0.0727 1.5831 0.1118
v -0.0602 1.5733 0.1186
v -0.0807 1.5832 0.0978
v -0.0756 1.5753 0.1054
v -0.0632 1.5652 0.1120
v -0.0834 1.5762 0.0921
v -0.0784 1.5681 0.0994
v -0.0662 1.5577 0.1059
v -0.0860 1.5696 0.0863
v -0.0811 1.5613 0.0935
v -0.0689 1.5508 0.0999
v -0.0374 1.6534 0.0761
v -0.0318 1.6550 0.0786
v -0.0239 1.6538 0.0812
v -0.0416 1.6507 0.0883
v -0.0359 1.6517 0.0910
v -0.0281 1.6498 0.0933
v -0.0453 1.6475 0.0990
v -0.0395 1.6480 0.1019
v -0.0318 1.6456 0.1039
v -0.0486 1.6435 0.1078
v -0.0428 1.6436 0.1105
v -0.0351 1.6408 0.1122
v -0.0515 1.6389 0.1144
v -0.0458 1.6385 0.1170
v -0.0381 1.6356 0.1184
v -0.0543 1.6337 0.1188
v -0.0487 1.6329 0.1219
v -0.0411 1.6299 0.1230
v -0.0569 1.6281 0.1216
v -0.0516 1.6268 0.1249
v -0.0439 1.6237 0.1260
v -0.0595 1.6222 0.1227
v -0.0544 1.6203 0.1261
v -0.0468 1.6172 0.1273
v -0.0620 1.6159 0.1224
v -0.0572 1.6135 0.1258
v -0.0497 1.6102 0.1270
v -0.0647 1.6091 0.1205
v -0.0601 1.6063 0.1239
v -0.0526 1.6029 0.1253
v -0.0673 1.6019 0.1170
v -0.0629 1.5988 0.1205
v -0.0555 1.5953 0.1219
v -0.0700 1.5944 0.1122
v -0.0657 1.5911 0.1155
v -0.0584 1.5874 0.1169
v -0.0727 1.5868 0.1064
v -0.0685 1.5832 0.1095
v -0.0612 1.5794 0.1108
v -0.0755 1.5793 0.1003
v -0.0713 1.5755 0.1031
v -0.0640 1.5717 0.1044
v -0.0782 1.5722 0.0944
v -0.0741 1.5683 0.0971
v -0.0669 1.5644 0.0983
v -0.0809 1.5655 0.0885
v -0.0768 1.5615 0.0912
v -0.0695 1.5576 0.0924
v -0.0332 1.6500 0.0766
v -0.0262 1.6557 0.0809
v -0.0146 1.6593 0.0861
v -0.0376 1.6470 0.0886
v -0.0302 1.6518 0.0933
v -0.0182 1.6541 0.0984
v -0.0415 1.6436 0.0988
v -0.0338 1.6477 0.1041
v -0.0218 1.6489 0.1094
v -0.0448 1.6397 0.1070
v -0.0371 1.6429 0.1127
v -0.0251 1.6432 0.1182
v -0.0477 1.6353 0.1130
v -0.0402 1.6375 0.1193
v -0.0284 1.6370 0.1252
v -0.0502 1.6305 0.1170
v -0.0432 1.6316 0.1241
v -0.0318 1.6301 0.1305
v -0.0526 1.6255 0.1195
v -0.0462 1.6252 0.1272
v -0.0352 1.6225 0.1341
v -0.0549 1.6201 0.1205
v -0.0492 1.6183 0.1285
v -0.0388 1.6144 0.1357
v -0.0573 1.6143 0.1203
v -0.0522 1.6111 0.1283
v -0.0423 1.6060 0.1355
v -0.0597 1.6079 0.1185
v -0.0552 1.6036 0.1265
v -0.0458 1.5976 0.1335
v -0.0623 1.6010 0.1152
v -0.0582 1.5959 0.1230
v -0.0492 1.5890 0.1298
v -0.0649 1.5936 0.1105
v -0.0611 1.5879 0.1179
v -0.0524 1.5804 0.1243
v -0.0675 1.5861 0.1048
v -0.0640 1.5798 0.1118
v -0.0554 1.5719 0.1179
v -0.0702 1.5786 0.0986
v -0.0668 1.5720 0.1053
v -0.0585 1.5638 0.1114
v -0.0730 1.5716 0.0927
v -0.0697 1.5647 0.0992
v -0.0614 1.5564 0.1052
v -0.0756 1.5649 0.0869
v -0.0723 1.5580 0.0933
v -0.0641 1.5495 0.0992
v -0.0356 1.6514 0.0780
v -0.0266 1.6574 0.0831
v -0.0108 1.6602 0.0897
v -0.0399 1.6494 0.0906
v -0.0304 1.6543 0.0961
v -0.0142 1.6554 0.1025
v -0.0436 1.6466 0.1016
v -0.0338 1.6507 0.1076
v -0.0176 1.6504 0.1137
v -0.0469 1.6429 0.1107
v -0.0370 1.6461 0.1170
v -0.0208 1.6449 0.1228
v -0.0498 1.6384 0.1178
v -0.0401 1.6407 0.1245
v -0.0239 1.6388 0.1304
v -0.0526 1.6333 0.1233
v -0.0431 1.6347 0.1305
v -0.0271 1.6321 0.1367
v -0.0551 1.6277 0.1272
v -0.0460 1.6280 0.1350
v -0.0303 1.6248 0.1416
v -0.0576 1.6217 0.1297
v -0.0490 1.6209 0.1380
v -0.0336 1.6167 0.1446
v -0.0600 1.6154 0.1308
v -0.0520 1.6133 0.1393
v -0.0370 1.6083 0.1465
v -0.0625 1.6087 0.1308
v -0.0550 1.6055 0.1395
v -0.0402 1.5996 0.1472
v -0.0650 1.6017 0.1296
v -0.0580 1.5974 0.1382
v -0.0433 1.5905 0.1462
v -0.0675 1.5944 0.1271
v -0.0609 1.5891 0.1354
v -0.0465 1.5814 0.1434
v -0.0700 1.5867 0.1233
v -0.0637 1.5806 0.1314
v -0.0499 1.5723 0.1389
v -0.0726 1.5789 0.1186
v -0.0665 1.5721 0.1263
v -0.0532 1.5634 0.1332
v -0.0751 1.5712 0.1132
v -0.0693 1.5639 0.1208
v -0.0562 1.5547 0.1274
v -0.0776 1.5639 0.1077
v -0.0720 1.5561 0.1150
v -0.0591 1.5465 0.1213
v -0.0292 1.6521 0.0806
v -0.0236 1.6536 0.0831
v -0.0157 1.6524 0.0856
v -0.0334 1.6495 0.0932
v -0.0277 1.6504 0.0957
v -0.0199 1.6485 0.0978
v -0.0371 1.6463 0.1042
v -0.0313 1.6467 0.1066
v -0.0236 1.6442 0.1084
v -0.0404 1.6422 0.1130
v -0.0346 1.6422 0.1156
v -0.0268 1.6395 0.1169
v -0.0433 1.6373 0.1200
v -0.0376 1.6371 0.1226
v -0.0298 1.6342 0.1237
v -0.0461 1.6320 0.1255
v -0.0404 1.6314 0.1282
v -0.0327 1.6285 0.1291
v -0.0488 1.6262 0.1295
v -0.0432 1.6253 0.1323
v -0.0354 1.6224 0.1332
v -0.0514 1.6200 0.1321
v -0.0460 1.6187 0.1352
v -0.0382 1.6159 0.1361
v -0.0539 1.6134 0.1334
v -0.0487 1.6117 0.1365
v -0.0410 1.6089 0.1375
v -0.0565 1.6064 0.1335
v -0.0515 1.6044 0.1367
v -0.0438 1.6015 0.1379
v -0.0592 1.5992 0.1323
v -0.0543 1.5967 0.1355
v -0.0465 1.5938 0.1370
v -0.0618 1.5915 0.1298
v -0.0570 1.5888 0.1329
v -0.0493 1.5856 0.1344
v -0.0644 1.5836 0.1259
v -0.0598 1.5805 0.1289
v -0.0522 1.5773 0.1302
v -0.0670 1.5755 0.1210
v -0.0625 1.5722 0.1239
v -0.0549 1.5689 0.1251
v -0.0696 1.5676 0.1156
v -0.0652 1.5641 0.1183
v -0.0576 1.5607 0.1195
v -0.0722 1.5602 0.1099
v -0.0678 1.5565 0.1126
v -0.0603 1.5531 0.1137
v -0.0250 1.6487 0.0813
v -0.0180 1.6543 0.0853
v -0.0064 1.6579 0.0906
v -0.0295 1.6457 0.0933
v -0.0220 1.6505 0.0978
v -0.0100 1.6528 0.1030
v -0.0333 1.6423 0.1038
v -0.0256 1.6463 0.1087
v -0.0135 1.6476 0.1139
v -0.0366 1.6383 0.1121
v -0.0288 1.6416 0.1175
v -0.0167 1.6420 0.1227
v -0.0395 1.6336 0.1186
v -0.0318 1.6362 0.1245
v -0.0198 1.6360 0.1300
v -0.0422 1.6286 0.1236
v -0.0348 1.6303 0.1301
v -0.0229 1.6295 0.1360
v -0.0447 1.6232 0.1273
v -0.0376 1.6240 0.1344
v -0.0261 1.6224 0.1407
v -0.0470 1.6175 0.1298
v -0.0405 1.6172 0.1373
v -0.0293 1.6146 0.1436
v -0.0494 1.6114 0.1311
v -0.0434 1.6100 0.1389
v -0.0324 1.6063 0.1453
v -0.0518 1.6048 0.1312
v -0.0463 1.6024 0.1392
v -0.0353 1.5977 0.1463
v -0.0543 1.5979 0.1301
v -0.0492 1.5944 0.1380
v -0.0382 1.5888 0.1456
v -0.0568 1.5905 0.1277
v -0.0520 1.5862 0.1354
v -0.0414 1.5798 0.1430
v -0.0594 1.5827 0.1239
v -0.0549 1.5777 0.1313
v -0.0448 1.5709 0.1384
v -0.0619 1.5749 0.1191
v -0.0576 1.5692 0.1261
v -0.0482 1.5621 0.1326
v -0.0644 1.5671 0.1137
v -0.0604 1.5610 0.1205
v -0.0514 1.5536 0.1266
v -0.0669 1.5598 0.1081
v -0.0631 1.5533 0.1146
v -0.0542 1.5454 0.1206
v -0.0153 1.6534 0.0799
v -0.0121 1.6556 0.0817
v -0.0067 1.6566 0.0846
v -0.0210 1.6523 0.0914
v -0.0175 1.6541 0.0931
v -0.0119 1.6545 0.0957
v -0.0258 1.6494 0.1028
v -0.0222 1.6509 0.1045
v -0.0164 1.6510 0.1068
v -0.0298 1.6450 0.1135
v -0.0261 1.6464 0.1151
v -0.0202 1.6463 0.1169
v -0.0331 1.6393 0.1226
v -0.0294 1.6405 0.1243
v -0.0234 1.6403 0.1257
v -0.0359 1.6327 0.1308
v -0.0322 1.6338 0.1325
v -0.0262 1.6337 0.1339
v -0.0382 1.6256 0.1379
v -0.0346 1.6265 0.1397
v -0.0285 1.6264 0.1410
v -0.0409 1.6178 0.1434
v -0.0371 1.6187 0.1456
v -0.0308 1.6186 0.1469
v -0.0485 1.6082 0.1477
v -0.0441 1.6087 0.1496
v -0.0374 1.6089 0.1510
v -0.0581 1.5977 0.1485
v -0.0540 1.5971 0.1506
v -0.0477 1.5963 0.1521
v -0.0647 1.5882 0.1462
v -0.0612 1.5867 0.1484
v -0.0551 1.5849 0.1497
v -0.0669 1.5802 0.1432
v -0.0640 1.5781 0.1451
v -0.0580 1.5758 0.1472
v -0.0662 1.5738 0.1403
v -0.0634 1.5713 0.1424
v -0.0592 1.5684 0.1442
v -0.0637 1.5684 0.1370
v -0.0627 1.5654 0.1385
v -0.0581 1.5623 0.1407
v -0.0611 1.5637 0.1337
v -0.0594 1.5607 0.1353
v -0.0544 1.5577 0.1380
v -0.0573 1.5596 0.1306
v -0.0549 1.5566 0.1325
v -0.0494 1.5538 0.1356
v -0.0126 1.6537 0.0810
v -0.0106 1.6542 0.0820
v -0.0080 1.6538 0.0835
v -0.0172 1.6526 0.0923
v -0.0151 1.6529 0.0932
v -0.0123 1.6522 0.0943
v -0.0206 1.6500 0.1036
v -0.0185 1.6501 0.1044
v -0.0156 1.6493 0.1052
v -0.0232 1.6459 0.1141
v -0.0210 1.6460 0.1147
v -0.0181 1.6451 0.1151
v -0.0251 1.6405 0.1232
v -0.0229 1.6406 0.1238
v -0.0200 1.6397 0.1239
v -0.0267 1.6342 0.1312
v -0.0245 1.6343 0.1317
v -0.0216 1.6335 0.1319
v -0.0281 1.6273 0.1382
v -0.0259 1.6274 0.1389
v -0.0230 1.6268 0.1389
v -0.0302 1.6198 0.1439
v -0.0279 1.6199 0.1446
v -0.0249 1.6194 0.1445
v -0.0374 1.6101 0.1481
v -0.0349 1.6103 0.1487
v -0.0315 1.6101 0.1485
v -0.0470 1.5988 0.1495
v -0.0447 1.5986 0.1502
v -0.0411 1.5983 0.1503
v -0.0535 1.5887 0.1476
v -0.0514 1.5881 0.1483
v -0.0477 1.5877 0.1486
v -0.0548 1.5804 0.1450
v -0.0525 1.5795 0.1457
v -0.0488 1.5791 0.1463
v -0.0531 1.5732 0.1422
v -0.0511 1.5722 0.1432
v -0.0477 1.5717 0.1441
v -0.0504 1.5673 0.1393
v -0.0484 1.5662 0.1404
v -0.0452 1.5657 0.1413
v -0.0471 1.5627 0.1364
v -0.0451 1.5616 0.1375
v -0.0422 1.5612 0.1385
v -0.0442 1.5589 0.1332
v -0.0422 1.5578 0.1343
v -0.0394 1.5574 0.1352
v -0.0113 1.6524 0.0818
v -0.0088 1.6545 0.0832
v -0.0048 1.6559 0.0855
v -0.0159 1.6512 0.0928
v -0.0132 1.6530 0.0943
v -0.0090 1.6540 0.0964
v -0.0194 1.6485 0.1038
v -0.0166 1.6501 0.1053
v -0.0122 1.6508 0.1071
v -0.0225 1.6443 0.1139
v -0.0195 1.6457 0.1153
v -0.0151 1.6463 0.1170
v -0.0260 1.6387 0.1226
v -0.0228 1.6400 0.1241
v -0.0182 1.6404 0.1256
v -0.0300 1.6319 0.1302
v -0.0268 1.6332 0.1317
v -0.0220 1.6336 0.1332
v -0.0346 1.6246 0.1367
v -0.0313 1.6257 0.1384
v -0.0263 1.6260 0.1398
v -0.0414 1.6159 0.1424
v -0.0377 1.6169 0.1439
v -0.0322 1.6175 0.1450
v -0.0533 1.6048 0.1458
v -0.0496 1.6053 0.1479
v -0.0437 1.6059 0.1495
v -0.0655 1.5950 0.1444
v -0.0622 1.5943 0.1463
v -0.0572 1.5934 0.1480
v -0.0727 1.5870 0.1415
v -0.0700 1.5856 0.1434
v -0.0654 1.5840 0.1448
v -0.0751 1.5792 0.1391
v -0.0730 1.5775 0.1408
v -0.0691 1.5757 0.1429
v -0.0787 1.5731 0.1349
v -0.0763 1.5705 0.1373
v -0.0722 1.5682 0.1396
v -0.0798 1.5675 0.1309
v -0.0786 1.5648 0.1324
v -0.0749 1.5621 0.1342
v -0.0793 1.5626 0.1263
v -0.0781 1.5598 0.1275
v -0.0747 1.5570 0.1291
v -0.0757 1.5581 0.1228
v -0.0737 1.5551 0.1241
v -0.0689 1.5519 0.1267
v -0.0091 1.6485 0.0819
v 0.0002 1.6544 0.0859
v 0.0166 1.6570 0.0909
v -0.0142 1.6462 0.0944
v -0.0044 1.6510 0.0988
v 0.0124 1.6518 0.1030
v -0.0194 1.6429 0.1058
v -0.0096 1.6467 0.1105
v 0.0075 1.6462 0.1137
v -0.0243 1.6382 0.1155
v -0.0145 1.6414 0.1203
v 0.0025 1.6402 0.1228
v -0.0288 1.6326 0.1236
v -0.0196 1.6353 0.1286
v -0.0027 1.6337 0.1304
v -0.0335 1.6262 0.1308
v -0.0248 1.6286 0.1360
v -0.0083 1.6271 0.1374
v -0.0375 1.6190 0.1367
v -0.0296 1.6212 0.1421
v -0.0150 1.6195 0.1431
v -0.0399 1.6117 0.1411
v -0.0329 1.6133 0.1467
v -0.0200 1.6107 0.1472
v -0.0403 1.6043 0.1443
v -0.0342 1.6042 0.1497
v -0.0220 1.5995 0.1504
v -0.0428 1.5929 0.1464
v -0.0394 1.5899 0.1508
v -0.0278 1.5849 0.1526
v -0.0535 1.5779 0.1439
v -0.0538 1.5733 0.1461
v -0.0453 1.5670 0.1469
v -0.0749 1.5663 0.1345
v -0.0654 1.5640 0.1405
v -0.0606 1.5579 0.1394
v -0.0805 1.5607 0.1303
v -0.0777 1.5573 0.1335
v -0.0648 1.5523 0.1377
v -0.0827 1.5563 0.1280
v -0.0810 1.5528 0.1307
v -0.0666 1.5475 0.1370
v -0.0829 1.5529 0.1266
v -0.0814 1.5492 0.1294
v -0.0679 1.5432 0.1348
v -0.0824 1.5499 0.1258
v -0.0810 1.5462 0.1281
v -0.0671 1.5390 0.1347
v -0.0124 1.6496 0.0837
v -0.0066 1.6510 0.0855
v 0.0014 1.6498 0.0872
v -0.0160 1.6471 0.0959
v -0.0101 1.6480 0.0979
v -0.0021 1.6459 0.0989
v -0.0192 1.6437 0.1071
v -0.0133 1.6442 0.1090
v -0.0054 1.6417 0.1094
v -0.0220 1.6394 0.1165
v -0.0160 1.6396 0.1182
v -0.0081 1.6369 0.1180
v -0.0242 1.6342 0.1243
v -0.0183 1.6344 0.1259
v -0.0104 1.6317 0.1251
v -0.0264 1.6287 0.1312
v -0.0205 1.6288 0.1326
v -0.0127 1.6265 0.1315
v -0.0283 1.6227 0.1370
v -0.0228 1.6227 0.1381
v -0.0157 1.6204 0.1365
v -0.0297 1.6162 0.1415
v -0.0247 1.6160 0.1426
v -0.0180 1.6137 0.1406
v -0.0292 1.6083 0.1449
v -0.0249 1.6069 0.1461
v -0.0188 1.6038 0.1442
v -0.0317 1.5932 0.1468
v -0.0290 1.5898 0.1478
v -0.0234 1.5870 0.1461
v -0.0448 1.5733 0.1421
v -0.0450 1.5696 0.1409
v -0.0391 1.5679 0.1398
v -0.0573 1.5630 0.1354
v -0.0574 1.5607 0.1345
v -0.0539 1.5592 0.1323
v -0.0603 1.5574 0.1322
v -0.0598 1.5561 0.1321
v -0.0575 1.5552 0.1307
v -0.0597 1.5542 0.1304
v -0.0592 1.5533 0.1306
v -0.0572 1.5529 0.1299
v -0.0584 1.5523 0.1296
v -0.0578 1.5517 0.1298
v -0.0556 1.5512 0.1298
v -0.0570 1.5512 0.1294
v -0.0562 1.5506 0.1297
v -0.0529 1.5500 0.1305
v -0.0081 1.6459 0.0837
v -0.0008 1.6516 0.0873
v 0.0112 1.6551 0.0913
v -0.0123 1.6428 0.0953
v -0.0046 1.6475 0.0993
v 0.0078 1.6495 0.1028
v -0.0171 1.6387 0.1059
v -0.0093 1.6426 0.1101
v 0.0032 1.6435 0.1129
v -0.0218 1.6336 0.1148
v -0.0141 1.6368 0.1191
v -0.0015 1.6370 0.1215
v -0.0263 1.6279 0.1222
v -0.0190 1.6307 0.1268
v -0.0064 1.6305 0.1288
v -0.0306 1.6218 0.1287
v -0.0237 1.6244 0.1336
v -0.0113 1.6241 0.1353
v -0.0340 1.6155 0.1339
v -0.0276 1.6177 0.1388
v -0.0165 1.6172 0.1406
v -0.0360 1.6091 0.1378
v -0.0303 1.6106 0.1427
v -0.0204 1.6094 0.1443
v -0.0362 1.6029 0.1407
v -0.0312 1.6032 0.1458
v -0.0222 1.6003 0.1476
v -0.0366 1.5956 0.1427
v -0.0331 1.5939 0.1478
v -0.0255 1.5891 0.1504
v -0.0394 1.5869 0.1447
v -0.0387 1.5822 0.1490
v -0.0333 1.5742 0.1506
v -0.0441 1.5765 0.1442
v -0.0454 1.5700 0.1460
v -0.0414 1.5610 0.1447
v -0.0486 1.5675 0.1409
v -0.0507 1.5611 0.1420
v -0.0461 1.5530 0.1409
v -0.0509 1.5606 0.1371
v -0.0526 1.5546 0.1385
v -0.0470 1.5472 0.1392
v -0.0513 1.5544 0.1339
v -0.0525 1.5487 0.1359
v -0.0462 1.5420 0.1383
v -0.0499 1.5486 0.1321
v -0.0510 1.5430 0.1345
v -0.0445 1.5370 0.1385
v -0.0218 1.6526 0.0879
v -0.0124 1.6557 0.0900
v 0.0038 1.6573 0.0929
v -0.0283 1.6492 0.0995
v -0.0184 1.6516 0.1016
v -0.0018 1.6523 0.1045
v -0.0342 1.6448 0.1097
v -0.0241 1.6467 0.1119
v -0.0074 1.6467 0.1144
v -0.0395 1.6395 0.1182
v -0.0293 1.6409 0.1203
v -0.0125 1.6405 0.1225
v -0.0440 1.6336 0.1255
v -0.0338 1.6347 0.1276
v -0.0171 1.6341 0.1293
v -0.0477 1.6273 0.1318
v -0.0376 1.6281 0.1339
v -0.0208 1.6275 0.1352
v -0.0504 1.6207 0.1370
v -0.0405 1.6214 0.1393
v -0.0236 1.6208 0.1399
v -0.0523 1.6138 0.1412
v -0.0424 1.6145 0.1434
v -0.0255 1.6141 0.1439
v -0.0532 1.6064 0.1442
v -0.0437 1.6064 0.1461
v -0.0268 1.6066 0.1466
v -0.0545 1.5967 0.1457
v -0.0462 1.5953 0.1471
v -0.0315 1.5956 0.1477
v -0.0557 1.5863 0.1455
v -0.0511 1.5836 0.1465
v -0.0378 1.5832 0.1476
v -0.0585 1.5759 0.1441
v -0.0560 1.5731 0.1454
v -0.0447 1.5722 0.1478
v -0.0610 1.5673 0.1431
v -0.0594 1.5651 0.1446
v -0.0501 1.5639 0.1475
v -0.0629 1.5613 0.1420
v -0.0620 1.5599 0.1434
v -0.0549 1.5578 0.1464
v -0.0639 1.5577 0.1410
v -0.0633 1.5566 0.1422
v -0.0574 1.5528 0.1452
v -0.0643 1.5557 0.1403
v -0.0640 1.5544 0.1414
v -0.0581 1.5480 0.1438
v -0.0190 1.6539 0.0897
v -0.0159 1.6547 0.0907
v -0.0116 1.6541 0.0917
v -0.0224 1.6509 0.1020
v -0.0192 1.6513 0.1030
v -0.0150 1.6503 0.1038
v -0.0258 1.6469 0.1129
v -0.0226 1.6471 0.1137
v -0.0185 1.6459 0.1144
v -0.0290 1.6420 0.1218
v -0.0258 1.6420 0.1225
v -0.0217 1.6407 0.1229
v -0.0318 1.6364 0.1294
v -0.0286 1.6364 0.1301
v -0.0245 1.6351 0.1302
v -0.0341 1.6304 0.1358
v -0.0309 1.6304 0.1365
v -0.0268 1.6293 0.1363
v -0.0360 1.6240 0.1411
v -0.0328 1.6241 0.1418
v -0.0286 1.6232 0.1412
v -0.0380 1.6172 0.1450
v -0.0348 1.6173 0.1457
v -0.0305 1.6167 0.1450
v -0.0413 1.6086 0.1480
v -0.0382 1.6090 0.1487
v -0.0339 1.6089 0.1480
v -0.0457 1.5986 0.1496
v -0.0426 1.5988 0.1501
v -0.0381 1.5992 0.1497
v -0.0541 1.5876 0.1474
v -0.0516 1.5873 0.1477
v -0.0471 1.5876 0.1472
v -0.0614 1.5783 0.1434
v -0.0594 1.5775 0.1440
v -0.0554 1.5775 0.1435
v -0.0639 1.5705 0.1419
v -0.0618 1.5694 0.1427
v -0.0580 1.5691 0.1422
v -0.0637 1.5638 0.1419
v -0.0613 1.5627 0.1430
v -0.0575 1.5622 0.1429
v -0.0628 1.5582 0.1420
v -0.0601 1.5571 0.1434
v -0.0560 1.5567 0.1436
v -0.0620 1.5530 0.1419
v -0.0591 1.5520 0.1434
v -0.0552 1.5517 0.1433
v -0.0149 1.6517 0.0898
v -0.0076 1.6548 0.0917
v 0.0045 1.6567 0.0939
v -0.0228 1.6482 0.1018
v -0.0150 1.6508 0.1039
v -0.0024 1.6520 0.1061
v -0.0304 1.6438 0.1124
v -0.0223 1.6459 0.1146
v -0.0095 1.6467 0.1167
v -0.0368 1.6386 0.1210
v -0.0287 1.6404 0.1233
v -0.0159 1.6408 0.1252
v -0.0421 1.6329 0.1283
v -0.0341 1.6345 0.1307
v -0.0213 1.6347 0.1324
v -0.0463 1.6269 0.1345
v -0.0384 1.6283 0.1370
v -0.0257 1.6285 0.1385
v -0.0499 1.6208 0.1394
v -0.0422 1.6218 0.1420
v -0.0295 1.6219 0.1432
v -0.0550 1.6136 0.1430
v -0.0481 1.6140 0.1460
v -0.0365 1.6136 0.1477
v -0.0606 1.6060 0.1446
v -0.0538 1.6056 0.1479
v -0.0436 1.6040 0.1498
v -0.0639 1.5989 0.1451
v -0.0580 1.5973 0.1480
v -0.0495 1.5933 0.1490
v -0.0664 1.5913 0.1445
v -0.0613 1.5887 0.1462
v -0.0538 1.5830 0.1461
v -0.0673 1.5834 0.1428
v -0.0648 1.5799 0.1443
v -0.0564 1.5731 0.1444
v -0.0683 1.5760 0.1411
v -0.0674 1.5715 0.1422
v -0.0595 1.5635 0.1419
v -0.0700 1.5686 0.1378
v -0.0679 1.5634 0.1402
v -0.0627 1.5556 0.1382
v -0.0675 1.5616 0.1357
v -0.0675 1.5565 0.1365
v -0.0632 1.5494 0.1352
v -0.0665 1.5555 0.1324
v -0.0673 1.5506 0.1325
v -0.0611 1.5435 0.1345
v -0.0367 1.6530 0.0751
v -0.0335 1.6553 0.0769
v -0.0281 1.6563 0.0800
v -0.0414 1.6518 0.0856
v -0.0380 1.6537 0.0878
v -0.0325 1.6542 0.0908
v -0.0452 1.6489 0.0957
v -0.0418 1.6504 0.0979
v -0.0361 1.6506 0.1008
v -0.0484 1.6443 0.1051
v -0.0449 1.6457 0.1072
v -0.0391 1.6456 0.1096
v -0.0516 1.6384 0.1130
v -0.0481 1.6396 0.1153
v -0.0422 1.6395 0.1172
v -0.0549 1.6315 0.1201
v -0.0514 1.6327 0.1223
v -0.0454 1.6327 0.1238
v -0.0582 1.6239 0.1260
v -0.0546 1.6251 0.1280
v -0.0487 1.6253 0.1295
v -0.0626 1.6164 0.1302
v -0.0591 1.6174 0.1323
v -0.0532 1.6179 0.1338
v -0.0678 1.6090 0.1328
v -0.0643 1.6099 0.1350
v -0.0582 1.6104 0.1366
v -0.0726 1.6018 0.1347
v -0.0689 1.6026 0.1372
v -0.0628 1.6031 0.1386
v -0.0752 1.5940 0.1360
v -0.0719 1.5948 0.1384
v -0.0657 1.5955 0.1398
v -0.0764 1.5861 0.1364
v -0.0731 1.5868 0.1387
v -0.0659 1.5873 0.1408
v -0.0756 1.5779 0.1363
v -0.0723 1.5784 0.1388
v -0.0652 1.5791 0.1410
v -0.0724 1.5696 0.1362
v -0.0689 1.5699 0.1388
v -0.0618 1.5709 0.1412
v -0.0677 1.5616 0.1354
v -0.0640 1.5619 0.1384
v -0.0571 1.5634 0.1414
v -0.0630 1.5542 0.1339
v -0.0591 1.5544 0.1369
v -0.0525 1.5560 0.1399
v -0.0344 1.6532 0.0762
v -0.0325 1.6538 0.0773
v -0.0298 1.6534 0.0788
v -0.0391 1.6519 0.0868
v -0.0371 1.6522 0.0879
v -0.0344 1.6516 0.0892
v -0.0429 1.6487 0.0967
v -0.0408 1.6490 0.0978
v -0.0381 1.6482 0.0989
v -0.0460 1.6442 0.1059
v -0.0439 1.6443 0.1068
v -0.0411 1.6435 0.1075
v -0.0490 1.6383 0.1141
v -0.0469 1.6385 0.1149
v -0.0441 1.6378 0.1153
v -0.0523 1.6315 0.1216
v -0.0503 1.6318 0.1224
v -0.0474 1.6312 0.1225
v -0.0554 1.6240 0.1282
v -0.0534 1.6243 0.1289
v -0.0505 1.6239 0.1288
v -0.0591 1.6158 0.1337
v -0.0569 1.6162 0.1345
v -0.0538 1.6162 0.1345
v -0.0676 1.6067 0.1384
v -0.0654 1.6071 0.1392
v -0.0621 1.6074 0.1394
v -0.0761 1.5976 0.1395
v -0.0740 1.5978 0.1405
v -0.0708 1.5982 0.1409
v -0.0807 1.5887 0.1383
v -0.0789 1.5891 0.1392
v -0.0759 1.5897 0.1395
v -0.0810 1.5807 0.1364
v -0.0792 1.5810 0.1373
v -0.0762 1.5817 0.1377
v -0.0780 1.5736 0.1349
v -0.0763 1.5739 0.1359
v -0.0733 1.5748 0.1364
v -0.0719 1.5670 0.1352
v -0.0698 1.5673 0.1364
v -0.0669 1.5684 0.1373
v -0.0631 1.5611 0.1370
v -0.0608 1.5616 0.1386
v -0.0580 1.5630 0.1398
v -0.0533 1.5560 0.1384
v -0.0508 1.5568 0.1399
v -0.0478 1.5585 0.1408
v -0.0353 1.6530 0.0789
v -0.0328 1.6552 0.0803
v -0.0288 1.6565 0.0826
v -0.0409 1.6520 0.0900
v -0.0383 1.6539 0.0917
v -0.0342 1.6548 0.0941
v -0.0455 1.6493 0.1003
v -0.0429 1.6509 0.1022
v -0.0387 1.6516 0.1046
v -0.0510 1.6447 0.1097
v -0.0483 1.6461 0.1115
v -0.0441 1.6466 0.1136
v -0.0567 1.6379 0.1174
v -0.0541 1.6393 0.1194
v -0.0500 1.6399 0.1212
v -0.0618 1.6296 0.1240
v -0.0594 1.6310 0.1259
v -0.0552 1.6317 0.1275
v -0.0669 1.6207 0.1289
v -0.0644 1.6219 0.1308
v -0.0602 1.6229 0.1326
v -0.0729 1.6121 0.1321
v -0.0704 1.6133 0.1344
v -0.0661 1.6143 0.1361
v -0.0780 1.6038 0.1342
v -0.0757 1.6049 0.1364
v -0.0712 1.6060 0.1383
v -0.0805 1.5950 0.1361
v -0.0784 1.5962 0.1383
v -0.0741 1.5975 0.1400
v -0.0808 1.5862 0.1374
v -0.0786 1.5873 0.1396
v -0.0746 1.5889 0.1413
v -0.0797 1.5779 0.1376
v -0.0774 1.5789 0.1400
v -0.0732 1.5804 0.1420
v -0.0774 1.5701 0.1372
v -0.0749 1.5709 0.1397
v -0.0706 1.5725 0.1418
v -0.0742 1.5630 0.1359
v -0.0715 1.5636 0.1386
v -0.0671 1.5652 0.1410
v -0.0699 1.5564 0.1339
v -0.0675 1.5571 0.1369
v -0.0631 1.5588 0.1399
v -0.0645 1.5503 0.1318
v -0.0619 1.5507 0.1348
v -0.0574 1.5524 0.1378
v -0.0384 1.6549 0.0679
v -0.0372 1.6572 0.0714
v -0.0350 1.6583 0.0773
v -0.0478 1.6536 0.0721
v -0.0466 1.6554 0.0759
v -0.0441 1.6560 0.0818
v -0.0556 1.6502 0.0763
v -0.0545 1.6517 0.0804
v -0.0517 1.6519 0.0862
v -0.0622 1.6451 0.0803
v -0.0611 1.6463 0.0845
v -0.0581 1.6464 0.0904
v -0.0676 1.6386 0.0836
v -0.0667 1.6395 0.0881
v -0.0636 1.6395 0.0941
v -0.0723 1.6309 0.0862
v -0.0714 1.6316 0.0907
v -0.0683 1.6315 0.0967
v -0.0763 1.6222 0.0878
v -0.0755 1.6228 0.0923
v -0.0723 1.6226 0.0982
v -0.0797 1.6129 0.0888
v -0.0789 1.6133 0.0932
v -0.0758 1.6131 0.0991
v -0.0826 1.6032 0.0896
v -0.0819 1.6036 0.0941
v -0.0787 1.6035 0.0999
v -0.0850 1.5934 0.0906
v -0.0842 1.5938 0.0949
v -0.0810 1.5939 0.1005
v -0.0866 1.5835 0.0920
v -0.0858 1.5842 0.0962
v -0.0825 1.5848 0.1016
v -0.0872 1.5736 0.0942
v -0.0864 1.5749 0.0983
v -0.0831 1.5764 0.1033
v -0.0863 1.5641 0.0977
v -0.0857 1.5661 0.1015
v -0.0825 1.5689 0.1061
v -0.0835 1.5553 0.1033
v -0.0831 1.5582 0.1065
v -0.0805 1.5625 0.1102
v -0.0783 1.5479 0.1114
v -0.0784 1.5515 0.1139
v -0.0765 1.5569 0.1163
v -0.0704 1.5424 0.1223
v -0.0710 1.5463 0.1241
v -0.0699 1.5522 0.1255
v -0.0375 1.6552 0.0702
v -0.0367 1.6558 0.0723
v -0.0356 1.6554 0.0752
v -0.0467 1.6536 0.0744
v -0.0459 1.6540 0.0765
v -0.0444 1.6534 0.0793
v -0.0544 1.6501 0.0786
v -0.0535 1.6504 0.0808
v -0.0518 1.6497 0.0833
v -0.0609 1.6450 0.0826
v -0.0599 1.6452 0.0848
v -0.0579 1.6445 0.0872
v -0.0663 1.6385 0.0859
v -0.0653 1.6386 0.0882
v -0.0632 1.6380 0.0906
v -0.0709 1.6308 0.0885
v -0.0699 1.6308 0.0907
v -0.0678 1.6303 0.0931
v -0.0749 1.6221 0.0901
v -0.0739 1.6221 0.0923
v -0.0717 1.6217 0.0946
v -0.0783 1.6128 0.0910
v -0.0773 1.6127 0.0931
v -0.0751 1.6123 0.0953
v -0.0812 1.6031 0.0918
v -0.0802 1.6031 0.0940
v -0.0780 1.6028 0.0962
v -0.0835 1.5934 0.0927
v -0.0825 1.5934 0.0948
v -0.0803 1.5933 0.0969
v -0.0851 1.5837 0.0940
v -0.0841 1.5839 0.0961
v -0.0818 1.5840 0.0980
v -0.0857 1.5742 0.0961
v -0.0847 1.5748 0.0981
v -0.0824 1.5754 0.0999
v -0.0849 1.5652 0.0995
v -0.0839 1.5663 0.1012
v -0.0817 1.5675 0.1028
v -0.0823 1.5570 0.1047
v -0.0815 1.5586 0.1061
v -0.0795 1.5605 0.1073
v -0.0774 1.5501 0.1122
v -0.0769 1.5521 0.1133
v -0.0752 1.5545 0.1138
v -0.0698 1.5448 0.1227
v -0.0696 1.5469 0.1233
v -0.0683 1.5497 0.1234
v -0.0368 1.6539 0.0716
v -0.0359 1.6561 0.0744
v -0.0344 1.6575 0.0788
v -0.0457 1.6523 0.0755
v -0.0450 1.6541 0.0786
v -0.0432 1.6551 0.0832
v -0.0531 1.6488 0.0795
v -0.0524 1.6504 0.0828
v -0.0506 1.6510 0.0874
v -0.0594 1.6439 0.0833
v -0.0587 1.6451 0.0868
v -0.0568 1.6456 0.0914
v -0.0646 1.6375 0.0866
v -0.0641 1.6385 0.0902
v -0.0621 1.6389 0.0950
v -0.0692 1.6300 0.0890
v -0.0687 1.6307 0.0928
v -0.0667 1.6310 0.0975
v -0.0731 1.6214 0.0905
v -0.0727 1.6220 0.0943
v -0.0707 1.6221 0.0990
v -0.0764 1.6122 0.0914
v -0.0761 1.6126 0.0951
v -0.0742 1.6127 0.0999
v -0.0793 1.6027 0.0922
v -0.0790 1.6031 0.0960
v -0.0771 1.6032 0.1007
v -0.0816 1.5930 0.0930
v -0.0813 1.5934 0.0967
v -0.0793 1.5937 0.1013
v -0.0832 1.5835 0.0943
v -0.0829 1.5841 0.0979
v -0.0809 1.5847 0.1023
v -0.0837 1.5743 0.0963
v -0.0834 1.5753 0.0998
v -0.0814 1.5766 0.1039
v -0.0830 1.5656 0.0996
v -0.0828 1.5673 0.1028
v -0.0809 1.5695 0.1065
v -0.0805 1.5578 0.1045
v -0.0805 1.5601 0.1073
v -0.0789 1.5634 0.1104
v -0.0757 1.5511 0.1118
v -0.0761 1.5540 0.1141
v -0.0751 1.5581 0.1163
v -0.0684 1.5460 0.1220
v -0.0691 1.5491 0.1237
v -0.0687 1.5536 0.1251
v -0.0048 1.6709 0.0317
v -0.0038 1.6731 0.0353
v -0.0028 1.6741 0.0414
v -0.0209 1.6733 0.0345
v -0.0201 1.6751 0.0384
v -0.0187 1.6753 0.0445
v -0.0354 1.6712 0.0386
v -0.0345 1.6726 0.0426
v -0.0325 1.6724 0.0485
v -0.0481 1.6645 0.0440
v -0.0471 1.6657 0.0480
v -0.0442 1.6656 0.0535
v -0.0588 1.6533 0.0505
v -0.0576 1.6545 0.0544
v -0.0541 1.6547 0.0596
v -0.0672 1.6380 0.0579
v -0.0659 1.6392 0.0619
v -0.0622 1.6399 0.0669
v -0.0735 1.6185 0.0664
v -0.0724 1.6199 0.0705
v -0.0686 1.6211 0.0757
v -0.0778 1.5949 0.0758
v -0.0768 1.5963 0.0798
v -0.0732 1.5978 0.0848
v -0.0082 1.6275 0.1227
v 0.0050 1.6247 0.1284
v 0.0242 1.6158 0.1300
v -0.0010 1.6412 0.1098
v 0.0128 1.6393 0.1145
v 0.0321 1.6306 0.1160
v 0.0053 1.6526 0.0932
v 0.0195 1.6514 0.0970
v 0.0388 1.6427 0.0984
v 0.0105 1.6611 0.0737
v 0.0249 1.6602 0.0767
v 0.0442 1.6516 0.0781
v 0.0144 1.6661 0.0523
v 0.0290 1.6655 0.0544
v 0.0482 1.6568 0.0560
v 0.0170 1.6672 0.0299
v 0.0317 1.6666 0.0312
v 0.0509 1.6579 0.0333
v 0.0183 1.6638 0.0076
v 0.0330 1.6631 0.0081
v 0.0521 1.6545 0.0109
v 0.0181 1.6554 -0.0133
v 0.0327 1.6544 -0.0135
v 0.0519 1.6461 -0.0097
v 0.0163 1.6414 -0.0313
v 0.0309 1.6399 -0.0321
v 0.0502 1.6326 -0.0272
v 0.0130 1.6215 -0.0446
v 0.0276 1.6195 -0.0457
v 0.0471 1.6135 -0.0400
v 0.0083 1.5959 -0.0512
v 0.0227 1.5933 -0.0524
v 0.0426 1.5890 -0.0462
v 0.0024 1.5646 -0.0493
v 0.0169 1.5616 -0.0505
v 0.0386 1.5588 -0.0444
v -0.0007 1.6236 0.1230
v 0.0064 1.6208 0.1241
v 0.0146 1.6150 0.1222
v 0.0066 1.6373 0.1100
v 0.0138 1.6346 0.1110
v 0.0218 1.6285 0.1095
v 0.0129 1.6487 0.0934
v 0.0201 1.6461 0.0943
v 0.0279 1.6396 0.0932
v 0.0180 1.6572 0.0741
v 0.0252 1.6546 0.0749
v 0.0329 1.6479 0.0743
v 0.0219 1.6622 0.0528
v 0.0291 1.6596 0.0536
v 0.0367 1.6527 0.0537
v 0.0245 1.6632 0.0307
v 0.0317 1.6607 0.0315
v 0.0392 1.6538 0.0325
v 0.0257 1.6599 0.0088
v 0.0329 1.6573 0.0097
v 0.0403 1.6506 0.0117
v 0.0255 1.6517 -0.0116
v 0.0327 1.6492 -0.0105
v 0.0401 1.6430 -0.0073
v 0.0238 1.6381 -0.0290
v 0.0311 1.6359 -0.0277
v 0.0386 1.6306 -0.0233
v 0.0206 1.6190 -0.0418
v 0.0280 1.6170 -0.0403
v 0.0357 1.6132 -0.0349
v 0.0161 1.5941 -0.0482
v 0.0235 1.5926 -0.0465
v 0.0316 1.5905 -0.0407
v 0.0103 1.5637 -0.0463
v 0.0179 1.5625 -0.0447
v 0.0266 1.5620 -0.0389
v 0.0023 1.6191 0.1189
v 0.0131 1.6175 0.1244
v 0.0280 1.6118 0.1273
v 0.0091 1.6320 0.1066
v 0.0204 1.6313 0.1113
v 0.0355 1.6261 0.1137
v 0.0151 1.6428 0.0909
v 0.0268 1.6428 0.0946
v 0.0420 1.6378 0.0967
v 0.0200 1.6509 0.0724
v 0.0319 1.6512 0.0752
v 0.0472 1.6464 0.0770
v 0.0237 1.6556 0.0522
v 0.0358 1.6562 0.0541
v 0.0511 1.6514 0.0557
v 0.0261 1.6567 0.0312
v 0.0383 1.6573 0.0322
v 0.0537 1.6525 0.0338
v 0.0273 1.6535 0.0106
v 0.0395 1.6540 0.0107
v 0.0549 1.6492 0.0124
v 0.0270 1.6459 -0.0084
v 0.0393 1.6460 -0.0091
v 0.0547 1.6413 -0.0071
v 0.0237 1.6327 -0.0244
v 0.0362 1.6324 -0.0258
v 0.0521 1.6282 -0.0235
v 0.0174 1.6137 -0.0360
v 0.0298 1.6127 -0.0380
v 0.0463 1.6092 -0.0353
v 0.0090 1.5890 -0.0419
v 0.0213 1.5872 -0.0440
v 0.0384 1.5846 -0.0412
v 0.0012 1.5592 -0.0401
v 0.0137 1.5567 -0.0422
v 0.0326 1.5550 -0.0394
v -0.0157 1.6212 0.1228
v -0.0033 1.6227 0.1307
v 0.0169 1.6197 0.1362
v -0.0101 1.6372 0.1082
v 0.0027 1.6402 0.1147
v 0.0233 1.6383 0.1192
v -0.0061 1.6494 0.0910
v 0.0072 1.6535 0.0959
v 0.0281 1.6525 0.0992
v -0.0033 1.6577 0.0718
v 0.0102 1.6626 0.0748
v 0.0313 1.6622 0.0769
v -0.0018 1.6621 0.0510
v 0.0118 1.6674 0.0522
v 0.0330 1.6672 0.0532
v -0.0014 1.6624 0.0295
v 0.0123 1.6678 0.0290
v 0.0335 1.6675 0.0290
v -0.0019 1.6585 0.0083
v 0.0118 1.6635 0.0062
v 0.0330 1.6631 0.0055
v -0.0030 1.6500 -0.0116
v 0.0105 1.6544 -0.0151
v 0.0317 1.6538 -0.0163
v -0.0024 1.6367 -0.0295
v 0.0105 1.6401 -0.0341
v 0.0308 1.6394 -0.0352
v 0.0000 1.6183 -0.0437
v 0.0127 1.6202 -0.0493
v 0.0322 1.6196 -0.0500
v 0.0035 1.5946 -0.0520
v 0.0161 1.5949 -0.0580
v 0.0348 1.5946 -0.0584
v 0.0059 1.5656 -0.0514
v 0.0184 1.5646 -0.0573
v 0.0370 1.5647 -0.0575
v -0.0075 1.6197 0.1246
v -0.0003 1.6190 0.1271
v 0.0094 1.6157 0.1272
v -0.0019 1.6360 0.1097
v 0.0056 1.6359 0.1117
v 0.0152 1.6326 0.1118
v 0.0023 1.6485 0.0921
v 0.0099 1.6487 0.0936
v 0.0196 1.6454 0.0936
v 0.0051 1.6570 0.0725
v 0.0128 1.6574 0.0734
v 0.0224 1.6542 0.0734
v 0.0066 1.6615 0.0513
v 0.0143 1.6620 0.0517
v 0.0240 1.6588 0.0518
v 0.0071 1.6618 0.0296
v 0.0148 1.6624 0.0295
v 0.0244 1.6591 0.0298
v 0.0062 1.6577 0.0081
v 0.0140 1.6582 0.0077
v 0.0237 1.6550 0.0083
v 0.0032 1.6488 -0.0118
v 0.0110 1.6491 -0.0125
v 0.0208 1.6462 -0.0115
v -0.0009 1.6349 -0.0288
v 0.0068 1.6351 -0.0298
v 0.0168 1.6327 -0.0281
v -0.0050 1.6161 -0.0415
v 0.0028 1.6162 -0.0426
v 0.0131 1.6146 -0.0403
v -0.0073 1.5925 -0.0480
v 0.0005 1.5925 -0.0491
v 0.0110 1.5921 -0.0465
v -0.0057 1.5644 -0.0464
v 0.0021 1.5643 -0.0475
v 0.0124 1.5651 -0.0450
v -0.0028 1.6158 0.1216
v 0.0069 1.6178 0.1288
v 0.0220 1.6167 0.1345
v 0.0027 1.6316 0.1071
v 0.0128 1.6349 0.1131
v 0.0283 1.6350 0.1178
v 0.0067 1.6436 0.0902
v 0.0172 1.6480 0.0946
v 0.0330 1.6490 0.0981
v 0.0094 1.6518 0.0713
v 0.0202 1.6569 0.0740
v 0.0361 1.6584 0.0762
v 0.0109 1.6561 0.0509
v 0.0218 1.6616 0.0520
v 0.0378 1.6634 0.0530
v 0.0113 1.6564 0.0300
v 0.0222 1.6619 0.0295
v 0.0383 1.6637 0.0293
v 0.0108 1.6526 0.0095
v 0.0217 1.6578 0.0075
v 0.0378 1.6594 0.0064
v 0.0097 1.6445 -0.0094
v 0.0205 1.6491 -0.0128
v 0.0365 1.6504 -0.0147
v 0.0091 1.6317 -0.0263
v 0.0195 1.6354 -0.0308
v 0.0351 1.6363 -0.0329
v 0.0093 1.6143 -0.0395
v 0.0195 1.6164 -0.0449
v 0.0347 1.6170 -0.0471
v 0.0101 1.5920 -0.0470
v 0.0203 1.5925 -0.0530
v 0.0353 1.5927 -0.0552
v 0.0109 1.5647 -0.0464
v 0.0213 1.5637 -0.0524
v 0.0368 1.5638 -0.0545
v 0.0181 1.6225 0.1260
v 0.0312 1.6159 0.1258
v 0.0463 1.6023 0.1196
v 0.0238 1.6341 0.1125
v 0.0369 1.6272 0.1126
v 0.0516 1.6124 0.1077
v 0.0285 1.6430 0.0975
v 0.0418 1.6358 0.0979
v 0.0561 1.6197 0.0946
v 0.0324 1.6494 0.0807
v 0.0459 1.6419 0.0816
v 0.0601 1.6248 0.0800
v 0.0357 1.6535 0.0624
v 0.0494 1.6456 0.0637
v 0.0636 1.6277 0.0639
v 0.0383 1.6550 0.0427
v 0.0523 1.6469 0.0445
v 0.0665 1.6285 0.0466
v 0.0403 1.6535 0.0220
v 0.0544 1.6453 0.0245
v 0.0686 1.6269 0.0287
v 0.0411 1.6481 0.0012
v 0.0553 1.6401 0.0043
v 0.0695 1.6223 0.0112
v 0.0402 1.6374 -0.0186
v 0.0543 1.6299 -0.0148
v 0.0686 1.6140 -0.0048
v 0.0365 1.6202 -0.0348
v 0.0505 1.6134 -0.0305
v 0.0653 1.6009 -0.0178
v 0.0294 1.5957 -0.0445
v 0.0431 1.5900 -0.0400
v 0.0585 1.5815 -0.0261
v 0.0186 1.5639 -0.0454
v 0.0330 1.5591 -0.0411
v 0.0505 1.5541 -0.0277
v 0.0237 1.6169 0.1231
v 0.0296 1.6122 0.1213
v 0.0346 1.6048 0.1163
v 0.0293 1.6279 0.1102
v 0.0351 1.6229 0.1088
v 0.0396 1.6146 0.1047
v 0.0338 1.6363 0.0959
v 0.0395 1.6309 0.0950
v 0.0438 1.6218 0.0920
v 0.0377 1.6423 0.0799
v 0.0433 1.6365 0.0795
v 0.0474 1.6267 0.0777
v 0.0409 1.6460 0.0623
v 0.0466 1.6399 0.0625
v 0.0505 1.6297 0.0619
v 0.0436 1.6473 0.0434
v 0.0493 1.6411 0.0442
v 0.0531 1.6305 0.0449
v 0.0455 1.6457 0.0238
v 0.0513 1.6395 0.0253
v 0.0550 1.6289 0.0273
v 0.0463 1.6406 0.0041
v 0.0521 1.6346 0.0064
v 0.0558 1.6245 0.0103
v 0.0454 1.6308 -0.0143
v 0.0512 1.6254 -0.0110
v 0.0550 1.6165 -0.0049
v 0.0420 1.6150 -0.0294
v 0.0479 1.6106 -0.0252
v 0.0521 1.6041 -0.0172
v 0.0352 1.5924 -0.0386
v 0.0413 1.5893 -0.0341
v 0.0461 1.5856 -0.0252
v 0.0248 1.5621 -0.0397
v 0.0315 1.5601 -0.0353
v 0.0372 1.5587 -0.0268
v 0.0235 1.6122 0.1182
v 0.0347 1.6073 0.1189
v 0.0473 1.5978 0.1156
v 0.0287 1.6225 0.1062
v 0.0400 1.6175 0.1069
v 0.0524 1.6072 0.1044
v 0.0329 1.6301 0.0928
v 0.0443 1.6250 0.0937
v 0.0566 1.6140 0.0921
v 0.0364 1.6356 0.0778
v 0.0481 1.6303 0.0789
v 0.0604 1.6185 0.0783
v 0.0394 1.6389 0.0612
v 0.0513 1.6334 0.0625
v 0.0637 1.6212 0.0631
v 0.0419 1.6400 0.0433
v 0.0540 1.6344 0.0449
v 0.0665 1.6218 0.0467
v 0.0437 1.6385 0.0249
v 0.0560 1.6328 0.0268
v 0.0685 1.6202 0.0298
v 0.0444 1.6337 0.0068
v 0.0568 1.6281 0.0089
v 0.0693 1.6159 0.0137
v 0.0437 1.6250 -0.0098
v 0.0560 1.6196 -0.0073
v 0.0685 1.6085 -0.0007
v 0.0407 1.6112 -0.0231
v 0.0528 1.6061 -0.0205
v 0.0656 1.5971 -0.0122
v 0.0347 1.5910 -0.0315
v 0.0464 1.5863 -0.0289
v 0.0594 1.5798 -0.0200
v 0.0249 1.5626 -0.0329
v 0.0374 1.5584 -0.0304
v 0.0515 1.5540 -0.0218
v 0.0475 1.6037 0.1180
v 0.0574 1.5946 0.1120
v 0.0651 1.5797 0.0990
v 0.0508 1.6146 0.1066
v 0.0607 1.6050 0.1012
v 0.0681 1.5885 0.0897
v 0.0529 1.6242 0.0930
v 0.0630 1.6139 0.0886
v 0.0706 1.5957 0.0794
v 0.0541 1.6319 0.0771
v 0.0646 1.6210 0.0741
v 0.0727 1.6013 0.0676
v 0.0545 1.6370 0.0593
v 0.0656 1.6258 0.0578
v 0.0743 1.6050 0.0544
v 0.0543 1.6391 0.0401
v 0.0659 1.6279 0.0400
v 0.0755 1.6065 0.0399
v 0.0534 1.6378 0.0202
v 0.0655 1.6268 0.0215
v 0.0758 1.6057 0.0246
v 0.0516 1.6326 0.0004
v 0.0642 1.6222 0.0031
v 0.0752 1.6021 0.0095
v 0.0486 1.6229 -0.0178
v 0.0614 1.6134 -0.0141
v 0.0733 1.5955 -0.0041
v 0.0436 1.6080 -0.0327
v 0.0567 1.5998 -0.0280
v 0.0697 1.5857 -0.0149
v 0.0363 1.5880 -0.0409
v 0.0494 1.5814 -0.0359
v 0.0640 1.5723 -0.0214
v 0.0267 1.5643 -0.0398
v 0.0412 1.5592 -0.0350
v 0.0581 1.5547 -0.0213
v 0.0501 1.5977 0.1126
v 0.0535 1.5923 0.1082
v 0.0542 1.5853 0.1008
v 0.0533 1.6079 0.1018
v 0.0566 1.6021 0.0979
v 0.0571 1.5940 0.0915
v 0.0554 1.6169 0.0891
v 0.0588 1.6104 0.0860
v 0.0592 1.6013 0.0808
v 0.0568 1.6239 0.0744
v 0.0603 1.6169 0.0722
v 0.0609 1.6068 0.0686
v 0.0574 1.6285 0.0579
v 0.0613 1.6212 0.0567
v 0.0621 1.6104 0.0548
v 0.0575 1.6303 0.0400
v 0.0616 1.6229 0.0399
v 0.0628 1.6117 0.0398
v 0.0569 1.6291 0.0215
v 0.0613 1.6217 0.0225
v 0.0629 1.6106 0.0243
v 0.0555 1.6243 0.0032
v 0.0602 1.6173 0.0053
v 0.0621 1.6067 0.0091
v 0.0528 1.6155 -0.0136
v 0.0578 1.6093 -0.0103
v 0.0602 1.5999 -0.0043
v 0.0484 1.6023 -0.0271
v 0.0536 1.5973 -0.0228
v 0.0569 1.5903 -0.0147
v 0.0416 1.5845 -0.0347
v 0.0473 1.5811 -0.0299
v 0.0517 1.5773 -0.0208
v 0.0331 1.5628 -0.0339
v 0.0397 1.5609 -0.0294
v 0.0449 1.5602 -0.0208
v 0.0469 1.5942 0.1077
v 0.0559 1.5871 0.1034
v 0.0635 1.5760 0.0944
v 0.0499 1.6038 0.0976
v 0.0589 1.5963 0.0937
v 0.0663 1.5842 0.0857
v 0.0519 1.6119 0.0857
v 0.0611 1.6039 0.0826
v 0.0688 1.5907 0.0762
v 0.0532 1.6182 0.0720
v 0.0628 1.6098 0.0699
v 0.0708 1.5955 0.0654
v 0.0539 1.6222 0.0566
v 0.0640 1.6137 0.0555
v 0.0726 1.5987 0.0532
v 0.0541 1.6237 0.0399
v 0.0646 1.6153 0.0399
v 0.0738 1.6000 0.0398
v 0.0537 1.6223 0.0227
v 0.0646 1.6141 0.0236
v 0.0744 1.5991 0.0257
v 0.0525 1.6178 0.0059
v 0.0637 1.6101 0.0077
v 0.0740 1.5958 0.0120
v 0.0502 1.6100 -0.0091
v 0.0616 1.6029 -0.0067
v 0.0725 1.5901 -0.0001
v 0.0476 1.5981 -0.0208
v 0.0589 1.5902 -0.0177
v 0.0689 1.5790 -0.0093
v 0.0397 1.5755 -0.0271
v 0.0472 1.5617 -0.0239
v 0.0579 1.5569 -0.0148
v 0.0172 1.5406 -0.0273
v 0.0171 1.5232 -0.0248
v 0.0387 1.5257 -0.0156
v 0.0539 1.5905 0.1035
v 0.0630 1.5795 0.1000
v 0.0700 1.5623 0.0898
v 0.0590 1.5977 0.0942
v 0.0680 1.5865 0.0909
v 0.0744 1.5683 0.0817
v 0.0630 1.6044 0.0834
v 0.0720 1.5926 0.0805
v 0.0779 1.5731 0.0728
v 0.0661 1.6099 0.0710
v 0.0751 1.5975 0.0689
v 0.0806 1.5766 0.0632
v 0.0682 1.6137 0.0573
v 0.0773 1.6008 0.0562
v 0.0825 1.5788 0.0531
v 0.0692 1.6155 0.0425
v 0.0784 1.6022 0.0426
v 0.0835 1.5794 0.0425
v 0.0690 1.6147 0.0269
v 0.0784 1.6013 0.0285
v 0.0836 1.5784 0.0318
v 0.0673 1.6110 0.0114
v 0.0768 1.5978 0.0143
v 0.0825 1.5757 0.0212
v 0.0637 1.6039 -0.0035
v 0.0735 1.5914 0.0007
v 0.0799 1.5710 0.0109
v 0.0578 1.5934 -0.0165
v 0.0678 1.5819 -0.0114
v 0.0767 1.5641 0.0014
v 0.0493 1.5797 -0.0265
v 0.0600 1.5693 -0.0211
v 0.0725 1.5545 -0.0068
v 0.0394 1.5630 -0.0329
v 0.0515 1.5538 -0.0274
v 0.0645 1.5420 -0.0130
v 0.0563 1.5836 0.0991
v 0.0594 1.5774 0.0958
v 0.0599 1.5695 0.0894
v 0.0611 1.5904 0.0903
v 0.0640 1.5839 0.0873
v 0.0641 1.5753 0.0817
v 0.0648 1.5965 0.0801
v 0.0676 1.5895 0.0776
v 0.0673 1.5801 0.0730
v 0.0677 1.6014 0.0686
v 0.0704 1.5940 0.0668
v 0.0697 1.5838 0.0634
v 0.0697 1.6048 0.0560
v 0.0723 1.5970 0.0550
v 0.0713 1.5862 0.0530
v 0.0707 1.6063 0.0424
v 0.0732 1.5982 0.0424
v 0.0721 1.5870 0.0422
v 0.0705 1.6055 0.0283
v 0.0731 1.5973 0.0294
v 0.0720 1.5861 0.0313
v 0.0690 1.6020 0.0142
v 0.0717 1.5941 0.0165
v 0.0709 1.5834 0.0205
v 0.0657 1.5957 0.0008
v 0.0687 1.5884 0.0042
v 0.0684 1.5787 0.0102
v 0.0603 1.5837 -0.0109
v 0.0616 1.5764 -0.0069
v 0.0603 1.5688 0.0003
v 0.0400 1.5552 -0.0208
v 0.0394 1.5486 -0.0170
v 0.0418 1.5484 -0.0090
v -0.0129 1.5094 -0.0299
v -0.0090 1.5063 -0.0260
v 0.0081 1.5187 -0.0187
v 0.0533 1.5801 0.0942
v 0.0615 1.5713 0.0920
v 0.0685 1.5583 0.0853
v 0.0576 1.5863 0.0861
v 0.0659 1.5774 0.0839
v 0.0725 1.5638 0.0779
v 0.0610 1.5918 0.0767
v 0.0694 1.5826 0.0748
v 0.0757 1.5681 0.0697
v 0.0635 1.5962 0.0661
v 0.0719 1.5866 0.0647
v 0.0781 1.5711 0.0610
v 0.0652 1.5992 0.0545
v 0.0737 1.5891 0.0538
v 0.0797 1.5729 0.0518
v 0.0660 1.6005 0.0422
v 0.0746 1.5901 0.0424
v 0.0806 1.5733 0.0424
v 0.0658 1.5997 0.0295
v 0.0746 1.5892 0.0306
v 0.0806 1.5724 0.0329
v 0.0644 1.5966 0.0170
v 0.0733 1.5863 0.0190
v 0.0797 1.5699 0.0237
v 0.0615 1.5910 0.0051
v 0.0706 1.5812 0.0079
v 0.0777 1.5659 0.0148
v 0.0559 1.5784 -0.0053
v 0.0636 1.5689 -0.0021
v 0.0746 1.5593 0.0064
v 0.0402 1.5504 -0.0137
v 0.0491 1.5442 -0.0104
v 0.0673 1.5470 -0.0013
v -0.0153 1.5095 -0.0232
v 0.0076 1.5067 -0.0186
v 0.0545 1.5300 -0.0074
v 0.0602 1.5733 0.0873
v 0.0660 1.5634 0.0840
v 0.0689 1.5488 0.0754
v 0.0648 1.5780 0.0798
v 0.0701 1.5675 0.0773
v 0.0720 1.5518 0.0703
v 0.0689 1.5819 0.0714
v 0.0738 1.5708 0.0698
v 0.0748 1.5539 0.0647
v 0.0724 1.5845 0.0620
v 0.0770 1.5729 0.0616
v 0.0771 1.5550 0.0588
v 0.0749 1.5858 0.0519
v 0.0793 1.5737 0.0527
v 0.0789 1.5552 0.0524
v 0.0764 1.5854 0.0413
v 0.0807 1.5732 0.0432
v 0.0799 1.5544 0.0457
v 0.0766 1.5835 0.0305
v 0.0810 1.5713 0.0336
v 0.0801 1.5528 0.0387
v 0.0754 1.5799 0.0199
v 0.0800 1.5680 0.0240
v 0.0796 1.5502 0.0316
v 0.0728 1.5748 0.0099
v 0.0780 1.5635 0.0149
v 0.0793 1.5469 0.0246
v 0.0691 1.5683 0.0010
v 0.0761 1.5577 0.0067
v 0.0787 1.5428 0.0181
v 0.0648 1.5605 -0.0063
v 0.0731 1.5508 -0.0002
v 0.0767 1.5381 0.0125
v 0.0588 1.5518 -0.0113
v 0.0675 1.5432 -0.0052
v 0.0724 1.5328 0.0081
v 0.0610 1.5675 0.0836
v 0.0626 1.5621 0.0808
v 0.0617 1.5558 0.0756
v 0.0652 1.5718 0.0768
v 0.0664 1.5660 0.0745
v 0.0649 1.5591 0.0702
v 0.0689 1.5752 0.0692
v 0.0698 1.5690 0.0676
v 0.0678 1.5614 0.0642
v 0.0720 1.5774 0.0608
v 0.0726 1.5709 0.0599
v 0.0701 1.5628 0.0579
v 0.0743 1.5784 0.0517
v 0.0747 1.5716 0.0518
v 0.0717 1.5632 0.0511
v 0.0756 1.5780 0.0422
v 0.0758 1.5711 0.0431
v 0.0726 1.5626 0.0440
v 0.0757 1.5761 0.0325
v 0.0760 1.5694 0.0343
v 0.0727 1.5611 0.0368
v 0.0747 1.5729 0.0230
v 0.0751 1.5664 0.0256
v 0.0719 1.5585 0.0295
v 0.0724 1.5683 0.0139
v 0.0734 1.5622 0.0173
v 0.0710 1.5551 0.0224
v 0.0699 1.5625 0.0058
v 0.0716 1.5570 0.0097
v 0.0699 1.5508 0.0160
v 0.0664 1.5556 -0.0010
v 0.0688 1.5508 0.0034
v 0.0676 1.5458 0.0104
v 0.0609 1.5478 -0.0058
v 0.0637 1.5438 -0.0012
v 0.0634 1.5402 0.0062
v 0.0579 1.5651 0.0798
v 0.0634 1.5570 0.0776
v 0.0669 1.5458 0.0719
v 0.0617 1.5690 0.0735
v 0.0668 1.5605 0.0719
v 0.0697 1.5485 0.0673
v 0.0650 1.5720 0.0665
v 0.0698 1.5631 0.0657
v 0.0721 1.5502 0.0624
v 0.0677 1.5740 0.0589
v 0.0724 1.5646 0.0589
v 0.0741 1.5510 0.0572
v 0.0696 1.5748 0.0508
v 0.0742 1.5651 0.0516
v 0.0755 1.5510 0.0518
v 0.0707 1.5744 0.0423
v 0.0752 1.5645 0.0440
v 0.0763 1.5503 0.0460
v 0.0708 1.5727 0.0337
v 0.0754 1.5629 0.0361
v 0.0765 1.5487 0.0400
v 0.0698 1.5698 0.0252
v 0.0745 1.5602 0.0283
v 0.0761 1.5465 0.0338
v 0.0679 1.5657 0.0171
v 0.0735 1.5564 0.0208
v 0.0759 1.5436 0.0277
v 0.0657 1.5606 0.0097
v 0.0723 1.5518 0.0139
v 0.0752 1.5401 0.0219
v 0.0627 1.5545 0.0036
v 0.0700 1.5464 0.0080
v 0.0734 1.5362 0.0169
v 0.0579 1.5476 -0.0008
v 0.0654 1.5403 0.0036
v 0.0697 1.5318 0.0128
v -0.0116 1.6328 0.1222
v 0.0045 1.6295 0.1290
v 0.0277 1.6187 0.1310
v -0.0044 1.6465 0.1093
v 0.0123 1.6442 0.1150
v 0.0357 1.6337 0.1168
v 0.0019 1.6578 0.0927
v 0.0190 1.6563 0.0974
v 0.0424 1.6459 0.0990
v 0.0071 1.6663 0.0733
v 0.0245 1.6653 0.0769
v 0.0478 1.6548 0.0786
v 0.0110 1.6713 0.0519
v 0.0286 1.6706 0.0544
v 0.0519 1.6600 0.0564
v 0.0136 1.6724 0.0295
v 0.0313 1.6717 0.0310
v 0.0546 1.6611 0.0336
v 0.0149 1.6690 0.0071
v 0.0326 1.6681 0.0077
v 0.0558 1.6577 0.0111
v 0.0146 1.6605 -0.0140
v 0.0324 1.6593 -0.0141
v 0.0556 1.6494 -0.0096
v 0.0129 1.6464 -0.0321
v 0.0306 1.6446 -0.0330
v 0.0539 1.6357 -0.0272
v 0.0096 1.6263 -0.0455
v 0.0271 1.6238 -0.0469
v 0.0508 1.6166 -0.0399
v 0.0048 1.6004 -0.0522
v 0.0222 1.5972 -0.0537
v 0.0462 1.5920 -0.0462
v -0.0013 1.5689 -0.0503
v 0.0161 1.5652 -0.0518
v 0.0420 1.5619 -0.0444
v -0.0024 1.6282 0.1224
v 0.0061 1.6247 0.1238
v 0.0161 1.6178 0.1215
v 0.0048 1.6418 0.1095
v 0.0135 1.6385 0.1107
v 0.0232 1.6311 0.1089
v 0.0110 1.6531 0.0930
v 0.0198 1.6500 0.0941
v 0.0293 1.6422 0.0928
v 0.0161 1.6616 0.0738
v 0.0249 1.6584 0.0747
v 0.0342 1.6503 0.0741
v 0.0200 1.6665 0.0526
v 0.0288 1.6634 0.0535
v 0.0380 1.6552 0.0537
v 0.0226 1.6676 0.0305
v 0.0314 1.6645 0.0314
v 0.0404 1.6562 0.0326
v 0.0238 1.6643 0.0086
v 0.0326 1.6612 0.0096
v 0.0416 1.6531 0.0121
v 0.0236 1.6560 -0.0118
v 0.0324 1.6530 -0.0106
v 0.0414 1.6455 -0.0067
v 0.0219 1.6425 -0.0293
v 0.0307 1.6397 -0.0278
v 0.0399 1.6333 -0.0224
v 0.0188 1.6232 -0.0422
v 0.0276 1.6208 -0.0404
v 0.0370 1.6163 -0.0338
v 0.0142 1.5983 -0.0486
v 0.0231 1.5964 -0.0466
v 0.0329 1.5939 -0.0395
v 0.0083 1.5677 -0.0467
v 0.0174 1.5664 -0.0448
v 0.0278 1.5657 -0.0378
v 0.0011 1.6227 0.1175
v 0.0142 1.6207 0.1241
v 0.0322 1.6138 0.1276
v 0.0079 1.6354 0.1054
v 0.0216 1.6346 0.1110
v 0.0398 1.6282 0.1140
v 0.0137 1.6460 0.0900
v 0.0278 1.6460 0.0944
v 0.0463 1.6399 0.0970
v 0.0185 1.6539 0.0718
v 0.0330 1.6544 0.0751
v 0.0515 1.6485 0.0773
v 0.0222 1.6586 0.0518
v 0.0368 1.6594 0.0541
v 0.0554 1.6535 0.0561
v 0.0246 1.6597 0.0311
v 0.0394 1.6604 0.0323
v 0.0580 1.6546 0.0342
v 0.0257 1.6566 0.0108
v 0.0406 1.6572 0.0109
v 0.0591 1.6513 0.0130
v 0.0254 1.6490 -0.0079
v 0.0403 1.6492 -0.0088
v 0.0589 1.6435 -0.0064
v 0.0221 1.6360 -0.0237
v 0.0372 1.6356 -0.0254
v 0.0566 1.6306 -0.0226
v 0.0158 1.6173 -0.0352
v 0.0310 1.6161 -0.0375
v 0.0511 1.6119 -0.0343
v 0.0075 1.5929 -0.0409
v 0.0225 1.5907 -0.0436
v 0.0435 1.5877 -0.0401
v -0.0003 1.5635 -0.0392
v 0.0148 1.5605 -0.0418
v 0.0380 1.5585 -0.0384
v -0.0193 1.6255 0.1214
v -0.0043 1.6273 0.1310
v 0.0202 1.6237 0.1377
v -0.0138 1.6412 0.1071
v 0.0017 1.6448 0.1149
v 0.0267 1.6425 0.1204
v -0.0098 1.6532 0.0902
v 0.0062 1.6582 0.0960
v 0.0315 1.6570 0.1001
v -0.0071 1.6614 0.0712
v 0.0092 1.6674 0.0749
v 0.0348 1.6668 0.0774
v -0.0056 1.6657 0.0508
v 0.0109 1.6722 0.0522
v 0.0365 1.6719 0.0534
v -0.0052 1.6660 0.0295
v 0.0113 1.6725 0.0289
v 0.0370 1.6722 0.0289
v -0.0057 1.6621 0.0085
v 0.0108 1.6682 0.0060
v 0.0365 1.6678 0.0051
v -0.0069 1.6537 -0.0112
v 0.0096 1.6590 -0.0155
v 0.0352 1.6584 -0.0170
v -0.0084 1.6405 -0.0283
v 0.0079 1.6446 -0.0342
v 0.0335 1.6437 -0.0358
v -0.0099 1.6223 -0.0410
v 0.0063 1.6246 -0.0481
v 0.0319 1.6237 -0.0497
v -0.0109 1.5987 -0.0476
v 0.0051 1.5991 -0.0552
v 0.0308 1.5986 -0.0568
v -0.0111 1.5698 -0.0460
v 0.0050 1.5685 -0.0536
v 0.0307 1.5686 -0.0551
v -0.0094 1.6236 0.1236
v -0.0006 1.6228 0.1267
v 0.0111 1.6188 0.1268
v -0.0038 1.6398 0.1088
v 0.0052 1.6396 0.1114
v 0.0169 1.6356 0.1114
v 0.0003 1.6521 0.0915
v 0.0095 1.6524 0.0934
v 0.0212 1.6484 0.0933
v 0.0031 1.6605 0.0721
v 0.0123 1.6611 0.0732
v 0.0240 1.6571 0.0732
v 0.0046 1.6650 0.0511
v 0.0139 1.6656 0.0516
v 0.0256 1.6617 0.0517
v 0.0050 1.6653 0.0296
v 0.0143 1.6660 0.0295
v 0.0260 1.6620 0.0298
v 0.0042 1.6612 0.0083
v 0.0135 1.6618 0.0078
v 0.0253 1.6580 0.0085
v 0.0011 1.6523 -0.0115
v 0.0106 1.6528 -0.0124
v 0.0225 1.6492 -0.0111
v -0.0030 1.6385 -0.0285
v 0.0064 1.6388 -0.0296
v 0.0186 1.6359 -0.0276
v -0.0070 1.6198 -0.0411
v 0.0024 1.6199 -0.0424
v 0.0149 1.6180 -0.0397
v -0.0093 1.5962 -0.0476
v 0.0002 1.5962 -0.0489
v 0.0129 1.5958 -0.0458
v -0.0078 1.5682 -0.0460
v 0.0016 1.5681 -0.0474
v 0.0141 1.5690 -0.0443
v -0.0037 1.6190 0.1200
v 0.0080 1.6213 0.1287
v 0.0263 1.6200 0.1356
v 0.0016 1.6345 0.1058
v 0.0140 1.6385 0.1130
v 0.0327 1.6385 0.1187
v 0.0056 1.6463 0.0892
v 0.0184 1.6516 0.0946
v 0.0375 1.6527 0.0988
v 0.0082 1.6543 0.0706
v 0.0213 1.6605 0.0740
v 0.0406 1.6623 0.0766
v 0.0097 1.6585 0.0506
v 0.0229 1.6651 0.0520
v 0.0423 1.6672 0.0531
v 0.0101 1.6588 0.0301
v 0.0233 1.6654 0.0295
v 0.0428 1.6676 0.0293
v 0.0096 1.6551 0.0100
v 0.0228 1.6614 0.0076
v 0.0423 1.6633 0.0062
v 0.0086 1.6471 -0.0087
v 0.0216 1.6527 -0.0127
v 0.0410 1.6542 -0.0150
v 0.0081 1.6345 -0.0253
v 0.0206 1.6389 -0.0307
v 0.0394 1.6401 -0.0332
v 0.0083 1.6174 -0.0382
v 0.0206 1.6200 -0.0448
v 0.0389 1.6208 -0.0473
v 0.0090 1.5955 -0.0456
v 0.0213 1.5962 -0.0528
v 0.0393 1.5965 -0.0553
v 0.0098 1.5687 -0.0450
v 0.0222 1.5675 -0.0522
v 0.0405 1.5676 -0.0545
v 0.0155 1.6288 0.1268
v 0.0314 1.6207 0.1266
v 0.0496 1.6043 0.1192
v 0.0214 1.6406 0.1132
v 0.0372 1.6322 0.1133
v 0.0549 1.6143 0.1073
v 0.0261 1.6497 0.0979
v 0.0421 1.6409 0.0984
v 0.0595 1.6215 0.0944
v 0.0300 1.6563 0.0809
v 0.0462 1.6471 0.0819
v 0.0635 1.6264 0.0800
v 0.0332 1.6605 0.0622
v 0.0498 1.6510 0.0639
v 0.0671 1.6293 0.0641
v 0.0359 1.6621 0.0422
v 0.0527 1.6523 0.0445
v 0.0700 1.6301 0.0470
v 0.0379 1.6606 0.0213
v 0.0549 1.6508 0.0242
v 0.0722 1.6284 0.0293
v 0.0387 1.6551 -0.0000
v 0.0558 1.6454 0.0037
v 0.0730 1.6239 0.0120
v 0.0377 1.6441 -0.0204
v 0.0548 1.6350 -0.0158
v 0.0721 1.6157 -0.0037
v 0.0340 1.6262 -0.0371
v 0.0509 1.6180 -0.0319
v 0.0687 1.6029 -0.0165
v 0.0268 1.6010 -0.0470
v 0.0434 1.5941 -0.0416
v 0.0620 1.5838 -0.0248
v 0.0157 1.5686 -0.0478
v 0.0326 1.5628 -0.0426
v 0.0533 1.5567 -0.0264
v 0.0224 1.6220 0.1234
v 0.0295 1.6163 0.1212
v 0.0355 1.6074 0.1152
v 0.0280 1.6331 0.1104
v 0.0349 1.6270 0.1087
v 0.0404 1.6170 0.1038
v 0.0325 1.6416 0.0960
v 0.0394 1.6350 0.0949
v 0.0446 1.6240 0.0913
v 0.0363 1.6476 0.0799
v 0.0432 1.6406 0.0794
v 0.0481 1.6288 0.0773
v 0.0396 1.6514 0.0622
v 0.0465 1.6441 0.0624
v 0.0512 1.6317 0.0617
v 0.0422 1.6527 0.0432
v 0.0492 1.6452 0.0442
v 0.0538 1.6324 0.0449
v 0.0442 1.6512 0.0233
v 0.0511 1.6437 0.0252
v 0.0556 1.6309 0.0277
v 0.0450 1.6461 0.0034
v 0.0520 1.6388 0.0063
v 0.0564 1.6265 0.0110
v 0.0441 1.6361 -0.0152
v 0.0511 1.6295 -0.0112
v 0.0556 1.6188 -0.0038
v 0.0406 1.6200 -0.0305
v 0.0477 1.6146 -0.0255
v 0.0528 1.6068 -0.0158
v 0.0338 1.5969 -0.0398
v 0.0411 1.5932 -0.0344
v 0.0469 1.5887 -0.0236
v 0.0231 1.5664 -0.0408
v 0.0309 1.5640 -0.0356
v 0.0377 1.5623 -0.0252
v 0.0221 1.6163 0.1175
v 0.0356 1.6104 0.1183
v 0.0509 1.5988 0.1143
v 0.0272 1.6265 0.1055
v 0.0409 1.6205 0.1064
v 0.0559 1.6080 0.1033
v 0.0313 1.6341 0.0922
v 0.0452 1.6279 0.0933
v 0.0601 1.6145 0.0914
v 0.0348 1.6395 0.0773
v 0.0489 1.6331 0.0786
v 0.0639 1.6189 0.0780
v 0.0377 1.6428 0.0608
v 0.0522 1.6362 0.0624
v 0.0672 1.6214 0.0631
v 0.0402 1.6439 0.0430
v 0.0549 1.6371 0.0450
v 0.0700 1.6219 0.0471
v 0.0419 1.6424 0.0247
v 0.0568 1.6356 0.0270
v 0.0720 1.6203 0.0307
v 0.0427 1.6377 0.0067
v 0.0576 1.6309 0.0093
v 0.0728 1.6161 0.0151
v 0.0419 1.6291 -0.0097
v 0.0568 1.6225 -0.0068
v 0.0720 1.6091 0.0013
v 0.0390 1.6154 -0.0230
v 0.0537 1.6092 -0.0198
v 0.0691 1.5983 -0.0098
v 0.0331 1.5952 -0.0313
v 0.0473 1.5896 -0.0281
v 0.0631 1.5817 -0.0173
v 0.0232 1.5671 -0.0326
v 0.0379 1.5620 -0.0296
v 0.0549 1.5567 -0.0192
v 0.0463 1.6102 0.1202
v 0.0583 1.5992 0.1129
v 0.0676 1.5812 0.0972
v 0.0497 1.6214 0.1085
v 0.0616 1.6097 0.1020
v 0.0706 1.5898 0.0881
v 0.0517 1.6313 0.0945
v 0.0640 1.6189 0.0892
v 0.0732 1.5968 0.0780
v 0.0528 1.6393 0.0782
v 0.0656 1.6261 0.0745
v 0.0753 1.6022 0.0667
v 0.0531 1.6446 0.0598
v 0.0665 1.6311 0.0580
v 0.0771 1.6058 0.0539
v 0.0527 1.6468 0.0401
v 0.0668 1.6332 0.0400
v 0.0783 1.6074 0.0398
v 0.0517 1.6454 0.0196
v 0.0664 1.6322 0.0212
v 0.0789 1.6066 0.0249
v 0.0498 1.6400 -0.0007
v 0.0650 1.6275 0.0025
v 0.0784 1.6032 0.0103
v 0.0466 1.6299 -0.0196
v 0.0621 1.6185 -0.0151
v 0.0765 1.5968 -0.0030
v 0.0414 1.6144 -0.0350
v 0.0572 1.6045 -0.0294
v 0.0729 1.5874 -0.0136
v 0.0337 1.5935 -0.0435
v 0.0496 1.5855 -0.0374
v 0.0671 1.5744 -0.0199
v 0.0237 1.5689 -0.0422
v 0.0407 1.5626 -0.0365
v 0.0610 1.5572 -0.0199
v 0.0495 1.6029 0.1136
v 0.0535 1.5965 0.1082
v 0.0544 1.5879 0.0994
v 0.0526 1.6133 0.1027
v 0.0566 1.6062 0.0980
v 0.0572 1.5965 0.0902
v 0.0547 1.6224 0.0899
v 0.0588 1.6146 0.0860
v 0.0594 1.6036 0.0798
v 0.0560 1.6296 0.0749
v 0.0603 1.6211 0.0722
v 0.0611 1.6089 0.0679
v 0.0566 1.6343 0.0581
v 0.0613 1.6254 0.0567
v 0.0623 1.6124 0.0544
v 0.0566 1.6362 0.0400
v 0.0616 1.6272 0.0399
v 0.0630 1.6137 0.0398
v 0.0560 1.6349 0.0212
v 0.0613 1.6260 0.0224
v 0.0631 1.6125 0.0246
v 0.0545 1.6300 0.0026
v 0.0601 1.6216 0.0052
v 0.0624 1.6087 0.0098
v 0.0517 1.6211 -0.0145
v 0.0577 1.6135 -0.0105
v 0.0606 1.6022 -0.0032
v 0.0471 1.6074 -0.0283
v 0.0535 1.6014 -0.0231
v 0.0575 1.5930 -0.0133
v 0.0402 1.5892 -0.0360
v 0.0471 1.5850 -0.0303
v 0.0524 1.5805 -0.0192
v 0.0312 1.5670 -0.0351
v 0.0389 1.5647 -0.0297
v 0.0452 1.5639 -0.0193
v 0.0456 1.5988 0.1077
v 0.0564 1.5901 0.1025
v 0.0656 1.5767 0.0916
v 0.0485 1.6083 0.0976
v 0.0594 1.5992 0.0929
v 0.0684 1.5845 0.0833
v 0.0505 1.6164 0.0858
v 0.0617 1.6068 0.0820
v 0.0709 1.5907 0.0742
v 0.0517 1.6226 0.0720
v 0.0634 1.6126 0.0694
v 0.0731 1.5953 0.0640
v 0.0524 1.6267 0.0565
v 0.0646 1.6164 0.0553
v 0.0749 1.5982 0.0525
v 0.0525 1.6281 0.0398
v 0.0653 1.6179 0.0398
v 0.0764 1.5995 0.0397
v 0.0520 1.6267 0.0226
v 0.0653 1.6168 0.0238
v 0.0771 1.5986 0.0263
v 0.0508 1.6222 0.0059
v 0.0644 1.6129 0.0080
v 0.0769 1.5955 0.0133
v 0.0485 1.6144 -0.0091
v 0.0623 1.6058 -0.0061
v 0.0755 1.5902 0.0018
v 0.0448 1.6030 -0.0208
v 0.0587 1.5953 -0.0173
v 0.0726 1.5828 -0.0069
v 0.0392 1.5878 -0.0275
v 0.0530 1.5812 -0.0238
v 0.0679 1.5725 -0.0123
v 0.0313 1.5686 -0.0271
v 0.0455 1.5630 -0.0236
v 0.0623 1.5579 -0.0127
v 0.0528 1.5975 0.1053
v 0.0638 1.5842 0.1010
v 0.0723 1.5634 0.0886
v 0.0580 1.6049 0.0958
v 0.0689 1.5913 0.0917
v 0.0767 1.5693 0.0807
v 0.0621 1.6118 0.0847
v 0.0730 1.5976 0.0812
v 0.0801 1.5740 0.0719
v 0.0652 1.6176 0.0720
v 0.0761 1.6026 0.0694
v 0.0828 1.5773 0.0626
v 0.0674 1.6217 0.0578
v 0.0784 1.6060 0.0565
v 0.0847 1.5793 0.0527
v 0.0685 1.6236 0.0424
v 0.0796 1.6074 0.0426
v 0.0857 1.5799 0.0425
v 0.0682 1.6228 0.0263
v 0.0796 1.6066 0.0282
v 0.0858 1.5789 0.0322
v 0.0664 1.6189 0.0101
v 0.0780 1.6030 0.0137
v 0.0848 1.5762 0.0219
v 0.0626 1.6115 -0.0054
v 0.0745 1.5964 -0.0003
v 0.0823 1.5717 0.0120
v 0.0565 1.6005 -0.0188
v 0.0687 1.5866 -0.0127
v 0.0788 1.5650 0.0027
v 0.0479 1.5862 -0.0292
v 0.0603 1.5737 -0.0225
v 0.0747 1.5558 -0.0053
v 0.0369 1.5691 -0.0355
v 0.0512 1.5579 -0.0289
v 0.0670 1.5436 -0.0114
v 0.0556 1.5892 0.1000
v 0.0594 1.5817 0.0959
v 0.0600 1.5721 0.0881
v 0.0605 1.5961 0.0911
v 0.0640 1.5882 0.0874
v 0.0641 1.5777 0.0806
v 0.0643 1.6023 0.0808
v 0.0676 1.5938 0.0777
v 0.0673 1.5825 0.0721
v 0.0672 1.6073 0.0691
v 0.0704 1.5983 0.0668
v 0.0696 1.5860 0.0627
v 0.0692 1.6109 0.0562
v 0.0723 1.6014 0.0550
v 0.0712 1.5883 0.0527
v 0.0702 1.6124 0.0424
v 0.0733 1.6026 0.0424
v 0.0720 1.5891 0.0422
v 0.0700 1.6116 0.0280
v 0.0732 1.6017 0.0293
v 0.0719 1.5882 0.0315
v 0.0684 1.6081 0.0135
v 0.0718 1.5985 0.0163
v 0.0708 1.5855 0.0211
v 0.0651 1.6016 -0.0002
v 0.0687 1.5927 0.0039
v 0.0683 1.5810 0.0112
v 0.0596 1.5919 -0.0123
v 0.0637 1.5841 -0.0072
v 0.0643 1.5742 0.0021
v 0.0516 1.5792 -0.0219
v 0.0563 1.5726 -0.0162
v 0.0587 1.5649 -0.0058
v 0.0420 1.5636 -0.0281
v 0.0476 1.5581 -0.0223
v 0.0512 1.5527 -0.0116
v 0.0520 1.5850 0.0939
v 0.0620 1.5743 0.0913
v 0.0704 1.5586 0.0833
v 0.0563 1.5911 0.0859
v 0.0663 1.5804 0.0833
v 0.0743 1.5639 0.0760
v 0.0596 1.5966 0.0766
v 0.0698 1.5855 0.0743
v 0.0774 1.5679 0.0681
v 0.0621 1.6010 0.0660
v 0.0723 1.5894 0.0643
v 0.0797 1.5707 0.0598
v 0.0638 1.6041 0.0544
v 0.0741 1.5919 0.0536
v 0.0813 1.5722 0.0511
v 0.0645 1.6053 0.0421
v 0.0750 1.5928 0.0423
v 0.0822 1.5725 0.0423
v 0.0643 1.6046 0.0294
v 0.0750 1.5919 0.0308
v 0.0823 1.5715 0.0336
v 0.0629 1.6015 0.0168
v 0.0737 1.5890 0.0193
v 0.0814 1.5693 0.0250
v 0.0600 1.5959 0.0050
v 0.0710 1.5840 0.0084
v 0.0795 1.5656 0.0167
v 0.0545 1.5833 -0.0054
v 0.0637 1.5721 -0.0015
v 0.0770 1.5600 0.0088
v 0.0405 1.5557 -0.0133
v 0.0516 1.5502 -0.0090
v 0.0712 1.5504 0.0014
v 0.0282 1.5341 -0.0249
v 0.0558 1.5332 -0.0195
v 0.0630 1.5393 -0.0039
v 0.0616 1.5944 0.0921
v 0.0702 1.5796 0.0871
v 0.0745 1.5578 0.0743
v 0.0666 1.5996 0.0839
v 0.0744 1.5840 0.0802
v 0.0774 1.5605 0.0697
v 0.0711 1.6040 0.0747
v 0.0784 1.5874 0.0723
v 0.0799 1.5622 0.0647
v 0.0749 1.6071 0.0643
v 0.0818 1.5897 0.0636
v 0.0821 1.5630 0.0595
v 0.0778 1.6086 0.0530
v 0.0844 1.5906 0.0541
v 0.0837 1.5629 0.0538
v 0.0795 1.6083 0.0411
v 0.0860 1.5901 0.0441
v 0.0847 1.5621 0.0478
v 0.0797 1.6063 0.0292
v 0.0863 1.5881 0.0338
v 0.0849 1.5605 0.0414
v 0.0784 1.6024 0.0175
v 0.0852 1.5846 0.0236
v 0.0843 1.5581 0.0349
v 0.0755 1.5968 0.0065
v 0.0826 1.5798 0.0140
v 0.0827 1.5551 0.0284
v 0.0710 1.5895 -0.0032
v 0.0784 1.5736 0.0052
v 0.0811 1.5514 0.0223
v 0.0646 1.5807 -0.0111
v 0.0734 1.5663 -0.0021
v 0.0790 1.5472 0.0169
v 0.0567 1.5709 -0.0163
v 0.0675 1.5581 -0.0072
v 0.0755 1.5426 0.0126
v 0.0628 1.5858 0.0867
v 0.0650 1.5778 0.0824
v 0.0637 1.5682 0.0747
v 0.0671 1.5903 0.0795
v 0.0689 1.5817 0.0760
v 0.0668 1.5713 0.0695
v 0.0711 1.5940 0.0714
v 0.0724 1.5848 0.0689
v 0.0694 1.5735 0.0640
v 0.0744 1.5964 0.0624
v 0.0753 1.5867 0.0612
v 0.0715 1.5747 0.0581
v 0.0768 1.5976 0.0527
v 0.0774 1.5875 0.0528
v 0.0730 1.5750 0.0518
v 0.0782 1.5972 0.0425
v 0.0787 1.5870 0.0439
v 0.0739 1.5744 0.0453
v 0.0784 1.5953 0.0322
v 0.0788 1.5852 0.0349
v 0.0739 1.5728 0.0385
v 0.0773 1.5919 0.0221
v 0.0779 1.5822 0.0260
v 0.0732 1.5705 0.0318
v 0.0748 1.5870 0.0125
v 0.0756 1.5779 0.0175
v 0.0715 1.5673 0.0252
v 0.0708 1.5808 0.0039
v 0.0721 1.5725 0.0098
v 0.0691 1.5633 0.0191
v 0.0653 1.5734 -0.0032
v 0.0678 1.5662 0.0033
v 0.0664 1.5588 0.0139
v 0.0589 1.5650 -0.0081
v 0.0627 1.5590 -0.0013
v 0.0626 1.5536 0.0098
v 0.0581 1.5821 0.0809
v 0.0662 1.5701 0.0777
v 0.0716 1.5534 0.0691
v 0.0619 1.5861 0.0745
v 0.0696 1.5735 0.0722
v 0.0739 1.5555 0.0653
v 0.0653 1.5893 0.0674
v 0.0725 1.5759 0.0661
v 0.0759 1.5567 0.0613
v 0.0680 1.5913 0.0596
v 0.0749 1.5774 0.0596
v 0.0775 1.5571 0.0571
v 0.0699 1.5922 0.0514
v 0.0767 1.5778 0.0526
v 0.0787 1.5568 0.0528
v 0.0709 1.5918 0.0427
v 0.0777 1.5772 0.0452
v 0.0794 1.5559 0.0482
v 0.0710 1.5902 0.0339
v 0.0779 1.5756 0.0376
v 0.0795 1.5545 0.0433
v 0.0700 1.5872 0.0253
v 0.0771 1.5729 0.0300
v 0.0790 1.5526 0.0382
v 0.0679 1.5831 0.0172
v 0.0752 1.5693 0.0227
v 0.0778 1.5502 0.0330
v 0.0647 1.5779 0.0098
v 0.0724 1.5648 0.0160
v 0.0765 1.5475 0.0280
v 0.0603 1.5717 0.0037
v 0.0693 1.5596 0.0102
v 0.0747 1.5444 0.0235
v 0.0550 1.5647 -0.0007
v 0.0652 1.5538 0.0058
v 0.0718 1.5411 0.0196
v 0.0810 1.5615 0.0593
v 0.0799 1.5571 0.0679
v 0.0733 1.5519 0.0790
v 0.0801 1.5548 0.0571
v 0.0794 1.5530 0.0665
v 0.0732 1.5512 0.0787
v 0.0791 1.5486 0.0570
v 0.0786 1.5487 0.0662
v 0.0730 1.5495 0.0782
v 0.0780 1.5431 0.0580
v 0.0777 1.5443 0.0666
v 0.0726 1.5465 0.0779
v 0.0769 1.5380 0.0597
v 0.0767 1.5397 0.0676
v 0.0721 1.5424 0.0778
v 0.0758 1.5332 0.0617
v 0.0756 1.5349 0.0688
v 0.0715 1.5376 0.0780
v 0.0746 1.5285 0.0639
v 0.0745 1.5300 0.0701
v 0.0708 1.5324 0.0782
v 0.0735 1.5239 0.0660
v 0.0733 1.5251 0.0714
v 0.0702 1.5271 0.0784
v 0.0722 1.5194 0.0680
v 0.0721 1.5203 0.0725
v 0.0694 1.5219 0.0785
v 0.0709 1.5151 0.0696
v 0.0708 1.5158 0.0735
v 0.0686 1.5171 0.0785
v 0.0695 1.5113 0.0709
v 0.0694 1.5118 0.0741
v 0.0675 1.5129 0.0784
v 0.0679 1.5081 0.0716
v 0.0677 1.5084 0.0745
v 0.0661 1.5096 0.0783
v 0.0780 1.5595 0.0636
v 0.0760 1.5575 0.0678
v 0.0712 1.5558 0.0721
v 0.0774 1.5542 0.0619
v 0.0755 1.5535 0.0665
v 0.0709 1.5531 0.0712
v 0.0766 1.5489 0.0616
v 0.0749 1.5492 0.0662
v 0.0706 1.5498 0.0708
v 0.0757 1.5440 0.0624
v 0.0742 1.5447 0.0666
v 0.0702 1.5459 0.0710
v 0.0748 1.5391 0.0637
v 0.0735 1.5401 0.0676
v 0.0698 1.5414 0.0715
v 0.0739 1.5343 0.0653
v 0.0727 1.5353 0.0688
v 0.0694 1.5365 0.0723
v 0.0730 1.5295 0.0670
v 0.0719 1.5303 0.0701
v 0.0690 1.5314 0.0732
v 0.0720 1.5247 0.0687
v 0.0711 1.5254 0.0714
v 0.0686 1.5263 0.0741
v 0.0710 1.5200 0.0703
v 0.0702 1.5206 0.0725
v 0.0681 1.5214 0.0748
v 0.0699 1.5157 0.0716
v 0.0693 1.5161 0.0734
v 0.0675 1.5168 0.0754
v 0.0686 1.5118 0.0725
v 0.0681 1.5122 0.0741
v 0.0666 1.5129 0.0757
v 0.0671 1.5086 0.0730
v 0.0666 1.5090 0.0745
v 0.0654 1.5098 0.0759
v 0.0737 1.5595 0.0645
v 0.0735 1.5558 0.0717
v 0.0697 1.5515 0.0806
v 0.0731 1.5545 0.0629
v 0.0732 1.5529 0.0707
v 0.0697 1.5513 0.0804
v 0.0725 1.5495 0.0626
v 0.0727 1.5495 0.0703
v 0.0696 1.5500 0.0799
v 0.0718 1.5446 0.0633
v 0.0722 1.5455 0.0705
v 0.0694 1.5471 0.0795
v 0.0712 1.5397 0.0645
v 0.0717 1.5410 0.0711
v 0.0692 1.5430 0.0793
v 0.0707 1.5349 0.0661
v 0.0711 1.5362 0.0719
v 0.0688 1.5382 0.0793
v 0.0702 1.5300 0.0677
v 0.0705 1.5312 0.0729
v 0.0685 1.5330 0.0794
v 0.0696 1.5251 0.0693
v 0.0699 1.5261 0.0738
v 0.0682 1.5276 0.0794
v 0.0690 1.5205 0.0708
v 0.0692 1.5212 0.0746
v 0.0677 1.5224 0.0793
v 0.0682 1.5161 0.0719
v 0.0684 1.5166 0.0752
v 0.0671 1.5175 0.0791
v 0.0672 1.5123 0.0728
v 0.0674 1.5126 0.0755
v 0.0663 1.5134 0.0789
v 0.0660 1.5093 0.0733
v 0.0660 1.5095 0.0758
v 0.0651 1.5102 0.0788
v 0.0082 1.6275 0.1227
v -0.0050 1.6247 0.1284
v -0.0242 1.6158 0.1300
v 0.0010 1.6412 0.1098
v -0.0128 1.6393 0.1145
v -0.0321 1.6306 0.1160
v -0.0053 1.6526 0.0932
v -0.0195 1.6514 0.0970
v -0.0388 1.6427 0.0984
v -0.0105 1.6611 0.0737
v -0.0249 1.6602 0.0767
v -0.0442 1.6516 0.0781
v -0.0144 1.6661 0.0523
v -0.0290 1.6655 0.0544
v -0.0482 1.6568 0.0560
v -0.0170 1.6672 0.0299
v -0.0317 1.6666 0.0312
v -0.0509 1.6579 0.0333
v -0.0183 1.6638 0.0076
v -0.0330 1.6631 0.0081
v -0.0521 1.6545 0.0109
v -0.0181 1.6554 -0.0133
v -0.0327 1.6544 -0.0135
v -0.0519 1.6461 -0.0097
v -0.0163 1.6414 -0.0313
v -0.0309 1.6399 -0.0321
v -0.0502 1.6326 -0.0272
v -0.0130 1.6215 -0.0446
v -0.0276 1.6195 -0.0457
v -0.0471 1.6135 -0.0400
v -0.0083 1.5959 -0.0512
v -0.0227 1.5933 -0.0524
v -0.0426 1.5890 -0.0462
v -0.0023 1.5646 -0.0493
v -0.0167 1.5616 -0.0505
v -0.0374 1.5588 -0.0444
v 0.0007 1.6236 0.1230
v -0.0064 1.6208 0.1241
v -0.0146 1.6150 0.1222
v -0.0066 1.6373 0.1100
v -0.0138 1.6346 0.1110
v -0.0218 1.6285 0.1095
v -0.0129 1.6487 0.0934
v -0.0201 1.6461 0.0943
v -0.0279 1.6396 0.0932
v -0.0180 1.6572 0.0741
v -0.0252 1.6546 0.0749
v -0.0329 1.6479 0.0743
v -0.0219 1.6622 0.0528
v -0.0291 1.6596 0.0536
v -0.0367 1.6527 0.0537
v -0.0245 1.6632 0.0307
v -0.0317 1.6607 0.0315
v -0.0392 1.6538 0.0325
v -0.0257 1.6599 0.0088
v -0.0329 1.6573 0.0097
v -0.0403 1.6506 0.0117
v -0.0255 1.6517 -0.0116
v -0.0328 1.6492 -0.0105
v -0.0403 1.6429 -0.0073
v -0.0248 1.6379 -0.0290
v -0.0323 1.6355 -0.0277
v -0.0401 1.6302 -0.0233
v -0.0238 1.6182 -0.0418
v -0.0314 1.6161 -0.0403
v -0.0395 1.6123 -0.0349
v -0.0219 1.5926 -0.0482
v -0.0297 1.5910 -0.0465
v -0.0380 1.5888 -0.0407
v -0.0177 1.5617 -0.0463
v -0.0257 1.5605 -0.0447
v -0.0347 1.5599 -0.0389
v -0.0023 1.6191 0.1189
v -0.0131 1.6175 0.1244
v -0.0280 1.6118 0.1273
v -0.0091 1.6320 0.1066
v -0.0204 1.6313 0.1113
v -0.0355 1.6261 0.1137
v -0.0151 1.6428 0.0909
v -0.0268 1.6428 0.0946
v -0.0420 1.6378 0.0967
v -0.0200 1.6509 0.0724
v -0.0319 1.6512 0.0752
v -0.0472 1.6464 0.0770
v -0.0237 1.6556 0.0522
v -0.0358 1.6562 0.0541
v -0.0511 1.6514 0.0557
v -0.0261 1.6567 0.0312
v -0.0383 1.6573 0.0322
v -0.0537 1.6525 0.0338
v -0.0274 1.6536 0.0106
v -0.0396 1.6540 0.0107
v -0.0549 1.6492 0.0124
v -0.0277 1.6461 -0.0084
v -0.0399 1.6462 -0.0091
v -0.0550 1.6414 -0.0071
v -0.0251 1.6339 -0.0252
v -0.0374 1.6334 -0.0265
v -0.0529 1.6289 -0.0240
v -0.0195 1.6166 -0.0383
v -0.0317 1.6153 -0.0401
v -0.0477 1.6113 -0.0371
v -0.0114 1.5936 -0.0458
v -0.0236 1.5916 -0.0478
v -0.0401 1.5883 -0.0444
v -0.0024 1.5646 -0.0451
v -0.0147 1.5619 -0.0470
v -0.0323 1.5593 -0.0435
v 0.0157 1.6212 0.1228
v 0.0033 1.6227 0.1307
v -0.0169 1.6197 0.1362
v 0.0101 1.6372 0.1082
v -0.0027 1.6402 0.1147
v -0.0233 1.6383 0.1192
v 0.0061 1.6494 0.0910
v -0.0072 1.6535 0.0959
v -0.0281 1.6525 0.0992
v 0.0033 1.6577 0.0718
v -0.0102 1.6626 0.0748
v -0.0313 1.6622 0.0769
v 0.0018 1.6621 0.0510
v -0.0118 1.6674 0.0522
v -0.0330 1.6672 0.0532
v 0.0014 1.6624 0.0295
v -0.0123 1.6678 0.0290
v -0.0335 1.6675 0.0290
v 0.0017 1.6584 0.0083
v -0.0119 1.6635 0.0062
v -0.0330 1.6631 0.0055
v 0.0010 1.6495 -0.0116
v -0.0122 1.6540 -0.0151
v -0.0328 1.6536 -0.0163
v -0.0014 1.6353 -0.0287
v -0.0142 1.6388 -0.0335
v -0.0338 1.6385 -0.0349
v -0.0050 1.6157 -0.0414
v -0.0176 1.6178 -0.0473
v -0.0363 1.6177 -0.0486
v -0.0080 1.5911 -0.0480
v -0.0204 1.5916 -0.0543
v -0.0383 1.5921 -0.0556
v -0.0076 1.5622 -0.0464
v -0.0201 1.5614 -0.0527
v -0.0380 1.5623 -0.0540
v 0.0075 1.6197 0.1246
v 0.0003 1.6190 0.1271
v -0.0094 1.6157 0.1272
v 0.0019 1.6360 0.1097
v -0.0056 1.6359 0.1117
v -0.0152 1.6326 0.1118
v -0.0023 1.6485 0.0921
v -0.0099 1.6487 0.0936
v -0.0196 1.6454 0.0936
v -0.0051 1.6570 0.0725
v -0.0128 1.6574 0.0734
v -0.0224 1.6542 0.0734
v -0.0066 1.6615 0.0513
v -0.0143 1.6620 0.0517
v -0.0240 1.6588 0.0518
v -0.0071 1.6618 0.0296
v -0.0148 1.6624 0.0295
v -0.0244 1.6591 0.0298
v -0.0066 1.6578 0.0081
v -0.0143 1.6583 0.0077
v -0.0239 1.6551 0.0083
v -0.0053 1.6493 -0.0118
v -0.0130 1.6497 -0.0126
v -0.0226 1.6467 -0.0115
v -0.0018 1.6361 -0.0296
v -0.0093 1.6362 -0.0306
v -0.0189 1.6337 -0.0290
v 0.0036 1.6178 -0.0438
v -0.0039 1.6178 -0.0449
v -0.0137 1.6161 -0.0427
v 0.0091 1.5944 -0.0519
v 0.0016 1.5943 -0.0531
v -0.0084 1.5938 -0.0504
v 0.0118 1.5658 -0.0513
v 0.0044 1.5657 -0.0525
v -0.0059 1.5663 -0.0498
v -0.0058 1.6137 0.1216
v -0.0152 1.6157 0.1288
v -0.0290 1.6150 0.1345
v -0.0102 1.6298 0.1071
v -0.0200 1.6331 0.1131
v -0.0343 1.6335 0.1178
v -0.0119 1.6423 0.0902
v -0.0221 1.6468 0.0946
v -0.0368 1.6480 0.0981
v -0.0120 1.6512 0.0713
v -0.0224 1.6564 0.0740
v -0.0376 1.6581 0.0762
v -0.0115 1.6560 0.0509
v -0.0222 1.6615 0.0520
v -0.0379 1.6633 0.0530
v -0.0113 1.6564 0.0300
v -0.0222 1.6619 0.0295
v -0.0383 1.6637 0.0293
v -0.0112 1.6525 0.0095
v -0.0219 1.6578 0.0075
v -0.0378 1.6594 0.0064
v -0.0115 1.6440 -0.0095
v -0.0221 1.6487 -0.0129
v -0.0376 1.6502 -0.0147
v -0.0102 1.6310 -0.0264
v -0.0209 1.6347 -0.0310
v -0.0365 1.6358 -0.0331
v -0.0075 1.6135 -0.0396
v -0.0182 1.6157 -0.0451
v -0.0340 1.6164 -0.0474
v -0.0036 1.5915 -0.0471
v -0.0144 1.5920 -0.0531
v -0.0305 1.5924 -0.0554
v 0.0004 1.5650 -0.0464
v -0.0105 1.5640 -0.0524
v -0.0273 1.5640 -0.0546
v -0.0181 1.6225 0.1260
v -0.0312 1.6159 0.1258
v -0.0463 1.6023 0.1196
v -0.0238 1.6341 0.1125
v -0.0369 1.6272 0.1126
v -0.0516 1.6124 0.1077
v -0.0285 1.6430 0.0975
v -0.0418 1.6358 0.0979
v -0.0561 1.6197 0.0946
v -0.0324 1.6494 0.0807
v -0.0459 1.6419 0.0816
v -0.0601 1.6248 0.0800
v -0.0357 1.6535 0.0624
v -0.0494 1.6456 0.0637
v -0.0636 1.6277 0.0639
v -0.0383 1.6550 0.0427
v -0.0523 1.6469 0.0445
v -0.0665 1.6285 0.0466
v -0.0403 1.6535 0.0220
v -0.0544 1.6453 0.0245
v -0.0686 1.6269 0.0287
v -0.0411 1.6481 0.0012
v -0.0553 1.6401 0.0043
v -0.0695 1.6223 0.0112
v -0.0402 1.6374 -0.0186
v -0.0543 1.6299 -0.0148
v -0.0686 1.6140 -0.0048
v -0.0365 1.6202 -0.0348
v -0.0505 1.6134 -0.0305
v -0.0653 1.6009 -0.0178
v -0.0294 1.5957 -0.0445
v -0.0431 1.5900 -0.0400
v -0.0585 1.5815 -0.0261
v -0.0185 1.5639 -0.0454
v -0.0320 1.5591 -0.0411
v -0.0497 1.5541 -0.0277
v -0.0237 1.6169 0.1231
v -0.0296 1.6122 0.1213
v -0.0346 1.6048 0.1163
v -0.0293 1.6279 0.1102
v -0.0351 1.6229 0.1088
v -0.0396 1.6146 0.1047
v -0.0338 1.6363 0.0959
v -0.0395 1.6309 0.0950
v -0.0438 1.6218 0.0920
v -0.0377 1.6423 0.0799
v -0.0433 1.6365 0.0795
v -0.0474 1.6267 0.0777
v -0.0409 1.6460 0.0623
v -0.0466 1.6399 0.0625
v -0.0505 1.6297 0.0619
v -0.0436 1.6473 0.0434
v -0.0493 1.6411 0.0442
v -0.0531 1.6305 0.0449
v -0.0455 1.6457 0.0238
v -0.0513 1.6395 0.0253
v -0.0550 1.6289 0.0273
v -0.0464 1.6406 0.0041
v -0.0522 1.6346 0.0064
v -0.0560 1.6244 0.0103
v -0.0465 1.6306 -0.0143
v -0.0525 1.6250 -0.0110
v -0.0565 1.6161 -0.0049
v -0.0452 1.6142 -0.0294
v -0.0512 1.6098 -0.0252
v -0.0555 1.6032 -0.0172
v -0.0414 1.5908 -0.0386
v -0.0474 1.5877 -0.0341
v -0.0519 1.5841 -0.0252
v -0.0329 1.5600 -0.0397
v -0.0394 1.5580 -0.0353
v -0.0449 1.5568 -0.0268
v -0.0235 1.6122 0.1182
v -0.0347 1.6073 0.1189
v -0.0473 1.5978 0.1156
v -0.0287 1.6225 0.1062
v -0.0400 1.6175 0.1069
v -0.0524 1.6072 0.1044
v -0.0329 1.6301 0.0928
v -0.0443 1.6250 0.0937
v -0.0566 1.6140 0.0921
v -0.0364 1.6356 0.0778
v -0.0481 1.6303 0.0789
v -0.0604 1.6185 0.0783
v -0.0394 1.6389 0.0612
v -0.0513 1.6334 0.0625
v -0.0637 1.6212 0.0631
v -0.0419 1.6400 0.0433
v -0.0540 1.6344 0.0449
v -0.0665 1.6218 0.0467
v -0.0437 1.6385 0.0249
v -0.0560 1.6328 0.0268
v -0.0685 1.6202 0.0298
v -0.0447 1.6337 0.0068
v -0.0570 1.6281 0.0089
v -0.0696 1.6158 0.0137
v -0.0453 1.6246 -0.0098
v -0.0575 1.6192 -0.0073
v -0.0700 1.6081 -0.0007
v -0.0445 1.6102 -0.0231
v -0.0565 1.6052 -0.0205
v -0.0687 1.5963 -0.0122
v -0.0410 1.5893 -0.0315
v -0.0526 1.5847 -0.0289
v -0.0646 1.5785 -0.0200
v -0.0331 1.5605 -0.0329
v -0.0452 1.5564 -0.0304
v -0.0586 1.5523 -0.0218
v -0.0475 1.6037 0.1180
v -0.0574 1.5946 0.1120
v -0.0651 1.5797 0.0990
v -0.0508 1.6146 0.1066
v -0.0607 1.6050 0.1012
v -0.0681 1.5885 0.0897
v -0.0529 1.6242 0.0930
v -0.0630 1.6139 0.0886
v -0.0706 1.5957 0.0794
v -0.0541 1.6319 0.0771
v -0.0646 1.6210 0.0741
v -0.0727 1.6013 0.0676
v -0.0545 1.6370 0.0593
v -0.0656 1.6258 0.0578
v -0.0743 1.6050 0.0544
v -0.0543 1.6391 0.0401
v -0.0659 1.6279 0.0400
v -0.0755 1.6065 0.0399
v -0.0534 1.6378 0.0202
v -0.0655 1.6268 0.0215
v -0.0758 1.6057 0.0246
v -0.0516 1.6326 0.0004
v -0.0642 1.6222 0.0031
v -0.0752 1.6021 0.0095
v -0.0486 1.6229 -0.0178
v -0.0614 1.6134 -0.0141
v -0.0733 1.5955 -0.0041
v -0.0436 1.6080 -0.0327
v -0.0567 1.5998 -0.0280
v -0.0697 1.5857 -0.0149
v -0.0363 1.5880 -0.0409
v -0.0494 1.5814 -0.0359
v -0.0641 1.5723 -0.0214
v -0.0264 1.5643 -0.0398
v -0.0403 1.5592 -0.0350
v -0.0576 1.5547 -0.0213
v -0.0501 1.5977 0.1126
v -0.0535 1.5923 0.1082
v -0.0542 1.5853 0.1008
v -0.0533 1.6079 0.1018
v -0.0566 1.6021 0.0979
v -0.0571 1.5940 0.0915
v -0.0554 1.6169 0.0891
v -0.0588 1.6104 0.0860
v -0.0592 1.6013 0.0808
v -0.0568 1.6239 0.0744
v -0.0603 1.6169 0.0722
v -0.0609 1.6068 0.0686
v -0.0574 1.6285 0.0579
v -0.0613 1.6212 0.0567
v -0.0621 1.6104 0.0548
v -0.0575 1.6303 0.0400
v -0.0616 1.6229 0.0399
v -0.0628 1.6117 0.0398
v -0.0569 1.6291 0.0215
v -0.0613 1.6217 0.0225
v -0.0629 1.6106 0.0243
v -0.0555 1.6243 0.0032
v -0.0602 1.6173 0.0053
v -0.0621 1.6067 0.0091
v -0.0528 1.6155 -0.0136
v -0.0578 1.6093 -0.0103
v -0.0602 1.5999 -0.0043
v -0.0484 1.6023 -0.0271
v -0.0536 1.5973 -0.0228
v -0.0569 1.5903 -0.0147
v -0.0416 1.5845 -0.0347
v -0.0473 1.5811 -0.0299
v -0.0517 1.5773 -0.0208
v -0.0326 1.5628 -0.0339
v -0.0391 1.5609 -0.0294
v -0.0448 1.5602 -0.0208
v -0.0498 1.5952 0.1094
v -0.0581 1.5878 0.1048
v -0.0640 1.5762 0.0947
v -0.0519 1.6044 0.0988
v -0.0605 1.5968 0.0947
v -0.0666 1.5842 0.0859
v -0.0524 1.6120 0.0860
v -0.0615 1.6040 0.0828
v -0.0688 1.5907 0.0762
v -0.0532 1.6182 0.0720
v -0.0628 1.6098 0.0699
v -0.0708 1.5955 0.0654
v -0.0539 1.6222 0.0566
v -0.0640 1.6137 0.0555
v -0.0726 1.5987 0.0532
v -0.0541 1.6237 0.0399
v -0.0646 1.6153 0.0399
v -0.0738 1.6000 0.0398
v -0.0537 1.6223 0.0227
v -0.0646 1.6141 0.0236
v -0.0744 1.5991 0.0257
v -0.0525 1.6178 0.0059
v -0.0637 1.6101 0.0077
v -0.0740 1.5958 0.0120
v -0.0502 1.6100 -0.0091
v -0.0616 1.6029 -0.0067
v -0.0725 1.5901 -0.0001
v -0.0465 1.5986 -0.0209
v -0.0579 1.5923 -0.0180
v -0.0694 1.5819 -0.0094
v -0.0408 1.5834 -0.0276
v -0.0521 1.5779 -0.0246
v -0.0648 1.5708 -0.0151
v -0.0329 1.5641 -0.0272
v -0.0448 1.5595 -0.0243
v -0.0591 1.5553 -0.0154
v -0.0569 1.5914 0.1053
v -0.0650 1.5801 0.1012
v -0.0701 1.5623 0.0898
v -0.0612 1.5984 0.0955
v -0.0695 1.5869 0.0918
v -0.0745 1.5683 0.0817
v -0.0637 1.6046 0.0838
v -0.0725 1.5928 0.0808
v -0.0779 1.5731 0.0728
v -0.0661 1.6099 0.0710
v -0.0751 1.5975 0.0689
v -0.0806 1.5766 0.0632
v -0.0682 1.6137 0.0573
v -0.0773 1.6008 0.0562
v -0.0825 1.5788 0.0531
v -0.0692 1.6155 0.0425
v -0.0784 1.6022 0.0426
v -0.0835 1.5794 0.0425
v -0.0690 1.6147 0.0269
v -0.0784 1.6013 0.0285
v -0.0836 1.5784 0.0318
v -0.0673 1.6110 0.0114
v -0.0768 1.5978 0.0143
v -0.0825 1.5757 0.0212
v -0.0637 1.6039 -0.0035
v -0.0735 1.5914 0.0007
v -0.0802 1.5710 0.0109
v -0.0578 1.5934 -0.0165
v -0.0678 1.5819 -0.0114
v -0.0769 1.5641 0.0014
v -0.0493 1.5797 -0.0265
v -0.0601 1.5693 -0.0211
v -0.0718 1.5545 -0.0069
v -0.0388 1.5630 -0.0329
v -0.0508 1.5538 -0.0274
v -0.0635 1.5420 -0.0130
v -0.0563 1.5836 0.0991
v -0.0594 1.5774 0.0958
v -0.0599 1.5695 0.0894
v -0.0611 1.5904 0.0903
v -0.0640 1.5839 0.0873
v -0.0641 1.5753 0.0817
v -0.0648 1.5965 0.0801
v -0.0676 1.5895 0.0776
v -0.0673 1.5801 0.0730
v -0.0677 1.6014 0.0686
v -0.0704 1.5940 0.0668
v -0.0697 1.5838 0.0634
v -0.0697 1.6048 0.0560
v -0.0723 1.5970 0.0550
v -0.0713 1.5862 0.0530
v -0.0707 1.6063 0.0424
v -0.0732 1.5982 0.0424
v -0.0721 1.5870 0.0422
v -0.0705 1.6055 0.0283
v -0.0731 1.5973 0.0294
v -0.0720 1.5861 0.0313
v -0.0690 1.6020 0.0142
v -0.0717 1.5941 0.0165
v -0.0709 1.5834 0.0205
v -0.0657 1.5957 0.0008
v -0.0687 1.5884 0.0042
v -0.0684 1.5787 0.0102
v -0.0603 1.5863 -0.0111
v -0.0636 1.5798 -0.0068
v -0.0644 1.5717 0.0008
v -0.0526 1.5738 -0.0205
v -0.0569 1.5684 -0.0158
v -0.0591 1.5620 -0.0072
v -0.0432 1.5585 -0.0267
v -0.0481 1.5540 -0.0219
v -0.0512 1.5495 -0.0131
v -0.0533 1.5801 0.0942
v -0.0615 1.5713 0.0920
v -0.0685 1.5583 0.0853
v -0.0576 1.5863 0.0861
v -0.0659 1.5774 0.0839
v -0.0725 1.5638 0.0779
v -0.0610 1.5918 0.0767
v -0.0694 1.5826 0.0748
v -0.0757 1.5681 0.0697
v -0.0635 1.5962 0.0661
v -0.0719 1.5866 0.0647
v -0.0781 1.5711 0.0610
v -0.0652 1.5992 0.0545
v -0.0737 1.5891 0.0538
v -0.0797 1.5729 0.0518
v -0.0660 1.6005 0.0422
v -0.0746 1.5901 0.0424
v -0.0806 1.5733 0.0424
v -0.0658 1.5997 0.0295
v -0.0746 1.5892 0.0306
v -0.0806 1.5724 0.0329
v -0.0644 1.5966 0.0170
v -0.0733 1.5863 0.0190
v -0.0798 1.5699 0.0237
v -0.0615 1.5910 0.0051
v -0.0706 1.5812 0.0079
v -0.0784 1.5659 0.0148
v -0.0568 1.5827 -0.0055
v -0.0661 1.5735 -0.0021
v -0.0759 1.5600 0.0064
v -0.0502 1.5717 -0.0141
v -0.0603 1.5632 -0.0106
v -0.0715 1.5517 -0.0011
v -0.0416 1.5576 -0.0201
v -0.0522 1.5499 -0.0166
v -0.0635 1.5404 -0.0070
v -0.0602 1.5733 0.0873
v -0.0660 1.5634 0.0840
v -0.0689 1.5488 0.0754
v -0.0648 1.5780 0.0798
v -0.0701 1.5675 0.0773
v -0.0720 1.5518 0.0703
v -0.0689 1.5819 0.0714
v -0.0738 1.5708 0.0698
v -0.0748 1.5539 0.0647
v -0.0724 1.5845 0.0620
v -0.0770 1.5729 0.0616
v -0.0771 1.5550 0.0588
v -0.0749 1.5858 0.0519
v -0.0793 1.5737 0.0527
v -0.0789 1.5552 0.0524
v -0.0764 1.5854 0.0413
v -0.0807 1.5732 0.0432
v -0.0800 1.5544 0.0457
v -0.0766 1.5835 0.0305
v -0.0810 1.5713 0.0336
v -0.0809 1.5528 0.0387
v -0.0754 1.5799 0.0199
v -0.0802 1.5680 0.0240
v -0.0815 1.5502 0.0316
v -0.0729 1.5748 0.0099
v -0.0789 1.5634 0.0149
v -0.0815 1.5469 0.0246
v -0.0693 1.5683 0.0010
v -0.0765 1.5577 0.0066
v -0.0803 1.5428 0.0181
v -0.0648 1.5605 -0.0063
v -0.0725 1.5508 -0.0002
v -0.0773 1.5381 0.0125
v -0.0586 1.5517 -0.0113
v -0.0664 1.5432 -0.0052
v -0.0717 1.5328 0.0081
v -0.0610 1.5675 0.0836
v -0.0626 1.5621 0.0808
v -0.0617 1.5558 0.0756
v -0.0652 1.5718 0.0768
v -0.0664 1.5660 0.0745
v -0.0649 1.5591 0.0702
v -0.0689 1.5752 0.0692
v -0.0698 1.5690 0.0676
v -0.0678 1.5614 0.0642
v -0.0720 1.5774 0.0608
v -0.0726 1.5709 0.0599
v -0.0701 1.5628 0.0579
v -0.0743 1.5784 0.0517
v -0.0747 1.5716 0.0518
v -0.0717 1.5632 0.0511
v -0.0756 1.5780 0.0422
v -0.0758 1.5711 0.0431
v -0.0726 1.5626 0.0440
v -0.0757 1.5761 0.0325
v -0.0760 1.5694 0.0343
v -0.0730 1.5611 0.0368
v -0.0747 1.5729 0.0230
v -0.0754 1.5664 0.0256
v -0.0730 1.5585 0.0295
v -0.0729 1.5683 0.0139
v -0.0743 1.5622 0.0173
v -0.0725 1.5550 0.0224
v -0.0701 1.5625 0.0058
v -0.0721 1.5570 0.0097
v -0.0709 1.5508 0.0160
v -0.0662 1.5556 -0.0010
v -0.0685 1.5508 0.0034
v -0.0678 1.5458 0.0104
v -0.0605 1.5478 -0.0058
v -0.0631 1.5438 -0.0012
v -0.0629 1.5402 0.0062
v -0.0579 1.5651 0.0798
v -0.0634 1.5570 0.0776
v -0.0669 1.5458 0.0719
v -0.0617 1.5690 0.0735
v -0.0668 1.5605 0.0719
v -0.0697 1.5485 0.0673
v -0.0650 1.5720 0.0665
v -0.0698 1.5631 0.0657
v -0.0721 1.5502 0.0624
v -0.0677 1.5740 0.0589
v -0.0724 1.5646 0.0589
v -0.0741 1.5510 0.0572
v -0.0696 1.5748 0.0508
v -0.0742 1.5651 0.0516
v -0.0755 1.5510 0.0518
v -0.0707 1.5744 0.0423
v -0.0752 1.5645 0.0440
v -0.0766 1.5503 0.0460
v -0.0708 1.5727 0.0337
v -0.0755 1.5629 0.0361
v -0.0776 1.5487 0.0399
v -0.0699 1.5698 0.0252
v -0.0755 1.5601 0.0283
v -0.0782 1.5465 0.0338
v -0.0685 1.5657 0.0171
v -0.0749 1.5564 0.0208
v -0.0783 1.5436 0.0277
v -0.0661 1.5606 0.0097
v -0.0732 1.5518 0.0139
v -0.0772 1.5401 0.0219
v -0.0627 1.5545 0.0036
v -0.0698 1.5464 0.0080
v -0.0746 1.5362 0.0169
v -0.0577 1.5476 -0.0008
v -0.0646 1.5403 0.0036
v -0.0699 1.5318 0.0128
v 0.0116 1.6328 0.1222
v -0.0045 1.6295 0.1290
v -0.0277 1.6187 0.1310
v 0.0044 1.6465 0.1093
v -0.0123 1.6442 0.1150
v -0.0357 1.6337 0.1168
v -0.0019 1.6578 0.0927
v -0.0190 1.6563 0.0974
v -0.0424 1.6459 0.0990
v -0.0071 1.6663 0.0733
v -0.0245 1.6653 0.0769
v -0.0478 1.6548 0.0786
v -0.0110 1.6713 0.0519
v -0.0286 1.6706 0.0544
v -0.0519 1.6600 0.0564
v -0.0136 1.6724 0.0295
v -0.0313 1.6717 0.0310
v -0.0546 1.6611 0.0336
v -0.0149 1.6690 0.0071
v -0.0326 1.6681 0.0077
v -0.0558 1.6577 0.0111
v -0.0146 1.6605 -0.0140
v -0.0324 1.6593 -0.0141
v -0.0556 1.6494 -0.0096
v -0.0129 1.6464 -0.0321
v -0.0306 1.6446 -0.0330
v -0.0539 1.6357 -0.0272
v -0.0096 1.6263 -0.0455
v -0.0271 1.6238 -0.0469
v -0.0508 1.6166 -0.0399
v -0.0048 1.6004 -0.0522
v -0.0222 1.5972 -0.0537
v -0.0462 1.5920 -0.0462
v 0.0013 1.5689 -0.0503
v -0.0161 1.5652 -0.0518
v -0.0410 1.5619 -0.0444
v 0.0024 1.6282 0.1224
v -0.0061 1.6247 0.1238
v -0.0161 1.6178 0.1215
v -0.0048 1.6418 0.1095
v -0.0135 1.6385 0.1107
v -0.0232 1.6311 0.1089
v -0.0110 1.6531 0.0930
v -0.0198 1.6500 0.0941
v -0.0293 1.6422 0.0928
v -0.0161 1.6616 0.0738
v -0.0249 1.6584 0.0747
v -0.0342 1.6503 0.0741
v -0.0200 1.6665 0.0526
v -0.0288 1.6634 0.0535
v -0.0380 1.6552 0.0537
v -0.0226 1.6676 0.0305
v -0.0314 1.6645 0.0314
v -0.0404 1.6562 0.0326
v -0.0237 1.6642 0.0086
v -0.0324 1.6611 0.0096
v -0.0412 1.6530 0.0120
v -0.0226 1.6558 -0.0122
v -0.0312 1.6528 -0.0110
v -0.0399 1.6452 -0.0072
v -0.0197 1.6419 -0.0301
v -0.0282 1.6391 -0.0287
v -0.0370 1.6327 -0.0234
v -0.0152 1.6224 -0.0434
v -0.0238 1.6199 -0.0417
v -0.0330 1.6153 -0.0353
v -0.0100 1.5973 -0.0500
v -0.0186 1.5953 -0.0482
v -0.0282 1.5928 -0.0412
v -0.0050 1.5670 -0.0479
v -0.0137 1.5655 -0.0460
v -0.0237 1.5648 -0.0391
v -0.0011 1.6227 0.1175
v -0.0142 1.6207 0.1241
v -0.0322 1.6138 0.1276
v -0.0079 1.6354 0.1054
v -0.0216 1.6346 0.1110
v -0.0398 1.6282 0.1140
v -0.0137 1.6460 0.0900
v -0.0278 1.6460 0.0944
v -0.0463 1.6399 0.0970
v -0.0185 1.6539 0.0718
v -0.0330 1.6544 0.0751
v -0.0515 1.6485 0.0773
v -0.0222 1.6586 0.0518
v -0.0368 1.6594 0.0541
v -0.0554 1.6535 0.0561
v -0.0246 1.6597 0.0311
v -0.0394 1.6604 0.0323
v -0.0580 1.6546 0.0342
v -0.0259 1.6566 0.0108
v -0.0406 1.6572 0.0109
v -0.0591 1.6513 0.0130
v -0.0262 1.6493 -0.0080
v -0.0409 1.6494 -0.0088
v -0.0592 1.6436 -0.0064
v -0.0235 1.6373 -0.0246
v -0.0383 1.6366 -0.0262
v -0.0572 1.6312 -0.0231
v -0.0179 1.6202 -0.0375
v -0.0328 1.6186 -0.0397
v -0.0522 1.6138 -0.0359
v -0.0099 1.5976 -0.0449
v -0.0248 1.5951 -0.0473
v -0.0450 1.5910 -0.0430
v -0.0011 1.5689 -0.0442
v -0.0160 1.5656 -0.0465
v -0.0376 1.5624 -0.0420
v 0.0193 1.6255 0.1214
v 0.0043 1.6273 0.1310
v -0.0202 1.6237 0.1377
v 0.0138 1.6412 0.1071
v -0.0017 1.6448 0.1149
v -0.0267 1.6425 0.1204
v 0.0098 1.6532 0.0902
v -0.0062 1.6582 0.0960
v -0.0315 1.6570 0.1001
v 0.0071 1.6614 0.0712
v -0.0092 1.6674 0.0749
v -0.0348 1.6668 0.0774
v 0.0056 1.6657 0.0508
v -0.0109 1.6722 0.0522
v -0.0365 1.6719 0.0534
v 0.0052 1.6660 0.0295
v -0.0113 1.6725 0.0289
v -0.0370 1.6722 0.0289
v 0.0057 1.6621 0.0085
v -0.0108 1.6682 0.0060
v -0.0365 1.6678 0.0051
v 0.0069 1.6537 -0.0112
v -0.0096 1.6590 -0.0155
v -0.0352 1.6584 -0.0170
v 0.0084 1.6405 -0.0283
v -0.0079 1.6446 -0.0342
v -0.0335 1.6437 -0.0358
v 0.0099 1.6223 -0.0410
v -0.0063 1.6246 -0.0481
v -0.0319 1.6237 -0.0497
v 0.0109 1.5987 -0.0476
v -0.0051 1.5991 -0.0552
v -0.0308 1.5986 -0.0568
v 0.0111 1.5698 -0.0460
v -0.0050 1.5685 -0.0536
v -0.0306 1.5686 -0.0551
v 0.0094 1.6236 0.1236
v 0.0006 1.6228 0.1267
v -0.0111 1.6188 0.1268
v 0.0038 1.6398 0.1088
v -0.0052 1.6396 0.1114
v -0.0169 1.6356 0.1114
v -0.0003 1.6521 0.0915
v -0.0095 1.6524 0.0934
v -0.0212 1.6484 0.0933
v -0.0031 1.6605 0.0721
v -0.0123 1.6611 0.0732
v -0.0240 1.6571 0.0732
v -0.0046 1.6650 0.0511
v -0.0139 1.6656 0.0516
v -0.0256 1.6617 0.0517
v -0.0050 1.6653 0.0296
v -0.0143 1.6660 0.0295
v -0.0260 1.6620 0.0298
v -0.0048 1.6612 0.0083
v -0.0141 1.6618 0.0078
v -0.0257 1.6580 0.0085
v -0.0056 1.6523 -0.0115
v -0.0148 1.6528 -0.0124
v -0.0263 1.6492 -0.0111
v -0.0068 1.6385 -0.0285
v -0.0159 1.6388 -0.0296
v -0.0273 1.6359 -0.0276
v -0.0078 1.6198 -0.0411
v -0.0169 1.6199 -0.0424
v -0.0281 1.6180 -0.0397
v -0.0079 1.5962 -0.0476
v -0.0170 1.5962 -0.0489
v -0.0281 1.5958 -0.0458
v -0.0061 1.5682 -0.0460
v -0.0152 1.5681 -0.0474
v -0.0266 1.5690 -0.0443
v 0.0037 1.6190 0.1200
v -0.0080 1.6213 0.1287
v -0.0263 1.6200 0.1356
v -0.0016 1.6345 0.1058
v -0.0140 1.6385 0.1130
v -0.0327 1.6385 0.1187
v -0.0056 1.6463 0.0892
v -0.0184 1.6516 0.0946
v -0.0375 1.6527 0.0988
v -0.0082 1.6543 0.0706
v -0.0213 1.6605 0.0740
v -0.0406 1.6623 0.0766
v -0.0097 1.6585 0.0506
v -0.0229 1.6651 0.0520
v -0.0423 1.6672 0.0531
v -0.0101 1.6588 0.0301
v -0.0233 1.6654 0.0295
v -0.0428 1.6676 0.0293
v -0.0102 1.6549 0.0100
v -0.0231 1.6613 0.0076
v -0.0423 1.6633 0.0062
v -0.0104 1.6466 -0.0088
v -0.0232 1.6523 -0.0128
v -0.0418 1.6540 -0.0150
v -0.0090 1.6338 -0.0254
v -0.0219 1.6382 -0.0309
v -0.0408 1.6397 -0.0334
v -0.0063 1.6166 -0.0383
v -0.0192 1.6193 -0.0449
v -0.0383 1.6203 -0.0476
v -0.0025 1.5951 -0.0456
v -0.0155 1.5958 -0.0529
v -0.0350 1.5962 -0.0555
v 0.0013 1.5690 -0.0450
v -0.0118 1.5678 -0.0522
v -0.0321 1.5679 -0.0546
v -0.0155 1.6288 0.1268
v -0.0314 1.6207 0.1266
v -0.0496 1.6043 0.1192
v -0.0214 1.6406 0.1132
v -0.0372 1.6322 0.1133
v -0.0549 1.6143 0.1073
v -0.0261 1.6497 0.0979
v -0.0421 1.6409 0.0984
v -0.0595 1.6215 0.0944
v -0.0300 1.6563 0.0809
v -0.0462 1.6471 0.0819
v -0.0635 1.6264 0.0800
v -0.0332 1.6605 0.0622
v -0.0498 1.6510 0.0639
v -0.0671 1.6293 0.0641
v -0.0359 1.6621 0.0422
v -0.0527 1.6523 0.0445
v -0.0700 1.6301 0.0470
v -0.0379 1.6606 0.0213
v -0.0549 1.6508 0.0242
v -0.0722 1.6284 0.0293
v -0.0387 1.6551 -0.0000
v -0.0558 1.6454 0.0037
v -0.0730 1.6239 0.0120
v -0.0377 1.6441 -0.0204
v -0.0548 1.6350 -0.0158
v -0.0721 1.6157 -0.0037
v -0.0340 1.6262 -0.0371
v -0.0509 1.6180 -0.0319
v -0.0687 1.6029 -0.0165
v -0.0268 1.6010 -0.0470
v -0.0434 1.5941 -0.0416
v -0.0620 1.5838 -0.0248
v -0.0157 1.5686 -0.0478
v -0.0319 1.5628 -0.0426
v -0.0529 1.5567 -0.0264
v -0.0224 1.6220 0.1234
v -0.0295 1.6163 0.1212
v -0.0355 1.6074 0.1152
v -0.0280 1.6331 0.1104
v -0.0349 1.6270 0.1087
v -0.0404 1.6170 0.1038
v -0.0325 1.6416 0.0960
v -0.0394 1.6350 0.0949
v -0.0446 1.6240 0.0913
v -0.0363 1.6476 0.0799
v -0.0432 1.6406 0.0794
v -0.0481 1.6288 0.0773
v -0.0396 1.6514 0.0622
v -0.0465 1.6441 0.0624
v -0.0512 1.6317 0.0617
v -0.0422 1.6527 0.0432
v -0.0492 1.6452 0.0442
v -0.0538 1.6324 0.0449
v -0.0442 1.6512 0.0233
v -0.0511 1.6437 0.0252
v -0.0556 1.6309 0.0277
v -0.0450 1.6461 0.0034
v -0.0520 1.6388 0.0063
v -0.0564 1.6265 0.0110
v -0.0441 1.6361 -0.0152
v -0.0511 1.6295 -0.0112
v -0.0556 1.6188 -0.0038
v -0.0406 1.6200 -0.0305
v -0.0477 1.6146 -0.0255
v -0.0528 1.6068 -0.0158
v -0.0338 1.5969 -0.0398
v -0.0411 1.5932 -0.0344
v -0.0469 1.5887 -0.0236
v -0.0230 1.5664 -0.0408
v -0.0305 1.5640 -0.0356
v -0.0374 1.5623 -0.0252
v -0.0221 1.6163 0.1175
v -0.0356 1.6104 0.1183
v -0.0509 1.5988 0.1143
v -0.0272 1.6265 0.1055
v -0.0409 1.6205 0.1064
v -0.0559 1.6080 0.1033
v -0.0313 1.6341 0.0922
v -0.0452 1.6279 0.0933
v -0.0601 1.6145 0.0914
v -0.0348 1.6395 0.0773
v -0.0489 1.6331 0.0786
v -0.0639 1.6189 0.0780
v -0.0377 1.6428 0.0608
v -0.0522 1.6362 0.0624
v -0.0672 1.6214 0.0631
v -0.0402 1.6439 0.0430
v -0.0549 1.6371 0.0450
v -0.0700 1.6219 0.0471
v -0.0419 1.6424 0.0247
v -0.0568 1.6356 0.0270
v -0.0720 1.6203 0.0307
v -0.0427 1.6377 0.0067
v -0.0576 1.6309 0.0093
v -0.0728 1.6161 0.0151
v -0.0419 1.6291 -0.0097
v -0.0568 1.6225 -0.0068
v -0.0720 1.6091 0.0013
v -0.0390 1.6154 -0.0230
v -0.0537 1.6092 -0.0198
v -0.0691 1.5983 -0.0098
v -0.0331 1.5952 -0.0313
v -0.0473 1.5896 -0.0281
v -0.0631 1.5817 -0.0173
v -0.0231 1.5671 -0.0326
v -0.0374 1.5620 -0.0296
v -0.0547 1.5567 -0.0192
v -0.0463 1.6102 0.1202
v -0.0583 1.5992 0.1129
v -0.0676 1.5812 0.0972
v -0.0497 1.6214 0.1085
v -0.0616 1.6097 0.1020
v -0.0706 1.5898 0.0881
v -0.0517 1.6313 0.0945
v -0.0640 1.6189 0.0892
v -0.0732 1.5968 0.0780
v -0.0528 1.6393 0.0782
v -0.0656 1.6261 0.0745
v -0.0753 1.6022 0.0667
v -0.0531 1.6446 0.0598
v -0.0665 1.6311 0.0580
v -0.0771 1.6058 0.0539
v -0.0527 1.6468 0.0401
v -0.0668 1.6332 0.0400
v -0.0783 1.6074 0.0398
v -0.0517 1.6454 0.0196
v -0.0664 1.6322 0.0212
v -0.0789 1.6066 0.0249
v -0.0498 1.6400 -0.0007
v -0.0650 1.6275 0.0025
v -0.0784 1.6032 0.0103
v -0.0466 1.6299 -0.0196
v -0.0621 1.6185 -0.0151
v -0.0765 1.5968 -0.0030
v -0.0414 1.6144 -0.0350
v -0.0572 1.6045 -0.0294
v -0.0729 1.5874 -0.0136
v -0.0337 1.5935 -0.0435
v -0.0496 1.5855 -0.0374
v -0.0672 1.5744 -0.0199
v -0.0236 1.5689 -0.0422
v -0.0399 1.5626 -0.0365
v -0.0606 1.5572 -0.0199
v -0.0507 1.6033 0.1144
v -0.0558 1.5972 0.1096
v -0.0573 1.5888 0.1011
v -0.0534 1.6136 0.1032
v -0.0582 1.6067 0.0989
v -0.0594 1.5972 0.0915
v -0.0548 1.6224 0.0899
v -0.0592 1.6147 0.0863
v -0.0602 1.6038 0.0803
v -0.0560 1.6296 0.0749
v -0.0603 1.6211 0.0722
v -0.0611 1.6089 0.0679
v -0.0566 1.6343 0.0581
v -0.0613 1.6254 0.0567
v -0.0623 1.6124 0.0544
v -0.0566 1.6362 0.0400
v -0.0616 1.6272 0.0399
v -0.0630 1.6137 0.0398
v -0.0560 1.6349 0.0212
v -0.0613 1.6260 0.0224
v -0.0631 1.6125 0.0246
v -0.0545 1.6300 0.0026
v -0.0601 1.6216 0.0052
v -0.0624 1.6087 0.0098
v -0.0517 1.6211 -0.0145
v -0.0577 1.6135 -0.0105
v -0.0606 1.6022 -0.0032
v -0.0471 1.6074 -0.0283
v -0.0535 1.6014 -0.0231
v -0.0575 1.5930 -0.0133
v -0.0402 1.5892 -0.0360
v -0.0471 1.5850 -0.0303
v -0.0524 1.5805 -0.0192
v -0.0309 1.5670 -0.0351
v -0.0385 1.5647 -0.0297
v -0.0454 1.5639 -0.0193
v -0.0456 1.5988 0.1077
v -0.0564 1.5901 0.1025
v -0.0656 1.5767 0.0916
v -0.0485 1.6083 0.0976
v -0.0594 1.5992 0.0929
v -0.0684 1.5845 0.0833
v -0.0505 1.6164 0.0858
v -0.0617 1.6068 0.0820
v -0.0709 1.5907 0.0742
v -0.0517 1.6226 0.0720
v -0.0634 1.6126 0.0694
v -0.0731 1.5953 0.0640
v -0.0524 1.6267 0.0565
v -0.0646 1.6164 0.0553
v -0.0749 1.5982 0.0525
v -0.0525 1.6281 0.0398
v -0.0653 1.6179 0.0398
v -0.0764 1.5995 0.0397
v -0.0520 1.6267 0.0226
v -0.0653 1.6168 0.0238
v -0.0771 1.5986 0.0263
v -0.0508 1.6222 0.0059
v -0.0644 1.6129 0.0080
v -0.0769 1.5955 0.0133
v -0.0485 1.6144 -0.0091
v -0.0623 1.6058 -0.0061
v -0.0755 1.5902 0.0018
v -0.0448 1.6030 -0.0208
v -0.0587 1.5953 -0.0173
v -0.0726 1.5828 -0.0069
v -0.0392 1.5878 -0.0275
v -0.0530 1.5812 -0.0238
v -0.0680 1.5725 -0.0123
v -0.0312 1.5686 -0.0271
v -0.0454 1.5630 -0.0236
v -0.0622 1.5579 -0.0127
v -0.0528 1.5975 0.1053
v -0.0638 1.5842 0.1010
v -0.0723 1.5634 0.0886
v -0.0580 1.6049 0.0958
v -0.0689 1.5913 0.0917
v -0.0767 1.5693 0.0807
v -0.0621 1.6118 0.0847
v -0.0730 1.5976 0.0812
v -0.0801 1.5740 0.0719
v -0.0652 1.6176 0.0720
v -0.0761 1.6026 0.0694
v -0.0828 1.5773 0.0626
v -0.0674 1.6217 0.0578
v -0.0784 1.6060 0.0565
v -0.0847 1.5793 0.0527
v -0.0685 1.6236 0.0424
v -0.0796 1.6074 0.0426
v -0.0857 1.5799 0.0425
v -0.0682 1.6228 0.0263
v -0.0796 1.6066 0.0282
v -0.0858 1.5789 0.0322
v -0.0664 1.6189 0.0101
v -0.0780 1.6030 0.0137
v -0.0848 1.5762 0.0219
v -0.0626 1.6115 -0.0054
v -0.0745 1.5964 -0.0003
v -0.0825 1.5717 0.0120
v -0.0565 1.6005 -0.0188
v -0.0687 1.5866 -0.0127
v -0.0792 1.5650 0.0027
v -0.0479 1.5862 -0.0292
v -0.0604 1.5737 -0.0225
v -0.0742 1.5558 -0.0053
v -0.0367 1.5691 -0.0355
v -0.0506 1.5579 -0.0289
v -0.0658 1.5436 -0.0114
v -0.0556 1.5892 0.1000
v -0.0594 1.5817 0.0959
v -0.0600 1.5721 0.0881
v -0.0605 1.5961 0.0911
v -0.0640 1.5882 0.0874
v -0.0641 1.5777 0.0806
v -0.0643 1.6023 0.0808
v -0.0676 1.5938 0.0777
v -0.0673 1.5825 0.0721
v -0.0672 1.6073 0.0691
v -0.0704 1.5983 0.0668
v -0.0696 1.5860 0.0627
v -0.0692 1.6109 0.0562
v -0.0723 1.6014 0.0550
v -0.0712 1.5883 0.0527
v -0.0702 1.6124 0.0424
v -0.0733 1.6026 0.0424
v -0.0720 1.5891 0.0422
v -0.0700 1.6116 0.0280
v -0.0732 1.6017 0.0293
v -0.0719 1.5882 0.0315
v -0.0684 1.6081 0.0135
v -0.0718 1.5985 0.0163
v -0.0708 1.5855 0.0211
v -0.0651 1.6016 -0.0002
v -0.0687 1.5927 0.0039
v -0.0683 1.5810 0.0112
v -0.0596 1.5919 -0.0123
v -0.0637 1.5841 -0.0072
v -0.0643 1.5742 0.0021
v -0.0516 1.5792 -0.0219
v -0.0564 1.5726 -0.0162
v -0.0590 1.5649 -0.0058
v -0.0417 1.5636 -0.0281
v -0.0475 1.5581 -0.0223
v -0.0512 1.5527 -0.0116
v -0.0520 1.5850 0.0939
v -0.0620 1.5743 0.0913
v -0.0704 1.5586 0.0833
v -0.0563 1.5911 0.0859
v -0.0663 1.5804 0.0833
v -0.0743 1.5639 0.0760
v -0.0596 1.5966 0.0766
v -0.0698 1.5855 0.0743
v -0.0774 1.5679 0.0681
v -0.0621 1.6010 0.0660
v -0.0723 1.5894 0.0643
v -0.0797 1.5707 0.0598
v -0.0638 1.6041 0.0544
v -0.0741 1.5919 0.0536
v -0.0813 1.5722 0.0511
v -0.0645 1.6053 0.0421
v -0.0750 1.5928 0.0423
v -0.0822 1.5725 0.0423
v -0.0643 1.6046 0.0294
v -0.0750 1.5919 0.0308
v -0.0823 1.5715 0.0336
v -0.0629 1.6015 0.0168
v -0.0737 1.5890 0.0193
v -0.0815 1.5693 0.0250
v -0.0600 1.5959 0.0050
v -0.0710 1.5840 0.0084
v -0.0802 1.5656 0.0167
v -0.0554 1.5876 -0.0056
v -0.0665 1.5765 -0.0015
v -0.0780 1.5601 0.0088
v -0.0486 1.5766 -0.0142
v -0.0604 1.5663 -0.0098
v -0.0737 1.5524 0.0016
v -0.0398 1.5626 -0.0201
v -0.0523 1.5532 -0.0159
v -0.0662 1.5417 -0.0043
v -0.0616 1.5944 0.0921
v -0.0702 1.5796 0.0871
v -0.0745 1.5578 0.0743
v -0.0666 1.5996 0.0839
v -0.0744 1.5840 0.0802
v -0.0774 1.5605 0.0697
v -0.0711 1.6040 0.0747
v -0.0784 1.5874 0.0723
v -0.0799 1.5622 0.0647
v -0.0749 1.6071 0.0643
v -0.0818 1.5897 0.0636
v -0.0821 1.5630 0.0595
v -0.0778 1.6086 0.0530
v -0.0844 1.5906 0.0541
v -0.0837 1.5629 0.0538
v -0.0795 1.6083 0.0411
v -0.0860 1.5901 0.0441
v -0.0847 1.5621 0.0478
v -0.0797 1.6063 0.0292
v -0.0863 1.5881 0.0338
v -0.0849 1.5605 0.0414
v -0.0784 1.6024 0.0175
v -0.0852 1.5846 0.0236
v -0.0847 1.5581 0.0349
v -0.0755 1.5968 0.0065
v -0.0826 1.5798 0.0140
v -0.0842 1.5551 0.0284
v -0.0710 1.5895 -0.0032
v -0.0785 1.5736 0.0052
v -0.0830 1.5514 0.0223
v -0.0646 1.5807 -0.0111
v -0.0735 1.5663 -0.0021
v -0.0806 1.5472 0.0169
v -0.0569 1.5709 -0.0163
v -0.0673 1.5581 -0.0072
v -0.0762 1.5426 0.0126
v -0.0628 1.5858 0.0867
v -0.0650 1.5778 0.0824
v -0.0637 1.5682 0.0747
v -0.0671 1.5903 0.0795
v -0.0689 1.5817 0.0760
v -0.0668 1.5713 0.0695
v -0.0711 1.5940 0.0714
v -0.0724 1.5848 0.0689
v -0.0694 1.5735 0.0640
v -0.0744 1.5964 0.0624
v -0.0753 1.5867 0.0612
v -0.0715 1.5747 0.0581
v -0.0768 1.5976 0.0527
v -0.0774 1.5875 0.0528
v -0.0730 1.5750 0.0518
v -0.0782 1.5972 0.0425
v -0.0787 1.5870 0.0439
v -0.0739 1.5744 0.0453
v -0.0784 1.5953 0.0322
v -0.0788 1.5852 0.0349
v -0.0739 1.5728 0.0385
v -0.0773 1.5919 0.0221
v -0.0779 1.5822 0.0260
v -0.0732 1.5705 0.0318
v -0.0748 1.5870 0.0125
v -0.0756 1.5779 0.0175
v -0.0718 1.5673 0.0252
v -0.0708 1.5808 0.0039
v -0.0722 1.5725 0.0098
v -0.0699 1.5633 0.0191
v -0.0654 1.5734 -0.0032
v -0.0680 1.5662 0.0033
v -0.0671 1.5587 0.0139
v -0.0591 1.5650 -0.0081
v -0.0627 1.5590 -0.0013
v -0.0629 1.5536 0.0098
v -0.0581 1.5821 0.0809
v -0.0662 1.5701 0.0777
v -0.0716 1.5534 0.0691
v -0.0619 1.5861 0.0745
v -0.0696 1.5735 0.0722
v -0.0739 1.5555 0.0653
v -0.0653 1.5893 0.0674
v -0.0725 1.5759 0.0661
v -0.0759 1.5567 0.0613
v -0.0680 1.5913 0.0596
v -0.0749 1.5774 0.0596
v -0.0775 1.5571 0.0571
v -0.0699 1.5922 0.0514
v -0.0767 1.5778 0.0526
v -0.0787 1.5568 0.0528
v -0.0709 1.5918 0.0427
v -0.0777 1.5772 0.0452
v -0.0794 1.5559 0.0482
v -0.0710 1.5902 0.0339
v -0.0779 1.5756 0.0376
v -0.0797 1.5545 0.0433
v -0.0700 1.5872 0.0253
v -0.0771 1.5729 0.0300
v -0.0798 1.5526 0.0382
v -0.0679 1.5831 0.0172
v -0.0754 1.5693 0.0227
v -0.0796 1.5502 0.0330
v -0.0647 1.5779 0.0098
v -0.0731 1.5648 0.0160
v -0.0787 1.5474 0.0280
v -0.0604 1.5717 0.0037
v -0.0699 1.5596 0.0102
v -0.0768 1.5444 0.0234
v -0.0553 1.5647 -0.0007
v -0.0652 1.5538 0.0058
v -0.0734 1.5411 0.0196
v -0.0810 1.5615 0.0593
v -0.0799 1.5571 0.0679
v -0.0733 1.5519 0.0790
v -0.0801 1.5548 0.0571
v -0.0794 1.5530 0.0665
v -0.0732 1.5512 0.0787
v -0.0791 1.5486 0.0570
v -0.0786 1.5487 0.0662
v -0.0730 1.5495 0.0782
v -0.0780 1.5431 0.0580
v -0.0777 1.5443 0.0666
v -0.0726 1.5465 0.0779
v -0.0769 1.5380 0.0597
v -0.0767 1.5397 0.0676
v -0.0721 1.5424 0.0778
v -0.0758 1.5332 0.0617
v -0.0756 1.5349 0.0688
v -0.0715 1.5376 0.0780
v -0.0746 1.5285 0.0639
v -0.0745 1.5300 0.0701
v -0.0708 1.5324 0.0782
v -0.0735 1.5239 0.0660
v -0.0733 1.5251 0.0714
v -0.0702 1.5271 0.0784
v -0.0722 1.5194 0.0680
v -0.0721 1.5203 0.0725
v -0.0694 1.5219 0.0785
v -0.0709 1.5151 0.0696
v -0.0708 1.5158 0.0735
v -0.0686 1.5171 0.0785
v -0.0695 1.5113 0.0709
v -0.0694 1.5118 0.0741
v -0.0675 1.5129 0.0784
v -0.0679 1.5081 0.0716
v -0.0677 1.5084 0.0745
v -0.0661 1.5096 0.0783
v -0.0780 1.5595 0.0636
v -0.0760 1.5575 0.0678
v -0.0712 1.5558 0.0721
v -0.0774 1.5542 0.0619
v -0.0755 1.5535 0.0665
v -0.0709 1.5531 0.0712
v -0.0766 1.5489 0.0616
v -0.0749 1.5492 0.0662
v -0.0706 1.5498 0.0708
v -0.0757 1.5440 0.0624
v -0.0742 1.5447 0.0666
v -0.0702 1.5459 0.0710
v -0.0748 1.5391 0.0637
v -0.0735 1.5401 0.0676
v -0.0698 1.5414 0.0715
v -0.0739 1.5343 0.0653
v -0.0727 1.5353 0.0688
v -0.0694 1.5365 0.0723
v -0.0730 1.5295 0.0670
v -0.0719 1.5303 0.0701
v -0.0690 1.5314 0.0732
v -0.0720 1.5247 0.0687
v -0.0711 1.5254 0.0714
v -0.0686 1.5263 0.0741
v -0.0710 1.5200 0.0703
v -0.0702 1.5206 0.0725
v -0.0681 1.5214 0.0748
v -0.0699 1.5157 0.0716
v -0.0693 1.5161 0.0734
v -0.0675 1.5168 0.0754
v -0.0686 1.5118 0.0725
v -0.0681 1.5122 0.0741
v -0.0666 1.5129 0.0757
v -0.0671 1.5086 0.0730
v -0.0666 1.5090 0.0745
v -0.0654 1.5098 0.0759
v -0.0737 1.5595 0.0645
v -0.0735 1.5558 0.0717
v -0.0697 1.5515 0.0806
v -0.0731 1.5545 0.0629
v -0.0732 1.5529 0.0707
v -0.0697 1.5513 0.0804
v -0.0725 1.5495 0.0626
v -0.0727 1.5495 0.0703
v -0.0696 1.5500 0.0799
v -0.0718 1.5446 0.0633
v -0.0722 1.5455 0.0705
v -0.0694 1.5471 0.0795
v -0.0712 1.5397 0.0645
v -0.0717 1.5410 0.0711
v -0.0692 1.5430 0.0793
v -0.0707 1.5349 0.0661
v -0.0711 1.5362 0.0719
v -0.0688 1.5382 0.0793
v -0.0702 1.5300 0.0677
v -0.0705 1.5312 0.0729
v -0.0685 1.5330 0.0794
v -0.0696 1.5251 0.0693
v -0.0699 1.5261 0.0738
v -0.0682 1.5276 0.0794
v -0.0690 1.5205 0.0708
v -0.0692 1.5212 0.0746
v -0.0677 1.5224 0.0793
v -0.0682 1.5161 0.0719
v -0.0684 1.5166 0.0752
v -0.0671 1.5175 0.0791
v -0.0672 1.5123 0.0728
v -0.0674 1.5126 0.0755
v -0.0663 1.5134 0.0789
v -0.0660 1.5093 0.0733
v -0.0660 1.5095 0.0758
v -0.0651 1.5102 0.0788
v 0.0204 1.4685 -0.0070
v 0.0111 1.4672 -0.0111
v -0.0037 1.4677 -0.0120
v 0.0163 1.4884 -0.0173
v 0.0050 1.4869 -0.0216
v -0.0094 1.4878 -0.0224
v -0.0119 1.4942 -0.0279
v -0.0201 1.4962 -0.0320
v -0.0242 1.5008 -0.0318
v -0.0167 1.5038 -0.0346
v -0.0208 1.5091 -0.0385
v -0.0223 1.5161 -0.0380
v 0.0022 1.5226 -0.0381
v -0.0052 1.5256 -0.0422
v -0.0119 1.5315 -0.0422
v 0.0181 1.5457 -0.0415
v 0.0093 1.5457 -0.0455
v -0.0028 1.5475 -0.0459
v 0.0232 1.5615 -0.0449
v 0.0138 1.5605 -0.0491
v -0.0002 1.5607 -0.0496
v 0.0238 1.5739 -0.0481
v 0.0145 1.5729 -0.0523
v -0.0003 1.5728 -0.0530
v 0.0122 1.4681 -0.0067
v 0.0068 1.4680 -0.0075
v -0.0001 1.4691 -0.0059
v 0.0122 1.4882 -0.0170
v 0.0066 1.4881 -0.0178
v -0.0003 1.4892 -0.0162
v 0.0135 1.5045 -0.0258
v 0.0075 1.5044 -0.0266
v 0.0002 1.5054 -0.0250
v 0.0147 1.5185 -0.0332
v 0.0086 1.5183 -0.0340
v 0.0010 1.5192 -0.0323
v 0.0154 1.5312 -0.0395
v 0.0093 1.5309 -0.0402
v 0.0018 1.5318 -0.0385
v 0.0155 1.5433 -0.0448
v 0.0097 1.5430 -0.0455
v 0.0024 1.5437 -0.0437
v 0.0155 1.5553 -0.0491
v 0.0099 1.5550 -0.0498
v 0.0030 1.5556 -0.0480
v 0.0159 1.5678 -0.0523
v 0.0105 1.5675 -0.0530
v 0.0037 1.5680 -0.0511
v 0.0090 1.4691 -0.0122
v 0.0017 1.4678 -0.0163
v -0.0092 1.4677 -0.0174
v 0.0107 1.4897 -0.0228
v 0.0032 1.4883 -0.0269
v -0.0080 1.4883 -0.0280
v 0.0138 1.5066 -0.0295
v 0.0058 1.5053 -0.0336
v -0.0062 1.5052 -0.0349
v 0.0163 1.5213 -0.0335
v 0.0082 1.5199 -0.0376
v -0.0043 1.5197 -0.0390
v 0.0172 1.5343 -0.0374
v 0.0093 1.5328 -0.0415
v -0.0030 1.5325 -0.0431
v 0.0170 1.5462 -0.0421
v 0.0094 1.5448 -0.0463
v -0.0024 1.5444 -0.0480
v 0.0163 1.5578 -0.0462
v 0.0090 1.5565 -0.0504
v -0.0024 1.5562 -0.0521
v 0.0157 1.5696 -0.0492
v 0.0085 1.5686 -0.0535
v -0.0027 1.5683 -0.0552
v 0.0272 1.4727 -0.0135
v 0.0180 1.4723 -0.0180
v 0.0038 1.4747 -0.0184
v 0.0325 1.4909 -0.0228
v 0.0233 1.4904 -0.0272
v 0.0083 1.4925 -0.0274
v 0.0383 1.5074 -0.0284
v 0.0286 1.5068 -0.0328
v 0.0127 1.5084 -0.0332
v 0.0419 1.5227 -0.0314
v 0.0318 1.5219 -0.0357
v 0.0156 1.5230 -0.0363
v 0.0436 1.5368 -0.0339
v 0.0324 1.5360 -0.0383
v 0.0165 1.5367 -0.0391
v 0.0427 1.5496 -0.0373
v 0.0321 1.5490 -0.0417
v 0.0161 1.5498 -0.0428
v 0.0415 1.5614 -0.0403
v 0.0315 1.5615 -0.0448
v 0.0161 1.5628 -0.0461
v 0.0416 1.5723 -0.0425
v 0.0324 1.5733 -0.0472
v 0.0178 1.5760 -0.0487
v 0.0214 1.4738 -0.0139
v 0.0162 1.4743 -0.0149
v 0.0094 1.4764 -0.0137
v 0.0267 1.4918 -0.0231
v 0.0214 1.4923 -0.0240
v 0.0143 1.4942 -0.0228
v 0.0319 1.5082 -0.0287
v 0.0265 1.5085 -0.0296
v 0.0190 1.5101 -0.0283
v 0.0349 1.5232 -0.0315
v 0.0295 1.5234 -0.0325
v 0.0219 1.5247 -0.0310
v 0.0363 1.5372 -0.0340
v 0.0300 1.5372 -0.0349
v 0.0226 1.5383 -0.0334
v 0.0358 1.5500 -0.0374
v 0.0296 1.5502 -0.0382
v 0.0221 1.5511 -0.0366
v 0.0351 1.5621 -0.0404
v 0.0293 1.5625 -0.0413
v 0.0220 1.5636 -0.0397
v 0.0357 1.5734 -0.0427
v 0.0304 1.5743 -0.0437
v 0.0236 1.5759 -0.0422
v 0.0182 1.4758 -0.0110
v 0.0105 1.4751 -0.0153
v -0.0011 1.4763 -0.0171
v 0.0061 1.4894 -0.0216
v -0.0066 1.4878 -0.0264
v -0.0158 1.4910 -0.0279
v -0.0181 1.4942 -0.0295
v -0.0259 1.4971 -0.0340
v -0.0340 1.5024 -0.0355
v -0.0210 1.5038 -0.0324
v -0.0285 1.5078 -0.0370
v -0.0334 1.5146 -0.0383
v -0.0053 1.5197 -0.0330
v -0.0142 1.5220 -0.0376
v -0.0226 1.5269 -0.0394
v 0.0108 1.5409 -0.0348
v 0.0014 1.5406 -0.0393
v -0.0101 1.5419 -0.0415
v 0.0173 1.5569 -0.0373
v 0.0088 1.5565 -0.0418
v -0.0023 1.5574 -0.0440
v 0.0221 1.5703 -0.0394
v 0.0142 1.5706 -0.0440
v 0.0030 1.5722 -0.0464
v 0.0349 1.4789 -0.0041
v 0.0291 1.4775 -0.0127
v 0.0176 1.4778 -0.0219
v 0.0413 1.4947 -0.0097
v 0.0348 1.4930 -0.0183
v 0.0234 1.4927 -0.0272
v 0.0471 1.5098 -0.0135
v 0.0406 1.5078 -0.0220
v 0.0286 1.5070 -0.0308
v 0.0506 1.5242 -0.0154
v 0.0448 1.5221 -0.0240
v 0.0321 1.5209 -0.0327
v 0.0523 1.5379 -0.0170
v 0.0471 1.5358 -0.0256
v 0.0334 1.5343 -0.0342
v 0.0516 1.5508 -0.0197
v 0.0468 1.5488 -0.0281
v 0.0337 1.5473 -0.0366
v 0.0504 1.5628 -0.0229
v 0.0455 1.5610 -0.0314
v 0.0330 1.5598 -0.0400
v 0.0504 1.5741 -0.0258
v 0.0451 1.5726 -0.0344
v 0.0331 1.5718 -0.0431
v 0.0296 1.4791 -0.0075
v 0.0248 1.4787 -0.0112
v 0.0170 1.4794 -0.0135
v 0.0212 1.4887 -0.0142
v 0.0122 1.4867 -0.0182
v 0.0013 1.4860 -0.0208
v 0.0047 1.4911 -0.0196
v -0.0074 1.4891 -0.0239
v -0.0171 1.4909 -0.0265
v -0.0016 1.4950 -0.0219
v -0.0122 1.4945 -0.0261
v -0.0223 1.4978 -0.0288
v -0.0036 1.4998 -0.0232
v -0.0136 1.5001 -0.0275
v -0.0234 1.5039 -0.0302
v -0.0092 1.5041 -0.0258
v -0.0157 1.5057 -0.0297
v -0.0181 1.5124 -0.0318
v 0.0230 1.5323 -0.0264
v 0.0206 1.5349 -0.0299
v 0.0218 1.5454 -0.0319
v 0.0423 1.5656 -0.0287
v 0.0389 1.5667 -0.0323
v 0.0335 1.5700 -0.0346
v 0.0253 1.4810 0.0016
v 0.0199 1.4791 -0.0061
v 0.0095 1.4779 -0.0142
v 0.0108 1.4872 -0.0056
v 0.0028 1.4844 -0.0134
v -0.0062 1.4850 -0.0214
v -0.0092 1.4890 -0.0127
v -0.0148 1.4892 -0.0205
v -0.0214 1.4922 -0.0283
v -0.0169 1.4943 -0.0181
v -0.0205 1.4954 -0.0257
v -0.0241 1.4999 -0.0331
v -0.0191 1.4997 -0.0221
v -0.0205 1.5016 -0.0296
v -0.0210 1.5085 -0.0367
v -0.0144 1.5078 -0.0249
v -0.0129 1.5105 -0.0321
v -0.0161 1.5177 -0.0395
v -0.0114 1.5141 -0.0273
v -0.0106 1.5179 -0.0346
v 0.0029 1.5332 -0.0408
v 0.0229 1.5434 -0.0276
v 0.0233 1.5489 -0.0351
v 0.0264 1.5637 -0.0426
v 0.0458 1.4843 0.0131
v 0.0396 1.4819 0.0049
v 0.0265 1.4807 -0.0037
v 0.0520 1.4979 0.0072
v 0.0454 1.4958 -0.0011
v 0.0308 1.4951 -0.0099
v 0.0573 1.5113 0.0019
v 0.0506 1.5094 -0.0065
v 0.0356 1.5088 -0.0153
v 0.0607 1.5243 -0.0028
v 0.0545 1.5225 -0.0113
v 0.0401 1.5220 -0.0200
v 0.0626 1.5367 -0.0068
v 0.0568 1.5352 -0.0154
v 0.0435 1.5348 -0.0242
v 0.0624 1.5482 -0.0098
v 0.0573 1.5474 -0.0186
v 0.0447 1.5476 -0.0275
v 0.0620 1.5585 -0.0115
v 0.0571 1.5590 -0.0204
v 0.0451 1.5608 -0.0296
v 0.0628 1.5677 -0.0116
v 0.0582 1.5701 -0.0205
v 0.0472 1.5746 -0.0297
v 0.0395 1.4836 0.0099
v 0.0337 1.4822 0.0064
v 0.0244 1.4817 0.0039
v 0.0326 1.4903 0.0030
v 0.0210 1.4867 -0.0010
v 0.0067 1.4848 -0.0040
v 0.0219 1.4924 -0.0033
v 0.0065 1.4877 -0.0077
v -0.0068 1.4888 -0.0107
v 0.0197 1.4969 -0.0080
v 0.0077 1.4942 -0.0122
v -0.0062 1.4956 -0.0153
v 0.0242 1.5055 -0.0115
v 0.0146 1.5032 -0.0154
v 0.0032 1.5047 -0.0183
v 0.0288 1.5143 -0.0138
v 0.0208 1.5127 -0.0178
v 0.0111 1.5144 -0.0205
v 0.0353 1.5259 -0.0149
v 0.0296 1.5251 -0.0187
v 0.0230 1.5282 -0.0212
v 0.0383 1.5317 -0.0144
v 0.0328 1.5301 -0.0180
v 0.0270 1.5331 -0.0205
v 0.0354 1.4854 0.0109
v 0.0307 1.4829 0.0037
v 0.0199 1.4807 -0.0039
v 0.0339 1.4960 0.0044
v 0.0218 1.4908 -0.0035
v 0.0030 1.4862 -0.0120
v 0.0280 1.5024 -0.0016
v 0.0064 1.4923 -0.0104
v -0.0132 1.4903 -0.0191
v 0.0243 1.5073 -0.0065
v 0.0008 1.4962 -0.0155
v -0.0164 1.4964 -0.0242
v 0.0278 1.5175 -0.0101
v -0.0016 1.5003 -0.0195
v -0.0158 1.5017 -0.0280
v 0.0404 1.5378 -0.0125
v 0.0180 1.5196 -0.0210
v -0.0096 1.5114 -0.0305
v 0.0490 1.5557 -0.0138
v 0.0435 1.5541 -0.0217
v 0.0352 1.5557 -0.0298
v 0.0539 1.5703 -0.0138
v 0.0508 1.5719 -0.0216
v 0.0435 1.5756 -0.0296
v 0.0504 1.4816 0.0082
v 0.0470 1.4842 -0.0014
v 0.0335 1.4899 -0.0074
v 0.0584 1.4910 0.0058
v 0.0535 1.4923 -0.0033
v 0.0377 1.4968 -0.0083
v 0.0656 1.5020 0.0044
v 0.0599 1.5025 -0.0046
v 0.0430 1.5062 -0.0095
v 0.0717 1.5137 0.0021
v 0.0660 1.5137 -0.0068
v 0.0489 1.5169 -0.0117
v 0.0775 1.5259 -0.0009
v 0.0712 1.5256 -0.0097
v 0.0541 1.5284 -0.0144
v 0.0782 1.5392 -0.0002
v 0.0725 1.5386 -0.0091
v 0.0567 1.5407 -0.0152
v 0.0753 1.5535 0.0016
v 0.0701 1.5524 -0.0072
v 0.0567 1.5533 -0.0154
v 0.0755 1.5674 -0.0024
v 0.0701 1.5658 -0.0108
v 0.0580 1.5658 -0.0195
v 0.0432 1.4826 0.0070
v 0.0394 1.4844 0.0030
v 0.0323 1.4871 0.0006
v 0.0460 1.4917 0.0055
v 0.0409 1.4929 0.0013
v 0.0331 1.4954 -0.0012
v 0.0481 1.5021 0.0030
v 0.0420 1.5030 -0.0014
v 0.0333 1.5057 -0.0040
v 0.0525 1.5132 0.0006
v 0.0459 1.5141 -0.0036
v 0.0363 1.5172 -0.0057
v 0.0611 1.5262 -0.0001
v 0.0548 1.5265 -0.0041
v 0.0450 1.5288 -0.0063
v 0.0682 1.5402 0.0000
v 0.0628 1.5405 -0.0038
v 0.0538 1.5421 -0.0059
v 0.0699 1.5539 -0.0014
v 0.0655 1.5540 -0.0050
v 0.0577 1.5553 -0.0073
v 0.0705 1.5675 -0.0056
v 0.0663 1.5673 -0.0091
v 0.0593 1.5682 -0.0114
v 0.0361 1.4857 0.0124
v 0.0296 1.4852 0.0042
v 0.0135 1.4840 -0.0042
v 0.0378 1.4922 0.0104
v 0.0263 1.4881 0.0021
v 0.0078 1.4858 -0.0058
v 0.0348 1.4959 0.0060
v 0.0192 1.4888 -0.0021
v 0.0009 1.4884 -0.0094
v 0.0303 1.4992 0.0015
v 0.0140 1.4903 -0.0060
v -0.0026 1.4920 -0.0129
v 0.0336 1.5117 -0.0015
v 0.0195 1.4982 -0.0076
v 0.0005 1.4973 -0.0147
v 0.0488 1.5321 -0.0007
v 0.0330 1.5244 -0.0100
v 0.0199 1.5184 -0.0162
v 0.0639 1.5526 -0.0004
v 0.0556 1.5485 -0.0083
v 0.0440 1.5474 -0.0161
v 0.0658 1.5689 -0.0046
v 0.0621 1.5668 -0.0119
v 0.0541 1.5661 -0.0194
v 0.0481 1.4750 0.0071
v 0.0548 1.4788 -0.0040
v 0.0555 1.4879 -0.0144
v 0.0619 1.4838 0.0049
v 0.0635 1.4858 -0.0045
v 0.0575 1.4913 -0.0140
v 0.0697 1.4939 0.0053
v 0.0697 1.4941 -0.0044
v 0.0611 1.4971 -0.0138
v 0.0753 1.5037 0.0051
v 0.0751 1.5030 -0.0045
v 0.0657 1.5048 -0.0138
v 0.0792 1.5138 0.0058
v 0.0793 1.5126 -0.0040
v 0.0710 1.5139 -0.0137
v 0.0829 1.5247 0.0075
v 0.0843 1.5231 -0.0024
v 0.0759 1.5240 -0.0132
v 0.0812 1.5364 0.0118
v 0.0840 1.5344 0.0015
v 0.0771 1.5349 -0.0104
v 0.0779 1.5490 0.0167
v 0.0816 1.5464 0.0061
v 0.0776 1.5461 -0.0073
v 0.0395 1.4801 0.0106
v 0.0396 1.4827 0.0054
v 0.0366 1.4870 0.0005
v 0.0454 1.4881 0.0116
v 0.0443 1.4893 0.0062
v 0.0394 1.4920 0.0015
v 0.0508 1.4971 0.0114
v 0.0489 1.4974 0.0061
v 0.0430 1.4991 0.0016
v 0.0555 1.5066 0.0115
v 0.0533 1.5065 0.0061
v 0.0468 1.5078 0.0019
v 0.0594 1.5164 0.0114
v 0.0573 1.5161 0.0061
v 0.0509 1.5173 0.0019
v 0.0636 1.5268 0.0122
v 0.0617 1.5264 0.0068
v 0.0558 1.5276 0.0022
v 0.0673 1.5379 0.0134
v 0.0660 1.5376 0.0081
v 0.0607 1.5387 0.0030
v 0.0707 1.5495 0.0133
v 0.0699 1.5491 0.0080
v 0.0655 1.5502 0.0025
v 0.0355 1.4825 0.0091
v 0.0391 1.4854 0.0007
v 0.0394 1.4915 -0.0081
v 0.0406 1.4900 0.0106
v 0.0423 1.4908 0.0016
v 0.0392 1.4941 -0.0075
v 0.0455 1.4987 0.0109
v 0.0460 1.4981 0.0016
v 0.0410 1.4994 -0.0073
v 0.0497 1.5086 0.0117
v 0.0498 1.5071 0.0024
v 0.0440 1.5074 -0.0068
v 0.0537 1.5183 0.0116
v 0.0538 1.5167 0.0026
v 0.0482 1.5168 -0.0061
v 0.0586 1.5282 0.0107
v 0.0592 1.5262 0.0016
v 0.0537 1.5261 -0.0075
v 0.0630 1.5390 0.0106
v 0.0643 1.5368 0.0017
v 0.0600 1.5364 -0.0082
v 0.0669 1.5508 0.0099
v 0.0689 1.5482 0.0014
v 0.0660 1.5472 -0.0090
v 0.0159 1.4598 -0.0134
v 0.0088 1.4590 -0.0167
v -0.0026 1.4598 -0.0175
v 0.0180 1.4779 -0.0217
v 0.0108 1.4771 -0.0249
v -0.0007 1.4778 -0.0258
v 0.0247 1.4980 -0.0289
v 0.0158 1.4970 -0.0326
v 0.0016 1.4976 -0.0336
v 0.0305 1.5192 -0.0363
v 0.0204 1.5180 -0.0404
v 0.0036 1.5185 -0.0413
v 0.0305 1.5339 -0.0422
v 0.0205 1.5327 -0.0464
v 0.0041 1.5329 -0.0472
v 0.0292 1.5469 -0.0471
v 0.0194 1.5456 -0.0512
v 0.0038 1.5457 -0.0520
v 0.0280 1.5591 -0.0512
v 0.0183 1.5579 -0.0553
v 0.0033 1.5578 -0.0560
v 0.0272 1.5710 -0.0544
v 0.0179 1.5700 -0.0586
v 0.0031 1.5699 -0.0593
v 0.0148 1.4607 -0.0102
v 0.0095 1.4608 -0.0111
v 0.0026 1.4622 -0.0096
v 0.0178 1.4841 -0.0210
v 0.0123 1.4843 -0.0218
v 0.0053 1.4856 -0.0203
v 0.0215 1.5033 -0.0296
v 0.0142 1.5026 -0.0305
v 0.0046 1.5029 -0.0291
v 0.0140 1.5132 -0.0372
v 0.0024 1.5106 -0.0384
v -0.0091 1.5113 -0.0372
v 0.0086 1.5229 -0.0432
v -0.0033 1.5204 -0.0445
v -0.0135 1.5220 -0.0432
v 0.0138 1.5397 -0.0476
v 0.0050 1.5374 -0.0485
v -0.0038 1.5379 -0.0469
v 0.0194 1.5581 -0.0513
v 0.0133 1.5571 -0.0520
v 0.0061 1.5572 -0.0502
v 0.0213 1.5711 -0.0543
v 0.0160 1.5709 -0.0550
v 0.0091 1.5714 -0.0532
v 0.0117 1.4624 -0.0071
v 0.0043 1.4613 -0.0112
v -0.0068 1.4614 -0.0133
v 0.0146 1.4859 -0.0178
v 0.0070 1.4847 -0.0219
v -0.0043 1.4848 -0.0240
v 0.0184 1.5052 -0.0263
v 0.0102 1.5040 -0.0305
v -0.0020 1.5040 -0.0325
v 0.0207 1.5214 -0.0333
v 0.0122 1.5202 -0.0374
v -0.0003 1.5201 -0.0393
v 0.0207 1.5356 -0.0389
v 0.0125 1.5343 -0.0430
v 0.0002 1.5340 -0.0449
v 0.0196 1.5483 -0.0437
v 0.0118 1.5470 -0.0478
v 0.0001 1.5465 -0.0496
v 0.0185 1.5602 -0.0477
v 0.0110 1.5590 -0.0518
v -0.0002 1.5585 -0.0536
v 0.0182 1.5719 -0.0509
v 0.0108 1.5709 -0.0550
v -0.0004 1.5705 -0.0569
v 0.0213 1.4624 -0.0132
v 0.0143 1.4624 -0.0168
v 0.0032 1.4645 -0.0184
v 0.0269 1.4772 -0.0238
v 0.0200 1.4772 -0.0275
v 0.0090 1.4790 -0.0293
v 0.0409 1.4941 -0.0374
v 0.0322 1.4938 -0.0414
v 0.0183 1.4954 -0.0428
v 0.0513 1.5151 -0.0440
v 0.0408 1.5145 -0.0483
v 0.0242 1.5158 -0.0497
v 0.0530 1.5305 -0.0495
v 0.0417 1.5299 -0.0540
v 0.0254 1.5310 -0.0553
v 0.0509 1.5445 -0.0512
v 0.0411 1.5436 -0.0582
v 0.0248 1.5446 -0.0595
v 0.0480 1.5573 -0.0515
v 0.0386 1.5571 -0.0576
v 0.0227 1.5587 -0.0588
v 0.0457 1.5693 -0.0495
v 0.0366 1.5701 -0.0549
v 0.0218 1.5728 -0.0562
v 0.0230 1.4643 -0.0125
v 0.0178 1.4651 -0.0137
v 0.0109 1.4674 -0.0122
v 0.0331 1.4828 -0.0302
v 0.0278 1.4835 -0.0313
v 0.0204 1.4858 -0.0288
v 0.0405 1.5005 -0.0381
v 0.0347 1.5010 -0.0391
v 0.0265 1.5031 -0.0365
v 0.0450 1.5164 -0.0445
v 0.0390 1.5168 -0.0454
v 0.0309 1.5183 -0.0441
v 0.0460 1.5310 -0.0497
v 0.0395 1.5313 -0.0506
v 0.0316 1.5325 -0.0491
v 0.0433 1.5453 -0.0496
v 0.0370 1.5456 -0.0505
v 0.0290 1.5466 -0.0491
v 0.0394 1.5588 -0.0474
v 0.0336 1.5593 -0.0484
v 0.0261 1.5605 -0.0468
v 0.0393 1.5705 -0.0490
v 0.0339 1.5714 -0.0500
v 0.0270 1.5730 -0.0486
v 0.0188 1.4670 -0.0074
v 0.0116 1.4666 -0.0119
v 0.0007 1.4681 -0.0147
v 0.0244 1.4868 -0.0169
v 0.0172 1.4864 -0.0214
v 0.0061 1.4877 -0.0240
v 0.0305 1.5043 -0.0247
v 0.0233 1.5038 -0.0292
v 0.0112 1.5048 -0.0317
v 0.0345 1.5200 -0.0311
v 0.0272 1.5194 -0.0355
v 0.0147 1.5200 -0.0378
v 0.0361 1.5344 -0.0362
v 0.0281 1.5337 -0.0406
v 0.0159 1.5341 -0.0428
v 0.0361 1.5477 -0.0402
v 0.0275 1.5471 -0.0446
v 0.0159 1.5475 -0.0469
v 0.0355 1.5601 -0.0433
v 0.0275 1.5600 -0.0479
v 0.0160 1.5608 -0.0503
v 0.0360 1.5718 -0.0457
v 0.0287 1.5724 -0.0503
v 0.0178 1.5741 -0.0529
v 0.0330 1.4593 -0.0075
v 0.0270 1.4582 -0.0146
v 0.0174 1.4571 -0.0206
v 0.0365 1.4745 -0.0161
v 0.0304 1.4727 -0.0233
v 0.0208 1.4720 -0.0293
v 0.0427 1.4885 -0.0249
v 0.0363 1.4861 -0.0315
v 0.0264 1.4857 -0.0378
v 0.0520 1.5069 -0.0280
v 0.0461 1.5044 -0.0354
v 0.0344 1.5040 -0.0424
v 0.0625 1.5284 -0.0320
v 0.0555 1.5262 -0.0398
v 0.0409 1.5257 -0.0477
v 0.0627 1.5440 -0.0364
v 0.0570 1.5424 -0.0446
v 0.0423 1.5417 -0.0527
v 0.0587 1.5579 -0.0359
v 0.0532 1.5564 -0.0442
v 0.0396 1.5557 -0.0523
v 0.0551 1.5708 -0.0339
v 0.0495 1.5693 -0.0423
v 0.0368 1.5688 -0.0504
v 0.0372 1.4584 -0.0090
v 0.0329 1.4579 -0.0122
v 0.0257 1.4576 -0.0133
v 0.0423 1.4775 -0.0203
v 0.0378 1.4771 -0.0236
v 0.0301 1.4774 -0.0242
v 0.0476 1.4963 -0.0253
v 0.0434 1.4960 -0.0286
v 0.0352 1.4966 -0.0292
v 0.0534 1.5136 -0.0303
v 0.0492 1.5133 -0.0336
v 0.0404 1.5140 -0.0343
v 0.0538 1.5304 -0.0297
v 0.0493 1.5301 -0.0330
v 0.0405 1.5306 -0.0343
v 0.0511 1.5458 -0.0290
v 0.0467 1.5454 -0.0323
v 0.0388 1.5457 -0.0342
v 0.0501 1.5589 -0.0325
v 0.0458 1.5586 -0.0358
v 0.0383 1.5588 -0.0378
v 0.0494 1.5709 -0.0357
v 0.0452 1.5706 -0.0390
v 0.0382 1.5710 -0.0409
v 0.0249 1.4589 -0.0087
v 0.0208 1.4581 -0.0147
v 0.0141 1.4571 -0.0202
v 0.0255 1.4756 -0.0120
v 0.0214 1.4741 -0.0179
v 0.0148 1.4734 -0.0234
v 0.0283 1.4908 -0.0160
v 0.0243 1.4888 -0.0217
v 0.0177 1.4882 -0.0273
v 0.0353 1.5095 -0.0193
v 0.0318 1.5073 -0.0257
v 0.0245 1.5066 -0.0320
v 0.0439 1.5312 -0.0233
v 0.0395 1.5293 -0.0303
v 0.0303 1.5284 -0.0373
v 0.0458 1.5467 -0.0277
v 0.0417 1.5452 -0.0349
v 0.0316 1.5443 -0.0421
v 0.0451 1.5598 -0.0312
v 0.0410 1.5584 -0.0385
v 0.0316 1.5574 -0.0457
v 0.0448 1.5718 -0.0343
v 0.0406 1.5705 -0.0416
v 0.0317 1.5697 -0.0489
v 0.0419 1.4598 -0.0140
v 0.0365 1.4596 -0.0197
v 0.0259 1.4582 -0.0238
v 0.0435 1.4711 -0.0183
v 0.0379 1.4710 -0.0241
v 0.0265 1.4712 -0.0268
v 0.0477 1.4838 -0.0231
v 0.0425 1.4837 -0.0289
v 0.0303 1.4848 -0.0308
v 0.0592 1.5021 -0.0240
v 0.0526 1.5019 -0.0305
v 0.0383 1.5036 -0.0325
v 0.0728 1.5245 -0.0255
v 0.0649 1.5241 -0.0328
v 0.0473 1.5262 -0.0348
v 0.0751 1.5404 -0.0287
v 0.0673 1.5405 -0.0362
v 0.0502 1.5430 -0.0382
v 0.0722 1.5533 -0.0271
v 0.0644 1.5544 -0.0343
v 0.0489 1.5577 -0.0376
v 0.0696 1.5641 -0.0225
v 0.0624 1.5671 -0.0295
v 0.0488 1.5722 -0.0347
v 0.0372 1.4593 -0.0147
v 0.0337 1.4589 -0.0167
v 0.0283 1.4577 -0.0174
v 0.0382 1.4713 -0.0182
v 0.0344 1.4713 -0.0200
v 0.0287 1.4713 -0.0203
v 0.0483 1.4871 -0.0237
v 0.0445 1.4874 -0.0261
v 0.0385 1.4881 -0.0269
v 0.0620 1.5092 -0.0245
v 0.0566 1.5095 -0.0272
v 0.0491 1.5107 -0.0282
v 0.0680 1.5265 -0.0279
v 0.0628 1.5268 -0.0306
v 0.0544 1.5280 -0.0316
v 0.0663 1.5421 -0.0262
v 0.0609 1.5425 -0.0289
v 0.0529 1.5438 -0.0299
v 0.0627 1.5556 -0.0230
v 0.0575 1.5565 -0.0257
v 0.0499 1.5582 -0.0267
v 0.0630 1.5665 -0.0226
v 0.0583 1.5682 -0.0255
v 0.0513 1.5705 -0.0265
v 0.0342 1.4583 -0.0133
v 0.0302 1.4582 -0.0187
v 0.0228 1.4573 -0.0230
v 0.0353 1.4711 -0.0175
v 0.0315 1.4709 -0.0232
v 0.0235 1.4710 -0.0265
v 0.0411 1.4854 -0.0229
v 0.0360 1.4844 -0.0284
v 0.0275 1.4850 -0.0312
v 0.0502 1.5045 -0.0238
v 0.0454 1.5033 -0.0300
v 0.0352 1.5042 -0.0330
v 0.0621 1.5268 -0.0258
v 0.0559 1.5260 -0.0324
v 0.0435 1.5271 -0.0356
v 0.0607 1.5434 -0.0238
v 0.0550 1.5433 -0.0302
v 0.0437 1.5445 -0.0348
v 0.0577 1.5568 -0.0208
v 0.0523 1.5576 -0.0276
v 0.0425 1.5594 -0.0337
v 0.0585 1.5677 -0.0207
v 0.0536 1.5699 -0.0276
v 0.0447 1.5735 -0.0338
v 0.0422 1.4553 -0.0028
v 0.0386 1.4584 -0.0099
v 0.0310 1.4612 -0.0138
v 0.0440 1.4632 -0.0044
v 0.0400 1.4641 -0.0116
v 0.0333 1.4655 -0.0176
v 0.0529 1.4763 -0.0049
v 0.0481 1.4757 -0.0145
v 0.0392 1.4775 -0.0215
v 0.0701 1.4965 -0.0036
v 0.0639 1.4957 -0.0127
v 0.0514 1.4971 -0.0225
v 0.0760 1.5165 -0.0040
v 0.0738 1.5151 -0.0139
v 0.0630 1.5150 -0.0261
v 0.0771 1.5348 -0.0058
v 0.0773 1.5324 -0.0157
v 0.0731 1.5307 -0.0297
v 0.0706 1.5529 -0.0031
v 0.0750 1.5494 -0.0127
v 0.0754 1.5458 -0.0271
v 0.0678 1.5691 -0.0031
v 0.0726 1.5649 -0.0115
v 0.0744 1.5598 -0.0256
v 0.0356 1.4556 -0.0106
v 0.0324 1.4567 -0.0132
v 0.0280 1.4568 -0.0147
v 0.0355 1.4637 -0.0090
v 0.0323 1.4641 -0.0118
v 0.0278 1.4647 -0.0131
v 0.0418 1.4771 -0.0075
v 0.0378 1.4773 -0.0107
v 0.0324 1.4783 -0.0125
v 0.0573 1.4982 -0.0019
v 0.0526 1.4983 -0.0063
v 0.0449 1.4993 -0.0094
v 0.0645 1.5183 0.0005
v 0.0617 1.5181 -0.0044
v 0.0549 1.5187 -0.0089
v 0.0677 1.5362 -0.0010
v 0.0664 1.5354 -0.0061
v 0.0612 1.5354 -0.0119
v 0.0674 1.5525 -0.0043
v 0.0679 1.5510 -0.0095
v 0.0656 1.5501 -0.0161
v 0.0679 1.5672 -0.0087
v 0.0688 1.5652 -0.0137
v 0.0675 1.5635 -0.0203
v 0.0322 1.4545 -0.0100
v 0.0291 1.4575 -0.0153
v 0.0240 1.4600 -0.0204
v 0.0320 1.4638 -0.0082
v 0.0290 1.4646 -0.0140
v 0.0240 1.4657 -0.0194
v 0.0379 1.4779 -0.0065
v 0.0339 1.4777 -0.0132
v 0.0279 1.4787 -0.0195
v 0.0508 1.4990 -0.0045
v 0.0466 1.4982 -0.0124
v 0.0390 1.4988 -0.0201
v 0.0580 1.5188 -0.0048
v 0.0571 1.5175 -0.0131
v 0.0507 1.5170 -0.0226
v 0.0617 1.5368 -0.0049
v 0.0637 1.5346 -0.0131
v 0.0623 1.5329 -0.0237
v 0.0631 1.5529 -0.0073
v 0.0676 1.5499 -0.0146
v 0.0698 1.5467 -0.0254
v 0.0643 1.5671 -0.0119
v 0.0693 1.5636 -0.0186
v 0.0721 1.5594 -0.0290
v 0.0534 1.4646 0.0047
v 0.0515 1.4633 -0.0033
v 0.0454 1.4587 -0.0114
v 0.0531 1.4684 0.0031
v 0.0502 1.4673 -0.0053
v 0.0412 1.4650 -0.0121
v 0.0560 1.4751 -0.0023
v 0.0516 1.4749 -0.0091
v 0.0412 1.4742 -0.0156
v 0.0647 1.4864 -0.0040
v 0.0600 1.4867 -0.0112
v 0.0485 1.4876 -0.0184
v 0.0730 1.5039 0.0004
v 0.0691 1.5047 -0.0079
v 0.0592 1.5071 -0.0161
v 0.0778 1.5221 0.0023
v 0.0745 1.5230 -0.0067
v 0.0640 1.5256 -0.0161
v 0.0766 1.5382 0.0068
v 0.0744 1.5389 -0.0025
v 0.0647 1.5419 -0.0123
v 0.0763 1.5547 0.0113
v 0.0742 1.5548 0.0016
v 0.0671 1.5574 -0.0095
v 0.0645 1.4626 0.0016
v 0.0620 1.4607 -0.0028
v 0.0576 1.4565 -0.0063
v 0.0630 1.4688 -0.0001
v 0.0591 1.4678 -0.0038
v 0.0520 1.4657 -0.0061
v 0.0663 1.4789 -0.0049
v 0.0617 1.4786 -0.0084
v 0.0534 1.4781 -0.0099
v 0.0724 1.4921 -0.0076
v 0.0675 1.4923 -0.0112
v 0.0585 1.4929 -0.0122
v 0.0775 1.5076 -0.0048
v 0.0727 1.5082 -0.0083
v 0.0637 1.5095 -0.0091
v 0.0782 1.5244 0.0030
v 0.0741 1.5252 -0.0006
v 0.0653 1.5270 -0.0021
v 0.0771 1.5408 0.0083
v 0.0737 1.5417 0.0044
v 0.0663 1.5436 0.0014
v 0.0787 1.5560 0.0071
v 0.0758 1.5568 0.0028
v 0.0694 1.5587 -0.0009
v 0.0481 1.4586 -0.0054
v 0.0452 1.4582 -0.0126
v 0.0417 1.4553 -0.0194
v 0.0451 1.4651 -0.0060
v 0.0411 1.4645 -0.0127
v 0.0356 1.4630 -0.0184
v 0.0493 1.4749 -0.0084
v 0.0446 1.4744 -0.0149
v 0.0371 1.4746 -0.0188
v 0.0628 1.4903 -0.0078
v 0.0576 1.4901 -0.0154
v 0.0474 1.4912 -0.0203
v 0.0723 1.5086 -0.0022
v 0.0677 1.5090 -0.0100
v 0.0561 1.5108 -0.0148
v 0.0765 1.5248 -0.0004
v 0.0726 1.5253 -0.0082
v 0.0610 1.5275 -0.0134
v 0.0755 1.5415 0.0040
v 0.0729 1.5418 -0.0040
v 0.0627 1.5438 -0.0110
v 0.0738 1.5579 0.0073
v 0.0721 1.5577 -0.0010
v 0.0651 1.5591 -0.0103
v -0.0204 1.4685 -0.0070
v -0.0111 1.4672 -0.0111
v 0.0037 1.4677 -0.0120
v -0.0220 1.4903 -0.0167
v -0.0124 1.4890 -0.0208
v 0.0029 1.4895 -0.0217
v -0.0237 1.5085 -0.0245
v -0.0136 1.5072 -0.0286
v 0.0028 1.5075 -0.0295
v -0.0247 1.5240 -0.0309
v -0.0144 1.5226 -0.0350
v 0.0024 1.5228 -0.0358
v -0.0248 1.5376 -0.0363
v -0.0147 1.5363 -0.0404
v 0.0017 1.5363 -0.0411
v -0.0244 1.5502 -0.0409
v -0.0147 1.5488 -0.0450
v 0.0010 1.5487 -0.0457
v -0.0240 1.5621 -0.0449
v -0.0146 1.5609 -0.0490
v 0.0005 1.5607 -0.0496
v -0.0238 1.5739 -0.0481
v -0.0145 1.5729 -0.0523
v 0.0003 1.5728 -0.0530
v -0.0148 1.4688 -0.0070
v -0.0095 1.4687 -0.0078
v -0.0027 1.4699 -0.0062
v -0.0162 1.4900 -0.0175
v -0.0107 1.4899 -0.0183
v -0.0038 1.4910 -0.0167
v -0.0165 1.5074 -0.0265
v -0.0107 1.5073 -0.0273
v -0.0031 1.5083 -0.0257
v -0.0160 1.5223 -0.0340
v -0.0099 1.5221 -0.0348
v -0.0021 1.5230 -0.0332
v -0.0149 1.5355 -0.0403
v -0.0089 1.5353 -0.0411
v -0.0012 1.5361 -0.0394
v -0.0137 1.5479 -0.0454
v -0.0079 1.5476 -0.0462
v -0.0006 1.5483 -0.0445
v -0.0127 1.5599 -0.0495
v -0.0072 1.5596 -0.0503
v -0.0001 1.5601 -0.0486
v -0.0123 1.5719 -0.0526
v -0.0069 1.5717 -0.0534
v 0.0000 1.5721 -0.0516
v -0.0140 1.4696 -0.0035
v -0.0067 1.4682 -0.0076
v 0.0044 1.4680 -0.0095
v -0.0199 1.4899 -0.0133
v -0.0128 1.4883 -0.0175
v -0.0012 1.4881 -0.0194
v -0.0261 1.5060 -0.0221
v -0.0190 1.5041 -0.0267
v -0.0069 1.5036 -0.0289
v -0.0299 1.5205 -0.0287
v -0.0228 1.5184 -0.0336
v -0.0105 1.5176 -0.0360
v -0.0306 1.5342 -0.0336
v -0.0235 1.5322 -0.0383
v -0.0111 1.5314 -0.0406
v -0.0291 1.5473 -0.0374
v -0.0219 1.5455 -0.0418
v -0.0098 1.5449 -0.0439
v -0.0267 1.5599 -0.0408
v -0.0195 1.5585 -0.0450
v -0.0077 1.5580 -0.0468
v -0.0245 1.5721 -0.0441
v -0.0171 1.5711 -0.0483
v -0.0055 1.5708 -0.0501
v -0.0291 1.4739 -0.0052
v -0.0198 1.4735 -0.0097
v -0.0052 1.4757 -0.0115
v -0.0338 1.4921 -0.0145
v -0.0238 1.4916 -0.0189
v -0.0087 1.4935 -0.0205
v -0.0377 1.5083 -0.0221
v -0.0275 1.5077 -0.0265
v -0.0114 1.5091 -0.0278
v -0.0403 1.5231 -0.0284
v -0.0299 1.5223 -0.0327
v -0.0133 1.5233 -0.0338
v -0.0410 1.5368 -0.0334
v -0.0306 1.5360 -0.0377
v -0.0144 1.5367 -0.0387
v -0.0407 1.5496 -0.0373
v -0.0305 1.5490 -0.0417
v -0.0151 1.5498 -0.0428
v -0.0405 1.5614 -0.0403
v -0.0308 1.5615 -0.0448
v -0.0159 1.5628 -0.0461
v -0.0414 1.5723 -0.0425
v -0.0323 1.5733 -0.0472
v -0.0178 1.5760 -0.0487
v -0.0239 1.4747 -0.0056
v -0.0187 1.4753 -0.0066
v -0.0121 1.4773 -0.0054
v -0.0303 1.4923 -0.0148
v -0.0247 1.4928 -0.0157
v -0.0178 1.4946 -0.0145
v -0.0363 1.5079 -0.0223
v -0.0306 1.5081 -0.0232
v -0.0232 1.5097 -0.0218
v -0.0408 1.5220 -0.0285
v -0.0350 1.5222 -0.0293
v -0.0272 1.5234 -0.0278
v -0.0429 1.5353 -0.0334
v -0.0368 1.5354 -0.0343
v -0.0292 1.5364 -0.0326
v -0.0431 1.5480 -0.0374
v -0.0372 1.5481 -0.0382
v -0.0297 1.5490 -0.0366
v -0.0427 1.5600 -0.0404
v -0.0372 1.5604 -0.0413
v -0.0301 1.5615 -0.0397
v -0.0431 1.5715 -0.0427
v -0.0380 1.5723 -0.0437
v -0.0313 1.5739 -0.0422
v -0.0210 1.4769 -0.0026
v -0.0136 1.4762 -0.0070
v -0.0027 1.4772 -0.0095
v -0.0269 1.4944 -0.0114
v -0.0192 1.4936 -0.0158
v -0.0082 1.4943 -0.0184
v -0.0317 1.5098 -0.0180
v -0.0238 1.5089 -0.0225
v -0.0125 1.5094 -0.0252
v -0.0356 1.5238 -0.0237
v -0.0274 1.5229 -0.0281
v -0.0158 1.5230 -0.0308
v -0.0381 1.5368 -0.0289
v -0.0297 1.5359 -0.0333
v -0.0182 1.5359 -0.0358
v -0.0391 1.5492 -0.0334
v -0.0307 1.5485 -0.0378
v -0.0196 1.5486 -0.0402
v -0.0391 1.5612 -0.0370
v -0.0312 1.5611 -0.0415
v -0.0202 1.5618 -0.0438
v -0.0394 1.5729 -0.0394
v -0.0320 1.5736 -0.0440
v -0.0210 1.5753 -0.0464
v -0.0387 1.4789 -0.0041
v -0.0329 1.4775 -0.0127
v -0.0206 1.4780 -0.0205
v -0.0451 1.4948 -0.0097
v -0.0385 1.4930 -0.0183
v -0.0254 1.4929 -0.0258
v -0.0494 1.5098 -0.0135
v -0.0425 1.5078 -0.0220
v -0.0292 1.5071 -0.0296
v -0.0511 1.5242 -0.0154
v -0.0451 1.5222 -0.0238
v -0.0313 1.5210 -0.0317
v -0.0518 1.5379 -0.0170
v -0.0459 1.5359 -0.0254
v -0.0319 1.5344 -0.0336
v -0.0511 1.5507 -0.0197
v -0.0455 1.5488 -0.0281
v -0.0319 1.5473 -0.0366
v -0.0504 1.5628 -0.0229
v -0.0449 1.5610 -0.0314
v -0.0321 1.5598 -0.0400
v -0.0505 1.5741 -0.0258
v -0.0450 1.5726 -0.0344
v -0.0329 1.5718 -0.0431
v -0.0316 1.4803 0.0008
v -0.0275 1.4802 -0.0028
v -0.0208 1.4813 -0.0054
v -0.0373 1.4959 -0.0047
v -0.0327 1.4956 -0.0083
v -0.0254 1.4964 -0.0107
v -0.0416 1.5106 -0.0100
v -0.0367 1.5101 -0.0135
v -0.0291 1.5105 -0.0158
v -0.0442 1.5244 -0.0148
v -0.0396 1.5238 -0.0183
v -0.0318 1.5239 -0.0205
v -0.0458 1.5376 -0.0191
v -0.0412 1.5369 -0.0225
v -0.0333 1.5369 -0.0247
v -0.0458 1.5503 -0.0228
v -0.0413 1.5496 -0.0262
v -0.0337 1.5495 -0.0284
v -0.0452 1.5624 -0.0260
v -0.0410 1.5618 -0.0295
v -0.0338 1.5618 -0.0317
v -0.0455 1.5739 -0.0290
v -0.0414 1.5735 -0.0325
v -0.0346 1.5738 -0.0348
v -0.0271 1.4819 0.0017
v -0.0232 1.4804 -0.0058
v -0.0150 1.4801 -0.0137
v -0.0323 1.4974 -0.0038
v -0.0279 1.4956 -0.0112
v -0.0193 1.4948 -0.0190
v -0.0362 1.5117 -0.0090
v -0.0317 1.5099 -0.0164
v -0.0230 1.5087 -0.0240
v -0.0388 1.5254 -0.0138
v -0.0345 1.5234 -0.0211
v -0.0256 1.5220 -0.0286
v -0.0404 1.5384 -0.0179
v -0.0361 1.5365 -0.0253
v -0.0269 1.5350 -0.0328
v -0.0406 1.5509 -0.0216
v -0.0364 1.5491 -0.0290
v -0.0273 1.5477 -0.0365
v -0.0404 1.5631 -0.0249
v -0.0364 1.5615 -0.0323
v -0.0277 1.5602 -0.0399
v -0.0409 1.5748 -0.0279
v -0.0370 1.5733 -0.0354
v -0.0287 1.5724 -0.0430
v -0.0474 1.4831 0.0048
v -0.0413 1.4807 -0.0035
v -0.0284 1.4796 -0.0120
v -0.0531 1.4967 -0.0011
v -0.0467 1.4947 -0.0095
v -0.0327 1.4940 -0.0182
v -0.0579 1.5103 -0.0050
v -0.0513 1.5084 -0.0134
v -0.0370 1.5079 -0.0221
v -0.0605 1.5237 -0.0070
v -0.0539 1.5219 -0.0155
v -0.0401 1.5214 -0.0242
v -0.0618 1.5365 -0.0083
v -0.0560 1.5350 -0.0169
v -0.0422 1.5346 -0.0257
v -0.0619 1.5482 -0.0099
v -0.0565 1.5473 -0.0186
v -0.0434 1.5476 -0.0276
v -0.0620 1.5585 -0.0115
v -0.0569 1.5590 -0.0204
v -0.0445 1.5608 -0.0296
v -0.0631 1.5677 -0.0116
v -0.0584 1.5700 -0.0205
v -0.0472 1.5746 -0.0297
v -0.0394 1.4841 0.0104
v -0.0351 1.4835 0.0069
v -0.0282 1.4839 0.0045
v -0.0437 1.4980 0.0052
v -0.0392 1.4976 0.0016
v -0.0319 1.4982 -0.0010
v -0.0481 1.5115 0.0003
v -0.0435 1.5111 -0.0033
v -0.0358 1.5117 -0.0060
v -0.0520 1.5244 -0.0048
v -0.0471 1.5241 -0.0083
v -0.0393 1.5246 -0.0109
v -0.0548 1.5368 -0.0094
v -0.0504 1.5365 -0.0130
v -0.0427 1.5370 -0.0155
v -0.0564 1.5484 -0.0130
v -0.0521 1.5484 -0.0166
v -0.0446 1.5491 -0.0191
v -0.0570 1.5594 -0.0149
v -0.0529 1.5600 -0.0186
v -0.0458 1.5613 -0.0211
v -0.0584 1.5695 -0.0149
v -0.0546 1.5711 -0.0186
v -0.0481 1.5735 -0.0211
v -0.0358 1.4848 0.0099
v -0.0315 1.4826 0.0029
v -0.0225 1.4814 -0.0041
v -0.0411 1.4975 0.0028
v -0.0366 1.4957 -0.0042
v -0.0268 1.4952 -0.0110
v -0.0454 1.5104 -0.0026
v -0.0407 1.5088 -0.0096
v -0.0305 1.5086 -0.0163
v -0.0480 1.5238 -0.0063
v -0.0431 1.5223 -0.0133
v -0.0335 1.5220 -0.0203
v -0.0497 1.5371 -0.0092
v -0.0455 1.5357 -0.0164
v -0.0360 1.5353 -0.0238
v -0.0508 1.5494 -0.0118
v -0.0469 1.5485 -0.0192
v -0.0380 1.5485 -0.0271
v -0.0519 1.5605 -0.0137
v -0.0483 1.5607 -0.0215
v -0.0400 1.5618 -0.0296
v -0.0537 1.5709 -0.0139
v -0.0505 1.5727 -0.0217
v -0.0431 1.5759 -0.0297
v -0.0486 1.4821 0.0032
v -0.0449 1.4849 -0.0062
v -0.0335 1.4898 -0.0136
v -0.0546 1.4921 0.0019
v -0.0499 1.4934 -0.0072
v -0.0370 1.4969 -0.0141
v -0.0611 1.5031 0.0005
v -0.0558 1.5035 -0.0085
v -0.0417 1.5064 -0.0147
v -0.0665 1.5149 -0.0008
v -0.0610 1.5149 -0.0098
v -0.0464 1.5173 -0.0156
v -0.0718 1.5274 -0.0013
v -0.0655 1.5271 -0.0102
v -0.0513 1.5290 -0.0163
v -0.0743 1.5403 0.0004
v -0.0684 1.5397 -0.0086
v -0.0547 1.5411 -0.0157
v -0.0747 1.5536 0.0017
v -0.0692 1.5525 -0.0072
v -0.0565 1.5533 -0.0157
v -0.0756 1.5674 -0.0024
v -0.0701 1.5658 -0.0108
v -0.0581 1.5658 -0.0195
v -0.0418 1.4838 0.0108
v -0.0384 1.4856 0.0070
v -0.0320 1.4883 0.0044
v -0.0465 1.4927 0.0104
v -0.0428 1.4938 0.0066
v -0.0360 1.4962 0.0041
v -0.0518 1.5031 0.0090
v -0.0479 1.5039 0.0053
v -0.0408 1.5061 0.0027
v -0.0572 1.5146 0.0070
v -0.0531 1.5154 0.0034
v -0.0455 1.5176 0.0012
v -0.0633 1.5271 0.0045
v -0.0589 1.5276 0.0009
v -0.0508 1.5296 -0.0014
v -0.0675 1.5403 0.0020
v -0.0630 1.5407 -0.0017
v -0.0551 1.5424 -0.0040
v -0.0694 1.5539 -0.0012
v -0.0651 1.5540 -0.0048
v -0.0576 1.5553 -0.0072
v -0.0706 1.5675 -0.0056
v -0.0664 1.5673 -0.0091
v -0.0596 1.5682 -0.0114
v -0.0371 1.4854 0.0117
v -0.0346 1.4874 0.0038
v -0.0279 1.4908 -0.0049
v -0.0417 1.4944 0.0113
v -0.0386 1.4953 0.0036
v -0.0313 1.4974 -0.0053
v -0.0467 1.5049 0.0099
v -0.0434 1.5052 0.0023
v -0.0356 1.5066 -0.0066
v -0.0521 1.5165 0.0079
v -0.0485 1.5164 0.0003
v -0.0399 1.5177 -0.0080
v -0.0580 1.5289 0.0054
v -0.0539 1.5285 -0.0021
v -0.0444 1.5298 -0.0099
v -0.0621 1.5421 0.0029
v -0.0580 1.5414 -0.0047
v -0.0487 1.5422 -0.0124
v -0.0644 1.5556 -0.0002
v -0.0604 1.5544 -0.0077
v -0.0517 1.5546 -0.0155
v -0.0659 1.5690 -0.0046
v -0.0620 1.5674 -0.0119
v -0.0537 1.5668 -0.0195
v -0.0442 1.4775 0.0133
v -0.0474 1.4818 0.0033
v -0.0462 1.4905 -0.0090
v -0.0516 1.4871 0.0137
v -0.0523 1.4890 0.0038
v -0.0468 1.4940 -0.0084
v -0.0573 1.4970 0.0135
v -0.0566 1.4972 0.0037
v -0.0488 1.4998 -0.0084
v -0.0617 1.5070 0.0129
v -0.0605 1.5062 0.0030
v -0.0518 1.5076 -0.0089
v -0.0664 1.5171 0.0127
v -0.0640 1.5157 0.0024
v -0.0551 1.5167 -0.0095
v -0.0701 1.5277 0.0130
v -0.0683 1.5260 0.0026
v -0.0589 1.5266 -0.0097
v -0.0729 1.5386 0.0136
v -0.0720 1.5366 0.0032
v -0.0640 1.5370 -0.0097
v -0.0748 1.5501 0.0153
v -0.0752 1.5476 0.0050
v -0.0692 1.5472 -0.0086
v -0.0423 1.4804 0.0124
v -0.0423 1.4831 0.0077
v -0.0395 1.4873 0.0031
v -0.0475 1.4886 0.0146
v -0.0462 1.4899 0.0096
v -0.0418 1.4925 0.0048
v -0.0521 1.4976 0.0145
v -0.0500 1.4981 0.0096
v -0.0447 1.4996 0.0051
v -0.0561 1.5071 0.0140
v -0.0537 1.5071 0.0091
v -0.0477 1.5084 0.0050
v -0.0605 1.5168 0.0135
v -0.0574 1.5167 0.0088
v -0.0511 1.5178 0.0047
v -0.0645 1.5270 0.0137
v -0.0616 1.5269 0.0089
v -0.0554 1.5280 0.0045
v -0.0680 1.5379 0.0141
v -0.0656 1.5377 0.0092
v -0.0599 1.5390 0.0044
v -0.0714 1.5495 0.0137
v -0.0698 1.5491 0.0086
v -0.0650 1.5502 0.0031
v -0.0369 1.4839 0.0190
v -0.0402 1.4869 0.0110
v -0.0405 1.4929 0.0014
v -0.0415 1.4915 0.0211
v -0.0429 1.4924 0.0123
v -0.0403 1.4955 0.0021
v -0.0458 1.5002 0.0210
v -0.0461 1.4997 0.0122
v -0.0418 1.5009 0.0023
v -0.0500 1.5095 0.0197
v -0.0496 1.5082 0.0110
v -0.0446 1.5085 0.0014
v -0.0547 1.5189 0.0174
v -0.0538 1.5174 0.0091
v -0.0483 1.5173 -0.0005
v -0.0591 1.5290 0.0154
v -0.0585 1.5273 0.0071
v -0.0531 1.5271 -0.0027
v -0.0630 1.5399 0.0138
v -0.0630 1.5380 0.0055
v -0.0585 1.5376 -0.0046
v -0.0668 1.5516 0.0120
v -0.0678 1.5492 0.0038
v -0.0646 1.5482 -0.0068
v -0.0159 1.4598 -0.0134
v -0.0088 1.4590 -0.0167
v 0.0026 1.4598 -0.0175
v -0.0181 1.4779 -0.0232
v -0.0109 1.4772 -0.0264
v 0.0008 1.4778 -0.0265
v -0.0243 1.4982 -0.0348
v -0.0153 1.4973 -0.0385
v -0.0005 1.4978 -0.0373
v -0.0294 1.5195 -0.0422
v -0.0188 1.5183 -0.0462
v -0.0014 1.5186 -0.0446
v -0.0291 1.5340 -0.0453
v -0.0189 1.5328 -0.0494
v -0.0020 1.5330 -0.0487
v -0.0281 1.5469 -0.0472
v -0.0183 1.5456 -0.0514
v -0.0025 1.5457 -0.0520
v -0.0274 1.5591 -0.0511
v -0.0180 1.5579 -0.0553
v -0.0030 1.5578 -0.0560
v -0.0272 1.5710 -0.0544
v -0.0179 1.5700 -0.0586
v -0.0031 1.5699 -0.0593
v -0.0148 1.4607 -0.0102
v -0.0095 1.4608 -0.0111
v -0.0026 1.4622 -0.0096
v -0.0172 1.4841 -0.0210
v -0.0118 1.4843 -0.0218
v -0.0049 1.4856 -0.0203
v -0.0196 1.5035 -0.0295
v -0.0138 1.5036 -0.0303
v -0.0063 1.5049 -0.0288
v -0.0213 1.5199 -0.0365
v -0.0153 1.5199 -0.0372
v -0.0075 1.5210 -0.0356
v -0.0220 1.5342 -0.0422
v -0.0160 1.5341 -0.0430
v -0.0084 1.5350 -0.0413
v -0.0218 1.5470 -0.0470
v -0.0162 1.5469 -0.0477
v -0.0089 1.5476 -0.0460
v -0.0215 1.5592 -0.0511
v -0.0160 1.5590 -0.0518
v -0.0090 1.5596 -0.0500
v -0.0213 1.5711 -0.0543
v -0.0160 1.5709 -0.0550
v -0.0091 1.5714 -0.0532
v -0.0117 1.4624 -0.0071
v -0.0043 1.4613 -0.0112
v 0.0068 1.4614 -0.0133
v -0.0141 1.4858 -0.0178
v -0.0065 1.4847 -0.0219
v 0.0049 1.4848 -0.0240
v -0.0162 1.5052 -0.0263
v -0.0081 1.5040 -0.0305
v 0.0042 1.5040 -0.0325
v -0.0177 1.5214 -0.0333
v -0.0094 1.5202 -0.0374
v 0.0033 1.5201 -0.0393
v -0.0184 1.5356 -0.0389
v -0.0102 1.5343 -0.0430
v 0.0022 1.5340 -0.0449
v -0.0185 1.5483 -0.0437
v -0.0106 1.5470 -0.0478
v 0.0012 1.5465 -0.0496
v -0.0183 1.5602 -0.0477
v -0.0107 1.5590 -0.0518
v 0.0006 1.5585 -0.0536
v -0.0182 1.5719 -0.0509
v -0.0108 1.5709 -0.0550
v 0.0004 1.5705 -0.0569
v -0.0213 1.4624 -0.0132
v -0.0143 1.4624 -0.0168
v -0.0031 1.4645 -0.0184
v -0.0256 1.4779 -0.0224
v -0.0185 1.4779 -0.0261
v -0.0072 1.4798 -0.0277
v -0.0349 1.4963 -0.0330
v -0.0262 1.4960 -0.0370
v -0.0123 1.4976 -0.0384
v -0.0439 1.5173 -0.0396
v -0.0334 1.5167 -0.0439
v -0.0168 1.5180 -0.0453
v -0.0449 1.5325 -0.0421
v -0.0346 1.5320 -0.0465
v -0.0182 1.5331 -0.0479
v -0.0442 1.5460 -0.0434
v -0.0341 1.5456 -0.0479
v -0.0185 1.5466 -0.0492
v -0.0440 1.5583 -0.0465
v -0.0343 1.5584 -0.0511
v -0.0194 1.5599 -0.0525
v -0.0449 1.5694 -0.0487
v -0.0358 1.5704 -0.0535
v -0.0213 1.5730 -0.0551
v -0.0221 1.4648 -0.0116
v -0.0169 1.4656 -0.0127
v -0.0102 1.4678 -0.0114
v -0.0285 1.4850 -0.0258
v -0.0231 1.4857 -0.0269
v -0.0160 1.4877 -0.0250
v -0.0340 1.5027 -0.0336
v -0.0282 1.5032 -0.0347
v -0.0204 1.5050 -0.0327
v -0.0377 1.5186 -0.0401
v -0.0317 1.5190 -0.0410
v -0.0236 1.5205 -0.0389
v -0.0383 1.5331 -0.0425
v -0.0324 1.5334 -0.0435
v -0.0246 1.5346 -0.0416
v -0.0376 1.5465 -0.0436
v -0.0319 1.5467 -0.0445
v -0.0246 1.5478 -0.0430
v -0.0378 1.5590 -0.0467
v -0.0322 1.5594 -0.0476
v -0.0253 1.5606 -0.0461
v -0.0390 1.5705 -0.0490
v -0.0338 1.5714 -0.0500
v -0.0270 1.5730 -0.0486
v -0.0188 1.4670 -0.0074
v -0.0116 1.4666 -0.0119
v -0.0007 1.4681 -0.0147
v -0.0240 1.4868 -0.0169
v -0.0166 1.4864 -0.0214
v -0.0054 1.4877 -0.0240
v -0.0288 1.5043 -0.0247
v -0.0210 1.5038 -0.0292
v -0.0090 1.5048 -0.0317
v -0.0324 1.5200 -0.0311
v -0.0242 1.5194 -0.0355
v -0.0118 1.5200 -0.0378
v -0.0338 1.5344 -0.0362
v -0.0259 1.5337 -0.0406
v -0.0136 1.5341 -0.0428
v -0.0341 1.5477 -0.0402
v -0.0264 1.5471 -0.0446
v -0.0148 1.5475 -0.0469
v -0.0345 1.5601 -0.0433
v -0.0270 1.5600 -0.0479
v -0.0158 1.5608 -0.0503
v -0.0358 1.5718 -0.0457
v -0.0287 1.5724 -0.0503
v -0.0178 1.5741 -0.0529
v -0.0330 1.4593 -0.0075
v -0.0270 1.4583 -0.0145
v -0.0174 1.4571 -0.0206
v -0.0345 1.4756 -0.0137
v -0.0283 1.4739 -0.0208
v -0.0186 1.4732 -0.0269
v -0.0381 1.4907 -0.0204
v -0.0314 1.4883 -0.0271
v -0.0214 1.4879 -0.0334
v -0.0456 1.5091 -0.0236
v -0.0393 1.5066 -0.0310
v -0.0275 1.5062 -0.0380
v -0.0552 1.5306 -0.0276
v -0.0475 1.5284 -0.0354
v -0.0339 1.5279 -0.0433
v -0.0560 1.5461 -0.0290
v -0.0493 1.5445 -0.0370
v -0.0351 1.5438 -0.0451
v -0.0547 1.5591 -0.0297
v -0.0485 1.5576 -0.0380
v -0.0350 1.5569 -0.0460
v -0.0544 1.5710 -0.0327
v -0.0485 1.5696 -0.0410
v -0.0358 1.5690 -0.0491
v -0.0361 1.4591 -0.0077
v -0.0319 1.4585 -0.0109
v -0.0249 1.4581 -0.0123
v -0.0386 1.4797 -0.0159
v -0.0339 1.4793 -0.0192
v -0.0266 1.4794 -0.0204
v -0.0426 1.4985 -0.0208
v -0.0377 1.4982 -0.0242
v -0.0301 1.4986 -0.0254
v -0.0466 1.5158 -0.0259
v -0.0422 1.5155 -0.0292
v -0.0342 1.5159 -0.0305
v -0.0493 1.5314 -0.0276
v -0.0442 1.5311 -0.0309
v -0.0360 1.5315 -0.0325
v -0.0496 1.5458 -0.0290
v -0.0447 1.5454 -0.0323
v -0.0368 1.5457 -0.0342
v -0.0493 1.5589 -0.0325
v -0.0447 1.5586 -0.0358
v -0.0373 1.5588 -0.0378
v -0.0492 1.5709 -0.0357
v -0.0449 1.5706 -0.0390
v -0.0379 1.5710 -0.0409
v -0.0249 1.4589 -0.0087
v -0.0208 1.4581 -0.0147
v -0.0141 1.4571 -0.0202
v -0.0255 1.4756 -0.0120
v -0.0214 1.4741 -0.0179
v -0.0147 1.4734 -0.0234
v -0.0279 1.4908 -0.0160
v -0.0235 1.4888 -0.0217
v -0.0167 1.4882 -0.0273
v -0.0343 1.5095 -0.0193
v -0.0299 1.5073 -0.0257
v -0.0219 1.5066 -0.0320
v -0.0423 1.5312 -0.0233
v -0.0372 1.5293 -0.0303
v -0.0279 1.5284 -0.0373
v -0.0444 1.5467 -0.0277
v -0.0395 1.5452 -0.0349
v -0.0299 1.5443 -0.0421
v -0.0444 1.5598 -0.0312
v -0.0398 1.5584 -0.0385
v -0.0306 1.5574 -0.0457
v -0.0447 1.5718 -0.0343
v -0.0403 1.5705 -0.0416
v -0.0316 1.5697 -0.0489
v -0.0415 1.4601 -0.0135
v -0.0361 1.4598 -0.0193
v -0.0259 1.4582 -0.0240
v -0.0413 1.4725 -0.0156
v -0.0356 1.4724 -0.0213
v -0.0251 1.4722 -0.0260
v -0.0440 1.4860 -0.0187
v -0.0378 1.4860 -0.0245
v -0.0271 1.4865 -0.0294
v -0.0537 1.5043 -0.0196
v -0.0463 1.5041 -0.0261
v -0.0340 1.5051 -0.0316
v -0.0654 1.5267 -0.0211
v -0.0575 1.5263 -0.0284
v -0.0423 1.5276 -0.0347
v -0.0686 1.5426 -0.0243
v -0.0608 1.5427 -0.0318
v -0.0455 1.5443 -0.0383
v -0.0684 1.5547 -0.0241
v -0.0609 1.5558 -0.0316
v -0.0467 1.5585 -0.0379
v -0.0686 1.5646 -0.0216
v -0.0618 1.5674 -0.0288
v -0.0488 1.5722 -0.0350
v -0.0372 1.4594 -0.0146
v -0.0336 1.4589 -0.0167
v -0.0283 1.4577 -0.0174
v -0.0366 1.4723 -0.0162
v -0.0328 1.4723 -0.0181
v -0.0272 1.4721 -0.0182
v -0.0444 1.4894 -0.0193
v -0.0399 1.4896 -0.0217
v -0.0333 1.4903 -0.0219
v -0.0558 1.5114 -0.0201
v -0.0501 1.5117 -0.0228
v -0.0425 1.5130 -0.0232
v -0.0608 1.5287 -0.0235
v -0.0555 1.5290 -0.0262
v -0.0470 1.5301 -0.0265
v -0.0620 1.5433 -0.0238
v -0.0567 1.5437 -0.0266
v -0.0487 1.5450 -0.0271
v -0.0619 1.5557 -0.0228
v -0.0569 1.5566 -0.0256
v -0.0494 1.5582 -0.0265
v -0.0630 1.5665 -0.0226
v -0.0584 1.5682 -0.0255
v -0.0514 1.5705 -0.0265
v -0.0340 1.4583 -0.0132
v -0.0300 1.4583 -0.0185
v -0.0227 1.4573 -0.0230
v -0.0333 1.4723 -0.0151
v -0.0292 1.4722 -0.0206
v -0.0217 1.4721 -0.0245
v -0.0369 1.4876 -0.0185
v -0.0313 1.4866 -0.0240
v -0.0235 1.4869 -0.0276
v -0.0448 1.5067 -0.0194
v -0.0390 1.5055 -0.0256
v -0.0298 1.5059 -0.0295
v -0.0550 1.5290 -0.0214
v -0.0487 1.5282 -0.0280
v -0.0374 1.5288 -0.0324
v -0.0570 1.5445 -0.0216
v -0.0513 1.5443 -0.0282
v -0.0400 1.5452 -0.0334
v -0.0573 1.5569 -0.0207
v -0.0518 1.5576 -0.0275
v -0.0416 1.5594 -0.0337
v -0.0586 1.5677 -0.0207
v -0.0537 1.5699 -0.0276
v -0.0446 1.5735 -0.0338
v -0.0413 1.4558 -0.0018
v -0.0372 1.4592 -0.0083
v -0.0303 1.4616 -0.0130
v -0.0418 1.4645 -0.0019
v -0.0377 1.4654 -0.0088
v -0.0309 1.4669 -0.0148
v -0.0492 1.4781 -0.0025
v -0.0440 1.4780 -0.0101
v -0.0356 1.4798 -0.0171
v -0.0629 1.4987 0.0008
v -0.0579 1.4979 -0.0083
v -0.0466 1.4993 -0.0181
v -0.0686 1.5187 0.0004
v -0.0664 1.5173 -0.0095
v -0.0561 1.5172 -0.0217
v -0.0702 1.5370 -0.0014
v -0.0708 1.5346 -0.0113
v -0.0659 1.5329 -0.0253
v -0.0680 1.5539 -0.0012
v -0.0718 1.5504 -0.0106
v -0.0716 1.5468 -0.0250
v -0.0679 1.5691 -0.0031
v -0.0724 1.5649 -0.0115
v -0.0739 1.5599 -0.0255
v -0.0384 1.4559 -0.0084
v -0.0353 1.4570 -0.0109
v -0.0307 1.4572 -0.0121
v -0.0387 1.4639 -0.0080
v -0.0356 1.4643 -0.0106
v -0.0310 1.4649 -0.0116
v -0.0453 1.4771 -0.0077
v -0.0416 1.4773 -0.0107
v -0.0362 1.4783 -0.0122
v -0.0587 1.4978 -0.0052
v -0.0548 1.4979 -0.0092
v -0.0478 1.4990 -0.0118
v -0.0648 1.5177 -0.0043
v -0.0618 1.5175 -0.0090
v -0.0550 1.5181 -0.0132
v -0.0670 1.5359 -0.0029
v -0.0655 1.5351 -0.0083
v -0.0607 1.5351 -0.0140
v -0.0670 1.5525 -0.0043
v -0.0672 1.5510 -0.0096
v -0.0649 1.5501 -0.0161
v -0.0680 1.5672 -0.0087
v -0.0689 1.5652 -0.0137
v -0.0674 1.5635 -0.0203
v -0.0348 1.4549 -0.0075
v -0.0319 1.4578 -0.0131
v -0.0269 1.4603 -0.0180
v -0.0352 1.4640 -0.0068
v -0.0322 1.4647 -0.0128
v -0.0271 1.4659 -0.0178
v -0.0415 1.4779 -0.0065
v -0.0377 1.4777 -0.0132
v -0.0314 1.4788 -0.0190
v -0.0538 1.4990 -0.0045
v -0.0502 1.4982 -0.0124
v -0.0420 1.4988 -0.0201
v -0.0594 1.5188 -0.0048
v -0.0580 1.5175 -0.0131
v -0.0515 1.5170 -0.0226
v -0.0618 1.5368 -0.0049
v -0.0634 1.5346 -0.0131
v -0.0611 1.5329 -0.0237
v -0.0628 1.5529 -0.0073
v -0.0669 1.5498 -0.0146
v -0.0682 1.5467 -0.0254
v -0.0645 1.5671 -0.0119
v -0.0692 1.5635 -0.0186
v -0.0715 1.5594 -0.0290
v -0.0530 1.4647 0.0048
v -0.0510 1.4635 -0.0030
v -0.0454 1.4587 -0.0113
v -0.0521 1.4687 0.0038
v -0.0489 1.4679 -0.0041
v -0.0406 1.4654 -0.0113
v -0.0525 1.4765 0.0006
v -0.0486 1.4763 -0.0062
v -0.0390 1.4755 -0.0130
v -0.0588 1.4886 0.0004
v -0.0545 1.4889 -0.0068
v -0.0442 1.4898 -0.0140
v -0.0705 1.5064 0.0048
v -0.0659 1.5071 -0.0035
v -0.0541 1.5094 -0.0117
v -0.0803 1.5247 0.0067
v -0.0747 1.5255 -0.0023
v -0.0613 1.5280 -0.0117
v -0.0834 1.5398 0.0062
v -0.0784 1.5405 -0.0031
v -0.0662 1.5433 -0.0131
v -0.0841 1.5550 0.0083
v -0.0805 1.5552 -0.0013
v -0.0698 1.5576 -0.0124
v -0.0676 1.4626 0.0016
v -0.0651 1.4607 -0.0027
v -0.0607 1.4565 -0.0063
v -0.0655 1.4691 0.0005
v -0.0618 1.4680 -0.0033
v -0.0552 1.4658 -0.0060
v -0.0662 1.4802 -0.0022
v -0.0620 1.4799 -0.0058
v -0.0545 1.4792 -0.0078
v -0.0696 1.4942 -0.0045
v -0.0651 1.4944 -0.0081
v -0.0572 1.4947 -0.0094
v -0.0731 1.5092 -0.0046
v -0.0686 1.5098 -0.0082
v -0.0607 1.5109 -0.0095
v -0.0759 1.5247 -0.0007
v -0.0715 1.5255 -0.0043
v -0.0636 1.5272 -0.0061
v -0.0779 1.5403 0.0048
v -0.0738 1.5412 0.0008
v -0.0665 1.5432 -0.0019
v -0.0794 1.5559 0.0065
v -0.0759 1.5567 0.0021
v -0.0694 1.5587 -0.0014
v -0.0511 1.4589 -0.0038
v -0.0481 1.4584 -0.0111
v -0.0444 1.4556 -0.0175
v -0.0481 1.4653 -0.0049
v -0.0443 1.4647 -0.0117
v -0.0387 1.4632 -0.0175
v -0.0507 1.4759 -0.0062
v -0.0466 1.4754 -0.0130
v -0.0399 1.4751 -0.0179
v -0.0602 1.4923 -0.0052
v -0.0560 1.4921 -0.0129
v -0.0474 1.4927 -0.0183
v -0.0677 1.5100 -0.0035
v -0.0637 1.5104 -0.0112
v -0.0535 1.5116 -0.0168
v -0.0714 1.5261 -0.0024
v -0.0672 1.5266 -0.0103
v -0.0578 1.5282 -0.0162
v -0.0732 1.5421 0.0028
v -0.0701 1.5424 -0.0054
v -0.0614 1.5441 -0.0126
v -0.0743 1.5579 0.0068
v -0.0721 1.5576 -0.0016
v -0.0651 1.5590 -0.0108
vt 0.4877 0.9791
vt 0.4877 0.9141
vt 0.4352 0.9141
vt 0.4352 0.9791
vt 0.5402 0.9791
vt 0.5402 0.9141
vt 0.4877 0.8490
vt 0.4352 0.8490
vt 0.5402 0.8490
vt 0.4877 0.7840
vt 0.4352 0.7840
vt 0.5402 0.7840
vt 0.4877 0.7190
vt 0.4352 0.7190
vt 0.5402 0.7190
vt 0.4877 0.6540
vt 0.4352 0.6540
vt 0.5402 0.6540
vt 0.4877 0.5889
vt 0.4352 0.5889
vt 0.5402 0.5889
vt 0.4877 0.5239
vt 0.4352 0.5239
vt 0.5402 0.5239
vt 0.4877 0.4589
vt 0.4352 0.4589
vt 0.5402 0.4589
vt 0.4877 0.3938
vt 0.4352 0.3938
vt 0.5402 0.3938
vt 0.4877 0.3288
vt 0.4352 0.3288
vt 0.5402 0.3288
vt 0.4877 0.2638
vt 0.4352 0.2638
vt 0.5402 0.2638
vt 0.4877 0.1988
vt 0.4352 0.1988
vt 0.5402 0.1988
vt 0.4877 0.1337
vt 0.4352 0.1337
vt 0.5402 0.1337
vt 0.4877 0.0687
vt 0.4352 0.0687
vt 0.5402 0.0687
vt 0.4877 0.0037
vt 0.4352 0.0037
vt 0.5402 0.0037
vt 0.4877 0.9791
vt 0.4877 0.9141
vt 0.4352 0.9141
vt 0.4352 0.9791
vt 0.5402 0.9791
vt 0.5402 0.9141
vt 0.4877 0.8490
vt 0.4352 0.8490
vt 0.5402 0.8490
vt 0.4877 0.7840
vt 0.4352 0.7840
vt 0.5402 0.7840
vt 0.4877 0.7190
vt 0.4352 0.7190
vt 0.5402 0.7190
vt 0.4877 0.6540
vt 0.4352 0.6540
vt 0.5402 0.6540
vt 0.4877 0.5889
vt 0.4352 0.5889
vt 0.5402 0.5889
vt 0.4877 0.5239
vt 0.4352 0.5239
vt 0.5402 0.5239
vt 0.4877 0.4589
vt 0.4352 0.4589
vt 0.5402 0.4589
vt 0.4877 0.3938
vt 0.4352 0.3938
vt 0.5402 0.3938
vt 0.4877 0.3288
vt 0.4352 0.3288
vt 0.5402 0.3288
vt 0.4877 0.2638
vt 0.4352 0.2638
vt 0.5402 0.2638
vt 0.4877 0.1988
vt 0.4352 0.1988
vt 0.5402 0.1988
vt 0.4877 0.1337
vt 0.4352 0.1337
vt 0.5402 0.1337
vt 0.4877 0.0687
vt 0.4352 0.0687
vt 0.5402 0.0687
vt 0.4877 0.0037
vt 0.4352 0.0037
vt 0.5402 0.0037
vt 0.4877 0.9791
vt 0.4877 0.9141
vt 0.4352 0.9141
vt 0.4352 0.9791
vt 0.5402 0.9791
vt 0.5402 0.9141
vt 0.4877 0.8490
vt 0.4352 0.8490
vt 0.5402 0.8490
vt 0.4877 0.7840
vt 0.4352 0.7840
vt 0.5402 0.7840
vt 0.4877 0.7190
vt 0.4352 0.7190
vt 0.5402 0.7190
vt 0.4877 0.6540
vt 0.4352 0.6540
vt 0.5402 0.6540
vt 0.4877 0.5889
vt 0.4352 0.5889
vt 0.5402 0.5889
vt 0.4877 0.5239
vt 0.4352 0.5239
vt 0.5402 0.5239
vt 0.4877 0.4589
vt 0.4352 0.4589
vt 0.5402 0.4589
vt 0.4877 0.3938
vt 0.4352 0.3938
vt 0.5402 0.3938
vt 0.4877 0.3288
vt 0.4352 0.3288
vt 0.5402 0.3288
vt 0.4877 0.2638
vt 0.4352 0.2638
vt 0.5402 0.2638
vt 0.4877 0.1988
vt 0.4352 0.1988
vt 0.5402 0.1988
vt 0.4877 0.1337
vt 0.4352 0.1337
vt 0.5402 0.1337
vt 0.4877 0.0687
vt 0.4352 0.0687
vt 0.5402 0.0687
vt 0.4877 0.0037
vt 0.4352 0.0037
vt 0.5402 0.0037
vt 0.2305 0.4682
vt 0.2305 0.4378
vt 0.1655 0.4378
vt 0.1655 0.4682
vt 0.2956 0.4682
vt 0.2956 0.4378
vt 0.2305 0.4075
vt 0.1655 0.4075
vt 0.2956 0.4075
vt 0.2305 0.3771
vt 0.1655 0.3771
vt 0.2956 0.3771
vt 0.2305 0.3467
vt 0.1655 0.3467
vt 0.2956 0.3467
vt 0.2305 0.3163
vt 0.1655 0.3163
vt 0.2956 0.3163
vt 0.2305 0.2860
vt 0.1655 0.2860
vt 0.2956 0.2860
vt 0.2305 0.2556
vt 0.1655 0.2556
vt 0.2956 0.2556
vt 0.2305 0.2252
vt 0.1655 0.2252
vt 0.2956 0.2252
vt 0.2305 0.1948
vt 0.1655 0.1948
vt 0.2956 0.1948
vt 0.2305 0.1644
vt 0.1655 0.1644
vt 0.2956 0.1644
vt 0.2305 0.1341
vt 0.1655 0.1341
vt 0.2956 0.1341
vt 0.2305 0.1037
vt 0.1655 0.1037
vt 0.2956 0.1037
vt 0.2305 0.0733
vt 0.1655 0.0733
vt 0.2956 0.0733
vt 0.2305 0.0429
vt 0.1655 0.0429
vt 0.2956 0.0429
vt 0.2305 0.0126
vt 0.1655 0.0126
vt 0.2956 0.0126
vt 0.2305 0.4682
vt 0.2305 0.4378
vt 0.1655 0.4378
vt 0.1655 0.4682
vt 0.2956 0.4682
vt 0.2956 0.4378
vt 0.2305 0.4075
vt 0.1655 0.4075
vt 0.2956 0.4075
vt 0.2305 0.3771
vt 0.1655 0.3771
vt 0.2956 0.3771
vt 0.2305 0.3467
vt 0.1655 0.3467
vt 0.2956 0.3467
vt 0.2305 0.3163
vt 0.1655 0.3163
vt 0.2956 0.3163
vt 0.2305 0.2860
vt 0.1655 0.2860
vt 0.2956 0.2860
vt 0.2305 0.2556
vt 0.1655 0.2556
vt 0.2956 0.2556
vt 0.2305 0.2252
vt 0.1655 0.2252
vt 0.2956 0.2252
vt 0.2305 0.1948
vt 0.1655 0.1948
vt 0.2956 0.1948
vt 0.2305 0.1644
vt 0.1655 0.1644
vt 0.2956 0.1644
vt 0.2305 0.1341
vt 0.1655 0.1341
vt 0.2956 0.1341
vt 0.2305 0.1037
vt 0.1655 0.1037
vt 0.2956 0.1037
vt 0.2305 0.0733
vt 0.1655 0.0733
vt 0.2956 0.0733
vt 0.2305 0.0429
vt 0.1655 0.0429
vt 0.2956 0.0429
vt 0.2305 0.0126
vt 0.1655 0.0126
vt 0.2956 0.0126
vt 0.4877 0.9791
vt 0.4877 0.9141
vt 0.4352 0.9141
vt 0.4352 0.9791
vt 0.5402 0.9791
vt 0.5402 0.9141
vt 0.4877 0.8490
vt 0.4352 0.8490
vt 0.5402 0.8490
vt 0.4877 0.7840
vt 0.4352 0.7840
vt 0.5402 0.7840
vt 0.4877 0.7190
vt 0.4352 0.7190
vt 0.5402 0.7190
vt 0.4877 0.6540
vt 0.4352 0.6540
vt 0.5402 0.6540
vt 0.4877 0.5889
vt 0.4352 0.5889
vt 0.5402 0.5889
vt 0.4877 0.5239
vt 0.4352 0.5239
vt 0.5402 0.5239
vt 0.4877 0.4589
vt 0.4352 0.4589
vt 0.5402 0.4589
vt 0.4877 0.3938
vt 0.4352 0.3938
vt 0.5402 0.3938
vt 0.4877 0.3288
vt 0.4352 0.3288
vt 0.5402 0.3288
vt 0.4877 0.2638
vt 0.4352 0.2638
vt 0.5402 0.2638
vt 0.4877 0.1988
vt 0.4352 0.1988
vt 0.5402 0.1988
vt 0.4877 0.1337
vt 0.4352 0.1337
vt 0.5402 0.1337
vt 0.4877 0.0687
vt 0.4352 0.0687
vt 0.5402 0.0687
vt 0.4877 0.0037
vt 0.4352 0.0037
vt 0.5402 0.0037
vt 0.2305 0.4682
vt 0.2305 0.4378
vt 0.1655 0.4378
vt 0.1655 0.4682
vt 0.2956 0.4682
vt 0.2956 0.4378
vt 0.2305 0.4075
vt 0.1655 0.4075
vt 0.2956 0.4075
vt 0.2305 0.3771
vt 0.1655 0.3771
vt 0.2956 0.3771
vt 0.2305 0.3467
vt 0.1655 0.3467
vt 0.2956 0.3467
vt 0.2305 0.3163
vt 0.1655 0.3163
vt 0.2956 0.3163
vt 0.2305 0.2860
vt 0.1655 0.2860
vt 0.2956 0.2860
vt 0.2305 0.2556
vt 0.1655 0.2556
vt 0.2956 0.2556
vt 0.2305 0.2252
vt 0.1655 0.2252
vt 0.2956 0.2252
vt 0.2305 0.1948
vt 0.1655 0.1948
vt 0.2956 0.1948
vt 0.2305 0.1644
vt 0.1655 0.1644
vt 0.2956 0.1644
vt 0.2305 0.1341
vt 0.1655 0.1341
vt 0.2956 0.1341
vt 0.2305 0.1037
vt 0.1655 0.1037
vt 0.2956 0.1037
vt 0.2305 0.0733
vt 0.1655 0.0733
vt 0.2956 0.0733
vt 0.2305 0.0429
vt 0.1655 0.0429
vt 0.2956 0.0429
vt 0.2305 0.0126
vt 0.1655 0.0126
vt 0.2956 0.0126
vt 0.4877 0.9791
vt 0.4877 0.9141
vt 0.4352 0.9141
vt 0.4352 0.9791
vt 0.5402 0.9791
vt 0.5402 0.9141
vt 0.4877 0.8490
vt 0.4352 0.8490
vt 0.5402 0.8490
vt 0.4877 0.7840
vt 0.4352 0.7840
vt 0.5402 0.7840
vt 0.4877 0.7190
vt 0.4352 0.7190
vt 0.5402 0.7190
vt 0.4877 0.6540
vt 0.4352 0.6540
vt 0.5402 0.6540
vt 0.4877 0.5889
vt 0.4352 0.5889
vt 0.5402 0.5889
vt 0.4877 0.5239
vt 0.4352 0.5239
vt 0.5402 0.5239
vt 0.4877 0.4589
vt 0.4352 0.4589
vt 0.5402 0.4589
vt 0.4877 0.3938
vt 0.4352 0.3938
vt 0.5402 0.3938
vt 0.4877 0.3288
vt 0.4352 0.3288
vt 0.5402 0.3288
vt 0.4877 0.2638
vt 0.4352 0.2638
vt 0.5402 0.2638
vt 0.4877 0.1988
vt 0.4352 0.1988
vt 0.5402 0.1988
vt 0.4877 0.1337
vt 0.4352 0.1337
vt 0.5402 0.1337
vt 0.4877 0.0687
vt 0.4352 0.0687
vt 0.5402 0.0687
vt 0.4877 0.0037
vt 0.4352 0.0037
vt 0.5402 0.0037
vt 0.4877 0.9791
vt 0.4877 0.9141
vt 0.4352 0.9141
vt 0.4352 0.9791
vt 0.5402 0.9791
vt 0.5402 0.9141
vt 0.4877 0.8490
vt 0.4352 0.8490
vt 0.5402 0.8490
vt 0.4877 0.7840
vt 0.4352 0.7840
vt 0.5402 0.7840
vt 0.4877 0.7190
vt 0.4352 0.7190
vt 0.5402 0.7190
vt 0.4877 0.6540
vt 0.4352 0.6540
vt 0.5402 0.6540
vt 0.4877 0.5889
vt 0.4352 0.5889
vt 0.5402 0.5889
vt 0.4877 0.5239
vt 0.4352 0.5239
vt 0.5402 0.5239
vt 0.4877 0.4589
vt 0.4352 0.4589
vt 0.5402 0.4589
vt 0.4877 0.3938
vt 0.4352 0.3938
vt 0.5402 0.3938
vt 0.4877 0.3288
vt 0.4352 0.3288
vt 0.5402 0.3288
vt 0.4877 0.2638
vt 0.4352 0.2638
vt 0.5402 0.2638
vt 0.4877 0.1988
vt 0.4352 0.1988
vt 0.5402 0.1988
vt 0.4877 0.1337
vt 0.4352 0.1337
vt 0.5402 0.1337
vt 0.4877 0.0687
vt 0.4352 0.0687
vt 0.5402 0.0687
vt 0.4877 0.0037
vt 0.4352 0.0037
vt 0.5402 0.0037
vt 0.2305 0.4682
vt 0.2305 0.4378
vt 0.1655 0.4378
vt 0.1655 0.4682
vt 0.2956 0.4682
vt 0.2956 0.4378
vt 0.2305 0.4075
vt 0.1655 0.4075
vt 0.2956 0.4075
vt 0.2305 0.3771
vt 0.1655 0.3771
vt 0.2956 0.3771
vt 0.2305 0.3467
vt 0.1655 0.3467
vt 0.2956 0.3467
vt 0.2305 0.3163
vt 0.1655 0.3163
vt 0.2956 0.3163
vt 0.2305 0.2860
vt 0.1655 0.2860
vt 0.2956 0.2860
vt 0.2305 0.2556
vt 0.1655 0.2556
vt 0.2956 0.2556
vt 0.2305 0.2252
vt 0.1655 0.2252
vt 0.2956 0.2252
vt 0.2305 0.1948
vt 0.1655 0.1948
vt 0.2956 0.1948
vt 0.2305 0.1644
vt 0.1655 0.1644
vt 0.2956 0.1644
vt 0.2305 0.1341
vt 0.1655 0.1341
vt 0.2956 0.1341
vt 0.2305 0.1037
vt 0.1655 0.1037
vt 0.2956 0.1037
vt 0.2305 0.0733
vt 0.1655 0.0733
vt 0.2956 0.0733
vt 0.2305 0.0429
vt 0.1655 0.0429
vt 0.2956 0.0429
vt 0.2305 0.0126
vt 0.1655 0.0126
vt 0.2956 0.0126
vt 0.4877 0.9791
vt 0.4877 0.9141
vt 0.4352 0.9141
vt 0.4352 0.9791
vt 0.5402 0.9791
vt 0.5402 0.9141
vt 0.4877 0.8490
vt 0.4352 0.8490
vt 0.5402 0.8490
vt 0.4877 0.7840
vt 0.4352 0.7840
vt 0.5402 0.7840
vt 0.4877 0.7190
vt 0.4352 0.7190
vt 0.5402 0.7190
vt 0.4877 0.6540
vt 0.4352 0.6540
vt 0.5402 0.6540
vt 0.4877 0.5889
vt 0.4352 0.5889
vt 0.5402 0.5889
vt 0.4877 0.5239
vt 0.4352 0.5239
vt 0.5402 0.5239
vt 0.4877 0.4589
vt 0.4352 0.4589
vt 0.5402 0.4589
vt 0.4877 0.3938
vt 0.4352 0.3938
vt 0.5402 0.3938
vt 0.4877 0.3288
vt 0.4352 0.3288
vt 0.5402 0.3288
vt 0.4877 0.2638
vt 0.4352 0.2638
vt 0.5402 0.2638
vt 0.4877 0.1988
vt 0.4352 0.1988
vt 0.5402 0.1988
vt 0.4877 0.1337
vt 0.4352 0.1337
vt 0.5402 0.1337
vt 0.4877 0.0687
vt 0.4352 0.0687
vt 0.5402 0.0687
vt 0.4877 0.0037
vt 0.4352 0.0037
vt 0.5402 0.0037
vt 0.4877 0.9791
vt 0.4877 0.9141
vt 0.4352 0.9141
vt 0.4352 0.9791
vt 0.5402 0.9791
vt 0.5402 0.9141
vt 0.4877 0.8490
vt 0.4352 0.8490
vt 0.5402 0.8490
vt 0.4877 0.7840
vt 0.4352 0.7840
vt 0.5402 0.7840
vt 0.4877 0.7190
vt 0.4352 0.7190
vt 0.5402 0.7190
vt 0.4877 0.6540
vt 0.4352 0.6540
vt 0.5402 0.6540
vt 0.4877 0.5889
vt 0.4352 0.5889
vt 0.5402 0.5889
vt 0.4877 0.5239
vt 0.4352 0.5239
vt 0.5402 0.5239
vt 0.4877 0.4589
vt 0.4352 0.4589
vt 0.5402 0.4589
vt 0.4877 0.3938
vt 0.4352 0.3938
vt 0.5402 0.3938
vt 0.4877 0.3288
vt 0.4352 0.3288
vt 0.5402 0.3288
vt 0.4877 0.2638
vt 0.4352 0.2638
vt 0.5402 0.2638
vt 0.4877 0.1988
vt 0.4352 0.1988
vt 0.5402 0.1988
vt 0.4877 0.1337
vt 0.4352 0.1337
vt 0.5402 0.1337
vt 0.4877 0.0687
vt 0.4352 0.0687
vt 0.5402 0.0687
vt 0.4877 0.0037
vt 0.4352 0.0037
vt 0.5402 0.0037
vt 0.2305 0.4682
vt 0.2305 0.4378
vt 0.1655 0.4378
vt 0.1655 0.4682
vt 0.2956 0.4682
vt 0.2956 0.4378
vt 0.2305 0.4075
vt 0.1655 0.4075
vt 0.2956 0.4075
vt 0.2305 0.3771
vt 0.1655 0.3771
vt 0.2956 0.3771
vt 0.2305 0.3467
vt 0.1655 0.3467
vt 0.2956 0.3467
vt 0.2305 0.3163
vt 0.1655 0.3163
vt 0.2956 0.3163
vt 0.2305 0.2860
vt 0.1655 0.2860
vt 0.2956 0.2860
vt 0.2305 0.2556
vt 0.1655 0.2556
vt 0.2956 0.2556
vt 0.2305 0.2252
vt 0.1655 0.2252
vt 0.2956 0.2252
vt 0.2305 0.1948
vt 0.1655 0.1948
vt 0.2956 0.1948
vt 0.2305 0.1644
vt 0.1655 0.1644
vt 0.2956 0.1644
vt 0.2305 0.1341
vt 0.1655 0.1341
vt 0.2956 0.1341
vt 0.2305 0.1037
vt 0.1655 0.1037
vt 0.2956 0.1037
vt 0.2305 0.0733
vt 0.1655 0.0733
vt 0.2956 0.0733
vt 0.2305 0.0429
vt 0.1655 0.0429
vt 0.2956 0.0429
vt 0.2305 0.0126
vt 0.1655 0.0126
vt 0.2956 0.0126
vt 0.4877 0.9791
vt 0.4877 0.9141
vt 0.4352 0.9141
vt 0.4352 0.9791
vt 0.5402 0.9791
vt 0.5402 0.9141
vt 0.4877 0.8490
vt 0.4352 0.8490
vt 0.5402 0.8490
vt 0.4877 0.7840
vt 0.4352 0.7840
vt 0.5402 0.7840
vt 0.4877 0.7190
vt 0.4352 0.7190
vt 0.5402 0.7190
vt 0.4877 0.6540
vt 0.4352 0.6540
vt 0.5402 0.6540
vt 0.4877 0.5889
vt 0.4352 0.5889
vt 0.5402 0.5889
vt 0.4877 0.5239
vt 0.4352 0.5239
vt 0.5402 0.5239
vt 0.4877 0.4589
vt 0.4352 0.4589
vt 0.5402 0.4589
vt 0.4877 0.3938
vt 0.4352 0.3938
vt 0.5402 0.3938
vt 0.4877 0.3288
vt 0.4352 0.3288
vt 0.5402 0.3288
vt 0.4877 0.2638
vt 0.4352 0.2638
vt 0.5402 0.2638
vt 0.4877 0.1988
vt 0.4352 0.1988
vt 0.5402 0.1988
vt 0.4877 0.1337
vt 0.4352 0.1337
vt 0.5402 0.1337
vt 0.4877 0.0687
vt 0.4352 0.0687
vt 0.5402 0.0687
vt 0.4877 0.0037
vt 0.4352 0.0037
vt 0.5402 0.0037
vt 0.4877 0.9791
vt 0.4877 0.9141
vt 0.4352 0.9141
vt 0.4352 0.9791
vt 0.5402 0.9791
vt 0.5402 0.9141
vt 0.4877 0.8490
vt 0.4352 0.8490
vt 0.5402 0.8490
vt 0.4877 0.7840
vt 0.4352 0.7840
vt 0.5402 0.7840
vt 0.4877 0.7190
vt 0.4352 0.7190
vt 0.5402 0.7190
vt 0.4877 0.6540
vt 0.4352 0.6540
vt 0.5402 0.6540
vt 0.4877 0.5889
vt 0.4352 0.5889
vt 0.5402 0.5889
vt 0.4877 0.5239
vt 0.4352 0.5239
vt 0.5402 0.5239
vt 0.4877 0.4589
vt 0.4352 0.4589
vt 0.5402 0.4589
vt 0.4877 0.3938
vt 0.4352 0.3938
vt 0.5402 0.3938
vt 0.4877 0.3288
vt 0.4352 0.3288
vt 0.5402 0.3288
vt 0.4877 0.2638
vt 0.4352 0.2638
vt 0.5402 0.2638
vt 0.4877 0.1988
vt 0.4352 0.1988
vt 0.5402 0.1988
vt 0.4877 0.1337
vt 0.4352 0.1337
vt 0.5402 0.1337
vt 0.4877 0.0687
vt 0.4352 0.0687
vt 0.5402 0.0687
vt 0.4877 0.0037
vt 0.4352 0.0037
vt 0.5402 0.0037
vt 0.4877 0.9791
vt 0.4877 0.9141
vt 0.4352 0.9141
vt 0.4352 0.9791
vt 0.5402 0.9791
vt 0.5402 0.9141
vt 0.4877 0.8490
vt 0.4352 0.8490
vt 0.5402 0.8490
vt 0.4877 0.7840
vt 0.4352 0.7840
vt 0.5402 0.7840
vt 0.4877 0.7190
vt 0.4352 0.7190
vt 0.5402 0.7190
vt 0.4877 0.6540
vt 0.4352 0.6540
vt 0.5402 0.6540
vt 0.4877 0.5889
vt 0.4352 0.5889
vt 0.5402 0.5889
vt 0.4877 0.5239
vt 0.4352 0.5239
vt 0.5402 0.5239
vt 0.4877 0.4589
vt 0.4352 0.4589
vt 0.5402 0.4589
vt 0.4877 0.3938
vt 0.4352 0.3938
vt 0.5402 0.3938
vt 0.4877 0.3288
vt 0.4352 0.3288
vt 0.5402 0.3288
vt 0.4877 0.2638
vt 0.4352 0.2638
vt 0.5402 0.2638
vt 0.4877 0.1988
vt 0.4352 0.1988
vt 0.5402 0.1988
vt 0.4877 0.1337
vt 0.4352 0.1337
vt 0.5402 0.1337
vt 0.4877 0.0687
vt 0.4352 0.0687
vt 0.5402 0.0687
vt 0.4877 0.0037
vt 0.4352 0.0037
vt 0.5402 0.0037
vt 0.4877 0.9791
vt 0.4877 0.9141
vt 0.4352 0.9141
vt 0.4352 0.9791
vt 0.5402 0.9791
vt 0.5402 0.9141
vt 0.4877 0.8490
vt 0.4352 0.8490
vt 0.5402 0.8490
vt 0.4877 0.7840
vt 0.4352 0.7840
vt 0.5402 0.7840
vt 0.4877 0.7190
vt 0.4352 0.7190
vt 0.5402 0.7190
vt 0.4877 0.6540
vt 0.4352 0.6540
vt 0.5402 0.6540
vt 0.4877 0.5889
vt 0.4352 0.5889
vt 0.5402 0.5889
vt 0.4877 0.5239
vt 0.4352 0.5239
vt 0.5402 0.5239
vt 0.4877 0.4589
vt 0.4352 0.4589
vt 0.5402 0.4589
vt 0.4877 0.3938
vt 0.4352 0.3938
vt 0.5402 0.3938
vt 0.4877 0.3288
vt 0.4352 0.3288
vt 0.5402 0.3288
vt 0.4877 0.2638
vt 0.4352 0.2638
vt 0.5402 0.2638
vt 0.4877 0.1988
vt 0.4352 0.1988
vt 0.5402 0.1988
vt 0.4877 0.1337
vt 0.4352 0.1337
vt 0.5402 0.1337
vt 0.4877 0.0687
vt 0.4352 0.0687
vt 0.5402 0.0687
vt 0.4877 0.0037
vt 0.4352 0.0037
vt 0.5402 0.0037
vt 0.4877 0.9791
vt 0.4877 0.9141
vt 0.4352 0.9141
vt 0.4352 0.9791
vt 0.5402 0.9791
vt 0.5402 0.9141
vt 0.4877 0.8490
vt 0.4352 0.8490
vt 0.5402 0.8490
vt 0.4877 0.7840
vt 0.4352 0.7840
vt 0.5402 0.7840
vt 0.4877 0.7190
vt 0.4352 0.7190
vt 0.5402 0.7190
vt 0.4877 0.6540
vt 0.4352 0.6540
vt 0.5402 0.6540
vt 0.4877 0.5889
vt 0.4352 0.5889
vt 0.5402 0.5889
vt 0.4877 0.5239
vt 0.4352 0.5239
vt 0.5402 0.5239
vt 0.4877 0.4589
vt 0.4352 0.4589
vt 0.5402 0.4589
vt 0.4877 0.3938
vt 0.4352 0.3938
vt 0.5402 0.3938
vt 0.4877 0.3288
vt 0.4352 0.3288
vt 0.5402 0.3288
vt 0.4877 0.2638
vt 0.4352 0.2638
vt 0.5402 0.2638
vt 0.4877 0.1988
vt 0.4352 0.1988
vt 0.5402 0.1988
vt 0.4877 0.1337
vt 0.4352 0.1337
vt 0.5402 0.1337
vt 0.4877 0.0687
vt 0.4352 0.0687
vt 0.5402 0.0687
vt 0.4877 0.0037
vt 0.4352 0.0037
vt 0.5402 0.0037
vt 0.4877 0.9791
vt 0.4877 0.9141
vt 0.4352 0.9141
vt 0.4352 0.9791
vt 0.5402 0.9791
vt 0.5402 0.9141
vt 0.4877 0.8490
vt 0.4352 0.8490
vt 0.5402 0.8490
vt 0.4877 0.7840
vt 0.4352 0.7840
vt 0.5402 0.7840
vt 0.4877 0.7190
vt 0.4352 0.7190
vt 0.5402 0.7190
vt 0.4877 0.6540
vt 0.4352 0.6540
vt 0.5402 0.6540
vt 0.4877 0.5889
vt 0.4352 0.5889
vt 0.5402 0.5889
vt 0.4877 0.5239
vt 0.4352 0.5239
vt 0.5402 0.5239
vt 0.4877 0.4589
vt 0.4352 0.4589
vt 0.5402 0.4589
vt 0.4877 0.3938
vt 0.4352 0.3938
vt 0.5402 0.3938
vt 0.4877 0.3288
vt 0.4352 0.3288
vt 0.5402 0.3288
vt 0.4877 0.2638
vt 0.4352 0.2638
vt 0.5402 0.2638
vt 0.4877 0.1988
vt 0.4352 0.1988
vt 0.5402 0.1988
vt 0.4877 0.1337
vt 0.4352 0.1337
vt 0.5402 0.1337
vt 0.4877 0.0687
vt 0.4352 0.0687
vt 0.5402 0.0687
vt 0.4877 0.0037
vt 0.4352 0.0037
vt 0.5402 0.0037
vt 0.4877 0.9791
vt 0.4877 0.9141
vt 0.4352 0.9141
vt 0.4352 0.9791
vt 0.5402 0.9791
vt 0.5402 0.9141
vt 0.4877 0.8490
vt 0.4352 0.8490
vt 0.5402 0.8490
vt 0.4877 0.7840
vt 0.4352 0.7840
vt 0.5402 0.7840
vt 0.4877 0.7190
vt 0.4352 0.7190
vt 0.5402 0.7190
vt 0.4877 0.6540
vt 0.4352 0.6540
vt 0.5402 0.6540
vt 0.4877 0.5889
vt 0.4352 0.5889
vt 0.5402 0.5889
vt 0.4877 0.5239
vt 0.4352 0.5239
vt 0.5402 0.5239
vt 0.4877 0.4589
vt 0.4352 0.4589
vt 0.5402 0.4589
vt 0.4877 0.3938
vt 0.4352 0.3938
vt 0.5402 0.3938
vt 0.4877 0.3288
vt 0.4352 0.3288
vt 0.5402 0.3288
vt 0.4877 0.2638
vt 0.4352 0.2638
vt 0.5402 0.2638
vt 0.4877 0.1988
vt 0.4352 0.1988
vt 0.5402 0.1988
vt 0.4877 0.1337
vt 0.4352 0.1337
vt 0.5402 0.1337
vt 0.4877 0.0687
vt 0.4352 0.0687
vt 0.5402 0.0687
vt 0.4877 0.0037
vt 0.4352 0.0037
vt 0.5402 0.0037
vt 0.4877 0.9791
vt 0.4877 0.9141
vt 0.4352 0.9141
vt 0.4352 0.9791
vt 0.5402 0.9791
vt 0.5402 0.9141
vt 0.4877 0.8490
vt 0.4352 0.8490
vt 0.5402 0.8490
vt 0.4877 0.7840
vt 0.4352 0.7840
vt 0.5402 0.7840
vt 0.4877 0.7190
vt 0.4352 0.7190
vt 0.5402 0.7190
vt 0.4877 0.6540
vt 0.4352 0.6540
vt 0.5402 0.6540
vt 0.4877 0.5889
vt 0.4352 0.5889
vt 0.5402 0.5889
vt 0.4877 0.5239
vt 0.4352 0.5239
vt 0.5402 0.5239
vt 0.4877 0.4589
vt 0.4352 0.4589
vt 0.5402 0.4589
vt 0.4877 0.3938
vt 0.4352 0.3938
vt 0.5402 0.3938
vt 0.4877 0.3288
vt 0.4352 0.3288
vt 0.5402 0.3288
vt 0.4877 0.2638
vt 0.4352 0.2638
vt 0.5402 0.2638
vt 0.4877 0.1988
vt 0.4352 0.1988
vt 0.5402 0.1988
vt 0.4877 0.1337
vt 0.4352 0.1337
vt 0.5402 0.1337
vt 0.4877 0.0687
vt 0.4352 0.0687
vt 0.5402 0.0687
vt 0.4877 0.0037
vt 0.4352 0.0037
vt 0.5402 0.0037
vt 0.2305 0.4682
vt 0.2305 0.4378
vt 0.1655 0.4378
vt 0.1655 0.4682
vt 0.2956 0.4682
vt 0.2956 0.4378
vt 0.2305 0.4075
vt 0.1655 0.4075
vt 0.2956 0.4075
vt 0.2305 0.3771
vt 0.1655 0.3771
vt 0.2956 0.3771
vt 0.2305 0.3467
vt 0.1655 0.3467
vt 0.2956 0.3467
vt 0.2305 0.3163
vt 0.1655 0.3163
vt 0.2956 0.3163
vt 0.2305 0.2860
vt 0.1655 0.2860
vt 0.2956 0.2860
vt 0.2305 0.2556
vt 0.1655 0.2556
vt 0.2956 0.2556
vt 0.2305 0.2252
vt 0.1655 0.2252
vt 0.2956 0.2252
vt 0.2305 0.1948
vt 0.1655 0.1948
vt 0.2956 0.1948
vt 0.2305 0.1644
vt 0.1655 0.1644
vt 0.2956 0.1644
vt 0.2305 0.1341
vt 0.1655 0.1341
vt 0.2956 0.1341
vt 0.2305 0.1037
vt 0.1655 0.1037
vt 0.2956 0.1037
vt 0.2305 0.0733
vt 0.1655 0.0733
vt 0.2956 0.0733
vt 0.2305 0.0429
vt 0.1655 0.0429
vt 0.2956 0.0429
vt 0.2305 0.0126
vt 0.1655 0.0126
vt 0.2956 0.0126
vt 0.4877 0.9791
vt 0.4877 0.9141
vt 0.4352 0.9141
vt 0.4352 0.9791
vt 0.5402 0.9791
vt 0.5402 0.9141
vt 0.4877 0.8490
vt 0.4352 0.8490
vt 0.5402 0.8490
vt 0.4877 0.7840
vt 0.4352 0.7840
vt 0.5402 0.7840
vt 0.4877 0.7190
vt 0.4352 0.7190
vt 0.5402 0.7190
vt 0.4877 0.6540
vt 0.4352 0.6540
vt 0.5402 0.6540
vt 0.4877 0.5889
vt 0.4352 0.5889
vt 0.5402 0.5889
vt 0.4877 0.5239
vt 0.4352 0.5239
vt 0.5402 0.5239
vt 0.4877 0.4589
vt 0.4352 0.4589
vt 0.5402 0.4589
vt 0.4877 0.3938
vt 0.4352 0.3938
vt 0.5402 0.3938
vt 0.4877 0.3288
vt 0.4352 0.3288
vt 0.5402 0.3288
vt 0.4877 0.2638
vt 0.4352 0.2638
vt 0.5402 0.2638
vt 0.4877 0.1988
vt 0.4352 0.1988
vt 0.5402 0.1988
vt 0.4877 0.1337
vt 0.4352 0.1337
vt 0.5402 0.1337
vt 0.4877 0.0687
vt 0.4352 0.0687
vt 0.5402 0.0687
vt 0.4877 0.0037
vt 0.4352 0.0037
vt 0.5402 0.0037
vt 0.4877 0.9791
vt 0.4877 0.9141
vt 0.4352 0.9141
vt 0.4352 0.9791
vt 0.5402 0.9791
vt 0.5402 0.9141
vt 0.4877 0.8490
vt 0.4352 0.8490
vt 0.5402 0.8490
vt 0.4877 0.7840
vt 0.4352 0.7840
vt 0.5402 0.7840
vt 0.4877 0.7190
vt 0.4352 0.7190
vt 0.5402 0.7190
vt 0.4877 0.6540
vt 0.4352 0.6540
vt 0.5402 0.6540
vt 0.4877 0.5889
vt 0.4352 0.5889
vt 0.5402 0.5889
vt 0.4877 0.5239
vt 0.4352 0.5239
vt 0.5402 0.5239
vt 0.4877 0.4589
vt 0.4352 0.4589
vt 0.5402 0.4589
vt 0.4877 0.3938
vt 0.4352 0.3938
vt 0.5402 0.3938
vt 0.4877 0.3288
vt 0.4352 0.3288
vt 0.5402 0.3288
vt 0.4877 0.2638
vt 0.4352 0.2638
vt 0.5402 0.2638
vt 0.4877 0.1988
vt 0.4352 0.1988
vt 0.5402 0.1988
vt 0.4877 0.1337
vt 0.4352 0.1337
vt 0.5402 0.1337
vt 0.4877 0.0687
vt 0.4352 0.0687
vt 0.5402 0.0687
vt 0.4877 0.0037
vt 0.4352 0.0037
vt 0.5402 0.0037
vt 0.2305 0.4682
vt 0.2305 0.4378
vt 0.1655 0.4378
vt 0.1655 0.4682
vt 0.2956 0.4682
vt 0.2956 0.4378
vt 0.2305 0.4075
vt 0.1655 0.4075
vt 0.2956 0.4075
vt 0.2305 0.3771
vt 0.1655 0.3771
vt 0.2956 0.3771
vt 0.2305 0.3467
vt 0.1655 0.3467
vt 0.2956 0.3467
vt 0.2305 0.3163
vt 0.1655 0.3163
vt 0.2956 0.3163
vt 0.2305 0.2860
vt 0.1655 0.2860
vt 0.2956 0.2860
vt 0.2305 0.2556
vt 0.1655 0.2556
vt 0.2956 0.2556
vt 0.2305 0.2252
vt 0.1655 0.2252
vt 0.2956 0.2252
vt 0.2305 0.1948
vt 0.1655 0.1948
vt 0.2956 0.1948
vt 0.2305 0.1644
vt 0.1655 0.1644
vt 0.2956 0.1644
vt 0.2305 0.1341
vt 0.1655 0.1341
vt 0.2956 0.1341
vt 0.2305 0.1037
vt 0.1655 0.1037
vt 0.2956 0.1037
vt 0.2305 0.0733
vt 0.1655 0.0733
vt 0.2956 0.0733
vt 0.2305 0.0429
vt 0.1655 0.0429
vt 0.2956 0.0429
vt 0.2305 0.0126
vt 0.1655 0.0126
vt 0.2956 0.0126
vt 0.4877 0.9791
vt 0.4877 0.9141
vt 0.4352 0.9141
vt 0.4352 0.9791
vt 0.5402 0.9791
vt 0.5402 0.9141
vt 0.4877 0.8490
vt 0.4352 0.8490
vt 0.5402 0.8490
vt 0.4877 0.7840
vt 0.4352 0.7840
vt 0.5402 0.7840
vt 0.4877 0.7190
vt 0.4352 0.7190
vt 0.5402 0.7190
vt 0.4877 0.6540
vt 0.4352 0.6540
vt 0.5402 0.6540
vt 0.4877 0.5889
vt 0.4352 0.5889
vt 0.5402 0.5889
vt 0.4877 0.5239
vt 0.4352 0.5239
vt 0.5402 0.5239
vt 0.4877 0.4589
vt 0.4352 0.4589
vt 0.5402 0.4589
vt 0.4877 0.3938
vt 0.4352 0.3938
vt 0.5402 0.3938
vt 0.4877 0.3288
vt 0.4352 0.3288
vt 0.5402 0.3288
vt 0.4877 0.2638
vt 0.4352 0.2638
vt 0.5402 0.2638
vt 0.4877 0.1988
vt 0.4352 0.1988
vt 0.5402 0.1988
vt 0.4877 0.1337
vt 0.4352 0.1337
vt 0.5402 0.1337
vt 0.4877 0.0687
vt 0.4352 0.0687
vt 0.5402 0.0687
vt 0.4877 0.0037
vt 0.4352 0.0037
vt 0.5402 0.0037
vt 0.2305 0.4682
vt 0.2305 0.4378
vt 0.1655 0.4378
vt 0.1655 0.4682
vt 0.2956 0.4682
vt 0.2956 0.4378
vt 0.2305 0.4075
vt 0.1655 0.4075
vt 0.2956 0.4075
vt 0.2305 0.3771
vt 0.1655 0.3771
vt 0.2956 0.3771
vt 0.2305 0.3467
vt 0.1655 0.3467
vt 0.2956 0.3467
vt 0.2305 0.3163
vt 0.1655 0.3163
vt 0.2956 0.3163
vt 0.2305 0.2860
vt 0.1655 0.2860
vt 0.2956 0.2860
vt 0.2305 0.2556
vt 0.1655 0.2556
vt 0.2956 0.2556
vt 0.2305 0.2252
vt 0.1655 0.2252
vt 0.2956 0.2252
vt 0.2305 0.1948
vt 0.1655 0.1948
vt 0.2956 0.1948
vt 0.2305 0.1644
vt 0.1655 0.1644
vt 0.2956 0.1644
vt 0.2305 0.1341
vt 0.1655 0.1341
vt 0.2956 0.1341
vt 0.2305 0.1037
vt 0.1655 0.1037
vt 0.2956 0.1037
vt 0.2305 0.0733
vt 0.1655 0.0733
vt 0.2956 0.0733
vt 0.2305 0.0429
vt 0.1655 0.0429
vt 0.2956 0.0429
vt 0.2305 0.0126
vt 0.1655 0.0126
vt 0.2956 0.0126
vt 0.2709 0.3247
vt 0.2709 0.3050
vt 0.2507 0.3050
vt 0.2507 0.3247
vt 0.2910 0.3247
vt 0.2910 0.3050
vt 0.2709 0.2853
vt 0.2507 0.2853
vt 0.2910 0.2853
vt 0.2709 0.2656
vt 0.2507 0.2656
vt 0.2910 0.2656
vt 0.2709 0.2459
vt 0.2507 0.2459
vt 0.2910 0.2459
vt 0.2709 0.2262
vt 0.2507 0.2262
vt 0.2910 0.2262
vt 0.2709 0.2065
vt 0.2507 0.2065
vt 0.2910 0.2065
vt 0.2709 0.1868
vt 0.2507 0.1868
vt 0.2910 0.1868
vt 0.2709 0.1671
vt 0.2507 0.1671
vt 0.2910 0.1671
vt 0.2709 0.1474
vt 0.2507 0.1474
vt 0.2910 0.1474
vt 0.2709 0.1277
vt 0.2507 0.1277
vt 0.2910 0.1277
vt 0.2709 0.1080
vt 0.2507 0.1080
vt 0.2910 0.1080
vt 0.2709 0.0883
vt 0.2507 0.0883
vt 0.2910 0.0883
vt 0.2709 0.0686
vt 0.2507 0.0686
vt 0.2910 0.0686
vt 0.2709 0.0489
vt 0.2507 0.0489
vt 0.2910 0.0489
vt 0.2709 0.0292
vt 0.2507 0.0292
vt 0.2910 0.0292
vt 0.4877 0.9791
vt 0.4877 0.9141
vt 0.4352 0.9141
vt 0.4352 0.9791
vt 0.5402 0.9791
vt 0.5402 0.9141
vt 0.4877 0.8490
vt 0.4352 0.8490
vt 0.5402 0.8490
vt 0.4877 0.7840
vt 0.4352 0.7840
vt 0.5402 0.7840
vt 0.4877 0.7190
vt 0.4352 0.7190
vt 0.5402 0.7190
vt 0.4877 0.6540
vt 0.4352 0.6540
vt 0.5402 0.6540
vt 0.4877 0.5889
vt 0.4352 0.5889
vt 0.5402 0.5889
vt 0.4877 0.5239
vt 0.4352 0.5239
vt 0.5402 0.5239
vt 0.4877 0.4589
vt 0.4352 0.4589
vt 0.5402 0.4589
vt 0.4877 0.3938
vt 0.4352 0.3938
vt 0.5402 0.3938
vt 0.4877 0.3288
vt 0.4352 0.3288
vt 0.5402 0.3288
vt 0.4877 0.2638
vt 0.4352 0.2638
vt 0.5402 0.2638
vt 0.4877 0.1988
vt 0.4352 0.1988
vt 0.5402 0.1988
vt 0.4877 0.1337
vt 0.4352 0.1337
vt 0.5402 0.1337
vt 0.4877 0.0687
vt 0.4352 0.0687
vt 0.5402 0.0687
vt 0.4877 0.0037
vt 0.4352 0.0037
vt 0.5402 0.0037
vt 0.2709 0.3247
vt 0.2709 0.3050
vt 0.2507 0.3050
vt 0.2507 0.3247
vt 0.2910 0.3247
vt 0.2910 0.3050
vt 0.2709 0.2853
vt 0.2507 0.2853
vt 0.2910 0.2853
vt 0.2709 0.2656
vt 0.2507 0.2656
vt 0.2910 0.2656
vt 0.2709 0.2459
vt 0.2507 0.2459
vt 0.2910 0.2459
vt 0.2709 0.2262
vt 0.2507 0.2262
vt 0.2910 0.2262
vt 0.2709 0.2065
vt 0.2507 0.2065
vt 0.2910 0.2065
vt 0.2709 0.1868
vt 0.2507 0.1868
vt 0.2910 0.1868
vt 0.2709 0.1671
vt 0.2507 0.1671
vt 0.2910 0.1671
vt 0.2709 0.1474
vt 0.2507 0.1474
vt 0.2910 0.1474
vt 0.2709 0.1277
vt 0.2507 0.1277
vt 0.2910 0.1277
vt 0.2709 0.1080
vt 0.2507 0.1080
vt 0.2910 0.1080
vt 0.2709 0.0883
vt 0.2507 0.0883
vt 0.2910 0.0883
vt 0.2709 0.0686
vt 0.2507 0.0686
vt 0.2910 0.0686
vt 0.2709 0.0489
vt 0.2507 0.0489
vt 0.2910 0.0489
vt 0.2709 0.0292
vt 0.2507 0.0292
vt 0.2910 0.0292
vt 0.2284 0.3843
vt 0.2284 0.3611
vt 0.1661 0.3611
vt 0.1661 0.3843
vt 0.2907 0.3843
vt 0.2907 0.3611
vt 0.2284 0.3380
vt 0.1661 0.3380
vt 0.2907 0.3380
vt 0.2284 0.3148
vt 0.1661 0.3148
vt 0.2907 0.3148
vt 0.2284 0.2916
vt 0.1661 0.2916
vt 0.2907 0.2916
vt 0.2284 0.2684
vt 0.1661 0.2684
vt 0.2907 0.2684
vt 0.2284 0.2452
vt 0.1661 0.2452
vt 0.2907 0.2452
vt 0.2284 0.2221
vt 0.1661 0.2221
vt 0.2907 0.2221
vt 0.2284 0.1989
vt 0.1661 0.1989
vt 0.2907 0.1989
vt 0.2284 0.1757
vt 0.1661 0.1757
vt 0.2907 0.1757
vt 0.2284 0.1525
vt 0.1661 0.1525
vt 0.2907 0.1525
vt 0.2284 0.1294
vt 0.1661 0.1294
vt 0.2907 0.1294
vt 0.2284 0.1062
vt 0.1661 0.1062
vt 0.2907 0.1062
vt 0.2284 0.0830
vt 0.1661 0.0830
vt 0.2907 0.0830
vt 0.2284 0.0598
vt 0.1661 0.0598
vt 0.2907 0.0598
vt 0.2284 0.0366
vt 0.1661 0.0366
vt 0.2907 0.0366
vt 0.4877 0.9791
vt 0.4877 0.9141
vt 0.4352 0.9141
vt 0.4352 0.9791
vt 0.5402 0.9791
vt 0.5402 0.9141
vt 0.4877 0.8490
vt 0.4352 0.8490
vt 0.5402 0.8490
vt 0.4877 0.7840
vt 0.4352 0.7840
vt 0.5402 0.7840
vt 0.4877 0.7190
vt 0.4352 0.7190
vt 0.5402 0.7190
vt 0.4877 0.6540
vt 0.4352 0.6540
vt 0.5402 0.6540
vt 0.4877 0.5889
vt 0.4352 0.5889
vt 0.5402 0.5889
vt 0.4877 0.5239
vt 0.4352 0.5239
vt 0.5402 0.5239
vt 0.4877 0.4589
vt 0.4352 0.4589
vt 0.5402 0.4589
vt 0.4877 0.3938
vt 0.4352 0.3938
vt 0.5402 0.3938
vt 0.4877 0.3288
vt 0.4352 0.3288
vt 0.5402 0.3288
vt 0.4877 0.2638
vt 0.4352 0.2638
vt 0.5402 0.2638
vt 0.4877 0.1988
vt 0.4352 0.1988
vt 0.5402 0.1988
vt 0.4877 0.1337
vt 0.4352 0.1337
vt 0.5402 0.1337
vt 0.4877 0.0687
vt 0.4352 0.0687
vt 0.5402 0.0687
vt 0.4877 0.0037
vt 0.4352 0.0037
vt 0.5402 0.0037
vt 0.2284 0.3843
vt 0.2284 0.3611
vt 0.1661 0.3611
vt 0.1661 0.3843
vt 0.2907 0.3843
vt 0.2907 0.3611
vt 0.2284 0.3380
vt 0.1661 0.3380
vt 0.2907 0.3380
vt 0.2284 0.3148
vt 0.1661 0.3148
vt 0.2907 0.3148
vt 0.2284 0.2916
vt 0.1661 0.2916
vt 0.2907 0.2916
vt 0.2284 0.2684
vt 0.1661 0.2684
vt 0.2907 0.2684
vt 0.2284 0.2452
vt 0.1661 0.2452
vt 0.2907 0.2452
vt 0.2284 0.2221
vt 0.1661 0.2221
vt 0.2907 0.2221
vt 0.2284 0.1989
vt 0.1661 0.1989
vt 0.2907 0.1989
vt 0.2284 0.1757
vt 0.1661 0.1757
vt 0.2907 0.1757
vt 0.2284 0.1525
vt 0.1661 0.1525
vt 0.2907 0.1525
vt 0.2284 0.1294
vt 0.1661 0.1294
vt 0.2907 0.1294
vt 0.2284 0.1062
vt 0.1661 0.1062
vt 0.2907 0.1062
vt 0.2284 0.0830
vt 0.1661 0.0830
vt 0.2907 0.0830
vt 0.2284 0.0598
vt 0.1661 0.0598
vt 0.2907 0.0598
vt 0.2284 0.0366
vt 0.1661 0.0366
vt 0.2907 0.0366
vt 0.4877 0.9791
vt 0.4877 0.9141
vt 0.4352 0.9141
vt 0.4352 0.9791
vt 0.5402 0.9791
vt 0.5402 0.9141
vt 0.4877 0.8490
vt 0.4352 0.8490
vt 0.5402 0.8490
vt 0.4877 0.7840
vt 0.4352 0.7840
vt 0.5402 0.7840
vt 0.4877 0.7190
vt 0.4352 0.7190
vt 0.5402 0.7190
vt 0.4877 0.6540
vt 0.4352 0.6540
vt 0.5402 0.6540
vt 0.4877 0.5889
vt 0.4352 0.5889
vt 0.5402 0.5889
vt 0.4877 0.5239
vt 0.4352 0.5239
vt 0.5402 0.5239
vt 0.4877 0.4589
vt 0.4352 0.4589
vt 0.5402 0.4589
vt 0.4877 0.3938
vt 0.4352 0.3938
vt 0.5402 0.3938
vt 0.4877 0.3288
vt 0.4352 0.3288
vt 0.5402 0.3288
vt 0.4877 0.2638
vt 0.4352 0.2638
vt 0.5402 0.2638
vt 0.4877 0.1988
vt 0.4352 0.1988
vt 0.5402 0.1988
vt 0.4877 0.1337
vt 0.4352 0.1337
vt 0.5402 0.1337
vt 0.4877 0.0687
vt 0.4352 0.0687
vt 0.5402 0.0687
vt 0.4877 0.0037
vt 0.4352 0.0037
vt 0.5402 0.0037
vt 0.4877 0.9791
vt 0.4877 0.9141
vt 0.4352 0.9141
vt 0.4352 0.9791
vt 0.5402 0.9791
vt 0.5402 0.9141
vt 0.4877 0.8490
vt 0.4352 0.8490
vt 0.5402 0.8490
vt 0.4877 0.7840
vt 0.4352 0.7840
vt 0.5402 0.7840
vt 0.4877 0.7190
vt 0.4352 0.7190
vt 0.5402 0.7190
vt 0.4877 0.6540
vt 0.4352 0.6540
vt 0.5402 0.6540
vt 0.4877 0.5889
vt 0.4352 0.5889
vt 0.5402 0.5889
vt 0.4877 0.5239
vt 0.4352 0.5239
vt 0.5402 0.5239
vt 0.4877 0.4589
vt 0.4352 0.4589
vt 0.5402 0.4589
vt 0.4877 0.3938
vt 0.4352 0.3938
vt 0.5402 0.3938
vt 0.4877 0.3288
vt 0.4352 0.3288
vt 0.5402 0.3288
vt 0.4877 0.2638
vt 0.4352 0.2638
vt 0.5402 0.2638
vt 0.4877 0.1988
vt 0.4352 0.1988
vt 0.5402 0.1988
vt 0.4877 0.1337
vt 0.4352 0.1337
vt 0.5402 0.1337
vt 0.4877 0.0687
vt 0.4352 0.0687
vt 0.5402 0.0687
vt 0.4877 0.0037
vt 0.4352 0.0037
vt 0.5402 0.0037
vt 0.4877 0.9791
vt 0.4877 0.9141
vt 0.4352 0.9141
vt 0.4352 0.9791
vt 0.5402 0.9791
vt 0.5402 0.9141
vt 0.4877 0.8490
vt 0.4352 0.8490
vt 0.5402 0.8490
vt 0.4877 0.7840
vt 0.4352 0.7840
vt 0.5402 0.7840
vt 0.4877 0.7190
vt 0.4352 0.7190
vt 0.5402 0.7190
vt 0.4877 0.6540
vt 0.4352 0.6540
vt 0.5402 0.6540
vt 0.4877 0.5889
vt 0.4352 0.5889
vt 0.5402 0.5889
vt 0.4877 0.5239
vt 0.4352 0.5239
vt 0.5402 0.5239
vt 0.4877 0.4589
vt 0.4352 0.4589
vt 0.5402 0.4589
vt 0.4877 0.3938
vt 0.4352 0.3938
vt 0.5402 0.3938
vt 0.4877 0.3288
vt 0.4352 0.3288
vt 0.5402 0.3288
vt 0.4877 0.2638
vt 0.4352 0.2638
vt 0.5402 0.2638
vt 0.4877 0.1988
vt 0.4352 0.1988
vt 0.5402 0.1988
vt 0.4877 0.1337
vt 0.4352 0.1337
vt 0.5402 0.1337
vt 0.4877 0.0687
vt 0.4352 0.0687
vt 0.5402 0.0687
vt 0.4877 0.0037
vt 0.4352 0.0037
vt 0.5402 0.0037
vt 0.9358 0.9853
vt 0.9358 0.9656
vt 0.9156 0.9656
vt 0.9156 0.9853
vt 0.9559 0.9853
vt 0.9559 0.9656
vt 0.9358 0.9459
vt 0.9156 0.9459
vt 0.9559 0.9459
vt 0.9358 0.9262
vt 0.9156 0.9262
vt 0.9559 0.9262
vt 0.9358 0.9065
vt 0.9156 0.9065
vt 0.9559 0.9065
vt 0.9358 0.8867
vt 0.9156 0.8867
vt 0.9559 0.8867
vt 0.9358 0.8670
vt 0.9156 0.8670
vt 0.9559 0.8670
vt 0.9358 0.8473
vt 0.9156 0.8473
vt 0.9559 0.8473
vt 0.9358 0.8276
vt 0.9156 0.8276
vt 0.9559 0.8276
vt 0.9358 0.8079
vt 0.9156 0.8079
vt 0.9559 0.8079
vt 0.9358 0.7882
vt 0.9156 0.7882
vt 0.9559 0.7882
vt 0.9358 0.7685
vt 0.9156 0.7685
vt 0.9559 0.7685
vt 0.9358 0.7488
vt 0.9156 0.7488
vt 0.9559 0.7488
vt 0.9358 0.7291
vt 0.9156 0.7291
vt 0.9559 0.7291
vt 0.9358 0.7094
vt 0.9156 0.7094
vt 0.9559 0.7094
vt 0.9358 0.6897
vt 0.9156 0.6897
vt 0.9559 0.6897
vt 0.4877 0.9791
vt 0.4877 0.9141
vt 0.4352 0.9141
vt 0.4352 0.9791
vt 0.5402 0.9791
vt 0.5402 0.9141
vt 0.4877 0.8490
vt 0.4352 0.8490
vt 0.5402 0.8490
vt 0.4877 0.7840
vt 0.4352 0.7840
vt 0.5402 0.7840
vt 0.4877 0.7190
vt 0.4352 0.7190
vt 0.5402 0.7190
vt 0.4877 0.6540
vt 0.4352 0.6540
vt 0.5402 0.6540
vt 0.4877 0.5889
vt 0.4352 0.5889
vt 0.5402 0.5889
vt 0.4877 0.5239
vt 0.4352 0.5239
vt 0.5402 0.5239
vt 0.4877 0.4589
vt 0.4352 0.4589
vt 0.5402 0.4589
vt 0.4877 0.3938
vt 0.4352 0.3938
vt 0.5402 0.3938
vt 0.4877 0.3288
vt 0.4352 0.3288
vt 0.5402 0.3288
vt 0.4877 0.2638
vt 0.4352 0.2638
vt 0.5402 0.2638
vt 0.4877 0.1988
vt 0.4352 0.1988
vt 0.5402 0.1988
vt 0.4877 0.1337
vt 0.4352 0.1337
vt 0.5402 0.1337
vt 0.4877 0.0687
vt 0.4352 0.0687
vt 0.5402 0.0687
vt 0.4877 0.0037
vt 0.4352 0.0037
vt 0.5402 0.0037
vt 0.9358 0.9853
vt 0.9358 0.9656
vt 0.9156 0.9656
vt 0.9156 0.9853
vt 0.9559 0.9853
vt 0.9559 0.9656
vt 0.9358 0.9459
vt 0.9156 0.9459
vt 0.9559 0.9459
vt 0.9358 0.9262
vt 0.9156 0.9262
vt 0.9559 0.9262
vt 0.9358 0.9065
vt 0.9156 0.9065
vt 0.9559 0.9065
vt 0.9358 0.8867
vt 0.9156 0.8867
vt 0.9559 0.8867
vt 0.9358 0.8670
vt 0.9156 0.8670
vt 0.9559 0.8670
vt 0.9358 0.8473
vt 0.9156 0.8473
vt 0.9559 0.8473
vt 0.9358 0.8276
vt 0.9156 0.8276
vt 0.9559 0.8276
vt 0.9358 0.8079
vt 0.9156 0.8079
vt 0.9559 0.8079
vt 0.9358 0.7882
vt 0.9156 0.7882
vt 0.9559 0.7882
vt 0.9358 0.7685
vt 0.9156 0.7685
vt 0.9559 0.7685
vt 0.9358 0.7488
vt 0.9156 0.7488
vt 0.9559 0.7488
vt 0.9358 0.7291
vt 0.9156 0.7291
vt 0.9559 0.7291
vt 0.9358 0.7094
vt 0.9156 0.7094
vt 0.9559 0.7094
vt 0.9358 0.6897
vt 0.9156 0.6897
vt 0.9559 0.6897
vt 0.9358 0.9853
vt 0.9358 0.9656
vt 0.9156 0.9656
vt 0.9156 0.9853
vt 0.9559 0.9853
vt 0.9559 0.9656
vt 0.9358 0.9459
vt 0.9156 0.9459
vt 0.9559 0.9459
vt 0.9358 0.9262
vt 0.9156 0.9262
vt 0.9559 0.9262
vt 0.9358 0.9065
vt 0.9156 0.9065
vt 0.9559 0.9065
vt 0.9358 0.8867
vt 0.9156 0.8867
vt 0.9559 0.8867
vt 0.9358 0.8670
vt 0.9156 0.8670
vt 0.9559 0.8670
vt 0.9358 0.8473
vt 0.9156 0.8473
vt 0.9559 0.8473
vt 0.9358 0.8276
vt 0.9156 0.8276
vt 0.9559 0.8276
vt 0.9358 0.8079
vt 0.9156 0.8079
vt 0.9559 0.8079
vt 0.9358 0.7882
vt 0.9156 0.7882
vt 0.9559 0.7882
vt 0.9358 0.7685
vt 0.9156 0.7685
vt 0.9559 0.7685
vt 0.9358 0.7488
vt 0.9156 0.7488
vt 0.9559 0.7488
vt 0.9358 0.7291
vt 0.9156 0.7291
vt 0.9559 0.7291
vt 0.9358 0.7094
vt 0.9156 0.7094
vt 0.9559 0.7094
vt 0.9358 0.6897
vt 0.9156 0.6897
vt 0.9559 0.6897
vt 0.4877 0.9791
vt 0.4877 0.9141
vt 0.4352 0.9141
vt 0.4352 0.9791
vt 0.5402 0.9791
vt 0.5402 0.9141
vt 0.4877 0.8490
vt 0.4352 0.8490
vt 0.5402 0.8490
vt 0.4877 0.7840
vt 0.4352 0.7840
vt 0.5402 0.7840
vt 0.4877 0.7190
vt 0.4352 0.7190
vt 0.5402 0.7190
vt 0.4877 0.6540
vt 0.4352 0.6540
vt 0.5402 0.6540
vt 0.4877 0.5889
vt 0.4352 0.5889
vt 0.5402 0.5889
vt 0.4877 0.5239
vt 0.4352 0.5239
vt 0.5402 0.5239
vt 0.4877 0.4589
vt 0.4352 0.4589
vt 0.5402 0.4589
vt 0.4877 0.3938
vt 0.4352 0.3938
vt 0.5402 0.3938
vt 0.4877 0.3288
vt 0.4352 0.3288
vt 0.5402 0.3288
vt 0.4877 0.2638
vt 0.4352 0.2638
vt 0.5402 0.2638
vt 0.4877 0.1988
vt 0.4352 0.1988
vt 0.5402 0.1988
vt 0.4877 0.1337
vt 0.4352 0.1337
vt 0.5402 0.1337
vt 0.4877 0.0687
vt 0.4352 0.0687
vt 0.5402 0.0687
vt 0.4877 0.0037
vt 0.4352 0.0037
vt 0.5402 0.0037
vt 0.9358 0.9853
vt 0.9358 0.9656
vt 0.9156 0.9656
vt 0.9156 0.9853
vt 0.9559 0.9853
vt 0.9559 0.9656
vt 0.9358 0.9459
vt 0.9156 0.9459
vt 0.9559 0.9459
vt 0.9358 0.9262
vt 0.9156 0.9262
vt 0.9559 0.9262
vt 0.9358 0.9065
vt 0.9156 0.9065
vt 0.9559 0.9065
vt 0.9358 0.8867
vt 0.9156 0.8867
vt 0.9559 0.8867
vt 0.9358 0.8670
vt 0.9156 0.8670
vt 0.9559 0.8670
vt 0.9358 0.8473
vt 0.9156 0.8473
vt 0.9559 0.8473
vt 0.9358 0.8276
vt 0.9156 0.8276
vt 0.9559 0.8276
vt 0.9358 0.8079
vt 0.9156 0.8079
vt 0.9559 0.8079
vt 0.9358 0.7882
vt 0.9156 0.7882
vt 0.9559 0.7882
vt 0.9358 0.7685
vt 0.9156 0.7685
vt 0.9559 0.7685
vt 0.9358 0.7488
vt 0.9156 0.7488
vt 0.9559 0.7488
vt 0.9358 0.7291
vt 0.9156 0.7291
vt 0.9559 0.7291
vt 0.9358 0.7094
vt 0.9156 0.7094
vt 0.9559 0.7094
vt 0.9358 0.6897
vt 0.9156 0.6897
vt 0.9559 0.6897
vt 0.9432 0.4047
vt 0.9432 0.4410
vt 0.9717 0.4410
vt 0.9717 0.4047
vt 0.9146 0.4047
vt 0.9146 0.4410
vt 0.9432 0.4772
vt 0.9717 0.4772
vt 0.9146 0.4772
vt 0.9432 0.5135
vt 0.9717 0.5135
vt 0.9146 0.5135
vt 0.9432 0.5497
vt 0.9717 0.5497
vt 0.9146 0.5497
vt 0.9432 0.5860
vt 0.9717 0.5860
vt 0.9146 0.5860
vt 0.9432 0.6222
vt 0.9717 0.6222
vt 0.9146 0.6222
vt 0.9432 0.6585
vt 0.9717 0.6585
vt 0.9146 0.6585
vt 0.2305 0.4682
vt 0.1655 0.4682
vt 0.1655 0.4378
vt 0.2305 0.4378
vt 0.2956 0.4682
vt 0.2956 0.4378
vt 0.1655 0.4075
vt 0.2305 0.4075
vt 0.2956 0.4075
vt 0.1655 0.3771
vt 0.2305 0.3771
vt 0.2956 0.3771
vt 0.1655 0.3467
vt 0.2305 0.3467
vt 0.2956 0.3467
vt 0.1655 0.3163
vt 0.2305 0.3163
vt 0.2956 0.3163
vt 0.1655 0.2860
vt 0.2305 0.2860
vt 0.2956 0.2860
vt 0.1655 0.2556
vt 0.2305 0.2556
vt 0.2956 0.2556
vt 0.1655 0.2252
vt 0.2305 0.2252
vt 0.2956 0.2252
vt 0.1655 0.1948
vt 0.2305 0.1948
vt 0.2956 0.1948
vt 0.1655 0.1644
vt 0.2305 0.1644
vt 0.2956 0.1644
vt 0.1655 0.1341
vt 0.2305 0.1341
vt 0.2956 0.1341
vt 0.1655 0.1037
vt 0.2305 0.1037
vt 0.2956 0.1037
vt 0.1655 0.0733
vt 0.2305 0.0733
vt 0.2956 0.0733
vt 0.1655 0.0429
vt 0.2305 0.0429
vt 0.2956 0.0429
vt 0.1655 0.0126
vt 0.2305 0.0126
vt 0.2956 0.0126
vt 0.4877 0.9791
vt 0.4352 0.9791
vt 0.4352 0.9141
vt 0.4877 0.9141
vt 0.5402 0.9791
vt 0.5402 0.9141
vt 0.4352 0.8490
vt 0.4877 0.8490
vt 0.5402 0.8490
vt 0.4352 0.7840
vt 0.4877 0.7840
vt 0.5402 0.7840
vt 0.4352 0.7190
vt 0.4877 0.7190
vt 0.5402 0.7190
vt 0.4352 0.6540
vt 0.4877 0.6540
vt 0.5402 0.6540
vt 0.4352 0.5889
vt 0.4877 0.5889
vt 0.5402 0.5889
vt 0.4352 0.5239
vt 0.4877 0.5239
vt 0.5402 0.5239
vt 0.4352 0.4589
vt 0.4877 0.4589
vt 0.5402 0.4589
vt 0.4352 0.3938
vt 0.4877 0.3938
vt 0.5402 0.3938
vt 0.4352 0.3288
vt 0.4877 0.3288
vt 0.5402 0.3288
vt 0.4352 0.2638
vt 0.4877 0.2638
vt 0.5402 0.2638
vt 0.4352 0.1988
vt 0.4877 0.1988
vt 0.5402 0.1988
vt 0.4352 0.1337
vt 0.4877 0.1337
vt 0.5402 0.1337
vt 0.4352 0.0687
vt 0.4877 0.0687
vt 0.5402 0.0687
vt 0.4352 0.0037
vt 0.4877 0.0037
vt 0.5402 0.0037
vt 0.2305 0.4682
vt 0.1655 0.4682
vt 0.1655 0.4378
vt 0.2305 0.4378
vt 0.2956 0.4682
vt 0.2956 0.4378
vt 0.1655 0.4075
vt 0.2305 0.4075
vt 0.2956 0.4075
vt 0.1655 0.3771
vt 0.2305 0.3771
vt 0.2956 0.3771
vt 0.1655 0.3467
vt 0.2305 0.3467
vt 0.2956 0.3467
vt 0.1655 0.3163
vt 0.2305 0.3163
vt 0.2956 0.3163
vt 0.1655 0.2860
vt 0.2305 0.2860
vt 0.2956 0.2860
vt 0.1655 0.2556
vt 0.2305 0.2556
vt 0.2956 0.2556
vt 0.1655 0.2252
vt 0.2305 0.2252
vt 0.2956 0.2252
vt 0.1655 0.1948
vt 0.2305 0.1948
vt 0.2956 0.1948
vt 0.1655 0.1644
vt 0.2305 0.1644
vt 0.2956 0.1644
vt 0.1655 0.1341
vt 0.2305 0.1341
vt 0.2956 0.1341
vt 0.1655 0.1037
vt 0.2305 0.1037
vt 0.2956 0.1037
vt 0.1655 0.0733
vt 0.2305 0.0733
vt 0.2956 0.0733
vt 0.1655 0.0429
vt 0.2305 0.0429
vt 0.2956 0.0429
vt 0.1655 0.0126
vt 0.2305 0.0126
vt 0.2956 0.0126
vt 0.4877 0.9791
vt 0.4352 0.9791
vt 0.4352 0.9141
vt 0.4877 0.9141
vt 0.5402 0.9791
vt 0.5402 0.9141
vt 0.4352 0.8490
vt 0.4877 0.8490
vt 0.5402 0.8490
vt 0.4352 0.7840
vt 0.4877 0.7840
vt 0.5402 0.7840
vt 0.4352 0.7190
vt 0.4877 0.7190
vt 0.5402 0.7190
vt 0.4352 0.6540
vt 0.4877 0.6540
vt 0.5402 0.6540
vt 0.4352 0.5889
vt 0.4877 0.5889
vt 0.5402 0.5889
vt 0.4352 0.5239
vt 0.4877 0.5239
vt 0.5402 0.5239
vt 0.4352 0.4589
vt 0.4877 0.4589
vt 0.5402 0.4589
vt 0.4352 0.3938
vt 0.4877 0.3938
vt 0.5402 0.3938
vt 0.4352 0.3288
vt 0.4877 0.3288
vt 0.5402 0.3288
vt 0.4352 0.2638
vt 0.4877 0.2638
vt 0.5402 0.2638
vt 0.4352 0.1988
vt 0.4877 0.1988
vt 0.5402 0.1988
vt 0.4352 0.1337
vt 0.4877 0.1337
vt 0.5402 0.1337
vt 0.4352 0.0687
vt 0.4877 0.0687
vt 0.5402 0.0687
vt 0.4352 0.0037
vt 0.4877 0.0037
vt 0.5402 0.0037
vt 0.4877 0.9791
vt 0.4352 0.9791
vt 0.4352 0.9141
vt 0.4877 0.9141
vt 0.5402 0.9791
vt 0.5402 0.9141
vt 0.4352 0.8490
vt 0.4877 0.8490
vt 0.5402 0.8490
vt 0.4352 0.7840
vt 0.4877 0.7840
vt 0.5402 0.7840
vt 0.4352 0.7190
vt 0.4877 0.7190
vt 0.5402 0.7190
vt 0.4352 0.6540
vt 0.4877 0.6540
vt 0.5402 0.6540
vt 0.4352 0.5889
vt 0.4877 0.5889
vt 0.5402 0.5889
vt 0.4352 0.5239
vt 0.4877 0.5239
vt 0.5402 0.5239
vt 0.4352 0.4589
vt 0.4877 0.4589
vt 0.5402 0.4589
vt 0.4352 0.3938
vt 0.4877 0.3938
vt 0.5402 0.3938
vt 0.4352 0.3288
vt 0.4877 0.3288
vt 0.5402 0.3288
vt 0.4352 0.2638
vt 0.4877 0.2638
vt 0.5402 0.2638
vt 0.4352 0.1988
vt 0.4877 0.1988
vt 0.5402 0.1988
vt 0.4352 0.1337
vt 0.4877 0.1337
vt 0.5402 0.1337
vt 0.4352 0.0687
vt 0.4877 0.0687
vt 0.5402 0.0687
vt 0.4352 0.0037
vt 0.4877 0.0037
vt 0.5402 0.0037
vt 0.4877 0.9791
vt 0.4352 0.9791
vt 0.4352 0.9141
vt 0.4877 0.9141
vt 0.5402 0.9791
vt 0.5402 0.9141
vt 0.4352 0.8490
vt 0.4877 0.8490
vt 0.5402 0.8490
vt 0.4352 0.7840
vt 0.4877 0.7840
vt 0.5402 0.7840
vt 0.4352 0.7190
vt 0.4877 0.7190
vt 0.5402 0.7190
vt 0.4352 0.6540
vt 0.4877 0.6540
vt 0.5402 0.6540
vt 0.4352 0.5889
vt 0.4877 0.5889
vt 0.5402 0.5889
vt 0.4352 0.5239
vt 0.4877 0.5239
vt 0.5402 0.5239
vt 0.4352 0.4589
vt 0.4877 0.4589
vt 0.5402 0.4589
vt 0.4352 0.3938
vt 0.4877 0.3938
vt 0.5402 0.3938
vt 0.4352 0.3288
vt 0.4877 0.3288
vt 0.5402 0.3288
vt 0.4352 0.2638
vt 0.4877 0.2638
vt 0.5402 0.2638
vt 0.4352 0.1988
vt 0.4877 0.1988
vt 0.5402 0.1988
vt 0.4352 0.1337
vt 0.4877 0.1337
vt 0.5402 0.1337
vt 0.4352 0.0687
vt 0.4877 0.0687
vt 0.5402 0.0687
vt 0.4352 0.0037
vt 0.4877 0.0037
vt 0.5402 0.0037
vt 0.2305 0.4682
vt 0.1655 0.4682
vt 0.1655 0.4378
vt 0.2305 0.4378
vt 0.2956 0.4682
vt 0.2956 0.4378
vt 0.1655 0.4075
vt 0.2305 0.4075
vt 0.2956 0.4075
vt 0.1655 0.3771
vt 0.2305 0.3771
vt 0.2956 0.3771
vt 0.1655 0.3467
vt 0.2305 0.3467
vt 0.2956 0.3467
vt 0.1655 0.3163
vt 0.2305 0.3163
vt 0.2956 0.3163
vt 0.1655 0.2860
vt 0.2305 0.2860
vt 0.2956 0.2860
vt 0.1655 0.2556
vt 0.2305 0.2556
vt 0.2956 0.2556
vt 0.1655 0.2252
vt 0.2305 0.2252
vt 0.2956 0.2252
vt 0.1655 0.1948
vt 0.2305 0.1948
vt 0.2956 0.1948
vt 0.1655 0.1644
vt 0.2305 0.1644
vt 0.2956 0.1644
vt 0.1655 0.1341
vt 0.2305 0.1341
vt 0.2956 0.1341
vt 0.1655 0.1037
vt 0.2305 0.1037
vt 0.2956 0.1037
vt 0.1655 0.0733
vt 0.2305 0.0733
vt 0.2956 0.0733
vt 0.1655 0.0429
vt 0.2305 0.0429
vt 0.2956 0.0429
vt 0.1655 0.0126
vt 0.2305 0.0126
vt 0.2956 0.0126
vt 0.4877 0.9791
vt 0.4352 0.9791
vt 0.4352 0.9141
vt 0.4877 0.9141
vt 0.5402 0.9791
vt 0.5402 0.9141
vt 0.4352 0.8490
vt 0.4877 0.8490
vt 0.5402 0.8490
vt 0.4352 0.7840
vt 0.4877 0.7840
vt 0.5402 0.7840
vt 0.4352 0.7190
vt 0.4877 0.7190
vt 0.5402 0.7190
vt 0.4352 0.6540
vt 0.4877 0.6540
vt 0.5402 0.6540
vt 0.4352 0.5889
vt 0.4877 0.5889
vt 0.5402 0.5889
vt 0.4352 0.5239
vt 0.4877 0.5239
vt 0.5402 0.5239
vt 0.4352 0.4589
vt 0.4877 0.4589
vt 0.5402 0.4589
vt 0.4352 0.3938
vt 0.4877 0.3938
vt 0.5402 0.3938
vt 0.4352 0.3288
vt 0.4877 0.3288
vt 0.5402 0.3288
vt 0.4352 0.2638
vt 0.4877 0.2638
vt 0.5402 0.2638
vt 0.4352 0.1988
vt 0.4877 0.1988
vt 0.5402 0.1988
vt 0.4352 0.1337
vt 0.4877 0.1337
vt 0.5402 0.1337
vt 0.4352 0.0687
vt 0.4877 0.0687
vt 0.5402 0.0687
vt 0.4352 0.0037
vt 0.4877 0.0037
vt 0.5402 0.0037
vt 0.4877 0.9791
vt 0.4352 0.9791
vt 0.4352 0.9141
vt 0.4877 0.9141
vt 0.5402 0.9791
vt 0.5402 0.9141
vt 0.4352 0.8490
vt 0.4877 0.8490
vt 0.5402 0.8490
vt 0.4352 0.7840
vt 0.4877 0.7840
vt 0.5402 0.7840
vt 0.4352 0.7190
vt 0.4877 0.7190
vt 0.5402 0.7190
vt 0.4352 0.6540
vt 0.4877 0.6540
vt 0.5402 0.6540
vt 0.4352 0.5889
vt 0.4877 0.5889
vt 0.5402 0.5889
vt 0.4352 0.5239
vt 0.4877 0.5239
vt 0.5402 0.5239
vt 0.4352 0.4589
vt 0.4877 0.4589
vt 0.5402 0.4589
vt 0.4352 0.3938
vt 0.4877 0.3938
vt 0.5402 0.3938
vt 0.4352 0.3288
vt 0.4877 0.3288
vt 0.5402 0.3288
vt 0.4352 0.2638
vt 0.4877 0.2638
vt 0.5402 0.2638
vt 0.4352 0.1988
vt 0.4877 0.1988
vt 0.5402 0.1988
vt 0.4352 0.1337
vt 0.4877 0.1337
vt 0.5402 0.1337
vt 0.4352 0.0687
vt 0.4877 0.0687
vt 0.5402 0.0687
vt 0.4352 0.0037
vt 0.4877 0.0037
vt 0.5402 0.0037
vt 0.2305 0.4682
vt 0.1655 0.4682
vt 0.1655 0.4378
vt 0.2305 0.4378
vt 0.2956 0.4682
vt 0.2956 0.4378
vt 0.1655 0.4075
vt 0.2305 0.4075
vt 0.2956 0.4075
vt 0.1655 0.3771
vt 0.2305 0.3771
vt 0.2956 0.3771
vt 0.1655 0.3467
vt 0.2305 0.3467
vt 0.2956 0.3467
vt 0.1655 0.3163
vt 0.2305 0.3163
vt 0.2956 0.3163
vt 0.1655 0.2860
vt 0.2305 0.2860
vt 0.2956 0.2860
vt 0.1655 0.2556
vt 0.2305 0.2556
vt 0.2956 0.2556
vt 0.1655 0.2252
vt 0.2305 0.2252
vt 0.2956 0.2252
vt 0.1655 0.1948
vt 0.2305 0.1948
vt 0.2956 0.1948
vt 0.1655 0.1644
vt 0.2305 0.1644
vt 0.2956 0.1644
vt 0.1655 0.1341
vt 0.2305 0.1341
vt 0.2956 0.1341
vt 0.1655 0.1037
vt 0.2305 0.1037
vt 0.2956 0.1037
vt 0.1655 0.0733
vt 0.2305 0.0733
vt 0.2956 0.0733
vt 0.1655 0.0429
vt 0.2305 0.0429
vt 0.2956 0.0429
vt 0.1655 0.0126
vt 0.2305 0.0126
vt 0.2956 0.0126
vt 0.4877 0.9791
vt 0.4352 0.9791
vt 0.4352 0.9141
vt 0.4877 0.9141
vt 0.5402 0.9791
vt 0.5402 0.9141
vt 0.4352 0.8490
vt 0.4877 0.8490
vt 0.5402 0.8490
vt 0.4352 0.7840
vt 0.4877 0.7840
vt 0.5402 0.7840
vt 0.4352 0.7190
vt 0.4877 0.7190
vt 0.5402 0.7190
vt 0.4352 0.6540
vt 0.4877 0.6540
vt 0.5402 0.6540
vt 0.4352 0.5889
vt 0.4877 0.5889
vt 0.5402 0.5889
vt 0.4352 0.5239
vt 0.4877 0.5239
vt 0.5402 0.5239
vt 0.4352 0.4589
vt 0.4877 0.4589
vt 0.5402 0.4589
vt 0.4352 0.3938
vt 0.4877 0.3938
vt 0.5402 0.3938
vt 0.4352 0.3288
vt 0.4877 0.3288
vt 0.5402 0.3288
vt 0.4352 0.2638
vt 0.4877 0.2638
vt 0.5402 0.2638
vt 0.4352 0.1988
vt 0.4877 0.1988
vt 0.5402 0.1988
vt 0.4352 0.1337
vt 0.4877 0.1337
vt 0.5402 0.1337
vt 0.4352 0.0687
vt 0.4877 0.0687
vt 0.5402 0.0687
vt 0.4352 0.0037
vt 0.4877 0.0037
vt 0.5402 0.0037
vt 0.4877 0.9791
vt 0.4352 0.9791
vt 0.4352 0.9141
vt 0.4877 0.9141
vt 0.5402 0.9791
vt 0.5402 0.9141
vt 0.4352 0.8490
vt 0.4877 0.8490
vt 0.5402 0.8490
vt 0.4352 0.7840
vt 0.4877 0.7840
vt 0.5402 0.7840
vt 0.4352 0.7190
vt 0.4877 0.7190
vt 0.5402 0.7190
vt 0.4352 0.6540
vt 0.4877 0.6540
vt 0.5402 0.6540
vt 0.4352 0.5889
vt 0.4877 0.5889
vt 0.5402 0.5889
vt 0.4352 0.5239
vt 0.4877 0.5239
vt 0.5402 0.5239
vt 0.4352 0.4589
vt 0.4877 0.4589
vt 0.5402 0.4589
vt 0.4352 0.3938
vt 0.4877 0.3938
vt 0.5402 0.3938
vt 0.4352 0.3288
vt 0.4877 0.3288
vt 0.5402 0.3288
vt 0.4352 0.2638
vt 0.4877 0.2638
vt 0.5402 0.2638
vt 0.4352 0.1988
vt 0.4877 0.1988
vt 0.5402 0.1988
vt 0.4352 0.1337
vt 0.4877 0.1337
vt 0.5402 0.1337
vt 0.4352 0.0687
vt 0.4877 0.0687
vt 0.5402 0.0687
vt 0.4352 0.0037
vt 0.4877 0.0037
vt 0.5402 0.0037
vt 0.4877 0.9791
vt 0.4352 0.9791
vt 0.4352 0.9141
vt 0.4877 0.9141
vt 0.5402 0.9791
vt 0.5402 0.9141
vt 0.4352 0.8490
vt 0.4877 0.8490
vt 0.5402 0.8490
vt 0.4352 0.7840
vt 0.4877 0.7840
vt 0.5402 0.7840
vt 0.4352 0.7190
vt 0.4877 0.7190
vt 0.5402 0.7190
vt 0.4352 0.6540
vt 0.4877 0.6540
vt 0.5402 0.6540
vt 0.4352 0.5889
vt 0.4877 0.5889
vt 0.5402 0.5889
vt 0.4352 0.5239
vt 0.4877 0.5239
vt 0.5402 0.5239
vt 0.4352 0.4589
vt 0.4877 0.4589
vt 0.5402 0.4589
vt 0.4352 0.3938
vt 0.4877 0.3938
vt 0.5402 0.3938
vt 0.4352 0.3288
vt 0.4877 0.3288
vt 0.5402 0.3288
vt 0.4352 0.2638
vt 0.4877 0.2638
vt 0.5402 0.2638
vt 0.4352 0.1988
vt 0.4877 0.1988
vt 0.5402 0.1988
vt 0.4352 0.1337
vt 0.4877 0.1337
vt 0.5402 0.1337
vt 0.4352 0.0687
vt 0.4877 0.0687
vt 0.5402 0.0687
vt 0.4352 0.0037
vt 0.4877 0.0037
vt 0.5402 0.0037
vt 0.4877 0.9791
vt 0.4352 0.9791
vt 0.4352 0.9141
vt 0.4877 0.9141
vt 0.5402 0.9791
vt 0.5402 0.9141
vt 0.4352 0.8490
vt 0.4877 0.8490
vt 0.5402 0.8490
vt 0.4352 0.7840
vt 0.4877 0.7840
vt 0.5402 0.7840
vt 0.4352 0.7190
vt 0.4877 0.7190
vt 0.5402 0.7190
vt 0.4352 0.6540
vt 0.4877 0.6540
vt 0.5402 0.6540
vt 0.4352 0.5889
vt 0.4877 0.5889
vt 0.5402 0.5889
vt 0.4352 0.5239
vt 0.4877 0.5239
vt 0.5402 0.5239
vt 0.4352 0.4589
vt 0.4877 0.4589
vt 0.5402 0.4589
vt 0.4352 0.3938
vt 0.4877 0.3938
vt 0.5402 0.3938
vt 0.4352 0.3288
vt 0.4877 0.3288
vt 0.5402 0.3288
vt 0.4352 0.2638
vt 0.4877 0.2638
vt 0.5402 0.2638
vt 0.4352 0.1988
vt 0.4877 0.1988
vt 0.5402 0.1988
vt 0.4352 0.1337
vt 0.4877 0.1337
vt 0.5402 0.1337
vt 0.4352 0.0687
vt 0.4877 0.0687
vt 0.5402 0.0687
vt 0.4352 0.0037
vt 0.4877 0.0037
vt 0.5402 0.0037
vt 0.4877 0.9791
vt 0.4352 0.9791
vt 0.4352 0.9141
vt 0.4877 0.9141
vt 0.5402 0.9791
vt 0.5402 0.9141
vt 0.4352 0.8490
vt 0.4877 0.8490
vt 0.5402 0.8490
vt 0.4352 0.7840
vt 0.4877 0.7840
vt 0.5402 0.7840
vt 0.4352 0.7190
vt 0.4877 0.7190
vt 0.5402 0.7190
vt 0.4352 0.6540
vt 0.4877 0.6540
vt 0.5402 0.6540
vt 0.4352 0.5889
vt 0.4877 0.5889
vt 0.5402 0.5889
vt 0.4352 0.5239
vt 0.4877 0.5239
vt 0.5402 0.5239
vt 0.4352 0.4589
vt 0.4877 0.4589
vt 0.5402 0.4589
vt 0.4352 0.3938
vt 0.4877 0.3938
vt 0.5402 0.3938
vt 0.4352 0.3288
vt 0.4877 0.3288
vt 0.5402 0.3288
vt 0.4352 0.2638
vt 0.4877 0.2638
vt 0.5402 0.2638
vt 0.4352 0.1988
vt 0.4877 0.1988
vt 0.5402 0.1988
vt 0.4352 0.1337
vt 0.4877 0.1337
vt 0.5402 0.1337
vt 0.4352 0.0687
vt 0.4877 0.0687
vt 0.5402 0.0687
vt 0.4352 0.0037
vt 0.4877 0.0037
vt 0.5402 0.0037
vt 0.4877 0.9791
vt 0.4352 0.9791
vt 0.4352 0.9141
vt 0.4877 0.9141
vt 0.5402 0.9791
vt 0.5402 0.9141
vt 0.4352 0.8490
vt 0.4877 0.8490
vt 0.5402 0.8490
vt 0.4352 0.7840
vt 0.4877 0.7840
vt 0.5402 0.7840
vt 0.4352 0.7190
vt 0.4877 0.7190
vt 0.5402 0.7190
vt 0.4352 0.6540
vt 0.4877 0.6540
vt 0.5402 0.6540
vt 0.4352 0.5889
vt 0.4877 0.5889
vt 0.5402 0.5889
vt 0.4352 0.5239
vt 0.4877 0.5239
vt 0.5402 0.5239
vt 0.4352 0.4589
vt 0.4877 0.4589
vt 0.5402 0.4589
vt 0.4352 0.3938
vt 0.4877 0.3938
vt 0.5402 0.3938
vt 0.4352 0.3288
vt 0.4877 0.3288
vt 0.5402 0.3288
vt 0.4352 0.2638
vt 0.4877 0.2638
vt 0.5402 0.2638
vt 0.4352 0.1988
vt 0.4877 0.1988
vt 0.5402 0.1988
vt 0.4352 0.1337
vt 0.4877 0.1337
vt 0.5402 0.1337
vt 0.4352 0.0687
vt 0.4877 0.0687
vt 0.5402 0.0687
vt 0.4352 0.0037
vt 0.4877 0.0037
vt 0.5402 0.0037
vt 0.4877 0.9791
vt 0.4352 0.9791
vt 0.4352 0.9141
vt 0.4877 0.9141
vt 0.5402 0.9791
vt 0.5402 0.9141
vt 0.4352 0.8490
vt 0.4877 0.8490
vt 0.5402 0.8490
vt 0.4352 0.7840
vt 0.4877 0.7840
vt 0.5402 0.7840
vt 0.4352 0.7190
vt 0.4877 0.7190
vt 0.5402 0.7190
vt 0.4352 0.6540
vt 0.4877 0.6540
vt 0.5402 0.6540
vt 0.4352 0.5889
vt 0.4877 0.5889
vt 0.5402 0.5889
vt 0.4352 0.5239
vt 0.4877 0.5239
vt 0.5402 0.5239
vt 0.4352 0.4589
vt 0.4877 0.4589
vt 0.5402 0.4589
vt 0.4352 0.3938
vt 0.4877 0.3938
vt 0.5402 0.3938
vt 0.4352 0.3288
vt 0.4877 0.3288
vt 0.5402 0.3288
vt 0.4352 0.2638
vt 0.4877 0.2638
vt 0.5402 0.2638
vt 0.4352 0.1988
vt 0.4877 0.1988
vt 0.5402 0.1988
vt 0.4352 0.1337
vt 0.4877 0.1337
vt 0.5402 0.1337
vt 0.4352 0.0687
vt 0.4877 0.0687
vt 0.5402 0.0687
vt 0.4352 0.0037
vt 0.4877 0.0037
vt 0.5402 0.0037
vt 0.4877 0.9791
vt 0.4352 0.9791
vt 0.4352 0.9141
vt 0.4877 0.9141
vt 0.5402 0.9791
vt 0.5402 0.9141
vt 0.4352 0.8490
vt 0.4877 0.8490
vt 0.5402 0.8490
vt 0.4352 0.7840
vt 0.4877 0.7840
vt 0.5402 0.7840
vt 0.4352 0.7190
vt 0.4877 0.7190
vt 0.5402 0.7190
vt 0.4352 0.6540
vt 0.4877 0.6540
vt 0.5402 0.6540
vt 0.4352 0.5889
vt 0.4877 0.5889
vt 0.5402 0.5889
vt 0.4352 0.5239
vt 0.4877 0.5239
vt 0.5402 0.5239
vt 0.4352 0.4589
vt 0.4877 0.4589
vt 0.5402 0.4589
vt 0.4352 0.3938
vt 0.4877 0.3938
vt 0.5402 0.3938
vt 0.4352 0.3288
vt 0.4877 0.3288
vt 0.5402 0.3288
vt 0.4352 0.2638
vt 0.4877 0.2638
vt 0.5402 0.2638
vt 0.4352 0.1988
vt 0.4877 0.1988
vt 0.5402 0.1988
vt 0.4352 0.1337
vt 0.4877 0.1337
vt 0.5402 0.1337
vt 0.4352 0.0687
vt 0.4877 0.0687
vt 0.5402 0.0687
vt 0.4352 0.0037
vt 0.4877 0.0037
vt 0.5402 0.0037
vt 0.4877 0.9791
vt 0.4352 0.9791
vt 0.4352 0.9141
vt 0.4877 0.9141
vt 0.5402 0.9791
vt 0.5402 0.9141
vt 0.4352 0.8490
vt 0.4877 0.8490
vt 0.5402 0.8490
vt 0.4352 0.7840
vt 0.4877 0.7840
vt 0.5402 0.7840
vt 0.4352 0.7190
vt 0.4877 0.7190
vt 0.5402 0.7190
vt 0.4352 0.6540
vt 0.4877 0.6540
vt 0.5402 0.6540
vt 0.4352 0.5889
vt 0.4877 0.5889
vt 0.5402 0.5889
vt 0.4352 0.5239
vt 0.4877 0.5239
vt 0.5402 0.5239
vt 0.4352 0.4589
vt 0.4877 0.4589
vt 0.5402 0.4589
vt 0.4352 0.3938
vt 0.4877 0.3938
vt 0.5402 0.3938
vt 0.4352 0.3288
vt 0.4877 0.3288
vt 0.5402 0.3288
vt 0.4352 0.2638
vt 0.4877 0.2638
vt 0.5402 0.2638
vt 0.4352 0.1988
vt 0.4877 0.1988
vt 0.5402 0.1988
vt 0.4352 0.1337
vt 0.4877 0.1337
vt 0.5402 0.1337
vt 0.4352 0.0687
vt 0.4877 0.0687
vt 0.5402 0.0687
vt 0.4352 0.0037
vt 0.4877 0.0037
vt 0.5402 0.0037
vt 0.3595 0.3989
vt 0.3105 0.3989
vt 0.3105 0.3732
vt 0.3595 0.3732
vt 0.4085 0.3989
vt 0.4085 0.3732
vt 0.3105 0.3475
vt 0.3595 0.3475
vt 0.4085 0.3475
vt 0.3105 0.3218
vt 0.3595 0.3218
vt 0.4085 0.3218
vt 0.3105 0.2961
vt 0.3595 0.2961
vt 0.4085 0.2961
vt 0.3105 0.2704
vt 0.3595 0.2704
vt 0.4085 0.2704
vt 0.3105 0.2448
vt 0.3595 0.2448
vt 0.4085 0.2448
vt 0.3105 0.2191
vt 0.3595 0.2191
vt 0.4085 0.2191
vt 0.3105 0.1934
vt 0.3595 0.1934
vt 0.4085 0.1934
vt 0.3105 0.1677
vt 0.3595 0.1677
vt 0.4085 0.1677
vt 0.3105 0.1420
vt 0.3595 0.1420
vt 0.4085 0.1420
vt 0.3105 0.1163
vt 0.3595 0.1163
vt 0.4085 0.1163
vt 0.3105 0.0906
vt 0.3595 0.0906
vt 0.4085 0.0906
vt 0.3105 0.0650
vt 0.3595 0.0650
vt 0.4085 0.0650
vt 0.3105 0.0393
vt 0.3595 0.0393
vt 0.4085 0.0393
vt 0.3105 0.0136
vt 0.3595 0.0136
vt 0.4085 0.0136
vt 0.3595 0.3989
vt 0.3105 0.3989
vt 0.3105 0.3732
vt 0.3595 0.3732
vt 0.4085 0.3989
vt 0.4085 0.3732
vt 0.3105 0.3475
vt 0.3595 0.3475
vt 0.4085 0.3475
vt 0.3105 0.3218
vt 0.3595 0.3218
vt 0.4085 0.3218
vt 0.3105 0.2961
vt 0.3595 0.2961
vt 0.4085 0.2961
vt 0.3105 0.2704
vt 0.3595 0.2704
vt 0.4085 0.2704
vt 0.3105 0.2448
vt 0.3595 0.2448
vt 0.4085 0.2448
vt 0.3105 0.2191
vt 0.3595 0.2191
vt 0.4085 0.2191
vt 0.3105 0.1934
vt 0.3595 0.1934
vt 0.4085 0.1934
vt 0.3105 0.1677
vt 0.3595 0.1677
vt 0.4085 0.1677
vt 0.3105 0.1420
vt 0.3595 0.1420
vt 0.4085 0.1420
vt 0.3105 0.1163
vt 0.3595 0.1163
vt 0.4085 0.1163
vt 0.3105 0.0906
vt 0.3595 0.0906
vt 0.4085 0.0906
vt 0.3105 0.0650
vt 0.3595 0.0650
vt 0.4085 0.0650
vt 0.3105 0.0393
vt 0.3595 0.0393
vt 0.4085 0.0393
vt 0.3105 0.0136
vt 0.3595 0.0136
vt 0.4085 0.0136
vt 0.2318 0.2526
vt 0.1687 0.2526
vt 0.1687 0.2386
vt 0.2318 0.2386
vt 0.2948 0.2526
vt 0.2948 0.2386
vt 0.1687 0.2247
vt 0.2318 0.2247
vt 0.2948 0.2247
vt 0.1687 0.2108
vt 0.2318 0.2108
vt 0.2948 0.2108
vt 0.1687 0.1969
vt 0.2318 0.1969
vt 0.2948 0.1969
vt 0.1687 0.1829
vt 0.2318 0.1829
vt 0.2948 0.1829
vt 0.1687 0.1690
vt 0.2318 0.1690
vt 0.2948 0.1690
vt 0.1687 0.1551
vt 0.2318 0.1551
vt 0.2948 0.1551
vt 0.1687 0.1411
vt 0.2318 0.1411
vt 0.2948 0.1411
vt 0.1687 0.1272
vt 0.2318 0.1272
vt 0.2948 0.1272
vt 0.1687 0.1133
vt 0.2318 0.1133
vt 0.2948 0.1133
vt 0.1687 0.0993
vt 0.2318 0.0993
vt 0.2948 0.0993
vt 0.1687 0.0854
vt 0.2318 0.0854
vt 0.2948 0.0854
vt 0.1687 0.0715
vt 0.2318 0.0715
vt 0.2948 0.0715
vt 0.1687 0.0576
vt 0.2318 0.0576
vt 0.2948 0.0576
vt 0.1687 0.0436
vt 0.2318 0.0436
vt 0.2948 0.0436
vt 0.4877 0.9791
vt 0.4352 0.9791
vt 0.4352 0.9141
vt 0.4877 0.9141
vt 0.5402 0.9791
vt 0.5402 0.9141
vt 0.4352 0.8490
vt 0.4877 0.8490
vt 0.5402 0.8490
vt 0.4352 0.7840
vt 0.4877 0.7840
vt 0.5402 0.7840
vt 0.4352 0.7190
vt 0.4877 0.7190
vt 0.5402 0.7190
vt 0.4352 0.6540
vt 0.4877 0.6540
vt 0.5402 0.6540
vt 0.4352 0.5889
vt 0.4877 0.5889
vt 0.5402 0.5889
vt 0.4352 0.5239
vt 0.4877 0.5239
vt 0.5402 0.5239
vt 0.4352 0.4589
vt 0.4877 0.4589
vt 0.5402 0.4589
vt 0.4352 0.3938
vt 0.4877 0.3938
vt 0.5402 0.3938
vt 0.4352 0.3288
vt 0.4877 0.3288
vt 0.5402 0.3288
vt 0.4352 0.2638
vt 0.4877 0.2638
vt 0.5402 0.2638
vt 0.4352 0.1988
vt 0.4877 0.1988
vt 0.5402 0.1988
vt 0.4352 0.1337
vt 0.4877 0.1337
vt 0.5402 0.1337
vt 0.4352 0.0687
vt 0.4877 0.0687
vt 0.5402 0.0687
vt 0.4352 0.0037
vt 0.4877 0.0037
vt 0.5402 0.0037
vt 0.4877 0.9791
vt 0.4352 0.9791
vt 0.4352 0.9141
vt 0.4877 0.9141
vt 0.5402 0.9791
vt 0.5402 0.9141
vt 0.4352 0.8490
vt 0.4877 0.8490
vt 0.5402 0.8490
vt 0.4352 0.7840
vt 0.4877 0.7840
vt 0.5402 0.7840
vt 0.4352 0.7190
vt 0.4877 0.7190
vt 0.5402 0.7190
vt 0.4352 0.6540
vt 0.4877 0.6540
vt 0.5402 0.6540
vt 0.4352 0.5889
vt 0.4877 0.5889
vt 0.5402 0.5889
vt 0.4352 0.5239
vt 0.4877 0.5239
vt 0.5402 0.5239
vt 0.4352 0.4589
vt 0.4877 0.4589
vt 0.5402 0.4589
vt 0.4352 0.3938
vt 0.4877 0.3938
vt 0.5402 0.3938
vt 0.4352 0.3288
vt 0.4877 0.3288
vt 0.5402 0.3288
vt 0.4352 0.2638
vt 0.4877 0.2638
vt 0.5402 0.2638
vt 0.4352 0.1988
vt 0.4877 0.1988
vt 0.5402 0.1988
vt 0.4352 0.1337
vt 0.4877 0.1337
vt 0.5402 0.1337
vt 0.4352 0.0687
vt 0.4877 0.0687
vt 0.5402 0.0687
vt 0.4352 0.0037
vt 0.4877 0.0037
vt 0.5402 0.0037
vt 0.2318 0.2526
vt 0.1687 0.2526
vt 0.1687 0.2386
vt 0.2318 0.2386
vt 0.2948 0.2526
vt 0.2948 0.2386
vt 0.1687 0.2247
vt 0.2318 0.2247
vt 0.2948 0.2247
vt 0.1687 0.2108
vt 0.2318 0.2108
vt 0.2948 0.2108
vt 0.1687 0.1969
vt 0.2318 0.1969
vt 0.2948 0.1969
vt 0.1687 0.1829
vt 0.2318 0.1829
vt 0.2948 0.1829
vt 0.1687 0.1690
vt 0.2318 0.1690
vt 0.2948 0.1690
vt 0.1687 0.1551
vt 0.2318 0.1551
vt 0.2948 0.1551
vt 0.1687 0.1411
vt 0.2318 0.1411
vt 0.2948 0.1411
vt 0.1687 0.1272
vt 0.2318 0.1272
vt 0.2948 0.1272
vt 0.1687 0.1133
vt 0.2318 0.1133
vt 0.2948 0.1133
vt 0.1687 0.0993
vt 0.2318 0.0993
vt 0.2948 0.0993
vt 0.1687 0.0854
vt 0.2318 0.0854
vt 0.2948 0.0854
vt 0.1687 0.0715
vt 0.2318 0.0715
vt 0.2948 0.0715
vt 0.1687 0.0576
vt 0.2318 0.0576
vt 0.2948 0.0576
vt 0.1687 0.0436
vt 0.2318 0.0436
vt 0.2948 0.0436
vt 0.4877 0.9791
vt 0.4352 0.9791
vt 0.4352 0.9141
vt 0.4877 0.9141
vt 0.5402 0.9791
vt 0.5402 0.9141
vt 0.4352 0.8490
vt 0.4877 0.8490
vt 0.5402 0.8490
vt 0.4352 0.7840
vt 0.4877 0.7840
vt 0.5402 0.7840
vt 0.4352 0.7190
vt 0.4877 0.7190
vt 0.5402 0.7190
vt 0.4352 0.6540
vt 0.4877 0.6540
vt 0.5402 0.6540
vt 0.4352 0.5889
vt 0.4877 0.5889
vt 0.5402 0.5889
vt 0.4352 0.5239
vt 0.4877 0.5239
vt 0.5402 0.5239
vt 0.4352 0.4589
vt 0.4877 0.4589
vt 0.5402 0.4589
vt 0.4352 0.3938
vt 0.4877 0.3938
vt 0.5402 0.3938
vt 0.4352 0.3288
vt 0.4877 0.3288
vt 0.5402 0.3288
vt 0.4352 0.2638
vt 0.4877 0.2638
vt 0.5402 0.2638
vt 0.4352 0.1988
vt 0.4877 0.1988
vt 0.5402 0.1988
vt 0.4352 0.1337
vt 0.4877 0.1337
vt 0.5402 0.1337
vt 0.4352 0.0687
vt 0.4877 0.0687
vt 0.5402 0.0687
vt 0.4352 0.0037
vt 0.4877 0.0037
vt 0.5402 0.0037
vt 0.2318 0.3074
vt 0.1796 0.3074
vt 0.1796 0.2890
vt 0.2318 0.2890
vt 0.2840 0.3074
vt 0.2840 0.2890
vt 0.1796 0.2705
vt 0.2318 0.2705
vt 0.2840 0.2705
vt 0.1796 0.2521
vt 0.2318 0.2521
vt 0.2840 0.2521
vt 0.1796 0.2336
vt 0.2318 0.2336
vt 0.2840 0.2336
vt 0.1796 0.2152
vt 0.2318 0.2152
vt 0.2840 0.2152
vt 0.1796 0.1967
vt 0.2318 0.1967
vt 0.2840 0.1967
vt 0.1796 0.1783
vt 0.2318 0.1783
vt 0.2840 0.1783
vt 0.1796 0.1598
vt 0.2318 0.1598
vt 0.2840 0.1598
vt 0.1796 0.1413
vt 0.2318 0.1413
vt 0.2840 0.1413
vt 0.1796 0.1229
vt 0.2318 0.1229
vt 0.2840 0.1229
vt 0.1796 0.1044
vt 0.2318 0.1044
vt 0.2840 0.1044
vt 0.1796 0.0860
vt 0.2318 0.0860
vt 0.2840 0.0860
vt 0.1796 0.0675
vt 0.2318 0.0675
vt 0.2840 0.0675
vt 0.1796 0.0491
vt 0.2318 0.0491
vt 0.2840 0.0491
vt 0.1796 0.0306
vt 0.2318 0.0306
vt 0.2840 0.0306
vt 0.2709 0.3247
vt 0.2507 0.3247
vt 0.2507 0.3050
vt 0.2709 0.3050
vt 0.2910 0.3247
vt 0.2910 0.3050
vt 0.2507 0.2853
vt 0.2709 0.2853
vt 0.2910 0.2853
vt 0.2507 0.2656
vt 0.2709 0.2656
vt 0.2910 0.2656
vt 0.2507 0.2459
vt 0.2709 0.2459
vt 0.2910 0.2459
vt 0.2507 0.2262
vt 0.2709 0.2262
vt 0.2910 0.2262
vt 0.2507 0.2065
vt 0.2709 0.2065
vt 0.2910 0.2065
vt 0.2507 0.1868
vt 0.2709 0.1868
vt 0.2910 0.1868
vt 0.2507 0.1671
vt 0.2709 0.1671
vt 0.2910 0.1671
vt 0.2507 0.1474
vt 0.2709 0.1474
vt 0.2910 0.1474
vt 0.2507 0.1277
vt 0.2709 0.1277
vt 0.2910 0.1277
vt 0.2507 0.1080
vt 0.2709 0.1080
vt 0.2910 0.1080
vt 0.2507 0.0883
vt 0.2709 0.0883
vt 0.2910 0.0883
vt 0.2507 0.0686
vt 0.2709 0.0686
vt 0.2910 0.0686
vt 0.2507 0.0489
vt 0.2709 0.0489
vt 0.2910 0.0489
vt 0.2507 0.0292
vt 0.2709 0.0292
vt 0.2910 0.0292
vt 0.9358 0.9853
vt 0.9156 0.9853
vt 0.9156 0.9656
vt 0.9358 0.9656
vt 0.9559 0.9853
vt 0.9559 0.9656
vt 0.9156 0.9459
vt 0.9358 0.9459
vt 0.9559 0.9459
vt 0.9156 0.9262
vt 0.9358 0.9262
vt 0.9559 0.9262
vt 0.9156 0.9065
vt 0.9358 0.9065
vt 0.9559 0.9065
vt 0.9156 0.8867
vt 0.9358 0.8867
vt 0.9559 0.8867
vt 0.9156 0.8670
vt 0.9358 0.8670
vt 0.9559 0.8670
vt 0.9156 0.8473
vt 0.9358 0.8473
vt 0.9559 0.8473
vt 0.9156 0.8276
vt 0.9358 0.8276
vt 0.9559 0.8276
vt 0.9156 0.8079
vt 0.9358 0.8079
vt 0.9559 0.8079
vt 0.9156 0.7882
vt 0.9358 0.7882
vt 0.9559 0.7882
vt 0.9156 0.7685
vt 0.9358 0.7685
vt 0.9559 0.7685
vt 0.9156 0.7488
vt 0.9358 0.7488
vt 0.9559 0.7488
vt 0.9156 0.7291
vt 0.9358 0.7291
vt 0.9559 0.7291
vt 0.9156 0.7094
vt 0.9358 0.7094
vt 0.9559 0.7094
vt 0.9156 0.6897
vt 0.9358 0.6897
vt 0.9559 0.6897
vt 0.2709 0.3247
vt 0.2507 0.3247
vt 0.2507 0.3050
vt 0.2709 0.3050
vt 0.2910 0.3247
vt 0.2910 0.3050
vt 0.2507 0.2853
vt 0.2709 0.2853
vt 0.2910 0.2853
vt 0.2507 0.2656
vt 0.2709 0.2656
vt 0.2910 0.2656
vt 0.2507 0.2459
vt 0.2709 0.2459
vt 0.2910 0.2459
vt 0.2507 0.2262
vt 0.2709 0.2262
vt 0.2910 0.2262
vt 0.2507 0.2065
vt 0.2709 0.2065
vt 0.2910 0.2065
vt 0.2507 0.1868
vt 0.2709 0.1868
vt 0.2910 0.1868
vt 0.2507 0.1671
vt 0.2709 0.1671
vt 0.2910 0.1671
vt 0.2507 0.1474
vt 0.2709 0.1474
vt 0.2910 0.1474
vt 0.2507 0.1277
vt 0.2709 0.1277
vt 0.2910 0.1277
vt 0.2507 0.1080
vt 0.2709 0.1080
vt 0.2910 0.1080
vt 0.2507 0.0883
vt 0.2709 0.0883
vt 0.2910 0.0883
vt 0.2507 0.0686
vt 0.2709 0.0686
vt 0.2910 0.0686
vt 0.2507 0.0489
vt 0.2709 0.0489
vt 0.2910 0.0489
vt 0.2507 0.0292
vt 0.2709 0.0292
vt 0.2910 0.0292
vt 0.2284 0.3843
vt 0.1661 0.3843
vt 0.1661 0.3611
vt 0.2284 0.3611
vt 0.2907 0.3843
vt 0.2907 0.3611
vt 0.1661 0.3380
vt 0.2284 0.3380
vt 0.2907 0.3380
vt 0.1661 0.3148
vt 0.2284 0.3148
vt 0.2907 0.3148
vt 0.1661 0.2916
vt 0.2284 0.2916
vt 0.2907 0.2916
vt 0.1661 0.2684
vt 0.2284 0.2684
vt 0.2907 0.2684
vt 0.1661 0.2452
vt 0.2284 0.2452
vt 0.2907 0.2452
vt 0.1661 0.2221
vt 0.2284 0.2221
vt 0.2907 0.2221
vt 0.1661 0.1989
vt 0.2284 0.1989
vt 0.2907 0.1989
vt 0.1661 0.1757
vt 0.2284 0.1757
vt 0.2907 0.1757
vt 0.1661 0.1525
vt 0.2284 0.1525
vt 0.2907 0.1525
vt 0.1661 0.1294
vt 0.2284 0.1294
vt 0.2907 0.1294
vt 0.1661 0.1062
vt 0.2284 0.1062
vt 0.2907 0.1062
vt 0.1661 0.0830
vt 0.2284 0.0830
vt 0.2907 0.0830
vt 0.1661 0.0598
vt 0.2284 0.0598
vt 0.2907 0.0598
vt 0.1661 0.0366
vt 0.2284 0.0366
vt 0.2907 0.0366
vt 0.4877 0.9791
vt 0.4352 0.9791
vt 0.4352 0.9141
vt 0.4877 0.9141
vt 0.5402 0.9791
vt 0.5402 0.9141
vt 0.4352 0.8490
vt 0.4877 0.8490
vt 0.5402 0.8490
vt 0.4352 0.7840
vt 0.4877 0.7840
vt 0.5402 0.7840
vt 0.4352 0.7190
vt 0.4877 0.7190
vt 0.5402 0.7190
vt 0.4352 0.6540
vt 0.4877 0.6540
vt 0.5402 0.6540
vt 0.4352 0.5889
vt 0.4877 0.5889
vt 0.5402 0.5889
vt 0.4352 0.5239
vt 0.4877 0.5239
vt 0.5402 0.5239
vt 0.4352 0.4589
vt 0.4877 0.4589
vt 0.5402 0.4589
vt 0.4352 0.3938
vt 0.4877 0.3938
vt 0.5402 0.3938
vt 0.4352 0.3288
vt 0.4877 0.3288
vt 0.5402 0.3288
vt 0.4352 0.2638
vt 0.4877 0.2638
vt 0.5402 0.2638
vt 0.4352 0.1988
vt 0.4877 0.1988
vt 0.5402 0.1988
vt 0.4352 0.1337
vt 0.4877 0.1337
vt 0.5402 0.1337
vt 0.4352 0.0687
vt 0.4877 0.0687
vt 0.5402 0.0687
vt 0.4352 0.0037
vt 0.4877 0.0037
vt 0.5402 0.0037
vt 0.2284 0.3843
vt 0.1661 0.3843
vt 0.1661 0.3611
vt 0.2284 0.3611
vt 0.2907 0.3843
vt 0.2907 0.3611
vt 0.1661 0.3380
vt 0.2284 0.3380
vt 0.2907 0.3380
vt 0.1661 0.3148
vt 0.2284 0.3148
vt 0.2907 0.3148
vt 0.1661 0.2916
vt 0.2284 0.2916
vt 0.2907 0.2916
vt 0.1661 0.2684
vt 0.2284 0.2684
vt 0.2907 0.2684
vt 0.1661 0.2452
vt 0.2284 0.2452
vt 0.2907 0.2452
vt 0.1661 0.2221
vt 0.2284 0.2221
vt 0.2907 0.2221
vt 0.1661 0.1989
vt 0.2284 0.1989
vt 0.2907 0.1989
vt 0.1661 0.1757
vt 0.2284 0.1757
vt 0.2907 0.1757
vt 0.1661 0.1525
vt 0.2284 0.1525
vt 0.2907 0.1525
vt 0.1661 0.1294
vt 0.2284 0.1294
vt 0.2907 0.1294
vt 0.1661 0.1062
vt 0.2284 0.1062
vt 0.2907 0.1062
vt 0.1661 0.0830
vt 0.2284 0.0830
vt 0.2907 0.0830
vt 0.1661 0.0598
vt 0.2284 0.0598
vt 0.2907 0.0598
vt 0.1661 0.0366
vt 0.2284 0.0366
vt 0.2907 0.0366
vt 0.2075 0.5120
vt 0.1773 0.5120
vt 0.1773 0.4785
vt 0.2075 0.4785
vt 0.2377 0.5120
vt 0.2377 0.4785
vt 0.1773 0.4449
vt 0.2075 0.4449
vt 0.2377 0.4449
vt 0.1773 0.4113
vt 0.2075 0.4113
vt 0.2377 0.4113
vt 0.1773 0.3778
vt 0.2075 0.3778
vt 0.2377 0.3778
vt 0.1773 0.3442
vt 0.2075 0.3442
vt 0.2377 0.3442
vt 0.1773 0.3106
vt 0.2075 0.3106
vt 0.2377 0.3106
vt 0.1773 0.2770
vt 0.2075 0.2770
vt 0.2377 0.2770
vt 0.1773 0.2435
vt 0.2075 0.2435
vt 0.2377 0.2435
vt 0.1773 0.2099
vt 0.2075 0.2099
vt 0.2377 0.2099
vt 0.1773 0.1763
vt 0.2075 0.1763
vt 0.2377 0.1763
vt 0.1773 0.1428
vt 0.2075 0.1428
vt 0.2377 0.1428
vt 0.1773 0.1092
vt 0.2075 0.1092
vt 0.2377 0.1092
vt 0.1773 0.0756
vt 0.2075 0.0756
vt 0.2377 0.0756
vt 0.1773 0.0420
vt 0.2075 0.0420
vt 0.2377 0.0420
vt 0.1773 0.0085
vt 0.2075 0.0085
vt 0.2377 0.0085
vt 0.4877 0.9791
vt 0.4352 0.9791
vt 0.4352 0.9141
vt 0.4877 0.9141
vt 0.5402 0.9791
vt 0.5402 0.9141
vt 0.4352 0.8490
vt 0.4877 0.8490
vt 0.5402 0.8490
vt 0.4352 0.7840
vt 0.4877 0.7840
vt 0.5402 0.7840
vt 0.4352 0.7190
vt 0.4877 0.7190
vt 0.5402 0.7190
vt 0.4352 0.6540
vt 0.4877 0.6540
vt 0.5402 0.6540
vt 0.4352 0.5889
vt 0.4877 0.5889
vt 0.5402 0.5889
vt 0.4352 0.5239
vt 0.4877 0.5239
vt 0.5402 0.5239
vt 0.4352 0.4589
vt 0.4877 0.4589
vt 0.5402 0.4589
vt 0.4352 0.3938
vt 0.4877 0.3938
vt 0.5402 0.3938
vt 0.4352 0.3288
vt 0.4877 0.3288
vt 0.5402 0.3288
vt 0.4352 0.2638
vt 0.4877 0.2638
vt 0.5402 0.2638
vt 0.4352 0.1988
vt 0.4877 0.1988
vt 0.5402 0.1988
vt 0.4352 0.1337
vt 0.4877 0.1337
vt 0.5402 0.1337
vt 0.4352 0.0687
vt 0.4877 0.0687
vt 0.5402 0.0687
vt 0.4352 0.0037
vt 0.4877 0.0037
vt 0.5402 0.0037
vt 0.2075 0.5120
vt 0.1773 0.5120
vt 0.1773 0.4785
vt 0.2075 0.4785
vt 0.2377 0.5120
vt 0.2377 0.4785
vt 0.1773 0.4449
vt 0.2075 0.4449
vt 0.2377 0.4449
vt 0.1773 0.4113
vt 0.2075 0.4113
vt 0.2377 0.4113
vt 0.1773 0.3778
vt 0.2075 0.3778
vt 0.2377 0.3778
vt 0.1773 0.3442
vt 0.2075 0.3442
vt 0.2377 0.3442
vt 0.1773 0.3106
vt 0.2075 0.3106
vt 0.2377 0.3106
vt 0.1773 0.2770
vt 0.2075 0.2770
vt 0.2377 0.2770
vt 0.1773 0.2435
vt 0.2075 0.2435
vt 0.2377 0.2435
vt 0.1773 0.2099
vt 0.2075 0.2099
vt 0.2377 0.2099
vt 0.1773 0.1763
vt 0.2075 0.1763
vt 0.2377 0.1763
vt 0.1773 0.1428
vt 0.2075 0.1428
vt 0.2377 0.1428
vt 0.1773 0.1092
vt 0.2075 0.1092
vt 0.2377 0.1092
vt 0.1773 0.0756
vt 0.2075 0.0756
vt 0.2377 0.0756
vt 0.1773 0.0420
vt 0.2075 0.0420
vt 0.2377 0.0420
vt 0.1773 0.0085
vt 0.2075 0.0085
vt 0.2377 0.0085
vt 0.9358 0.9853
vt 0.9156 0.9853
vt 0.9156 0.9656
vt 0.9358 0.9656
vt 0.9559 0.9853
vt 0.9559 0.9656
vt 0.9156 0.9459
vt 0.9358 0.9459
vt 0.9559 0.9459
vt 0.9156 0.9262
vt 0.9358 0.9262
vt 0.9559 0.9262
vt 0.9156 0.9065
vt 0.9358 0.9065
vt 0.9559 0.9065
vt 0.9156 0.8867
vt 0.9358 0.8867
vt 0.9559 0.8867
vt 0.9156 0.8670
vt 0.9358 0.8670
vt 0.9559 0.8670
vt 0.9156 0.8473
vt 0.9358 0.8473
vt 0.9559 0.8473
vt 0.9156 0.8276
vt 0.9358 0.8276
vt 0.9559 0.8276
vt 0.9156 0.8079
vt 0.9358 0.8079
vt 0.9559 0.8079
vt 0.9156 0.7882
vt 0.9358 0.7882
vt 0.9559 0.7882
vt 0.9156 0.7685
vt 0.9358 0.7685
vt 0.9559 0.7685
vt 0.9156 0.7488
vt 0.9358 0.7488
vt 0.9559 0.7488
vt 0.9156 0.7291
vt 0.9358 0.7291
vt 0.9559 0.7291
vt 0.9156 0.7094
vt 0.9358 0.7094
vt 0.9559 0.7094
vt 0.9156 0.6897
vt 0.9358 0.6897
vt 0.9559 0.6897
vt 0.9358 0.9853
vt 0.9156 0.9853
vt 0.9156 0.9656
vt 0.9358 0.9656
vt 0.9559 0.9853
vt 0.9559 0.9656
vt 0.9156 0.9459
vt 0.9358 0.9459
vt 0.9559 0.9459
vt 0.9156 0.9262
vt 0.9358 0.9262
vt 0.9559 0.9262
vt 0.9156 0.9065
vt 0.9358 0.9065
vt 0.9559 0.9065
vt 0.9156 0.8867
vt 0.9358 0.8867
vt 0.9559 0.8867
vt 0.9156 0.8670
vt 0.9358 0.8670
vt 0.9559 0.8670
vt 0.9156 0.8473
vt 0.9358 0.8473
vt 0.9559 0.8473
vt 0.9156 0.8276
vt 0.9358 0.8276
vt 0.9559 0.8276
vt 0.9156 0.8079
vt 0.9358 0.8079
vt 0.9559 0.8079
vt 0.9156 0.7882
vt 0.9358 0.7882
vt 0.9559 0.7882
vt 0.9156 0.7685
vt 0.9358 0.7685
vt 0.9559 0.7685
vt 0.9156 0.7488
vt 0.9358 0.7488
vt 0.9559 0.7488
vt 0.9156 0.7291
vt 0.9358 0.7291
vt 0.9559 0.7291
vt 0.9156 0.7094
vt 0.9358 0.7094
vt 0.9559 0.7094
vt 0.9156 0.6897
vt 0.9358 0.6897
vt 0.9559 0.6897
vt 0.4877 0.9791
vt 0.4352 0.9791
vt 0.4352 0.9141
vt 0.4877 0.9141
vt 0.5402 0.9791
vt 0.5402 0.9141
vt 0.4352 0.8490
vt 0.4877 0.8490
vt 0.5402 0.8490
vt 0.4352 0.7840
vt 0.4877 0.7840
vt 0.5402 0.7840
vt 0.4352 0.7190
vt 0.4877 0.7190
vt 0.5402 0.7190
vt 0.4352 0.6540
vt 0.4877 0.6540
vt 0.5402 0.6540
vt 0.4352 0.5889
vt 0.4877 0.5889
vt 0.5402 0.5889
vt 0.4352 0.5239
vt 0.4877 0.5239
vt 0.5402 0.5239
vt 0.4352 0.4589
vt 0.4877 0.4589
vt 0.5402 0.4589
vt 0.4352 0.3938
vt 0.4877 0.3938
vt 0.5402 0.3938
vt 0.4352 0.3288
vt 0.4877 0.3288
vt 0.5402 0.3288
vt 0.4352 0.2638
vt 0.4877 0.2638
vt 0.5402 0.2638
vt 0.4352 0.1988
vt 0.4877 0.1988
vt 0.5402 0.1988
vt 0.4352 0.1337
vt 0.4877 0.1337
vt 0.5402 0.1337
vt 0.4352 0.0687
vt 0.4877 0.0687
vt 0.5402 0.0687
vt 0.4352 0.0037
vt 0.4877 0.0037
vt 0.5402 0.0037
vt 0.9358 0.9853
vt 0.9156 0.9853
vt 0.9156 0.9656
vt 0.9358 0.9656
vt 0.9559 0.9853
vt 0.9559 0.9656
vt 0.9156 0.9459
vt 0.9358 0.9459
vt 0.9559 0.9459
vt 0.9156 0.9262
vt 0.9358 0.9262
vt 0.9559 0.9262
vt 0.9156 0.9065
vt 0.9358 0.9065
vt 0.9559 0.9065
vt 0.9156 0.8867
vt 0.9358 0.8867
vt 0.9559 0.8867
vt 0.9156 0.8670
vt 0.9358 0.8670
vt 0.9559 0.8670
vt 0.9156 0.8473
vt 0.9358 0.8473
vt 0.9559 0.8473
vt 0.9156 0.8276
vt 0.9358 0.8276
vt 0.9559 0.8276
vt 0.9156 0.8079
vt 0.9358 0.8079
vt 0.9559 0.8079
vt 0.9156 0.7882
vt 0.9358 0.7882
vt 0.9559 0.7882
vt 0.9156 0.7685
vt 0.9358 0.7685
vt 0.9559 0.7685
vt 0.9156 0.7488
vt 0.9358 0.7488
vt 0.9559 0.7488
vt 0.9156 0.7291
vt 0.9358 0.7291
vt 0.9559 0.7291
vt 0.9156 0.7094
vt 0.9358 0.7094
vt 0.9559 0.7094
vt 0.9156 0.6897
vt 0.9358 0.6897
vt 0.9559 0.6897
vt 0.4877 0.9791
vt 0.4352 0.9791
vt 0.4352 0.9141
vt 0.4877 0.9141
vt 0.5402 0.9791
vt 0.5402 0.9141
vt 0.4352 0.8490
vt 0.4877 0.8490
vt 0.5402 0.8490
vt 0.4352 0.7840
vt 0.4877 0.7840
vt 0.5402 0.7840
vt 0.4352 0.7190
vt 0.4877 0.7190
vt 0.5402 0.7190
vt 0.4352 0.6540
vt 0.4877 0.6540
vt 0.5402 0.6540
vt 0.4352 0.5889
vt 0.4877 0.5889
vt 0.5402 0.5889
vt 0.4352 0.5239
vt 0.4877 0.5239
vt 0.5402 0.5239
vt 0.4352 0.4589
vt 0.4877 0.4589
vt 0.5402 0.4589
vt 0.4352 0.3938
vt 0.4877 0.3938
vt 0.5402 0.3938
vt 0.4352 0.3288
vt 0.4877 0.3288
vt 0.5402 0.3288
vt 0.4352 0.2638
vt 0.4877 0.2638
vt 0.5402 0.2638
vt 0.4352 0.1988
vt 0.4877 0.1988
vt 0.5402 0.1988
vt 0.4352 0.1337
vt 0.4877 0.1337
vt 0.5402 0.1337
vt 0.4352 0.0687
vt 0.4877 0.0687
vt 0.5402 0.0687
vt 0.4352 0.0037
vt 0.4877 0.0037
vt 0.5402 0.0037
vt 0.9358 0.9853
vt 0.9156 0.9853
vt 0.9156 0.9656
vt 0.9358 0.9656
vt 0.9559 0.9853
vt 0.9559 0.9656
vt 0.9156 0.9459
vt 0.9358 0.9459
vt 0.9559 0.9459
vt 0.9156 0.9262
vt 0.9358 0.9262
vt 0.9559 0.9262
vt 0.9156 0.9065
vt 0.9358 0.9065
vt 0.9559 0.9065
vt 0.9156 0.8867
vt 0.9358 0.8867
vt 0.9559 0.8867
vt 0.9156 0.8670
vt 0.9358 0.8670
vt 0.9559 0.8670
vt 0.9156 0.8473
vt 0.9358 0.8473
vt 0.9559 0.8473
vt 0.9156 0.8276
vt 0.9358 0.8276
vt 0.9559 0.8276
vt 0.9156 0.8079
vt 0.9358 0.8079
vt 0.9559 0.8079
vt 0.9156 0.7882
vt 0.9358 0.7882
vt 0.9559 0.7882
vt 0.9156 0.7685
vt 0.9358 0.7685
vt 0.9559 0.7685
vt 0.9156 0.7488
vt 0.9358 0.7488
vt 0.9559 0.7488
vt 0.9156 0.7291
vt 0.9358 0.7291
vt 0.9559 0.7291
vt 0.9156 0.7094
vt 0.9358 0.7094
vt 0.9559 0.7094
vt 0.9156 0.6897
vt 0.9358 0.6897
vt 0.9559 0.6897
vt 0.9432 0.4047
vt 0.9717 0.4047
vt 0.9717 0.4410
vt 0.9432 0.4410
vt 0.9146 0.4047
vt 0.9146 0.4410
vt 0.9717 0.4772
vt 0.9432 0.4772
vt 0.9146 0.4772
vt 0.9717 0.5135
vt 0.9432 0.5135
vt 0.9146 0.5135
vt 0.9717 0.5497
vt 0.9432 0.5497
vt 0.9146 0.5497
vt 0.9717 0.5860
vt 0.9432 0.5860
vt 0.9146 0.5860
vt 0.9717 0.6222
vt 0.9432 0.6222
vt 0.9146 0.6222
vt 0.9717 0.6585
vt 0.9432 0.6585
vt 0.9146 0.6585
vt 0.0849 0.9743
vt 0.0849 0.8898
vt 0.0237 0.8898
vt 0.0237 0.9743
vt 0.1461 0.9743
vt 0.1461 0.8898
vt 0.0849 0.8054
vt 0.0237 0.8054
vt 0.1461 0.8054
vt 0.0849 0.7209
vt 0.0237 0.7209
vt 0.1461 0.7209
vt 0.0849 0.6365
vt 0.0237 0.6365
vt 0.1461 0.6365
vt 0.0849 0.5521
vt 0.0237 0.5521
vt 0.1461 0.5521
vt 0.0849 0.4676
vt 0.0237 0.4676
vt 0.1461 0.4676
vt 0.0849 0.3832
vt 0.0237 0.3832
vt 0.1461 0.3832
vt 0.0849 0.2987
vt 0.0237 0.2987
vt 0.1461 0.2987
vt 0.0849 0.2143
vt 0.0237 0.2143
vt 0.1461 0.2143
vt 0.0849 0.1299
vt 0.0237 0.1299
vt 0.1461 0.1299
vt 0.0849 0.0454
vt 0.0237 0.0454
vt 0.1461 0.0454
vt 0.0849 0.9743
vt 0.0849 0.8898
vt 0.0237 0.8898
vt 0.0237 0.9743
vt 0.1461 0.9743
vt 0.1461 0.8898
vt 0.0849 0.8054
vt 0.0237 0.8054
vt 0.1461 0.8054
vt 0.0849 0.7209
vt 0.0237 0.7209
vt 0.1461 0.7209
vt 0.0849 0.6365
vt 0.0237 0.6365
vt 0.1461 0.6365
vt 0.0849 0.5521
vt 0.0237 0.5521
vt 0.1461 0.5521
vt 0.0849 0.4676
vt 0.0237 0.4676
vt 0.1461 0.4676
vt 0.0849 0.3832
vt 0.0237 0.3832
vt 0.1461 0.3832
vt 0.0849 0.2987
vt 0.0237 0.2987
vt 0.1461 0.2987
vt 0.0849 0.2143
vt 0.0237 0.2143
vt 0.1461 0.2143
vt 0.0849 0.1299
vt 0.0237 0.1299
vt 0.1461 0.1299
vt 0.0849 0.0454
vt 0.0237 0.0454
vt 0.1461 0.0454
vt 0.0849 0.9743
vt 0.0849 0.8898
vt 0.0237 0.8898
vt 0.0237 0.9743
vt 0.1461 0.9743
vt 0.1461 0.8898
vt 0.0849 0.8054
vt 0.0237 0.8054
vt 0.1461 0.8054
vt 0.0849 0.7209
vt 0.0237 0.7209
vt 0.1461 0.7209
vt 0.0849 0.6365
vt 0.0237 0.6365
vt 0.1461 0.6365
vt 0.0849 0.5521
vt 0.0237 0.5521
vt 0.1461 0.5521
vt 0.0849 0.4676
vt 0.0237 0.4676
vt 0.1461 0.4676
vt 0.0849 0.3832
vt 0.0237 0.3832
vt 0.1461 0.3832
vt 0.0849 0.2987
vt 0.0237 0.2987
vt 0.1461 0.2987
vt 0.0849 0.2143
vt 0.0237 0.2143
vt 0.1461 0.2143
vt 0.0849 0.1299
vt 0.0237 0.1299
vt 0.1461 0.1299
vt 0.0849 0.0454
vt 0.0237 0.0454
vt 0.1461 0.0454
vt 0.0849 0.9743
vt 0.0849 0.8898
vt 0.0237 0.8898
vt 0.0237 0.9743
vt 0.1461 0.9743
vt 0.1461 0.8898
vt 0.0849 0.8054
vt 0.0237 0.8054
vt 0.1461 0.8054
vt 0.0849 0.7209
vt 0.0237 0.7209
vt 0.1461 0.7209
vt 0.0849 0.6365
vt 0.0237 0.6365
vt 0.1461 0.6365
vt 0.0849 0.5521
vt 0.0237 0.5521
vt 0.1461 0.5521
vt 0.0849 0.4676
vt 0.0237 0.4676
vt 0.1461 0.4676
vt 0.0849 0.3832
vt 0.0237 0.3832
vt 0.1461 0.3832
vt 0.0849 0.2987
vt 0.0237 0.2987
vt 0.1461 0.2987
vt 0.0849 0.2143
vt 0.0237 0.2143
vt 0.1461 0.2143
vt 0.0849 0.1299
vt 0.0237 0.1299
vt 0.1461 0.1299
vt 0.0849 0.0454
vt 0.0237 0.0454
vt 0.1461 0.0454
vt 0.0849 0.9743
vt 0.0849 0.8898
vt 0.0237 0.8898
vt 0.0237 0.9743
vt 0.1461 0.9743
vt 0.1461 0.8898
vt 0.0849 0.8054
vt 0.0237 0.8054
vt 0.1461 0.8054
vt 0.0849 0.7209
vt 0.0237 0.7209
vt 0.1461 0.7209
vt 0.0849 0.6365
vt 0.0237 0.6365
vt 0.1461 0.6365
vt 0.0849 0.5521
vt 0.0237 0.5521
vt 0.1461 0.5521
vt 0.0849 0.4676
vt 0.0237 0.4676
vt 0.1461 0.4676
vt 0.0849 0.3832
vt 0.0237 0.3832
vt 0.1461 0.3832
vt 0.0849 0.2987
vt 0.0237 0.2987
vt 0.1461 0.2987
vt 0.0849 0.2143
vt 0.0237 0.2143
vt 0.1461 0.2143
vt 0.0849 0.1299
vt 0.0237 0.1299
vt 0.1461 0.1299
vt 0.0849 0.0454
vt 0.0237 0.0454
vt 0.1461 0.0454
vt 0.0849 0.9743
vt 0.0849 0.8898
vt 0.0237 0.8898
vt 0.0237 0.9743
vt 0.1461 0.9743
vt 0.1461 0.8898
vt 0.0849 0.8054
vt 0.0237 0.8054
vt 0.1461 0.8054
vt 0.0849 0.7209
vt 0.0237 0.7209
vt 0.1461 0.7209
vt 0.0849 0.6365
vt 0.0237 0.6365
vt 0.1461 0.6365
vt 0.0849 0.5521
vt 0.0237 0.5521
vt 0.1461 0.5521
vt 0.0849 0.4676
vt 0.0237 0.4676
vt 0.1461 0.4676
vt 0.0849 0.3832
vt 0.0237 0.3832
vt 0.1461 0.3832
vt 0.0849 0.2987
vt 0.0237 0.2987
vt 0.1461 0.2987
vt 0.0849 0.2143
vt 0.0237 0.2143
vt 0.1461 0.2143
vt 0.0849 0.1299
vt 0.0237 0.1299
vt 0.1461 0.1299
vt 0.0849 0.0454
vt 0.0237 0.0454
vt 0.1461 0.0454
vt 0.0849 0.9743
vt 0.0849 0.8898
vt 0.0237 0.8898
vt 0.0237 0.9743
vt 0.1461 0.9743
vt 0.1461 0.8898
vt 0.0849 0.8054
vt 0.0237 0.8054
vt 0.1461 0.8054
vt 0.0849 0.7209
vt 0.0237 0.7209
vt 0.1461 0.7209
vt 0.0849 0.6365
vt 0.0237 0.6365
vt 0.1461 0.6365
vt 0.0849 0.5521
vt 0.0237 0.5521
vt 0.1461 0.5521
vt 0.0849 0.4676
vt 0.0237 0.4676
vt 0.1461 0.4676
vt 0.0849 0.3832
vt 0.0237 0.3832
vt 0.1461 0.3832
vt 0.0849 0.2987
vt 0.0237 0.2987
vt 0.1461 0.2987
vt 0.0849 0.2143
vt 0.0237 0.2143
vt 0.1461 0.2143
vt 0.0849 0.1299
vt 0.0237 0.1299
vt 0.1461 0.1299
vt 0.0849 0.0454
vt 0.0237 0.0454
vt 0.1461 0.0454
vt 0.0849 0.9743
vt 0.0849 0.8898
vt 0.0237 0.8898
vt 0.0237 0.9743
vt 0.1461 0.9743
vt 0.1461 0.8898
vt 0.0849 0.8054
vt 0.0237 0.8054
vt 0.1461 0.8054
vt 0.0849 0.7209
vt 0.0237 0.7209
vt 0.1461 0.7209
vt 0.0849 0.6365
vt 0.0237 0.6365
vt 0.1461 0.6365
vt 0.0849 0.5521
vt 0.0237 0.5521
vt 0.1461 0.5521
vt 0.0849 0.4676
vt 0.0237 0.4676
vt 0.1461 0.4676
vt 0.0849 0.3832
vt 0.0237 0.3832
vt 0.1461 0.3832
vt 0.0849 0.2987
vt 0.0237 0.2987
vt 0.1461 0.2987
vt 0.0849 0.2143
vt 0.0237 0.2143
vt 0.1461 0.2143
vt 0.0849 0.1299
vt 0.0237 0.1299
vt 0.1461 0.1299
vt 0.0849 0.0454
vt 0.0237 0.0454
vt 0.1461 0.0454
vt 0.0849 0.9743
vt 0.0849 0.8898
vt 0.0237 0.8898
vt 0.0237 0.9743
vt 0.1461 0.9743
vt 0.1461 0.8898
vt 0.0849 0.8054
vt 0.0237 0.8054
vt 0.1461 0.8054
vt 0.0849 0.7209
vt 0.0237 0.7209
vt 0.1461 0.7209
vt 0.0849 0.6365
vt 0.0237 0.6365
vt 0.1461 0.6365
vt 0.0849 0.5521
vt 0.0237 0.5521
vt 0.1461 0.5521
vt 0.0849 0.4676
vt 0.0237 0.4676
vt 0.1461 0.4676
vt 0.0849 0.3832
vt 0.0237 0.3832
vt 0.1461 0.3832
vt 0.0849 0.2987
vt 0.0237 0.2987
vt 0.1461 0.2987
vt 0.0849 0.2143
vt 0.0237 0.2143
vt 0.1461 0.2143
vt 0.0849 0.1299
vt 0.0237 0.1299
vt 0.1461 0.1299
vt 0.0849 0.0454
vt 0.0237 0.0454
vt 0.1461 0.0454
vt 0.0849 0.9743
vt 0.0849 0.8898
vt 0.0237 0.8898
vt 0.0237 0.9743
vt 0.1461 0.9743
vt 0.1461 0.8898
vt 0.0849 0.8054
vt 0.0237 0.8054
vt 0.1461 0.8054
vt 0.0849 0.7209
vt 0.0237 0.7209
vt 0.1461 0.7209
vt 0.0849 0.6365
vt 0.0237 0.6365
vt 0.1461 0.6365
vt 0.0849 0.5521
vt 0.0237 0.5521
vt 0.1461 0.5521
vt 0.0849 0.4676
vt 0.0237 0.4676
vt 0.1461 0.4676
vt 0.0849 0.3832
vt 0.0237 0.3832
vt 0.1461 0.3832
vt 0.0849 0.2987
vt 0.0237 0.2987
vt 0.1461 0.2987
vt 0.0849 0.2143
vt 0.0237 0.2143
vt 0.1461 0.2143
vt 0.0849 0.1299
vt 0.0237 0.1299
vt 0.1461 0.1299
vt 0.0849 0.0454
vt 0.0237 0.0454
vt 0.1461 0.0454
vt 0.0849 0.9743
vt 0.0849 0.8898
vt 0.0237 0.8898
vt 0.0237 0.9743
vt 0.1461 0.9743
vt 0.1461 0.8898
vt 0.0849 0.8054
vt 0.0237 0.8054
vt 0.1461 0.8054
vt 0.0849 0.7209
vt 0.0237 0.7209
vt 0.1461 0.7209
vt 0.0849 0.6365
vt 0.0237 0.6365
vt 0.1461 0.6365
vt 0.0849 0.5521
vt 0.0237 0.5521
vt 0.1461 0.5521
vt 0.0849 0.4676
vt 0.0237 0.4676
vt 0.1461 0.4676
vt 0.0849 0.3832
vt 0.0237 0.3832
vt 0.1461 0.3832
vt 0.0849 0.2987
vt 0.0237 0.2987
vt 0.1461 0.2987
vt 0.0849 0.2143
vt 0.0237 0.2143
vt 0.1461 0.2143
vt 0.0849 0.1299
vt 0.0237 0.1299
vt 0.1461 0.1299
vt 0.0849 0.0454
vt 0.0237 0.0454
vt 0.1461 0.0454
vt 0.0849 0.9743
vt 0.0849 0.8898
vt 0.0237 0.8898
vt 0.0237 0.9743
vt 0.1461 0.9743
vt 0.1461 0.8898
vt 0.0849 0.8054
vt 0.0237 0.8054
vt 0.1461 0.8054
vt 0.0849 0.7209
vt 0.0237 0.7209
vt 0.1461 0.7209
vt 0.0849 0.6365
vt 0.0237 0.6365
vt 0.1461 0.6365
vt 0.0849 0.5521
vt 0.0237 0.5521
vt 0.1461 0.5521
vt 0.0849 0.4676
vt 0.0237 0.4676
vt 0.1461 0.4676
vt 0.0849 0.3832
vt 0.0237 0.3832
vt 0.1461 0.3832
vt 0.0849 0.2987
vt 0.0237 0.2987
vt 0.1461 0.2987
vt 0.0849 0.2143
vt 0.0237 0.2143
vt 0.1461 0.2143
vt 0.0849 0.1299
vt 0.0237 0.1299
vt 0.1461 0.1299
vt 0.0849 0.0454
vt 0.0237 0.0454
vt 0.1461 0.0454
vt 0.0849 0.9743
vt 0.0849 0.8898
vt 0.0237 0.8898
vt 0.0237 0.9743
vt 0.1461 0.9743
vt 0.1461 0.8898
vt 0.0849 0.8054
vt 0.0237 0.8054
vt 0.1461 0.8054
vt 0.0849 0.7209
vt 0.0237 0.7209
vt 0.1461 0.7209
vt 0.0849 0.6365
vt 0.0237 0.6365
vt 0.1461 0.6365
vt 0.0849 0.5521
vt 0.0237 0.5521
vt 0.1461 0.5521
vt 0.0849 0.4676
vt 0.0237 0.4676
vt 0.1461 0.4676
vt 0.0849 0.3832
vt 0.0237 0.3832
vt 0.1461 0.3832
vt 0.0849 0.2987
vt 0.0237 0.2987
vt 0.1461 0.2987
vt 0.0849 0.2143
vt 0.0237 0.2143
vt 0.1461 0.2143
vt 0.0849 0.1299
vt 0.0237 0.1299
vt 0.1461 0.1299
vt 0.0849 0.0454
vt 0.0237 0.0454
vt 0.1461 0.0454
vt 0.0849 0.9743
vt 0.0849 0.8898
vt 0.0237 0.8898
vt 0.0237 0.9743
vt 0.1461 0.9743
vt 0.1461 0.8898
vt 0.0849 0.8054
vt 0.0237 0.8054
vt 0.1461 0.8054
vt 0.0849 0.7209
vt 0.0237 0.7209
vt 0.1461 0.7209
vt 0.0849 0.6365
vt 0.0237 0.6365
vt 0.1461 0.6365
vt 0.0849 0.5521
vt 0.0237 0.5521
vt 0.1461 0.5521
vt 0.0849 0.4676
vt 0.0237 0.4676
vt 0.1461 0.4676
vt 0.0849 0.3832
vt 0.0237 0.3832
vt 0.1461 0.3832
vt 0.0849 0.2987
vt 0.0237 0.2987
vt 0.1461 0.2987
vt 0.0849 0.2143
vt 0.0237 0.2143
vt 0.1461 0.2143
vt 0.0849 0.1299
vt 0.0237 0.1299
vt 0.1461 0.1299
vt 0.0849 0.0454
vt 0.0237 0.0454
vt 0.1461 0.0454
vt 0.0849 0.9743
vt 0.0849 0.8898
vt 0.0237 0.8898
vt 0.0237 0.9743
vt 0.1461 0.9743
vt 0.1461 0.8898
vt 0.0849 0.8054
vt 0.0237 0.8054
vt 0.1461 0.8054
vt 0.0849 0.7209
vt 0.0237 0.7209
vt 0.1461 0.7209
vt 0.0849 0.6365
vt 0.0237 0.6365
vt 0.1461 0.6365
vt 0.0849 0.5521
vt 0.0237 0.5521
vt 0.1461 0.5521
vt 0.0849 0.4676
vt 0.0237 0.4676
vt 0.1461 0.4676
vt 0.0849 0.3832
vt 0.0237 0.3832
vt 0.1461 0.3832
vt 0.0849 0.2987
vt 0.0237 0.2987
vt 0.1461 0.2987
vt 0.0849 0.2143
vt 0.0237 0.2143
vt 0.1461 0.2143
vt 0.0849 0.1299
vt 0.0237 0.1299
vt 0.1461 0.1299
vt 0.0849 0.0454
vt 0.0237 0.0454
vt 0.1461 0.0454
vt 0.0849 0.9743
vt 0.0849 0.8898
vt 0.0237 0.8898
vt 0.0237 0.9743
vt 0.1461 0.9743
vt 0.1461 0.8898
vt 0.0849 0.8054
vt 0.0237 0.8054
vt 0.1461 0.8054
vt 0.0849 0.7209
vt 0.0237 0.7209
vt 0.1461 0.7209
vt 0.0849 0.6365
vt 0.0237 0.6365
vt 0.1461 0.6365
vt 0.0849 0.5521
vt 0.0237 0.5521
vt 0.1461 0.5521
vt 0.0849 0.4676
vt 0.0237 0.4676
vt 0.1461 0.4676
vt 0.0849 0.3832
vt 0.0237 0.3832
vt 0.1461 0.3832
vt 0.0849 0.2987
vt 0.0237 0.2987
vt 0.1461 0.2987
vt 0.0849 0.2143
vt 0.0237 0.2143
vt 0.1461 0.2143
vt 0.0849 0.1299
vt 0.0237 0.1299
vt 0.1461 0.1299
vt 0.0849 0.0454
vt 0.0237 0.0454
vt 0.1461 0.0454
vt 0.0849 0.9743
vt 0.0849 0.8898
vt 0.0237 0.8898
vt 0.0237 0.9743
vt 0.1461 0.9743
vt 0.1461 0.8898
vt 0.0849 0.8054
vt 0.0237 0.8054
vt 0.1461 0.8054
vt 0.0849 0.7209
vt 0.0237 0.7209
vt 0.1461 0.7209
vt 0.0849 0.6365
vt 0.0237 0.6365
vt 0.1461 0.6365
vt 0.0849 0.5521
vt 0.0237 0.5521
vt 0.1461 0.5521
vt 0.0849 0.4676
vt 0.0237 0.4676
vt 0.1461 0.4676
vt 0.0849 0.3832
vt 0.0237 0.3832
vt 0.1461 0.3832
vt 0.0849 0.2987
vt 0.0237 0.2987
vt 0.1461 0.2987
vt 0.0849 0.2143
vt 0.0237 0.2143
vt 0.1461 0.2143
vt 0.0849 0.1299
vt 0.0237 0.1299
vt 0.1461 0.1299
vt 0.0849 0.0454
vt 0.0237 0.0454
vt 0.1461 0.0454
vt 0.0849 0.9743
vt 0.0849 0.8898
vt 0.0237 0.8898
vt 0.0237 0.9743
vt 0.1461 0.9743
vt 0.1461 0.8898
vt 0.0849 0.8054
vt 0.0237 0.8054
vt 0.1461 0.8054
vt 0.0849 0.7209
vt 0.0237 0.7209
vt 0.1461 0.7209
vt 0.0849 0.6365
vt 0.0237 0.6365
vt 0.1461 0.6365
vt 0.0849 0.5521
vt 0.0237 0.5521
vt 0.1461 0.5521
vt 0.0849 0.4676
vt 0.0237 0.4676
vt 0.1461 0.4676
vt 0.0849 0.3832
vt 0.0237 0.3832
vt 0.1461 0.3832
vt 0.0849 0.2987
vt 0.0237 0.2987
vt 0.1461 0.2987
vt 0.0849 0.2143
vt 0.0237 0.2143
vt 0.1461 0.2143
vt 0.0849 0.1299
vt 0.0237 0.1299
vt 0.1461 0.1299
vt 0.0849 0.0454
vt 0.0237 0.0454
vt 0.1461 0.0454
vt 0.0849 0.9743
vt 0.0849 0.8898
vt 0.0237 0.8898
vt 0.0237 0.9743
vt 0.1461 0.9743
vt 0.1461 0.8898
vt 0.0849 0.8054
vt 0.0237 0.8054
vt 0.1461 0.8054
vt 0.0849 0.7209
vt 0.0237 0.7209
vt 0.1461 0.7209
vt 0.0849 0.6365
vt 0.0237 0.6365
vt 0.1461 0.6365
vt 0.0849 0.5521
vt 0.0237 0.5521
vt 0.1461 0.5521
vt 0.0849 0.4676
vt 0.0237 0.4676
vt 0.1461 0.4676
vt 0.0849 0.3832
vt 0.0237 0.3832
vt 0.1461 0.3832
vt 0.0849 0.2987
vt 0.0237 0.2987
vt 0.1461 0.2987
vt 0.0849 0.2143
vt 0.0237 0.2143
vt 0.1461 0.2143
vt 0.0849 0.1299
vt 0.0237 0.1299
vt 0.1461 0.1299
vt 0.0849 0.0454
vt 0.0237 0.0454
vt 0.1461 0.0454
vt 0.0849 0.9743
vt 0.0849 0.8898
vt 0.0237 0.8898
vt 0.0237 0.9743
vt 0.1461 0.9743
vt 0.1461 0.8898
vt 0.0849 0.8054
vt 0.0237 0.8054
vt 0.1461 0.8054
vt 0.0849 0.7209
vt 0.0237 0.7209
vt 0.1461 0.7209
vt 0.0849 0.6365
vt 0.0237 0.6365
vt 0.1461 0.6365
vt 0.0849 0.5521
vt 0.0237 0.5521
vt 0.1461 0.5521
vt 0.0849 0.4676
vt 0.0237 0.4676
vt 0.1461 0.4676
vt 0.0849 0.3832
vt 0.0237 0.3832
vt 0.1461 0.3832
vt 0.0849 0.2987
vt 0.0237 0.2987
vt 0.1461 0.2987
vt 0.0849 0.2143
vt 0.0237 0.2143
vt 0.1461 0.2143
vt 0.0849 0.1299
vt 0.0237 0.1299
vt 0.1461 0.1299
vt 0.0849 0.0454
vt 0.0237 0.0454
vt 0.1461 0.0454
vt 0.0849 0.9743
vt 0.0849 0.8898
vt 0.0237 0.8898
vt 0.0237 0.9743
vt 0.1461 0.9743
vt 0.1461 0.8898
vt 0.0849 0.8054
vt 0.0237 0.8054
vt 0.1461 0.8054
vt 0.0849 0.7209
vt 0.0237 0.7209
vt 0.1461 0.7209
vt 0.0849 0.6365
vt 0.0237 0.6365
vt 0.1461 0.6365
vt 0.0849 0.5521
vt 0.0237 0.5521
vt 0.1461 0.5521
vt 0.0849 0.4676
vt 0.0237 0.4676
vt 0.1461 0.4676
vt 0.0849 0.3832
vt 0.0237 0.3832
vt 0.1461 0.3832
vt 0.0849 0.2987
vt 0.0237 0.2987
vt 0.1461 0.2987
vt 0.0849 0.2143
vt 0.0237 0.2143
vt 0.1461 0.2143
vt 0.0849 0.1299
vt 0.0237 0.1299
vt 0.1461 0.1299
vt 0.0849 0.0454
vt 0.0237 0.0454
vt 0.1461 0.0454
vt 0.0849 0.9743
vt 0.0849 0.8898
vt 0.0237 0.8898
vt 0.0237 0.9743
vt 0.1461 0.9743
vt 0.1461 0.8898
vt 0.0849 0.8054
vt 0.0237 0.8054
vt 0.1461 0.8054
vt 0.0849 0.7209
vt 0.0237 0.7209
vt 0.1461 0.7209
vt 0.0849 0.6365
vt 0.0237 0.6365
vt 0.1461 0.6365
vt 0.0849 0.5521
vt 0.0237 0.5521
vt 0.1461 0.5521
vt 0.0849 0.4676
vt 0.0237 0.4676
vt 0.1461 0.4676
vt 0.0849 0.3832
vt 0.0237 0.3832
vt 0.1461 0.3832
vt 0.0849 0.2987
vt 0.0237 0.2987
vt 0.1461 0.2987
vt 0.0849 0.2143
vt 0.0237 0.2143
vt 0.1461 0.2143
vt 0.0849 0.1299
vt 0.0237 0.1299
vt 0.1461 0.1299
vt 0.0849 0.0454
vt 0.0237 0.0454
vt 0.1461 0.0454
vt 0.0849 0.9743
vt 0.0849 0.8898
vt 0.0237 0.8898
vt 0.0237 0.9743
vt 0.1461 0.9743
vt 0.1461 0.8898
vt 0.0849 0.8054
vt 0.0237 0.8054
vt 0.1461 0.8054
vt 0.0849 0.7209
vt 0.0237 0.7209
vt 0.1461 0.7209
vt 0.0849 0.6365
vt 0.0237 0.6365
vt 0.1461 0.6365
vt 0.0849 0.5521
vt 0.0237 0.5521
vt 0.1461 0.5521
vt 0.0849 0.4676
vt 0.0237 0.4676
vt 0.1461 0.4676
vt 0.0849 0.3832
vt 0.0237 0.3832
vt 0.1461 0.3832
vt 0.0849 0.2987
vt 0.0237 0.2987
vt 0.1461 0.2987
vt 0.0849 0.2143
vt 0.0237 0.2143
vt 0.1461 0.2143
vt 0.0849 0.1299
vt 0.0237 0.1299
vt 0.1461 0.1299
vt 0.0849 0.0454
vt 0.0237 0.0454
vt 0.1461 0.0454
vt 0.0849 0.9743
vt 0.0849 0.8898
vt 0.0237 0.8898
vt 0.0237 0.9743
vt 0.1461 0.9743
vt 0.1461 0.8898
vt 0.0849 0.8054
vt 0.0237 0.8054
vt 0.1461 0.8054
vt 0.0849 0.7209
vt 0.0237 0.7209
vt 0.1461 0.7209
vt 0.0849 0.6365
vt 0.0237 0.6365
vt 0.1461 0.6365
vt 0.0849 0.5521
vt 0.0237 0.5521
vt 0.1461 0.5521
vt 0.0849 0.4676
vt 0.0237 0.4676
vt 0.1461 0.4676
vt 0.0849 0.3832
vt 0.0237 0.3832
vt 0.1461 0.3832
vt 0.0849 0.2987
vt 0.0237 0.2987
vt 0.1461 0.2987
vt 0.0849 0.2143
vt 0.0237 0.2143
vt 0.1461 0.2143
vt 0.0849 0.1299
vt 0.0237 0.1299
vt 0.1461 0.1299
vt 0.0849 0.0454
vt 0.0237 0.0454
vt 0.1461 0.0454
vt 0.0849 0.9743
vt 0.0849 0.8898
vt 0.0237 0.8898
vt 0.0237 0.9743
vt 0.1461 0.9743
vt 0.1461 0.8898
vt 0.0849 0.8054
vt 0.0237 0.8054
vt 0.1461 0.8054
vt 0.0849 0.7209
vt 0.0237 0.7209
vt 0.1461 0.7209
vt 0.0849 0.6365
vt 0.0237 0.6365
vt 0.1461 0.6365
vt 0.0849 0.5521
vt 0.0237 0.5521
vt 0.1461 0.5521
vt 0.0849 0.4676
vt 0.0237 0.4676
vt 0.1461 0.4676
vt 0.0849 0.3832
vt 0.0237 0.3832
vt 0.1461 0.3832
vt 0.0849 0.2987
vt 0.0237 0.2987
vt 0.1461 0.2987
vt 0.0849 0.2143
vt 0.0237 0.2143
vt 0.1461 0.2143
vt 0.0849 0.1299
vt 0.0237 0.1299
vt 0.1461 0.1299
vt 0.0849 0.0454
vt 0.0237 0.0454
vt 0.1461 0.0454
vt 0.0849 0.9743
vt 0.0849 0.8898
vt 0.0237 0.8898
vt 0.0237 0.9743
vt 0.1461 0.9743
vt 0.1461 0.8898
vt 0.0849 0.8054
vt 0.0237 0.8054
vt 0.1461 0.8054
vt 0.0849 0.7209
vt 0.0237 0.7209
vt 0.1461 0.7209
vt 0.0849 0.6365
vt 0.0237 0.6365
vt 0.1461 0.6365
vt 0.0849 0.5521
vt 0.0237 0.5521
vt 0.1461 0.5521
vt 0.0849 0.4676
vt 0.0237 0.4676
vt 0.1461 0.4676
vt 0.0849 0.3832
vt 0.0237 0.3832
vt 0.1461 0.3832
vt 0.0849 0.2987
vt 0.0237 0.2987
vt 0.1461 0.2987
vt 0.0849 0.2143
vt 0.0237 0.2143
vt 0.1461 0.2143
vt 0.0849 0.1299
vt 0.0237 0.1299
vt 0.1461 0.1299
vt 0.0849 0.0454
vt 0.0237 0.0454
vt 0.1461 0.0454
vt 0.0849 0.9743
vt 0.0849 0.8898
vt 0.0237 0.8898
vt 0.0237 0.9743
vt 0.1461 0.9743
vt 0.1461 0.8898
vt 0.0849 0.8054
vt 0.0237 0.8054
vt 0.1461 0.8054
vt 0.0849 0.7209
vt 0.0237 0.7209
vt 0.1461 0.7209
vt 0.0849 0.6365
vt 0.0237 0.6365
vt 0.1461 0.6365
vt 0.0849 0.5521
vt 0.0237 0.5521
vt 0.1461 0.5521
vt 0.0849 0.4676
vt 0.0237 0.4676
vt 0.1461 0.4676
vt 0.0849 0.3832
vt 0.0237 0.3832
vt 0.1461 0.3832
vt 0.0849 0.2987
vt 0.0237 0.2987
vt 0.1461 0.2987
vt 0.0849 0.2143
vt 0.0237 0.2143
vt 0.1461 0.2143
vt 0.0849 0.1299
vt 0.0237 0.1299
vt 0.1461 0.1299
vt 0.0849 0.0454
vt 0.0237 0.0454
vt 0.1461 0.0454
vt 0.0849 0.9743
vt 0.0849 0.8898
vt 0.0237 0.8898
vt 0.0237 0.9743
vt 0.1461 0.9743
vt 0.1461 0.8898
vt 0.0849 0.8054
vt 0.0237 0.8054
vt 0.1461 0.8054
vt 0.0849 0.7209
vt 0.0237 0.7209
vt 0.1461 0.7209
vt 0.0849 0.6365
vt 0.0237 0.6365
vt 0.1461 0.6365
vt 0.0849 0.5521
vt 0.0237 0.5521
vt 0.1461 0.5521
vt 0.0849 0.4676
vt 0.0237 0.4676
vt 0.1461 0.4676
vt 0.0849 0.3832
vt 0.0237 0.3832
vt 0.1461 0.3832
vt 0.0849 0.2987
vt 0.0237 0.2987
vt 0.1461 0.2987
vt 0.0849 0.2143
vt 0.0237 0.2143
vt 0.1461 0.2143
vt 0.0849 0.1299
vt 0.0237 0.1299
vt 0.1461 0.1299
vt 0.0849 0.0454
vt 0.0237 0.0454
vt 0.1461 0.0454
vt 0.0849 0.9743
vt 0.0849 0.8898
vt 0.0237 0.8898
vt 0.0237 0.9743
vt 0.1461 0.9743
vt 0.1461 0.8898
vt 0.0849 0.8054
vt 0.0237 0.8054
vt 0.1461 0.8054
vt 0.0849 0.7209
vt 0.0237 0.7209
vt 0.1461 0.7209
vt 0.0849 0.6365
vt 0.0237 0.6365
vt 0.1461 0.6365
vt 0.0849 0.5521
vt 0.0237 0.5521
vt 0.1461 0.5521
vt 0.0849 0.4676
vt 0.0237 0.4676
vt 0.1461 0.4676
vt 0.0849 0.3832
vt 0.0237 0.3832
vt 0.1461 0.3832
vt 0.0849 0.2987
vt 0.0237 0.2987
vt 0.1461 0.2987
vt 0.0849 0.2143
vt 0.0237 0.2143
vt 0.1461 0.2143
vt 0.0849 0.1299
vt 0.0237 0.1299
vt 0.1461 0.1299
vt 0.0849 0.0454
vt 0.0237 0.0454
vt 0.1461 0.0454
vt 0.0849 0.9743
vt 0.0849 0.8898
vt 0.0237 0.8898
vt 0.0237 0.9743
vt 0.1461 0.9743
vt 0.1461 0.8898
vt 0.0849 0.8054
vt 0.0237 0.8054
vt 0.1461 0.8054
vt 0.0849 0.7209
vt 0.0237 0.7209
vt 0.1461 0.7209
vt 0.0849 0.6365
vt 0.0237 0.6365
vt 0.1461 0.6365
vt 0.0849 0.5521
vt 0.0237 0.5521
vt 0.1461 0.5521
vt 0.0849 0.4676
vt 0.0237 0.4676
vt 0.1461 0.4676
vt 0.0849 0.3832
vt 0.0237 0.3832
vt 0.1461 0.3832
vt 0.0849 0.2987
vt 0.0237 0.2987
vt 0.1461 0.2987
vt 0.0849 0.2143
vt 0.0237 0.2143
vt 0.1461 0.2143
vt 0.0849 0.1299
vt 0.0237 0.1299
vt 0.1461 0.1299
vt 0.0849 0.0454
vt 0.0237 0.0454
vt 0.1461 0.0454
vt 0.0849 0.9743
vt 0.0849 0.8898
vt 0.0237 0.8898
vt 0.0237 0.9743
vt 0.1461 0.9743
vt 0.1461 0.8898
vt 0.0849 0.8054
vt 0.0237 0.8054
vt 0.1461 0.8054
vt 0.0849 0.7209
vt 0.0237 0.7209
vt 0.1461 0.7209
vt 0.0849 0.6365
vt 0.0237 0.6365
vt 0.1461 0.6365
vt 0.0849 0.5521
vt 0.0237 0.5521
vt 0.1461 0.5521
vt 0.0849 0.4676
vt 0.0237 0.4676
vt 0.1461 0.4676
vt 0.0849 0.3832
vt 0.0237 0.3832
vt 0.1461 0.3832
vt 0.0849 0.2987
vt 0.0237 0.2987
vt 0.1461 0.2987
vt 0.0849 0.2143
vt 0.0237 0.2143
vt 0.1461 0.2143
vt 0.0849 0.1299
vt 0.0237 0.1299
vt 0.1461 0.1299
vt 0.0849 0.0454
vt 0.0237 0.0454
vt 0.1461 0.0454
vt 0.4902 0.2208
vt 0.4902 0.2014
vt 0.4566 0.2014
vt 0.4566 0.2208
vt 0.5238 0.2208
vt 0.5238 0.2014
vt 0.4902 0.1821
vt 0.4566 0.1821
vt 0.5238 0.1821
vt 0.4902 0.1627
vt 0.4566 0.1627
vt 0.5238 0.1627
vt 0.4902 0.1434
vt 0.4566 0.1434
vt 0.5238 0.1434
vt 0.4902 0.1240
vt 0.4566 0.1240
vt 0.5238 0.1240
vt 0.4902 0.1047
vt 0.4566 0.1047
vt 0.5238 0.1047
vt 0.4902 0.0853
vt 0.4566 0.0853
vt 0.5238 0.0853
vt 0.4902 0.0660
vt 0.4566 0.0660
vt 0.5238 0.0660
vt 0.4902 0.0466
vt 0.4566 0.0466
vt 0.5238 0.0466
vt 0.4902 0.0273
vt 0.4566 0.0273
vt 0.5238 0.0273
vt 0.4902 0.0079
vt 0.4566 0.0079
vt 0.5238 0.0079
vt 0.0849 0.9743
vt 0.0849 0.8898
vt 0.0237 0.8898
vt 0.0237 0.9743
vt 0.1461 0.9743
vt 0.1461 0.8898
vt 0.0849 0.8054
vt 0.0237 0.8054
vt 0.1461 0.8054
vt 0.0849 0.7209
vt 0.0237 0.7209
vt 0.1461 0.7209
vt 0.0849 0.6365
vt 0.0237 0.6365
vt 0.1461 0.6365
vt 0.0849 0.5521
vt 0.0237 0.5521
vt 0.1461 0.5521
vt 0.0849 0.4676
vt 0.0237 0.4676
vt 0.1461 0.4676
vt 0.0849 0.3832
vt 0.0237 0.3832
vt 0.1461 0.3832
vt 0.0849 0.2987
vt 0.0237 0.2987
vt 0.1461 0.2987
vt 0.0849 0.2143
vt 0.0237 0.2143
vt 0.1461 0.2143
vt 0.0849 0.1299
vt 0.0237 0.1299
vt 0.1461 0.1299
vt 0.0849 0.0454
vt 0.0237 0.0454
vt 0.1461 0.0454
vt 0.0849 0.9743
vt 0.0849 0.8898
vt 0.0237 0.8898
vt 0.0237 0.9743
vt 0.1461 0.9743
vt 0.1461 0.8898
vt 0.0849 0.8054
vt 0.0237 0.8054
vt 0.1461 0.8054
vt 0.0849 0.7209
vt 0.0237 0.7209
vt 0.1461 0.7209
vt 0.0849 0.6365
vt 0.0237 0.6365
vt 0.1461 0.6365
vt 0.0849 0.5521
vt 0.0237 0.5521
vt 0.1461 0.5521
vt 0.0849 0.4676
vt 0.0237 0.4676
vt 0.1461 0.4676
vt 0.0849 0.3832
vt 0.0237 0.3832
vt 0.1461 0.3832
vt 0.0849 0.2987
vt 0.0237 0.2987
vt 0.1461 0.2987
vt 0.0849 0.2143
vt 0.0237 0.2143
vt 0.1461 0.2143
vt 0.0849 0.1299
vt 0.0237 0.1299
vt 0.1461 0.1299
vt 0.0849 0.0454
vt 0.0237 0.0454
vt 0.1461 0.0454
vt 0.0849 0.9743
vt 0.0849 0.8898
vt 0.0237 0.8898
vt 0.0237 0.9743
vt 0.1461 0.9743
vt 0.1461 0.8898
vt 0.0849 0.8054
vt 0.0237 0.8054
vt 0.1461 0.8054
vt 0.0849 0.7209
vt 0.0237 0.7209
vt 0.1461 0.7209
vt 0.0849 0.6365
vt 0.0237 0.6365
vt 0.1461 0.6365
vt 0.0849 0.5521
vt 0.0237 0.5521
vt 0.1461 0.5521
vt 0.0849 0.4676
vt 0.0237 0.4676
vt 0.1461 0.4676
vt 0.0849 0.3832
vt 0.0237 0.3832
vt 0.1461 0.3832
vt 0.0849 0.2987
vt 0.0237 0.2987
vt 0.1461 0.2987
vt 0.0849 0.2143
vt 0.0237 0.2143
vt 0.1461 0.2143
vt 0.0849 0.1299
vt 0.0237 0.1299
vt 0.1461 0.1299
vt 0.0849 0.0454
vt 0.0237 0.0454
vt 0.1461 0.0454
vt 0.0849 0.9743
vt 0.0849 0.8898
vt 0.0237 0.8898
vt 0.0237 0.9743
vt 0.1461 0.9743
vt 0.1461 0.8898
vt 0.0849 0.8054
vt 0.0237 0.8054
vt 0.1461 0.8054
vt 0.0849 0.7209
vt 0.0237 0.7209
vt 0.1461 0.7209
vt 0.0849 0.6365
vt 0.0237 0.6365
vt 0.1461 0.6365
vt 0.0849 0.5521
vt 0.0237 0.5521
vt 0.1461 0.5521
vt 0.0849 0.4676
vt 0.0237 0.4676
vt 0.1461 0.4676
vt 0.0849 0.3832
vt 0.0237 0.3832
vt 0.1461 0.3832
vt 0.0849 0.2987
vt 0.0237 0.2987
vt 0.1461 0.2987
vt 0.0849 0.2143
vt 0.0237 0.2143
vt 0.1461 0.2143
vt 0.0849 0.1299
vt 0.0237 0.1299
vt 0.1461 0.1299
vt 0.0849 0.0454
vt 0.0237 0.0454
vt 0.1461 0.0454
vt 0.4902 0.2208
vt 0.4902 0.2014
vt 0.4566 0.2014
vt 0.4566 0.2208
vt 0.5238 0.2208
vt 0.5238 0.2014
vt 0.4902 0.1821
vt 0.4566 0.1821
vt 0.5238 0.1821
vt 0.4902 0.1627
vt 0.4566 0.1627
vt 0.5238 0.1627
vt 0.4902 0.1434
vt 0.4566 0.1434
vt 0.5238 0.1434
vt 0.4902 0.1240
vt 0.4566 0.1240
vt 0.5238 0.1240
vt 0.4902 0.1047
vt 0.4566 0.1047
vt 0.5238 0.1047
vt 0.4902 0.0853
vt 0.4566 0.0853
vt 0.5238 0.0853
vt 0.4902 0.0660
vt 0.4566 0.0660
vt 0.5238 0.0660
vt 0.4902 0.0466
vt 0.4566 0.0466
vt 0.5238 0.0466
vt 0.4902 0.0273
vt 0.4566 0.0273
vt 0.5238 0.0273
vt 0.4902 0.0079
vt 0.4566 0.0079
vt 0.5238 0.0079
vt 0.4902 0.2208
vt 0.4902 0.2014
vt 0.4566 0.2014
vt 0.4566 0.2208
vt 0.5238 0.2208
vt 0.5238 0.2014
vt 0.4902 0.1821
vt 0.4566 0.1821
vt 0.5238 0.1821
vt 0.4902 0.1627
vt 0.4566 0.1627
vt 0.5238 0.1627
vt 0.4902 0.1434
vt 0.4566 0.1434
vt 0.5238 0.1434
vt 0.4902 0.1240
vt 0.4566 0.1240
vt 0.5238 0.1240
vt 0.4902 0.1047
vt 0.4566 0.1047
vt 0.5238 0.1047
vt 0.4902 0.0853
vt 0.4566 0.0853
vt 0.5238 0.0853
vt 0.4902 0.0660
vt 0.4566 0.0660
vt 0.5238 0.0660
vt 0.4902 0.0466
vt 0.4566 0.0466
vt 0.5238 0.0466
vt 0.4902 0.0273
vt 0.4566 0.0273
vt 0.5238 0.0273
vt 0.4902 0.0079
vt 0.4566 0.0079
vt 0.5238 0.0079
vt 0.4902 0.2208
vt 0.4902 0.2014
vt 0.4566 0.2014
vt 0.4566 0.2208
vt 0.5238 0.2208
vt 0.5238 0.2014
vt 0.4902 0.1821
vt 0.4566 0.1821
vt 0.5238 0.1821
vt 0.4902 0.1627
vt 0.4566 0.1627
vt 0.5238 0.1627
vt 0.4902 0.1434
vt 0.4566 0.1434
vt 0.5238 0.1434
vt 0.4902 0.1240
vt 0.4566 0.1240
vt 0.5238 0.1240
vt 0.4902 0.1047
vt 0.4566 0.1047
vt 0.5238 0.1047
vt 0.4902 0.0853
vt 0.4566 0.0853
vt 0.5238 0.0853
vt 0.4902 0.0660
vt 0.4566 0.0660
vt 0.5238 0.0660
vt 0.4902 0.0466
vt 0.4566 0.0466
vt 0.5238 0.0466
vt 0.4902 0.0273
vt 0.4566 0.0273
vt 0.5238 0.0273
vt 0.4902 0.0079
vt 0.4566 0.0079
vt 0.5238 0.0079
vt 0.0849 0.9743
vt 0.0237 0.9743
vt 0.0237 0.8898
vt 0.0849 0.8898
vt 0.1461 0.9743
vt 0.1461 0.8898
vt 0.0237 0.8054
vt 0.0849 0.8054
vt 0.1461 0.8054
vt 0.0237 0.7209
vt 0.0849 0.7209
vt 0.1461 0.7209
vt 0.0237 0.6365
vt 0.0849 0.6365
vt 0.1461 0.6365
vt 0.0237 0.5521
vt 0.0849 0.5521
vt 0.1461 0.5521
vt 0.0237 0.4676
vt 0.0849 0.4676
vt 0.1461 0.4676
vt 0.0237 0.3832
vt 0.0849 0.3832
vt 0.1461 0.3832
vt 0.0237 0.2987
vt 0.0849 0.2987
vt 0.1461 0.2987
vt 0.0237 0.2143
vt 0.0849 0.2143
vt 0.1461 0.2143
vt 0.0237 0.1299
vt 0.0849 0.1299
vt 0.1461 0.1299
vt 0.0237 0.0454
vt 0.0849 0.0454
vt 0.1461 0.0454
vt 0.0849 0.9743
vt 0.0237 0.9743
vt 0.0237 0.8898
vt 0.0849 0.8898
vt 0.1461 0.9743
vt 0.1461 0.8898
vt 0.0237 0.8054
vt 0.0849 0.8054
vt 0.1461 0.8054
vt 0.0237 0.7209
vt 0.0849 0.7209
vt 0.1461 0.7209
vt 0.0237 0.6365
vt 0.0849 0.6365
vt 0.1461 0.6365
vt 0.0237 0.5521
vt 0.0849 0.5521
vt 0.1461 0.5521
vt 0.0237 0.4676
vt 0.0849 0.4676
vt 0.1461 0.4676
vt 0.0237 0.3832
vt 0.0849 0.3832
vt 0.1461 0.3832
vt 0.0237 0.2987
vt 0.0849 0.2987
vt 0.1461 0.2987
vt 0.0237 0.2143
vt 0.0849 0.2143
vt 0.1461 0.2143
vt 0.0237 0.1299
vt 0.0849 0.1299
vt 0.1461 0.1299
vt 0.0237 0.0454
vt 0.0849 0.0454
vt 0.1461 0.0454
vt 0.0849 0.9743
vt 0.0237 0.9743
vt 0.0237 0.8898
vt 0.0849 0.8898
vt 0.1461 0.9743
vt 0.1461 0.8898
vt 0.0237 0.8054
vt 0.0849 0.8054
vt 0.1461 0.8054
vt 0.0237 0.7209
vt 0.0849 0.7209
vt 0.1461 0.7209
vt 0.0237 0.6365
vt 0.0849 0.6365
vt 0.1461 0.6365
vt 0.0237 0.5521
vt 0.0849 0.5521
vt 0.1461 0.5521
vt 0.0237 0.4676
vt 0.0849 0.4676
vt 0.1461 0.4676
vt 0.0237 0.3832
vt 0.0849 0.3832
vt 0.1461 0.3832
vt 0.0237 0.2987
vt 0.0849 0.2987
vt 0.1461 0.2987
vt 0.0237 0.2143
vt 0.0849 0.2143
vt 0.1461 0.2143
vt 0.0237 0.1299
vt 0.0849 0.1299
vt 0.1461 0.1299
vt 0.0237 0.0454
vt 0.0849 0.0454
vt 0.1461 0.0454
vt 0.0849 0.9743
vt 0.0237 0.9743
vt 0.0237 0.8898
vt 0.0849 0.8898
vt 0.1461 0.9743
vt 0.1461 0.8898
vt 0.0237 0.8054
vt 0.0849 0.8054
vt 0.1461 0.8054
vt 0.0237 0.7209
vt 0.0849 0.7209
vt 0.1461 0.7209
vt 0.0237 0.6365
vt 0.0849 0.6365
vt 0.1461 0.6365
vt 0.0237 0.5521
vt 0.0849 0.5521
vt 0.1461 0.5521
vt 0.0237 0.4676
vt 0.0849 0.4676
vt 0.1461 0.4676
vt 0.0237 0.3832
vt 0.0849 0.3832
vt 0.1461 0.3832
vt 0.0237 0.2987
vt 0.0849 0.2987
vt 0.1461 0.2987
vt 0.0237 0.2143
vt 0.0849 0.2143
vt 0.1461 0.2143
vt 0.0237 0.1299
vt 0.0849 0.1299
vt 0.1461 0.1299
vt 0.0237 0.0454
vt 0.0849 0.0454
vt 0.1461 0.0454
vt 0.0849 0.9743
vt 0.0237 0.9743
vt 0.0237 0.8898
vt 0.0849 0.8898
vt 0.1461 0.9743
vt 0.1461 0.8898
vt 0.0237 0.8054
vt 0.0849 0.8054
vt 0.1461 0.8054
vt 0.0237 0.7209
vt 0.0849 0.7209
vt 0.1461 0.7209
vt 0.0237 0.6365
vt 0.0849 0.6365
vt 0.1461 0.6365
vt 0.0237 0.5521
vt 0.0849 0.5521
vt 0.1461 0.5521
vt 0.0237 0.4676
vt 0.0849 0.4676
vt 0.1461 0.4676
vt 0.0237 0.3832
vt 0.0849 0.3832
vt 0.1461 0.3832
vt 0.0237 0.2987
vt 0.0849 0.2987
vt 0.1461 0.2987
vt 0.0237 0.2143
vt 0.0849 0.2143
vt 0.1461 0.2143
vt 0.0237 0.1299
vt 0.0849 0.1299
vt 0.1461 0.1299
vt 0.0237 0.0454
vt 0.0849 0.0454
vt 0.1461 0.0454
vt 0.0849 0.9743
vt 0.0237 0.9743
vt 0.0237 0.8898
vt 0.0849 0.8898
vt 0.1461 0.9743
vt 0.1461 0.8898
vt 0.0237 0.8054
vt 0.0849 0.8054
vt 0.1461 0.8054
vt 0.0237 0.7209
vt 0.0849 0.7209
vt 0.1461 0.7209
vt 0.0237 0.6365
vt 0.0849 0.6365
vt 0.1461 0.6365
vt 0.0237 0.5521
vt 0.0849 0.5521
vt 0.1461 0.5521
vt 0.0237 0.4676
vt 0.0849 0.4676
vt 0.1461 0.4676
vt 0.0237 0.3832
vt 0.0849 0.3832
vt 0.1461 0.3832
vt 0.0237 0.2987
vt 0.0849 0.2987
vt 0.1461 0.2987
vt 0.0237 0.2143
vt 0.0849 0.2143
vt 0.1461 0.2143
vt 0.0237 0.1299
vt 0.0849 0.1299
vt 0.1461 0.1299
vt 0.0237 0.0454
vt 0.0849 0.0454
vt 0.1461 0.0454
vt 0.0849 0.9743
vt 0.0237 0.9743
vt 0.0237 0.8898
vt 0.0849 0.8898
vt 0.1461 0.9743
vt 0.1461 0.8898
vt 0.0237 0.8054
vt 0.0849 0.8054
vt 0.1461 0.8054
vt 0.0237 0.7209
vt 0.0849 0.7209
vt 0.1461 0.7209
vt 0.0237 0.6365
vt 0.0849 0.6365
vt 0.1461 0.6365
vt 0.0237 0.5521
vt 0.0849 0.5521
vt 0.1461 0.5521
vt 0.0237 0.4676
vt 0.0849 0.4676
vt 0.1461 0.4676
vt 0.0237 0.3832
vt 0.0849 0.3832
vt 0.1461 0.3832
vt 0.0237 0.2987
vt 0.0849 0.2987
vt 0.1461 0.2987
vt 0.0237 0.2143
vt 0.0849 0.2143
vt 0.1461 0.2143
vt 0.0237 0.1299
vt 0.0849 0.1299
vt 0.1461 0.1299
vt 0.0237 0.0454
vt 0.0849 0.0454
vt 0.1461 0.0454
vt 0.0849 0.9743
vt 0.0237 0.9743
vt 0.0237 0.8898
vt 0.0849 0.8898
vt 0.1461 0.9743
vt 0.1461 0.8898
vt 0.0237 0.8054
vt 0.0849 0.8054
vt 0.1461 0.8054
vt 0.0237 0.7209
vt 0.0849 0.7209
vt 0.1461 0.7209
vt 0.0237 0.6365
vt 0.0849 0.6365
vt 0.1461 0.6365
vt 0.0237 0.5521
vt 0.0849 0.5521
vt 0.1461 0.5521
vt 0.0237 0.4676
vt 0.0849 0.4676
vt 0.1461 0.4676
vt 0.0237 0.3832
vt 0.0849 0.3832
vt 0.1461 0.3832
vt 0.0237 0.2987
vt 0.0849 0.2987
vt 0.1461 0.2987
vt 0.0237 0.2143
vt 0.0849 0.2143
vt 0.1461 0.2143
vt 0.0237 0.1299
vt 0.0849 0.1299
vt 0.1461 0.1299
vt 0.0237 0.0454
vt 0.0849 0.0454
vt 0.1461 0.0454
vt 0.0849 0.9743
vt 0.0237 0.9743
vt 0.0237 0.8898
vt 0.0849 0.8898
vt 0.1461 0.9743
vt 0.1461 0.8898
vt 0.0237 0.8054
vt 0.0849 0.8054
vt 0.1461 0.8054
vt 0.0237 0.7209
vt 0.0849 0.7209
vt 0.1461 0.7209
vt 0.0237 0.6365
vt 0.0849 0.6365
vt 0.1461 0.6365
vt 0.0237 0.5521
vt 0.0849 0.5521
vt 0.1461 0.5521
vt 0.0237 0.4676
vt 0.0849 0.4676
vt 0.1461 0.4676
vt 0.0237 0.3832
vt 0.0849 0.3832
vt 0.1461 0.3832
vt 0.0237 0.2987
vt 0.0849 0.2987
vt 0.1461 0.2987
vt 0.0237 0.2143
vt 0.0849 0.2143
vt 0.1461 0.2143
vt 0.0237 0.1299
vt 0.0849 0.1299
vt 0.1461 0.1299
vt 0.0237 0.0454
vt 0.0849 0.0454
vt 0.1461 0.0454
vt 0.0849 0.9743
vt 0.0237 0.9743
vt 0.0237 0.8898
vt 0.0849 0.8898
vt 0.1461 0.9743
vt 0.1461 0.8898
vt 0.0237 0.8054
vt 0.0849 0.8054
vt 0.1461 0.8054
vt 0.0237 0.7209
vt 0.0849 0.7209
vt 0.1461 0.7209
vt 0.0237 0.6365
vt 0.0849 0.6365
vt 0.1461 0.6365
vt 0.0237 0.5521
vt 0.0849 0.5521
vt 0.1461 0.5521
vt 0.0237 0.4676
vt 0.0849 0.4676
vt 0.1461 0.4676
vt 0.0237 0.3832
vt 0.0849 0.3832
vt 0.1461 0.3832
vt 0.0237 0.2987
vt 0.0849 0.2987
vt 0.1461 0.2987
vt 0.0237 0.2143
vt 0.0849 0.2143
vt 0.1461 0.2143
vt 0.0237 0.1299
vt 0.0849 0.1299
vt 0.1461 0.1299
vt 0.0237 0.0454
vt 0.0849 0.0454
vt 0.1461 0.0454
vt 0.0849 0.9743
vt 0.0237 0.9743
vt 0.0237 0.8898
vt 0.0849 0.8898
vt 0.1461 0.9743
vt 0.1461 0.8898
vt 0.0237 0.8054
vt 0.0849 0.8054
vt 0.1461 0.8054
vt 0.0237 0.7209
vt 0.0849 0.7209
vt 0.1461 0.7209
vt 0.0237 0.6365
vt 0.0849 0.6365
vt 0.1461 0.6365
vt 0.0237 0.5521
vt 0.0849 0.5521
vt 0.1461 0.5521
vt 0.0237 0.4676
vt 0.0849 0.4676
vt 0.1461 0.4676
vt 0.0237 0.3832
vt 0.0849 0.3832
vt 0.1461 0.3832
vt 0.0237 0.2987
vt 0.0849 0.2987
vt 0.1461 0.2987
vt 0.0237 0.2143
vt 0.0849 0.2143
vt 0.1461 0.2143
vt 0.0237 0.1299
vt 0.0849 0.1299
vt 0.1461 0.1299
vt 0.0237 0.0454
vt 0.0849 0.0454
vt 0.1461 0.0454
vt 0.0849 0.9743
vt 0.0237 0.9743
vt 0.0237 0.8898
vt 0.0849 0.8898
vt 0.1461 0.9743
vt 0.1461 0.8898
vt 0.0237 0.8054
vt 0.0849 0.8054
vt 0.1461 0.8054
vt 0.0237 0.7209
vt 0.0849 0.7209
vt 0.1461 0.7209
vt 0.0237 0.6365
vt 0.0849 0.6365
vt 0.1461 0.6365
vt 0.0237 0.5521
vt 0.0849 0.5521
vt 0.1461 0.5521
vt 0.0237 0.4676
vt 0.0849 0.4676
vt 0.1461 0.4676
vt 0.0237 0.3832
vt 0.0849 0.3832
vt 0.1461 0.3832
vt 0.0237 0.2987
vt 0.0849 0.2987
vt 0.1461 0.2987
vt 0.0237 0.2143
vt 0.0849 0.2143
vt 0.1461 0.2143
vt 0.0237 0.1299
vt 0.0849 0.1299
vt 0.1461 0.1299
vt 0.0237 0.0454
vt 0.0849 0.0454
vt 0.1461 0.0454
vt 0.0849 0.9743
vt 0.0237 0.9743
vt 0.0237 0.8898
vt 0.0849 0.8898
vt 0.1461 0.9743
vt 0.1461 0.8898
vt 0.0237 0.8054
vt 0.0849 0.8054
vt 0.1461 0.8054
vt 0.0237 0.7209
vt 0.0849 0.7209
vt 0.1461 0.7209
vt 0.0237 0.6365
vt 0.0849 0.6365
vt 0.1461 0.6365
vt 0.0237 0.5521
vt 0.0849 0.5521
vt 0.1461 0.5521
vt 0.0237 0.4676
vt 0.0849 0.4676
vt 0.1461 0.4676
vt 0.0237 0.3832
vt 0.0849 0.3832
vt 0.1461 0.3832
vt 0.0237 0.2987
vt 0.0849 0.2987
vt 0.1461 0.2987
vt 0.0237 0.2143
vt 0.0849 0.2143
vt 0.1461 0.2143
vt 0.0237 0.1299
vt 0.0849 0.1299
vt 0.1461 0.1299
vt 0.0237 0.0454
vt 0.0849 0.0454
vt 0.1461 0.0454
vt 0.0849 0.9743
vt 0.0237 0.9743
vt 0.0237 0.8898
vt 0.0849 0.8898
vt 0.1461 0.9743
vt 0.1461 0.8898
vt 0.0237 0.8054
vt 0.0849 0.8054
vt 0.1461 0.8054
vt 0.0237 0.7209
vt 0.0849 0.7209
vt 0.1461 0.7209
vt 0.0237 0.6365
vt 0.0849 0.6365
vt 0.1461 0.6365
vt 0.0237 0.5521
vt 0.0849 0.5521
vt 0.1461 0.5521
vt 0.0237 0.4676
vt 0.0849 0.4676
vt 0.1461 0.4676
vt 0.0237 0.3832
vt 0.0849 0.3832
vt 0.1461 0.3832
vt 0.0237 0.2987
vt 0.0849 0.2987
vt 0.1461 0.2987
vt 0.0237 0.2143
vt 0.0849 0.2143
vt 0.1461 0.2143
vt 0.0237 0.1299
vt 0.0849 0.1299
vt 0.1461 0.1299
vt 0.0237 0.0454
vt 0.0849 0.0454
vt 0.1461 0.0454
vt 0.0849 0.9743
vt 0.0237 0.9743
vt 0.0237 0.8898
vt 0.0849 0.8898
vt 0.1461 0.9743
vt 0.1461 0.8898
vt 0.0237 0.8054
vt 0.0849 0.8054
vt 0.1461 0.8054
vt 0.0237 0.7209
vt 0.0849 0.7209
vt 0.1461 0.7209
vt 0.0237 0.6365
vt 0.0849 0.6365
vt 0.1461 0.6365
vt 0.0237 0.5521
vt 0.0849 0.5521
vt 0.1461 0.5521
vt 0.0237 0.4676
vt 0.0849 0.4676
vt 0.1461 0.4676
vt 0.0237 0.3832
vt 0.0849 0.3832
vt 0.1461 0.3832
vt 0.0237 0.2987
vt 0.0849 0.2987
vt 0.1461 0.2987
vt 0.0237 0.2143
vt 0.0849 0.2143
vt 0.1461 0.2143
vt 0.0237 0.1299
vt 0.0849 0.1299
vt 0.1461 0.1299
vt 0.0237 0.0454
vt 0.0849 0.0454
vt 0.1461 0.0454
vt 0.0849 0.9743
vt 0.0237 0.9743
vt 0.0237 0.8898
vt 0.0849 0.8898
vt 0.1461 0.9743
vt 0.1461 0.8898
vt 0.0237 0.8054
vt 0.0849 0.8054
vt 0.1461 0.8054
vt 0.0237 0.7209
vt 0.0849 0.7209
vt 0.1461 0.7209
vt 0.0237 0.6365
vt 0.0849 0.6365
vt 0.1461 0.6365
vt 0.0237 0.5521
vt 0.0849 0.5521
vt 0.1461 0.5521
vt 0.0237 0.4676
vt 0.0849 0.4676
vt 0.1461 0.4676
vt 0.0237 0.3832
vt 0.0849 0.3832
vt 0.1461 0.3832
vt 0.0237 0.2987
vt 0.0849 0.2987
vt 0.1461 0.2987
vt 0.0237 0.2143
vt 0.0849 0.2143
vt 0.1461 0.2143
vt 0.0237 0.1299
vt 0.0849 0.1299
vt 0.1461 0.1299
vt 0.0237 0.0454
vt 0.0849 0.0454
vt 0.1461 0.0454
vt 0.0849 0.9743
vt 0.0237 0.9743
vt 0.0237 0.8898
vt 0.0849 0.8898
vt 0.1461 0.9743
vt 0.1461 0.8898
vt 0.0237 0.8054
vt 0.0849 0.8054
vt 0.1461 0.8054
vt 0.0237 0.7209
vt 0.0849 0.7209
vt 0.1461 0.7209
vt 0.0237 0.6365
vt 0.0849 0.6365
vt 0.1461 0.6365
vt 0.0237 0.5521
vt 0.0849 0.5521
vt 0.1461 0.5521
vt 0.0237 0.4676
vt 0.0849 0.4676
vt 0.1461 0.4676
vt 0.0237 0.3832
vt 0.0849 0.3832
vt 0.1461 0.3832
vt 0.0237 0.2987
vt 0.0849 0.2987
vt 0.1461 0.2987
vt 0.0237 0.2143
vt 0.0849 0.2143
vt 0.1461 0.2143
vt 0.0237 0.1299
vt 0.0849 0.1299
vt 0.1461 0.1299
vt 0.0237 0.0454
vt 0.0849 0.0454
vt 0.1461 0.0454
vt 0.0849 0.9743
vt 0.0237 0.9743
vt 0.0237 0.8898
vt 0.0849 0.8898
vt 0.1461 0.9743
vt 0.1461 0.8898
vt 0.0237 0.8054
vt 0.0849 0.8054
vt 0.1461 0.8054
vt 0.0237 0.7209
vt 0.0849 0.7209
vt 0.1461 0.7209
vt 0.0237 0.6365
vt 0.0849 0.6365
vt 0.1461 0.6365
vt 0.0237 0.5521
vt 0.0849 0.5521
vt 0.1461 0.5521
vt 0.0237 0.4676
vt 0.0849 0.4676
vt 0.1461 0.4676
vt 0.0237 0.3832
vt 0.0849 0.3832
vt 0.1461 0.3832
vt 0.0237 0.2987
vt 0.0849 0.2987
vt 0.1461 0.2987
vt 0.0237 0.2143
vt 0.0849 0.2143
vt 0.1461 0.2143
vt 0.0237 0.1299
vt 0.0849 0.1299
vt 0.1461 0.1299
vt 0.0237 0.0454
vt 0.0849 0.0454
vt 0.1461 0.0454
vt 0.0849 0.9743
vt 0.0237 0.9743
vt 0.0237 0.8898
vt 0.0849 0.8898
vt 0.1461 0.9743
vt 0.1461 0.8898
vt 0.0237 0.8054
vt 0.0849 0.8054
vt 0.1461 0.8054
vt 0.0237 0.7209
vt 0.0849 0.7209
vt 0.1461 0.7209
vt 0.0237 0.6365
vt 0.0849 0.6365
vt 0.1461 0.6365
vt 0.0237 0.5521
vt 0.0849 0.5521
vt 0.1461 0.5521
vt 0.0237 0.4676
vt 0.0849 0.4676
vt 0.1461 0.4676
vt 0.0237 0.3832
vt 0.0849 0.3832
vt 0.1461 0.3832
vt 0.0237 0.2987
vt 0.0849 0.2987
vt 0.1461 0.2987
vt 0.0237 0.2143
vt 0.0849 0.2143
vt 0.1461 0.2143
vt 0.0237 0.1299
vt 0.0849 0.1299
vt 0.1461 0.1299
vt 0.0237 0.0454
vt 0.0849 0.0454
vt 0.1461 0.0454
vt 0.0849 0.9743
vt 0.0237 0.9743
vt 0.0237 0.8898
vt 0.0849 0.8898
vt 0.1461 0.9743
vt 0.1461 0.8898
vt 0.0237 0.8054
vt 0.0849 0.8054
vt 0.1461 0.8054
vt 0.0237 0.7209
vt 0.0849 0.7209
vt 0.1461 0.7209
vt 0.0237 0.6365
vt 0.0849 0.6365
vt 0.1461 0.6365
vt 0.0237 0.5521
vt 0.0849 0.5521
vt 0.1461 0.5521
vt 0.0237 0.4676
vt 0.0849 0.4676
vt 0.1461 0.4676
vt 0.0237 0.3832
vt 0.0849 0.3832
vt 0.1461 0.3832
vt 0.0237 0.2987
vt 0.0849 0.2987
vt 0.1461 0.2987
vt 0.0237 0.2143
vt 0.0849 0.2143
vt 0.1461 0.2143
vt 0.0237 0.1299
vt 0.0849 0.1299
vt 0.1461 0.1299
vt 0.0237 0.0454
vt 0.0849 0.0454
vt 0.1461 0.0454
vt 0.0849 0.9743
vt 0.0237 0.9743
vt 0.0237 0.8898
vt 0.0849 0.8898
vt 0.1461 0.9743
vt 0.1461 0.8898
vt 0.0237 0.8054
vt 0.0849 0.8054
vt 0.1461 0.8054
vt 0.0237 0.7209
vt 0.0849 0.7209
vt 0.1461 0.7209
vt 0.0237 0.6365
vt 0.0849 0.6365
vt 0.1461 0.6365
vt 0.0237 0.5521
vt 0.0849 0.5521
vt 0.1461 0.5521
vt 0.0237 0.4676
vt 0.0849 0.4676
vt 0.1461 0.4676
vt 0.0237 0.3832
vt 0.0849 0.3832
vt 0.1461 0.3832
vt 0.0237 0.2987
vt 0.0849 0.2987
vt 0.1461 0.2987
vt 0.0237 0.2143
vt 0.0849 0.2143
vt 0.1461 0.2143
vt 0.0237 0.1299
vt 0.0849 0.1299
vt 0.1461 0.1299
vt 0.0237 0.0454
vt 0.0849 0.0454
vt 0.1461 0.0454
vt 0.0849 0.9743
vt 0.0237 0.9743
vt 0.0237 0.8898
vt 0.0849 0.8898
vt 0.1461 0.9743
vt 0.1461 0.8898
vt 0.0237 0.8054
vt 0.0849 0.8054
vt 0.1461 0.8054
vt 0.0237 0.7209
vt 0.0849 0.7209
vt 0.1461 0.7209
vt 0.0237 0.6365
vt 0.0849 0.6365
vt 0.1461 0.6365
vt 0.0237 0.5521
vt 0.0849 0.5521
vt 0.1461 0.5521
vt 0.0237 0.4676
vt 0.0849 0.4676
vt 0.1461 0.4676
vt 0.0237 0.3832
vt 0.0849 0.3832
vt 0.1461 0.3832
vt 0.0237 0.2987
vt 0.0849 0.2987
vt 0.1461 0.2987
vt 0.0237 0.2143
vt 0.0849 0.2143
vt 0.1461 0.2143
vt 0.0237 0.1299
vt 0.0849 0.1299
vt 0.1461 0.1299
vt 0.0237 0.0454
vt 0.0849 0.0454
vt 0.1461 0.0454
vt 0.0849 0.9743
vt 0.0237 0.9743
vt 0.0237 0.8898
vt 0.0849 0.8898
vt 0.1461 0.9743
vt 0.1461 0.8898
vt 0.0237 0.8054
vt 0.0849 0.8054
vt 0.1461 0.8054
vt 0.0237 0.7209
vt 0.0849 0.7209
vt 0.1461 0.7209
vt 0.0237 0.6365
vt 0.0849 0.6365
vt 0.1461 0.6365
vt 0.0237 0.5521
vt 0.0849 0.5521
vt 0.1461 0.5521
vt 0.0237 0.4676
vt 0.0849 0.4676
vt 0.1461 0.4676
vt 0.0237 0.3832
vt 0.0849 0.3832
vt 0.1461 0.3832
vt 0.0237 0.2987
vt 0.0849 0.2987
vt 0.1461 0.2987
vt 0.0237 0.2143
vt 0.0849 0.2143
vt 0.1461 0.2143
vt 0.0237 0.1299
vt 0.0849 0.1299
vt 0.1461 0.1299
vt 0.0237 0.0454
vt 0.0849 0.0454
vt 0.1461 0.0454
vt 0.0849 0.9743
vt 0.0237 0.9743
vt 0.0237 0.8898
vt 0.0849 0.8898
vt 0.1461 0.9743
vt 0.1461 0.8898
vt 0.0237 0.8054
vt 0.0849 0.8054
vt 0.1461 0.8054
vt 0.0237 0.7209
vt 0.0849 0.7209
vt 0.1461 0.7209
vt 0.0237 0.6365
vt 0.0849 0.6365
vt 0.1461 0.6365
vt 0.0237 0.5521
vt 0.0849 0.5521
vt 0.1461 0.5521
vt 0.0237 0.4676
vt 0.0849 0.4676
vt 0.1461 0.4676
vt 0.0237 0.3832
vt 0.0849 0.3832
vt 0.1461 0.3832
vt 0.0237 0.2987
vt 0.0849 0.2987
vt 0.1461 0.2987
vt 0.0237 0.2143
vt 0.0849 0.2143
vt 0.1461 0.2143
vt 0.0237 0.1299
vt 0.0849 0.1299
vt 0.1461 0.1299
vt 0.0237 0.0454
vt 0.0849 0.0454
vt 0.1461 0.0454
vt 0.0849 0.9743
vt 0.0237 0.9743
vt 0.0237 0.8898
vt 0.0849 0.8898
vt 0.1461 0.9743
vt 0.1461 0.8898
vt 0.0237 0.8054
vt 0.0849 0.8054
vt 0.1461 0.8054
vt 0.0237 0.7209
vt 0.0849 0.7209
vt 0.1461 0.7209
vt 0.0237 0.6365
vt 0.0849 0.6365
vt 0.1461 0.6365
vt 0.0237 0.5521
vt 0.0849 0.5521
vt 0.1461 0.5521
vt 0.0237 0.4676
vt 0.0849 0.4676
vt 0.1461 0.4676
vt 0.0237 0.3832
vt 0.0849 0.3832
vt 0.1461 0.3832
vt 0.0237 0.2987
vt 0.0849 0.2987
vt 0.1461 0.2987
vt 0.0237 0.2143
vt 0.0849 0.2143
vt 0.1461 0.2143
vt 0.0237 0.1299
vt 0.0849 0.1299
vt 0.1461 0.1299
vt 0.0237 0.0454
vt 0.0849 0.0454
vt 0.1461 0.0454
vt 0.0849 0.9743
vt 0.0237 0.9743
vt 0.0237 0.8898
vt 0.0849 0.8898
vt 0.1461 0.9743
vt 0.1461 0.8898
vt 0.0237 0.8054
vt 0.0849 0.8054
vt 0.1461 0.8054
vt 0.0237 0.7209
vt 0.0849 0.7209
vt 0.1461 0.7209
vt 0.0237 0.6365
vt 0.0849 0.6365
vt 0.1461 0.6365
vt 0.0237 0.5521
vt 0.0849 0.5521
vt 0.1461 0.5521
vt 0.0237 0.4676
vt 0.0849 0.4676
vt 0.1461 0.4676
vt 0.0237 0.3832
vt 0.0849 0.3832
vt 0.1461 0.3832
vt 0.0237 0.2987
vt 0.0849 0.2987
vt 0.1461 0.2987
vt 0.0237 0.2143
vt 0.0849 0.2143
vt 0.1461 0.2143
vt 0.0237 0.1299
vt 0.0849 0.1299
vt 0.1461 0.1299
vt 0.0237 0.0454
vt 0.0849 0.0454
vt 0.1461 0.0454
vt 0.0849 0.9743
vt 0.0237 0.9743
vt 0.0237 0.8898
vt 0.0849 0.8898
vt 0.1461 0.9743
vt 0.1461 0.8898
vt 0.0237 0.8054
vt 0.0849 0.8054
vt 0.1461 0.8054
vt 0.0237 0.7209
vt 0.0849 0.7209
vt 0.1461 0.7209
vt 0.0237 0.6365
vt 0.0849 0.6365
vt 0.1461 0.6365
vt 0.0237 0.5521
vt 0.0849 0.5521
vt 0.1461 0.5521
vt 0.0237 0.4676
vt 0.0849 0.4676
vt 0.1461 0.4676
vt 0.0237 0.3832
vt 0.0849 0.3832
vt 0.1461 0.3832
vt 0.0237 0.2987
vt 0.0849 0.2987
vt 0.1461 0.2987
vt 0.0237 0.2143
vt 0.0849 0.2143
vt 0.1461 0.2143
vt 0.0237 0.1299
vt 0.0849 0.1299
vt 0.1461 0.1299
vt 0.0237 0.0454
vt 0.0849 0.0454
vt 0.1461 0.0454
vt 0.0849 0.9743
vt 0.0237 0.9743
vt 0.0237 0.8898
vt 0.0849 0.8898
vt 0.1461 0.9743
vt 0.1461 0.8898
vt 0.0237 0.8054
vt 0.0849 0.8054
vt 0.1461 0.8054
vt 0.0237 0.7209
vt 0.0849 0.7209
vt 0.1461 0.7209
vt 0.0237 0.6365
vt 0.0849 0.6365
vt 0.1461 0.6365
vt 0.0237 0.5521
vt 0.0849 0.5521
vt 0.1461 0.5521
vt 0.0237 0.4676
vt 0.0849 0.4676
vt 0.1461 0.4676
vt 0.0237 0.3832
vt 0.0849 0.3832
vt 0.1461 0.3832
vt 0.0237 0.2987
vt 0.0849 0.2987
vt 0.1461 0.2987
vt 0.0237 0.2143
vt 0.0849 0.2143
vt 0.1461 0.2143
vt 0.0237 0.1299
vt 0.0849 0.1299
vt 0.1461 0.1299
vt 0.0237 0.0454
vt 0.0849 0.0454
vt 0.1461 0.0454
vt 0.0849 0.9743
vt 0.0237 0.9743
vt 0.0237 0.8898
vt 0.0849 0.8898
vt 0.1461 0.9743
vt 0.1461 0.8898
vt 0.0237 0.8054
vt 0.0849 0.8054
vt 0.1461 0.8054
vt 0.0237 0.7209
vt 0.0849 0.7209
vt 0.1461 0.7209
vt 0.0237 0.6365
vt 0.0849 0.6365
vt 0.1461 0.6365
vt 0.0237 0.5521
vt 0.0849 0.5521
vt 0.1461 0.5521
vt 0.0237 0.4676
vt 0.0849 0.4676
vt 0.1461 0.4676
vt 0.0237 0.3832
vt 0.0849 0.3832
vt 0.1461 0.3832
vt 0.0237 0.2987
vt 0.0849 0.2987
vt 0.1461 0.2987
vt 0.0237 0.2143
vt 0.0849 0.2143
vt 0.1461 0.2143
vt 0.0237 0.1299
vt 0.0849 0.1299
vt 0.1461 0.1299
vt 0.0237 0.0454
vt 0.0849 0.0454
vt 0.1461 0.0454
vt 0.0849 0.9743
vt 0.0237 0.9743
vt 0.0237 0.8898
vt 0.0849 0.8898
vt 0.1461 0.9743
vt 0.1461 0.8898
vt 0.0237 0.8054
vt 0.0849 0.8054
vt 0.1461 0.8054
vt 0.0237 0.7209
vt 0.0849 0.7209
vt 0.1461 0.7209
vt 0.0237 0.6365
vt 0.0849 0.6365
vt 0.1461 0.6365
vt 0.0237 0.5521
vt 0.0849 0.5521
vt 0.1461 0.5521
vt 0.0237 0.4676
vt 0.0849 0.4676
vt 0.1461 0.4676
vt 0.0237 0.3832
vt 0.0849 0.3832
vt 0.1461 0.3832
vt 0.0237 0.2987
vt 0.0849 0.2987
vt 0.1461 0.2987
vt 0.0237 0.2143
vt 0.0849 0.2143
vt 0.1461 0.2143
vt 0.0237 0.1299
vt 0.0849 0.1299
vt 0.1461 0.1299
vt 0.0237 0.0454
vt 0.0849 0.0454
vt 0.1461 0.0454
vt 0.0849 0.9743
vt 0.0237 0.9743
vt 0.0237 0.8898
vt 0.0849 0.8898
vt 0.1461 0.9743
vt 0.1461 0.8898
vt 0.0237 0.8054
vt 0.0849 0.8054
vt 0.1461 0.8054
vt 0.0237 0.7209
vt 0.0849 0.7209
vt 0.1461 0.7209
vt 0.0237 0.6365
vt 0.0849 0.6365
vt 0.1461 0.6365
vt 0.0237 0.5521
vt 0.0849 0.5521
vt 0.1461 0.5521
vt 0.0237 0.4676
vt 0.0849 0.4676
vt 0.1461 0.4676
vt 0.0237 0.3832
vt 0.0849 0.3832
vt 0.1461 0.3832
vt 0.0237 0.2987
vt 0.0849 0.2987
vt 0.1461 0.2987
vt 0.0237 0.2143
vt 0.0849 0.2143
vt 0.1461 0.2143
vt 0.0237 0.1299
vt 0.0849 0.1299
vt 0.1461 0.1299
vt 0.0237 0.0454
vt 0.0849 0.0454
vt 0.1461 0.0454
vt 0.0849 0.9743
vt 0.0237 0.9743
vt 0.0237 0.8898
vt 0.0849 0.8898
vt 0.1461 0.9743
vt 0.1461 0.8898
vt 0.0237 0.8054
vt 0.0849 0.8054
vt 0.1461 0.8054
vt 0.0237 0.7209
vt 0.0849 0.7209
vt 0.1461 0.7209
vt 0.0237 0.6365
vt 0.0849 0.6365
vt 0.1461 0.6365
vt 0.0237 0.5521
vt 0.0849 0.5521
vt 0.1461 0.5521
vt 0.0237 0.4676
vt 0.0849 0.4676
vt 0.1461 0.4676
vt 0.0237 0.3832
vt 0.0849 0.3832
vt 0.1461 0.3832
vt 0.0237 0.2987
vt 0.0849 0.2987
vt 0.1461 0.2987
vt 0.0237 0.2143
vt 0.0849 0.2143
vt 0.1461 0.2143
vt 0.0237 0.1299
vt 0.0849 0.1299
vt 0.1461 0.1299
vt 0.0237 0.0454
vt 0.0849 0.0454
vt 0.1461 0.0454
vt 0.0849 0.9743
vt 0.0237 0.9743
vt 0.0237 0.8898
vt 0.0849 0.8898
vt 0.1461 0.9743
vt 0.1461 0.8898
vt 0.0237 0.8054
vt 0.0849 0.8054
vt 0.1461 0.8054
vt 0.0237 0.7209
vt 0.0849 0.7209
vt 0.1461 0.7209
vt 0.0237 0.6365
vt 0.0849 0.6365
vt 0.1461 0.6365
vt 0.0237 0.5521
vt 0.0849 0.5521
vt 0.1461 0.5521
vt 0.0237 0.4676
vt 0.0849 0.4676
vt 0.1461 0.4676
vt 0.0237 0.3832
vt 0.0849 0.3832
vt 0.1461 0.3832
vt 0.0237 0.2987
vt 0.0849 0.2987
vt 0.1461 0.2987
vt 0.0237 0.2143
vt 0.0849 0.2143
vt 0.1461 0.2143
vt 0.0237 0.1299
vt 0.0849 0.1299
vt 0.1461 0.1299
vt 0.0237 0.0454
vt 0.0849 0.0454
vt 0.1461 0.0454
vt 0.0849 0.9743
vt 0.0237 0.9743
vt 0.0237 0.8898
vt 0.0849 0.8898
vt 0.1461 0.9743
vt 0.1461 0.8898
vt 0.0237 0.8054
vt 0.0849 0.8054
vt 0.1461 0.8054
vt 0.0237 0.7209
vt 0.0849 0.7209
vt 0.1461 0.7209
vt 0.0237 0.6365
vt 0.0849 0.6365
vt 0.1461 0.6365
vt 0.0237 0.5521
vt 0.0849 0.5521
vt 0.1461 0.5521
vt 0.0237 0.4676
vt 0.0849 0.4676
vt 0.1461 0.4676
vt 0.0237 0.3832
vt 0.0849 0.3832
vt 0.1461 0.3832
vt 0.0237 0.2987
vt 0.0849 0.2987
vt 0.1461 0.2987
vt 0.0237 0.2143
vt 0.0849 0.2143
vt 0.1461 0.2143
vt 0.0237 0.1299
vt 0.0849 0.1299
vt 0.1461 0.1299
vt 0.0237 0.0454
vt 0.0849 0.0454
vt 0.1461 0.0454
vt 0.0849 0.9743
vt 0.0237 0.9743
vt 0.0237 0.8898
vt 0.0849 0.8898
vt 0.1461 0.9743
vt 0.1461 0.8898
vt 0.0237 0.8054
vt 0.0849 0.8054
vt 0.1461 0.8054
vt 0.0237 0.7209
vt 0.0849 0.7209
vt 0.1461 0.7209
vt 0.0237 0.6365
vt 0.0849 0.6365
vt 0.1461 0.6365
vt 0.0237 0.5521
vt 0.0849 0.5521
vt 0.1461 0.5521
vt 0.0237 0.4676
vt 0.0849 0.4676
vt 0.1461 0.4676
vt 0.0237 0.3832
vt 0.0849 0.3832
vt 0.1461 0.3832
vt 0.0237 0.2987
vt 0.0849 0.2987
vt 0.1461 0.2987
vt 0.0237 0.2143
vt 0.0849 0.2143
vt 0.1461 0.2143
vt 0.0237 0.1299
vt 0.0849 0.1299
vt 0.1461 0.1299
vt 0.0237 0.0454
vt 0.0849 0.0454
vt 0.1461 0.0454
vt 0.0849 0.9743
vt 0.0237 0.9743
vt 0.0237 0.8898
vt 0.0849 0.8898
vt 0.1461 0.9743
vt 0.1461 0.8898
vt 0.0237 0.8054
vt 0.0849 0.8054
vt 0.1461 0.8054
vt 0.0237 0.7209
vt 0.0849 0.7209
vt 0.1461 0.7209
vt 0.0237 0.6365
vt 0.0849 0.6365
vt 0.1461 0.6365
vt 0.0237 0.5521
vt 0.0849 0.5521
vt 0.1461 0.5521
vt 0.0237 0.4676
vt 0.0849 0.4676
vt 0.1461 0.4676
vt 0.0237 0.3832
vt 0.0849 0.3832
vt 0.1461 0.3832
vt 0.0237 0.2987
vt 0.0849 0.2987
vt 0.1461 0.2987
vt 0.0237 0.2143
vt 0.0849 0.2143
vt 0.1461 0.2143
vt 0.0237 0.1299
vt 0.0849 0.1299
vt 0.1461 0.1299
vt 0.0237 0.0454
vt 0.0849 0.0454
vt 0.1461 0.0454
vt 0.4902 0.2208
vt 0.4566 0.2208
vt 0.4566 0.2014
vt 0.4902 0.2014
vt 0.5238 0.2208
vt 0.5238 0.2014
vt 0.4566 0.1821
vt 0.4902 0.1821
vt 0.5238 0.1821
vt 0.4566 0.1627
vt 0.4902 0.1627
vt 0.5238 0.1627
vt 0.4566 0.1434
vt 0.4902 0.1434
vt 0.5238 0.1434
vt 0.4566 0.1240
vt 0.4902 0.1240
vt 0.5238 0.1240
vt 0.4566 0.1047
vt 0.4902 0.1047
vt 0.5238 0.1047
vt 0.4566 0.0853
vt 0.4902 0.0853
vt 0.5238 0.0853
vt 0.4566 0.0660
vt 0.4902 0.0660
vt 0.5238 0.0660
vt 0.4566 0.0466
vt 0.4902 0.0466
vt 0.5238 0.0466
vt 0.4566 0.0273
vt 0.4902 0.0273
vt 0.5238 0.0273
vt 0.4566 0.0079
vt 0.4902 0.0079
vt 0.5238 0.0079
vt 0.4902 0.2208
vt 0.4566 0.2208
vt 0.4566 0.2014
vt 0.4902 0.2014
vt 0.5238 0.2208
vt 0.5238 0.2014
vt 0.4566 0.1821
vt 0.4902 0.1821
vt 0.5238 0.1821
vt 0.4566 0.1627
vt 0.4902 0.1627
vt 0.5238 0.1627
vt 0.4566 0.1434
vt 0.4902 0.1434
vt 0.5238 0.1434
vt 0.4566 0.1240
vt 0.4902 0.1240
vt 0.5238 0.1240
vt 0.4566 0.1047
vt 0.4902 0.1047
vt 0.5238 0.1047
vt 0.4566 0.0853
vt 0.4902 0.0853
vt 0.5238 0.0853
vt 0.4566 0.0660
vt 0.4902 0.0660
vt 0.5238 0.0660
vt 0.4566 0.0466
vt 0.4902 0.0466
vt 0.5238 0.0466
vt 0.4566 0.0273
vt 0.4902 0.0273
vt 0.5238 0.0273
vt 0.4566 0.0079
vt 0.4902 0.0079
vt 0.5238 0.0079
vt 0.4902 0.2208
vt 0.4566 0.2208
vt 0.4566 0.2014
vt 0.4902 0.2014
vt 0.5238 0.2208
vt 0.5238 0.2014
vt 0.4566 0.1821
vt 0.4902 0.1821
vt 0.5238 0.1821
vt 0.4566 0.1627
vt 0.4902 0.1627
vt 0.5238 0.1627
vt 0.4566 0.1434
vt 0.4902 0.1434
vt 0.5238 0.1434
vt 0.4566 0.1240
vt 0.4902 0.1240
vt 0.5238 0.1240
vt 0.4566 0.1047
vt 0.4902 0.1047
vt 0.5238 0.1047
vt 0.4566 0.0853
vt 0.4902 0.0853
vt 0.5238 0.0853
vt 0.4566 0.0660
vt 0.4902 0.0660
vt 0.5238 0.0660
vt 0.4566 0.0466
vt 0.4902 0.0466
vt 0.5238 0.0466
vt 0.4566 0.0273
vt 0.4902 0.0273
vt 0.5238 0.0273
vt 0.4566 0.0079
vt 0.4902 0.0079
vt 0.5238 0.0079
vt 0.2275 0.0218
vt 0.2275 0.1576
vt 0.2769 0.1576
vt 0.2769 0.0218
vt 0.1782 0.0218
vt 0.1782 0.1576
vt 0.2275 0.2934
vt 0.2769 0.2934
vt 0.1782 0.2934
vt 0.2275 0.4292
vt 0.2769 0.4292
vt 0.1782 0.4292
vt 0.2275 0.5650
vt 0.2769 0.5650
vt 0.1782 0.5650
vt 0.2275 0.7007
vt 0.2769 0.7007
vt 0.1782 0.7007
vt 0.2275 0.8365
vt 0.2769 0.8365
vt 0.1782 0.8365
vt 0.2275 0.9723
vt 0.2769 0.9723
vt 0.1782 0.9723
vt 0.2275 0.0218
vt 0.2275 0.1576
vt 0.2769 0.1576
vt 0.2769 0.0218
vt 0.1782 0.0218
vt 0.1782 0.1576
vt 0.2275 0.2934
vt 0.2769 0.2934
vt 0.1782 0.2934
vt 0.2275 0.4292
vt 0.2769 0.4292
vt 0.1782 0.4292
vt 0.2275 0.5650
vt 0.2769 0.5650
vt 0.1782 0.5650
vt 0.2275 0.7007
vt 0.2769 0.7007
vt 0.1782 0.7007
vt 0.2275 0.8365
vt 0.2769 0.8365
vt 0.1782 0.8365
vt 0.2275 0.9723
vt 0.2769 0.9723
vt 0.1782 0.9723
vt 0.2275 0.0218
vt 0.2275 0.1576
vt 0.2769 0.1576
vt 0.2769 0.0218
vt 0.1782 0.0218
vt 0.1782 0.1576
vt 0.2275 0.2934
vt 0.2769 0.2934
vt 0.1782 0.2934
vt 0.2275 0.4292
vt 0.2769 0.4292
vt 0.1782 0.4292
vt 0.2275 0.5650
vt 0.2769 0.5650
vt 0.1782 0.5650
vt 0.2275 0.7007
vt 0.2769 0.7007
vt 0.1782 0.7007
vt 0.2275 0.8365
vt 0.2769 0.8365
vt 0.1782 0.8365
vt 0.2275 0.9723
vt 0.2769 0.9723
vt 0.1782 0.9723
vt 0.2275 0.0218
vt 0.2275 0.1576
vt 0.2769 0.1576
vt 0.2769 0.0218
vt 0.1782 0.0218
vt 0.1782 0.1576
vt 0.2275 0.2934
vt 0.2769 0.2934
vt 0.1782 0.2934
vt 0.2275 0.4292
vt 0.2769 0.4292
vt 0.1782 0.4292
vt 0.2275 0.5650
vt 0.2769 0.5650
vt 0.1782 0.5650
vt 0.2275 0.7007
vt 0.2769 0.7007
vt 0.1782 0.7007
vt 0.2275 0.8365
vt 0.2769 0.8365
vt 0.1782 0.8365
vt 0.2275 0.9723
vt 0.2769 0.9723
vt 0.1782 0.9723
vt 0.2275 0.0218
vt 0.2275 0.1576
vt 0.2769 0.1576
vt 0.2769 0.0218
vt 0.1782 0.0218
vt 0.1782 0.1576
vt 0.2275 0.2934
vt 0.2769 0.2934
vt 0.1782 0.2934
vt 0.2275 0.4292
vt 0.2769 0.4292
vt 0.1782 0.4292
vt 0.2275 0.5650
vt 0.2769 0.5650
vt 0.1782 0.5650
vt 0.2275 0.7007
vt 0.2769 0.7007
vt 0.1782 0.7007
vt 0.2275 0.8365
vt 0.2769 0.8365
vt 0.1782 0.8365
vt 0.2275 0.9723
vt 0.2769 0.9723
vt 0.1782 0.9723
vt 0.2275 0.0218
vt 0.2275 0.1576
vt 0.2769 0.1576
vt 0.2769 0.0218
vt 0.1782 0.0218
vt 0.1782 0.1576
vt 0.2275 0.2934
vt 0.2769 0.2934
vt 0.1782 0.2934
vt 0.2275 0.4292
vt 0.2769 0.4292
vt 0.1782 0.4292
vt 0.2275 0.5650
vt 0.2769 0.5650
vt 0.1782 0.5650
vt 0.2275 0.7007
vt 0.2769 0.7007
vt 0.1782 0.7007
vt 0.2275 0.8365
vt 0.2769 0.8365
vt 0.1782 0.8365
vt 0.2275 0.9723
vt 0.2769 0.9723
vt 0.1782 0.9723
vt 0.2275 0.0218
vt 0.2275 0.1576
vt 0.2769 0.1576
vt 0.2769 0.0218
vt 0.1782 0.0218
vt 0.1782 0.1576
vt 0.2275 0.2934
vt 0.2769 0.2934
vt 0.1782 0.2934
vt 0.2275 0.4292
vt 0.2769 0.4292
vt 0.1782 0.4292
vt 0.2275 0.5650
vt 0.2769 0.5650
vt 0.1782 0.5650
vt 0.2275 0.7007
vt 0.2769 0.7007
vt 0.1782 0.7007
vt 0.2275 0.8365
vt 0.2769 0.8365
vt 0.1782 0.8365
vt 0.2275 0.9723
vt 0.2769 0.9723
vt 0.1782 0.9723
vt 0.2275 0.0218
vt 0.2275 0.1576
vt 0.2769 0.1576
vt 0.2769 0.0218
vt 0.1782 0.0218
vt 0.1782 0.1576
vt 0.2275 0.2934
vt 0.2769 0.2934
vt 0.1782 0.2934
vt 0.2275 0.4292
vt 0.2769 0.4292
vt 0.1782 0.4292
vt 0.2275 0.5650
vt 0.2769 0.5650
vt 0.1782 0.5650
vt 0.2275 0.7007
vt 0.2769 0.7007
vt 0.1782 0.7007
vt 0.2275 0.8365
vt 0.2769 0.8365
vt 0.1782 0.8365
vt 0.2275 0.9723
vt 0.2769 0.9723
vt 0.1782 0.9723
vt 0.2275 0.0218
vt 0.2275 0.1576
vt 0.2769 0.1576
vt 0.2769 0.0218
vt 0.1782 0.0218
vt 0.1782 0.1576
vt 0.2275 0.2934
vt 0.2769 0.2934
vt 0.1782 0.2934
vt 0.2275 0.4292
vt 0.2769 0.4292
vt 0.1782 0.4292
vt 0.2275 0.5650
vt 0.2769 0.5650
vt 0.1782 0.5650
vt 0.2275 0.7007
vt 0.2769 0.7007
vt 0.1782 0.7007
vt 0.2275 0.8365
vt 0.2769 0.8365
vt 0.1782 0.8365
vt 0.2275 0.9723
vt 0.2769 0.9723
vt 0.1782 0.9723
vt 0.2275 0.0218
vt 0.2275 0.1576
vt 0.2769 0.1576
vt 0.2769 0.0218
vt 0.1782 0.0218
vt 0.1782 0.1576
vt 0.2275 0.2934
vt 0.2769 0.2934
vt 0.1782 0.2934
vt 0.2275 0.4292
vt 0.2769 0.4292
vt 0.1782 0.4292
vt 0.2275 0.5650
vt 0.2769 0.5650
vt 0.1782 0.5650
vt 0.2275 0.7007
vt 0.2769 0.7007
vt 0.1782 0.7007
vt 0.2275 0.8365
vt 0.2769 0.8365
vt 0.1782 0.8365
vt 0.2275 0.9723
vt 0.2769 0.9723
vt 0.1782 0.9723
vt 0.2275 0.0218
vt 0.2275 0.1576
vt 0.2769 0.1576
vt 0.2769 0.0218
vt 0.1782 0.0218
vt 0.1782 0.1576
vt 0.2275 0.2934
vt 0.2769 0.2934
vt 0.1782 0.2934
vt 0.2275 0.4292
vt 0.2769 0.4292
vt 0.1782 0.4292
vt 0.2275 0.5650
vt 0.2769 0.5650
vt 0.1782 0.5650
vt 0.2275 0.7007
vt 0.2769 0.7007
vt 0.1782 0.7007
vt 0.2275 0.8365
vt 0.2769 0.8365
vt 0.1782 0.8365
vt 0.2275 0.9723
vt 0.2769 0.9723
vt 0.1782 0.9723
vt 0.2275 0.0218
vt 0.2275 0.1576
vt 0.2769 0.1576
vt 0.2769 0.0218
vt 0.1782 0.0218
vt 0.1782 0.1576
vt 0.2275 0.2934
vt 0.2769 0.2934
vt 0.1782 0.2934
vt 0.2275 0.4292
vt 0.2769 0.4292
vt 0.1782 0.4292
vt 0.2275 0.5650
vt 0.2769 0.5650
vt 0.1782 0.5650
vt 0.2275 0.7007
vt 0.2769 0.7007
vt 0.1782 0.7007
vt 0.2275 0.8365
vt 0.2769 0.8365
vt 0.1782 0.8365
vt 0.2275 0.9723
vt 0.2769 0.9723
vt 0.1782 0.9723
vt 0.2275 0.0218
vt 0.2275 0.1576
vt 0.2769 0.1576
vt 0.2769 0.0218
vt 0.1782 0.0218
vt 0.1782 0.1576
vt 0.2275 0.2934
vt 0.2769 0.2934
vt 0.1782 0.2934
vt 0.2275 0.4292
vt 0.2769 0.4292
vt 0.1782 0.4292
vt 0.2275 0.5650
vt 0.2769 0.5650
vt 0.1782 0.5650
vt 0.2275 0.7007
vt 0.2769 0.7007
vt 0.1782 0.7007
vt 0.2275 0.8365
vt 0.2769 0.8365
vt 0.1782 0.8365
vt 0.2275 0.9723
vt 0.2769 0.9723
vt 0.1782 0.9723
vt 0.2275 0.0218
vt 0.2275 0.1576
vt 0.2769 0.1576
vt 0.2769 0.0218
vt 0.1782 0.0218
vt 0.1782 0.1576
vt 0.2275 0.2934
vt 0.2769 0.2934
vt 0.1782 0.2934
vt 0.2275 0.4292
vt 0.2769 0.4292
vt 0.1782 0.4292
vt 0.2275 0.5650
vt 0.2769 0.5650
vt 0.1782 0.5650
vt 0.2275 0.7007
vt 0.2769 0.7007
vt 0.1782 0.7007
vt 0.2275 0.8365
vt 0.2769 0.8365
vt 0.1782 0.8365
vt 0.2275 0.9723
vt 0.2769 0.9723
vt 0.1782 0.9723
vt 0.2275 0.0218
vt 0.2275 0.1576
vt 0.2769 0.1576
vt 0.2769 0.0218
vt 0.1782 0.0218
vt 0.1782 0.1576
vt 0.2275 0.2934
vt 0.2769 0.2934
vt 0.1782 0.2934
vt 0.2275 0.4292
vt 0.2769 0.4292
vt 0.1782 0.4292
vt 0.2275 0.5650
vt 0.2769 0.5650
vt 0.1782 0.5650
vt 0.2275 0.7007
vt 0.2769 0.7007
vt 0.1782 0.7007
vt 0.2275 0.8365
vt 0.2769 0.8365
vt 0.1782 0.8365
vt 0.2275 0.9723
vt 0.2769 0.9723
vt 0.1782 0.9723
vt 0.4835 0.0255
vt 0.4835 0.1613
vt 0.5328 0.1613
vt 0.5328 0.0255
vt 0.4341 0.0255
vt 0.4341 0.1613
vt 0.4835 0.2971
vt 0.5328 0.2971
vt 0.4341 0.2971
vt 0.4835 0.4329
vt 0.5328 0.4329
vt 0.4341 0.4329
vt 0.4835 0.5687
vt 0.5328 0.5687
vt 0.4341 0.5687
vt 0.4835 0.7044
vt 0.5328 0.7044
vt 0.4341 0.7044
vt 0.4835 0.8402
vt 0.5328 0.8402
vt 0.4341 0.8402
vt 0.4835 0.9760
vt 0.5328 0.9760
vt 0.4341 0.9760
vt 0.2275 0.0218
vt 0.2275 0.1576
vt 0.2769 0.1576
vt 0.2769 0.0218
vt 0.1782 0.0218
vt 0.1782 0.1576
vt 0.2275 0.2934
vt 0.2769 0.2934
vt 0.1782 0.2934
vt 0.2275 0.4292
vt 0.2769 0.4292
vt 0.1782 0.4292
vt 0.2275 0.5650
vt 0.2769 0.5650
vt 0.1782 0.5650
vt 0.2275 0.7007
vt 0.2769 0.7007
vt 0.1782 0.7007
vt 0.2275 0.8365
vt 0.2769 0.8365
vt 0.1782 0.8365
vt 0.2275 0.9723
vt 0.2769 0.9723
vt 0.1782 0.9723
vt 0.2275 0.0218
vt 0.2275 0.1576
vt 0.2769 0.1576
vt 0.2769 0.0218
vt 0.1782 0.0218
vt 0.1782 0.1576
vt 0.2275 0.2934
vt 0.2769 0.2934
vt 0.1782 0.2934
vt 0.2275 0.4292
vt 0.2769 0.4292
vt 0.1782 0.4292
vt 0.2275 0.5650
vt 0.2769 0.5650
vt 0.1782 0.5650
vt 0.2275 0.7007
vt 0.2769 0.7007
vt 0.1782 0.7007
vt 0.2275 0.8365
vt 0.2769 0.8365
vt 0.1782 0.8365
vt 0.2275 0.9723
vt 0.2769 0.9723
vt 0.1782 0.9723
vt 0.4835 0.0255
vt 0.4835 0.1613
vt 0.5328 0.1613
vt 0.5328 0.0255
vt 0.4341 0.0255
vt 0.4341 0.1613
vt 0.4835 0.2971
vt 0.5328 0.2971
vt 0.4341 0.2971
vt 0.4835 0.4329
vt 0.5328 0.4329
vt 0.4341 0.4329
vt 0.4835 0.5687
vt 0.5328 0.5687
vt 0.4341 0.5687
vt 0.4835 0.7044
vt 0.5328 0.7044
vt 0.4341 0.7044
vt 0.4835 0.8402
vt 0.5328 0.8402
vt 0.4341 0.8402
vt 0.4835 0.9760
vt 0.5328 0.9760
vt 0.4341 0.9760
vt 0.2275 0.0218
vt 0.2275 0.1576
vt 0.2769 0.1576
vt 0.2769 0.0218
vt 0.1782 0.0218
vt 0.1782 0.1576
vt 0.2275 0.2934
vt 0.2769 0.2934
vt 0.1782 0.2934
vt 0.2275 0.4292
vt 0.2769 0.4292
vt 0.1782 0.4292
vt 0.2275 0.5650
vt 0.2769 0.5650
vt 0.1782 0.5650
vt 0.2275 0.7007
vt 0.2769 0.7007
vt 0.1782 0.7007
vt 0.2275 0.8365
vt 0.2769 0.8365
vt 0.1782 0.8365
vt 0.2275 0.9723
vt 0.2769 0.9723
vt 0.1782 0.9723
vt 0.2275 0.0218
vt 0.2275 0.1576
vt 0.2769 0.1576
vt 0.2769 0.0218
vt 0.1782 0.0218
vt 0.1782 0.1576
vt 0.2275 0.2934
vt 0.2769 0.2934
vt 0.1782 0.2934
vt 0.2275 0.4292
vt 0.2769 0.4292
vt 0.1782 0.4292
vt 0.2275 0.5650
vt 0.2769 0.5650
vt 0.1782 0.5650
vt 0.2275 0.7007
vt 0.2769 0.7007
vt 0.1782 0.7007
vt 0.2275 0.8365
vt 0.2769 0.8365
vt 0.1782 0.8365
vt 0.2275 0.9723
vt 0.2769 0.9723
vt 0.1782 0.9723
vt 0.4835 0.0255
vt 0.4835 0.1613
vt 0.5328 0.1613
vt 0.5328 0.0255
vt 0.4341 0.0255
vt 0.4341 0.1613
vt 0.4835 0.2971
vt 0.5328 0.2971
vt 0.4341 0.2971
vt 0.4835 0.4329
vt 0.5328 0.4329
vt 0.4341 0.4329
vt 0.4835 0.5687
vt 0.5328 0.5687
vt 0.4341 0.5687
vt 0.4835 0.7044
vt 0.5328 0.7044
vt 0.4341 0.7044
vt 0.4835 0.8402
vt 0.5328 0.8402
vt 0.4341 0.8402
vt 0.4835 0.9760
vt 0.5328 0.9760
vt 0.4341 0.9760
vt 0.2275 0.0218
vt 0.2275 0.1576
vt 0.2769 0.1576
vt 0.2769 0.0218
vt 0.1782 0.0218
vt 0.1782 0.1576
vt 0.2275 0.2934
vt 0.2769 0.2934
vt 0.1782 0.2934
vt 0.2275 0.4292
vt 0.2769 0.4292
vt 0.1782 0.4292
vt 0.2275 0.5650
vt 0.2769 0.5650
vt 0.1782 0.5650
vt 0.2275 0.7007
vt 0.2769 0.7007
vt 0.1782 0.7007
vt 0.2275 0.8365
vt 0.2769 0.8365
vt 0.1782 0.8365
vt 0.2275 0.9723
vt 0.2769 0.9723
vt 0.1782 0.9723
vt 0.2275 0.0218
vt 0.2275 0.1576
vt 0.2769 0.1576
vt 0.2769 0.0218
vt 0.1782 0.0218
vt 0.1782 0.1576
vt 0.2275 0.2934
vt 0.2769 0.2934
vt 0.1782 0.2934
vt 0.2275 0.4292
vt 0.2769 0.4292
vt 0.1782 0.4292
vt 0.2275 0.5650
vt 0.2769 0.5650
vt 0.1782 0.5650
vt 0.2275 0.7007
vt 0.2769 0.7007
vt 0.1782 0.7007
vt 0.2275 0.8365
vt 0.2769 0.8365
vt 0.1782 0.8365
vt 0.2275 0.9723
vt 0.2769 0.9723
vt 0.1782 0.9723
vt 0.4835 0.0255
vt 0.4835 0.1613
vt 0.5328 0.1613
vt 0.5328 0.0255
vt 0.4341 0.0255
vt 0.4341 0.1613
vt 0.4835 0.2971
vt 0.5328 0.2971
vt 0.4341 0.2971
vt 0.4835 0.4329
vt 0.5328 0.4329
vt 0.4341 0.4329
vt 0.4835 0.5687
vt 0.5328 0.5687
vt 0.4341 0.5687
vt 0.4835 0.7044
vt 0.5328 0.7044
vt 0.4341 0.7044
vt 0.4835 0.8402
vt 0.5328 0.8402
vt 0.4341 0.8402
vt 0.4835 0.9760
vt 0.5328 0.9760
vt 0.4341 0.9760
vt 0.2275 0.0218
vt 0.2275 0.1576
vt 0.2769 0.1576
vt 0.2769 0.0218
vt 0.1782 0.0218
vt 0.1782 0.1576
vt 0.2275 0.2934
vt 0.2769 0.2934
vt 0.1782 0.2934
vt 0.2275 0.4292
vt 0.2769 0.4292
vt 0.1782 0.4292
vt 0.2275 0.5650
vt 0.2769 0.5650
vt 0.1782 0.5650
vt 0.2275 0.7007
vt 0.2769 0.7007
vt 0.1782 0.7007
vt 0.2275 0.8365
vt 0.2769 0.8365
vt 0.1782 0.8365
vt 0.2275 0.9723
vt 0.2769 0.9723
vt 0.1782 0.9723
vt 0.4835 0.0255
vt 0.4835 0.1613
vt 0.5328 0.1613
vt 0.5328 0.0255
vt 0.4341 0.0255
vt 0.4341 0.1613
vt 0.4835 0.2971
vt 0.5328 0.2971
vt 0.4341 0.2971
vt 0.4835 0.4329
vt 0.5328 0.4329
vt 0.4341 0.4329
vt 0.4835 0.5687
vt 0.5328 0.5687
vt 0.4341 0.5687
vt 0.4835 0.7044
vt 0.5328 0.7044
vt 0.4341 0.7044
vt 0.4835 0.8402
vt 0.5328 0.8402
vt 0.4341 0.8402
vt 0.4835 0.9760
vt 0.5328 0.9760
vt 0.4341 0.9760
vt 0.5954 0.2797
vt 0.5954 0.3277
vt 0.6445 0.3277
vt 0.6445 0.2797
vt 0.5463 0.2797
vt 0.5463 0.3277
vt 0.5954 0.3758
vt 0.6445 0.3758
vt 0.5463 0.3758
vt 0.5954 0.4238
vt 0.6445 0.4238
vt 0.5463 0.4238
vt 0.5954 0.4719
vt 0.6445 0.4719
vt 0.5463 0.4719
vt 0.5954 0.5199
vt 0.6445 0.5199
vt 0.5463 0.5199
vt 0.5954 0.5680
vt 0.6445 0.5680
vt 0.5463 0.5680
vt 0.5954 0.6160
vt 0.6445 0.6160
vt 0.5463 0.6160
vt 0.2275 0.0218
vt 0.2275 0.1576
vt 0.2769 0.1576
vt 0.2769 0.0218
vt 0.1782 0.0218
vt 0.1782 0.1576
vt 0.2275 0.2934
vt 0.2769 0.2934
vt 0.1782 0.2934
vt 0.2275 0.4292
vt 0.2769 0.4292
vt 0.1782 0.4292
vt 0.2275 0.5650
vt 0.2769 0.5650
vt 0.1782 0.5650
vt 0.2275 0.7007
vt 0.2769 0.7007
vt 0.1782 0.7007
vt 0.2275 0.8365
vt 0.2769 0.8365
vt 0.1782 0.8365
vt 0.2275 0.9723
vt 0.2769 0.9723
vt 0.1782 0.9723
vt 0.2275 0.0218
vt 0.2275 0.1576
vt 0.2769 0.1576
vt 0.2769 0.0218
vt 0.1782 0.0218
vt 0.1782 0.1576
vt 0.2275 0.2934
vt 0.2769 0.2934
vt 0.1782 0.2934
vt 0.2275 0.4292
vt 0.2769 0.4292
vt 0.1782 0.4292
vt 0.2275 0.5650
vt 0.2769 0.5650
vt 0.1782 0.5650
vt 0.2275 0.7007
vt 0.2769 0.7007
vt 0.1782 0.7007
vt 0.2275 0.8365
vt 0.2769 0.8365
vt 0.1782 0.8365
vt 0.2275 0.9723
vt 0.2769 0.9723
vt 0.1782 0.9723
vt 0.2288 0.0255
vt 0.2288 0.1613
vt 0.2781 0.1613
vt 0.2781 0.0255
vt 0.1794 0.0255
vt 0.1794 0.1613
vt 0.2288 0.2971
vt 0.2781 0.2971
vt 0.1794 0.2971
vt 0.2288 0.4329
vt 0.2781 0.4329
vt 0.1794 0.4329
vt 0.2288 0.5687
vt 0.2781 0.5687
vt 0.1794 0.5687
vt 0.2288 0.7044
vt 0.2781 0.7044
vt 0.1794 0.7044
vt 0.2288 0.8402
vt 0.2781 0.8402
vt 0.1794 0.8402
vt 0.2288 0.9760
vt 0.2781 0.9760
vt 0.1794 0.9760
vt 0.4835 0.0255
vt 0.4835 0.1613
vt 0.5328 0.1613
vt 0.5328 0.0255
vt 0.4341 0.0255
vt 0.4341 0.1613
vt 0.4835 0.2971
vt 0.5328 0.2971
vt 0.4341 0.2971
vt 0.4835 0.4329
vt 0.5328 0.4329
vt 0.4341 0.4329
vt 0.4835 0.5687
vt 0.5328 0.5687
vt 0.4341 0.5687
vt 0.4835 0.7044
vt 0.5328 0.7044
vt 0.4341 0.7044
vt 0.4835 0.8402
vt 0.5328 0.8402
vt 0.4341 0.8402
vt 0.4835 0.9760
vt 0.5328 0.9760
vt 0.4341 0.9760
vt 0.2288 0.0255
vt 0.2288 0.1613
vt 0.2781 0.1613
vt 0.2781 0.0255
vt 0.1794 0.0255
vt 0.1794 0.1613
vt 0.2288 0.2971
vt 0.2781 0.2971
vt 0.1794 0.2971
vt 0.2288 0.4329
vt 0.2781 0.4329
vt 0.1794 0.4329
vt 0.2288 0.5687
vt 0.2781 0.5687
vt 0.1794 0.5687
vt 0.2288 0.7044
vt 0.2781 0.7044
vt 0.1794 0.7044
vt 0.2288 0.8402
vt 0.2781 0.8402
vt 0.1794 0.8402
vt 0.2288 0.9760
vt 0.2781 0.9760
vt 0.1794 0.9760
vt 0.5954 0.2797
vt 0.5954 0.3277
vt 0.6445 0.3277
vt 0.6445 0.2797
vt 0.5463 0.2797
vt 0.5463 0.3277
vt 0.5954 0.3758
vt 0.6445 0.3758
vt 0.5463 0.3758
vt 0.5954 0.4238
vt 0.6445 0.4238
vt 0.5463 0.4238
vt 0.5954 0.4719
vt 0.6445 0.4719
vt 0.5463 0.4719
vt 0.5954 0.5199
vt 0.6445 0.5199
vt 0.5463 0.5199
vt 0.5954 0.5680
vt 0.6445 0.5680
vt 0.5463 0.5680
vt 0.5954 0.6160
vt 0.6445 0.6160
vt 0.5463 0.6160
vt 0.5954 0.2797
vt 0.5954 0.3277
vt 0.6445 0.3277
vt 0.6445 0.2797
vt 0.5463 0.2797
vt 0.5463 0.3277
vt 0.5954 0.3758
vt 0.6445 0.3758
vt 0.5463 0.3758
vt 0.5954 0.4238
vt 0.6445 0.4238
vt 0.5463 0.4238
vt 0.5954 0.4719
vt 0.6445 0.4719
vt 0.5463 0.4719
vt 0.5954 0.5199
vt 0.6445 0.5199
vt 0.5463 0.5199
vt 0.5954 0.5680
vt 0.6445 0.5680
vt 0.5463 0.5680
vt 0.5954 0.6160
vt 0.6445 0.6160
vt 0.5463 0.6160
vt 0.5954 0.2797
vt 0.5954 0.3277
vt 0.6445 0.3277
vt 0.6445 0.2797
vt 0.5463 0.2797
vt 0.5463 0.3277
vt 0.5954 0.3758
vt 0.6445 0.3758
vt 0.5463 0.3758
vt 0.5954 0.4238
vt 0.6445 0.4238
vt 0.5463 0.4238
vt 0.5954 0.4719
vt 0.6445 0.4719
vt 0.5463 0.4719
vt 0.5954 0.5199
vt 0.6445 0.5199
vt 0.5463 0.5199
vt 0.5954 0.5680
vt 0.6445 0.5680
vt 0.5463 0.5680
vt 0.5954 0.6160
vt 0.6445 0.6160
vt 0.5463 0.6160
vt 0.2275 0.0218
vt 0.2769 0.0218
vt 0.2769 0.1576
vt 0.2275 0.1576
vt 0.1782 0.0218
vt 0.1782 0.1576
vt 0.2769 0.2934
vt 0.2275 0.2934
vt 0.1782 0.2934
vt 0.2769 0.4292
vt 0.2275 0.4292
vt 0.1782 0.4292
vt 0.2769 0.5650
vt 0.2275 0.5650
vt 0.1782 0.5650
vt 0.2769 0.7007
vt 0.2275 0.7007
vt 0.1782 0.7007
vt 0.2769 0.8365
vt 0.2275 0.8365
vt 0.1782 0.8365
vt 0.2769 0.9723
vt 0.2275 0.9723
vt 0.1782 0.9723
vt 0.2275 0.0218
vt 0.2769 0.0218
vt 0.2769 0.1576
vt 0.2275 0.1576
vt 0.1782 0.0218
vt 0.1782 0.1576
vt 0.2769 0.2934
vt 0.2275 0.2934
vt 0.1782 0.2934
vt 0.2769 0.4292
vt 0.2275 0.4292
vt 0.1782 0.4292
vt 0.2769 0.5650
vt 0.2275 0.5650
vt 0.1782 0.5650
vt 0.2769 0.7007
vt 0.2275 0.7007
vt 0.1782 0.7007
vt 0.2769 0.8365
vt 0.2275 0.8365
vt 0.1782 0.8365
vt 0.2769 0.9723
vt 0.2275 0.9723
vt 0.1782 0.9723
vt 0.2275 0.0218
vt 0.2769 0.0218
vt 0.2769 0.1576
vt 0.2275 0.1576
vt 0.1782 0.0218
vt 0.1782 0.1576
vt 0.2769 0.2934
vt 0.2275 0.2934
vt 0.1782 0.2934
vt 0.2769 0.4292
vt 0.2275 0.4292
vt 0.1782 0.4292
vt 0.2769 0.5650
vt 0.2275 0.5650
vt 0.1782 0.5650
vt 0.2769 0.7007
vt 0.2275 0.7007
vt 0.1782 0.7007
vt 0.2769 0.8365
vt 0.2275 0.8365
vt 0.1782 0.8365
vt 0.2769 0.9723
vt 0.2275 0.9723
vt 0.1782 0.9723
vt 0.2275 0.0218
vt 0.2769 0.0218
vt 0.2769 0.1576
vt 0.2275 0.1576
vt 0.1782 0.0218
vt 0.1782 0.1576
vt 0.2769 0.2934
vt 0.2275 0.2934
vt 0.1782 0.2934
vt 0.2769 0.4292
vt 0.2275 0.4292
vt 0.1782 0.4292
vt 0.2769 0.5650
vt 0.2275 0.5650
vt 0.1782 0.5650
vt 0.2769 0.7007
vt 0.2275 0.7007
vt 0.1782 0.7007
vt 0.2769 0.8365
vt 0.2275 0.8365
vt 0.1782 0.8365
vt 0.2769 0.9723
vt 0.2275 0.9723
vt 0.1782 0.9723
vt 0.2275 0.0218
vt 0.2769 0.0218
vt 0.2769 0.1576
vt 0.2275 0.1576
vt 0.1782 0.0218
vt 0.1782 0.1576
vt 0.2769 0.2934
vt 0.2275 0.2934
vt 0.1782 0.2934
vt 0.2769 0.4292
vt 0.2275 0.4292
vt 0.1782 0.4292
vt 0.2769 0.5650
vt 0.2275 0.5650
vt 0.1782 0.5650
vt 0.2769 0.7007
vt 0.2275 0.7007
vt 0.1782 0.7007
vt 0.2769 0.8365
vt 0.2275 0.8365
vt 0.1782 0.8365
vt 0.2769 0.9723
vt 0.2275 0.9723
vt 0.1782 0.9723
vt 0.2275 0.0218
vt 0.2769 0.0218
vt 0.2769 0.1576
vt 0.2275 0.1576
vt 0.1782 0.0218
vt 0.1782 0.1576
vt 0.2769 0.2934
vt 0.2275 0.2934
vt 0.1782 0.2934
vt 0.2769 0.4292
vt 0.2275 0.4292
vt 0.1782 0.4292
vt 0.2769 0.5650
vt 0.2275 0.5650
vt 0.1782 0.5650
vt 0.2769 0.7007
vt 0.2275 0.7007
vt 0.1782 0.7007
vt 0.2769 0.8365
vt 0.2275 0.8365
vt 0.1782 0.8365
vt 0.2769 0.9723
vt 0.2275 0.9723
vt 0.1782 0.9723
vt 0.2275 0.0218
vt 0.2769 0.0218
vt 0.2769 0.1576
vt 0.2275 0.1576
vt 0.1782 0.0218
vt 0.1782 0.1576
vt 0.2769 0.2934
vt 0.2275 0.2934
vt 0.1782 0.2934
vt 0.2769 0.4292
vt 0.2275 0.4292
vt 0.1782 0.4292
vt 0.2769 0.5650
vt 0.2275 0.5650
vt 0.1782 0.5650
vt 0.2769 0.7007
vt 0.2275 0.7007
vt 0.1782 0.7007
vt 0.2769 0.8365
vt 0.2275 0.8365
vt 0.1782 0.8365
vt 0.2769 0.9723
vt 0.2275 0.9723
vt 0.1782 0.9723
vt 0.4902 0.0089
vt 0.5237 0.0089
vt 0.5237 0.0392
vt 0.4902 0.0392
vt 0.4567 0.0089
vt 0.4567 0.0392
vt 0.5237 0.0696
vt 0.4902 0.0696
vt 0.4567 0.0696
vt 0.5237 0.1000
vt 0.4902 0.1000
vt 0.4567 0.1000
vt 0.5237 0.1304
vt 0.4902 0.1304
vt 0.4567 0.1304
vt 0.5237 0.1608
vt 0.4902 0.1608
vt 0.4567 0.1608
vt 0.5237 0.1912
vt 0.4902 0.1912
vt 0.4567 0.1912
vt 0.5237 0.2216
vt 0.4902 0.2216
vt 0.4567 0.2216
vt 0.2275 0.0218
vt 0.2769 0.0218
vt 0.2769 0.1576
vt 0.2275 0.1576
vt 0.1782 0.0218
vt 0.1782 0.1576
vt 0.2769 0.2934
vt 0.2275 0.2934
vt 0.1782 0.2934
vt 0.2769 0.4292
vt 0.2275 0.4292
vt 0.1782 0.4292
vt 0.2769 0.5650
vt 0.2275 0.5650
vt 0.1782 0.5650
vt 0.2769 0.7007
vt 0.2275 0.7007
vt 0.1782 0.7007
vt 0.2769 0.8365
vt 0.2275 0.8365
vt 0.1782 0.8365
vt 0.2769 0.9723
vt 0.2275 0.9723
vt 0.1782 0.9723
vt 0.2275 0.0218
vt 0.2769 0.0218
vt 0.2769 0.1576
vt 0.2275 0.1576
vt 0.1782 0.0218
vt 0.1782 0.1576
vt 0.2769 0.2934
vt 0.2275 0.2934
vt 0.1782 0.2934
vt 0.2769 0.4292
vt 0.2275 0.4292
vt 0.1782 0.4292
vt 0.2769 0.5650
vt 0.2275 0.5650
vt 0.1782 0.5650
vt 0.2769 0.7007
vt 0.2275 0.7007
vt 0.1782 0.7007
vt 0.2769 0.8365
vt 0.2275 0.8365
vt 0.1782 0.8365
vt 0.2769 0.9723
vt 0.2275 0.9723
vt 0.1782 0.9723
vt 0.2275 0.0218
vt 0.2769 0.0218
vt 0.2769 0.1576
vt 0.2275 0.1576
vt 0.1782 0.0218
vt 0.1782 0.1576
vt 0.2769 0.2934
vt 0.2275 0.2934
vt 0.1782 0.2934
vt 0.2769 0.4292
vt 0.2275 0.4292
vt 0.1782 0.4292
vt 0.2769 0.5650
vt 0.2275 0.5650
vt 0.1782 0.5650
vt 0.2769 0.7007
vt 0.2275 0.7007
vt 0.1782 0.7007
vt 0.2769 0.8365
vt 0.2275 0.8365
vt 0.1782 0.8365
vt 0.2769 0.9723
vt 0.2275 0.9723
vt 0.1782 0.9723
vt 0.2275 0.0218
vt 0.2769 0.0218
vt 0.2769 0.1576
vt 0.2275 0.1576
vt 0.1782 0.0218
vt 0.1782 0.1576
vt 0.2769 0.2934
vt 0.2275 0.2934
vt 0.1782 0.2934
vt 0.2769 0.4292
vt 0.2275 0.4292
vt 0.1782 0.4292
vt 0.2769 0.5650
vt 0.2275 0.5650
vt 0.1782 0.5650
vt 0.2769 0.7007
vt 0.2275 0.7007
vt 0.1782 0.7007
vt 0.2769 0.8365
vt 0.2275 0.8365
vt 0.1782 0.8365
vt 0.2769 0.9723
vt 0.2275 0.9723
vt 0.1782 0.9723
vt 0.2275 0.0218
vt 0.2769 0.0218
vt 0.2769 0.1576
vt 0.2275 0.1576
vt 0.1782 0.0218
vt 0.1782 0.1576
vt 0.2769 0.2934
vt 0.2275 0.2934
vt 0.1782 0.2934
vt 0.2769 0.4292
vt 0.2275 0.4292
vt 0.1782 0.4292
vt 0.2769 0.5650
vt 0.2275 0.5650
vt 0.1782 0.5650
vt 0.2769 0.7007
vt 0.2275 0.7007
vt 0.1782 0.7007
vt 0.2769 0.8365
vt 0.2275 0.8365
vt 0.1782 0.8365
vt 0.2769 0.9723
vt 0.2275 0.9723
vt 0.1782 0.9723
vt 0.2275 0.0218
vt 0.2769 0.0218
vt 0.2769 0.1576
vt 0.2275 0.1576
vt 0.1782 0.0218
vt 0.1782 0.1576
vt 0.2769 0.2934
vt 0.2275 0.2934
vt 0.1782 0.2934
vt 0.2769 0.4292
vt 0.2275 0.4292
vt 0.1782 0.4292
vt 0.2769 0.5650
vt 0.2275 0.5650
vt 0.1782 0.5650
vt 0.2769 0.7007
vt 0.2275 0.7007
vt 0.1782 0.7007
vt 0.2769 0.8365
vt 0.2275 0.8365
vt 0.1782 0.8365
vt 0.2769 0.9723
vt 0.2275 0.9723
vt 0.1782 0.9723
vt 0.2275 0.0218
vt 0.2769 0.0218
vt 0.2769 0.1576
vt 0.2275 0.1576
vt 0.1782 0.0218
vt 0.1782 0.1576
vt 0.2769 0.2934
vt 0.2275 0.2934
vt 0.1782 0.2934
vt 0.2769 0.4292
vt 0.2275 0.4292
vt 0.1782 0.4292
vt 0.2769 0.5650
vt 0.2275 0.5650
vt 0.1782 0.5650
vt 0.2769 0.7007
vt 0.2275 0.7007
vt 0.1782 0.7007
vt 0.2769 0.8365
vt 0.2275 0.8365
vt 0.1782 0.8365
vt 0.2769 0.9723
vt 0.2275 0.9723
vt 0.1782 0.9723
vt 0.2275 0.0218
vt 0.2769 0.0218
vt 0.2769 0.1576
vt 0.2275 0.1576
vt 0.1782 0.0218
vt 0.1782 0.1576
vt 0.2769 0.2934
vt 0.2275 0.2934
vt 0.1782 0.2934
vt 0.2769 0.4292
vt 0.2275 0.4292
vt 0.1782 0.4292
vt 0.2769 0.5650
vt 0.2275 0.5650
vt 0.1782 0.5650
vt 0.2769 0.7007
vt 0.2275 0.7007
vt 0.1782 0.7007
vt 0.2769 0.8365
vt 0.2275 0.8365
vt 0.1782 0.8365
vt 0.2769 0.9723
vt 0.2275 0.9723
vt 0.1782 0.9723
vt 0.2275 0.0218
vt 0.2769 0.0218
vt 0.2769 0.1576
vt 0.2275 0.1576
vt 0.1782 0.0218
vt 0.1782 0.1576
vt 0.2769 0.2934
vt 0.2275 0.2934
vt 0.1782 0.2934
vt 0.2769 0.4292
vt 0.2275 0.4292
vt 0.1782 0.4292
vt 0.2769 0.5650
vt 0.2275 0.5650
vt 0.1782 0.5650
vt 0.2769 0.7007
vt 0.2275 0.7007
vt 0.1782 0.7007
vt 0.2769 0.8365
vt 0.2275 0.8365
vt 0.1782 0.8365
vt 0.2769 0.9723
vt 0.2275 0.9723
vt 0.1782 0.9723
vt 0.2275 0.0218
vt 0.2769 0.0218
vt 0.2769 0.1576
vt 0.2275 0.1576
vt 0.1782 0.0218
vt 0.1782 0.1576
vt 0.2769 0.2934
vt 0.2275 0.2934
vt 0.1782 0.2934
vt 0.2769 0.4292
vt 0.2275 0.4292
vt 0.1782 0.4292
vt 0.2769 0.5650
vt 0.2275 0.5650
vt 0.1782 0.5650
vt 0.2769 0.7007
vt 0.2275 0.7007
vt 0.1782 0.7007
vt 0.2769 0.8365
vt 0.2275 0.8365
vt 0.1782 0.8365
vt 0.2769 0.9723
vt 0.2275 0.9723
vt 0.1782 0.9723
vt 0.4835 0.0255
vt 0.5328 0.0255
vt 0.5328 0.1613
vt 0.4835 0.1613
vt 0.4341 0.0255
vt 0.4341 0.1613
vt 0.5328 0.2971
vt 0.4835 0.2971
vt 0.4341 0.2971
vt 0.5328 0.4329
vt 0.4835 0.4329
vt 0.4341 0.4329
vt 0.5328 0.5687
vt 0.4835 0.5687
vt 0.4341 0.5687
vt 0.5328 0.7044
vt 0.4835 0.7044
vt 0.4341 0.7044
vt 0.5328 0.8402
vt 0.4835 0.8402
vt 0.4341 0.8402
vt 0.5328 0.9760
vt 0.4835 0.9760
vt 0.4341 0.9760
vt 0.2275 0.0218
vt 0.2769 0.0218
vt 0.2769 0.1576
vt 0.2275 0.1576
vt 0.1782 0.0218
vt 0.1782 0.1576
vt 0.2769 0.2934
vt 0.2275 0.2934
vt 0.1782 0.2934
vt 0.2769 0.4292
vt 0.2275 0.4292
vt 0.1782 0.4292
vt 0.2769 0.5650
vt 0.2275 0.5650
vt 0.1782 0.5650
vt 0.2769 0.7007
vt 0.2275 0.7007
vt 0.1782 0.7007
vt 0.2769 0.8365
vt 0.2275 0.8365
vt 0.1782 0.8365
vt 0.2769 0.9723
vt 0.2275 0.9723
vt 0.1782 0.9723
vt 0.2275 0.0218
vt 0.2769 0.0218
vt 0.2769 0.1576
vt 0.2275 0.1576
vt 0.1782 0.0218
vt 0.1782 0.1576
vt 0.2769 0.2934
vt 0.2275 0.2934
vt 0.1782 0.2934
vt 0.2769 0.4292
vt 0.2275 0.4292
vt 0.1782 0.4292
vt 0.2769 0.5650
vt 0.2275 0.5650
vt 0.1782 0.5650
vt 0.2769 0.7007
vt 0.2275 0.7007
vt 0.1782 0.7007
vt 0.2769 0.8365
vt 0.2275 0.8365
vt 0.1782 0.8365
vt 0.2769 0.9723
vt 0.2275 0.9723
vt 0.1782 0.9723
vt 0.4835 0.0255
vt 0.5328 0.0255
vt 0.5328 0.1613
vt 0.4835 0.1613
vt 0.4341 0.0255
vt 0.4341 0.1613
vt 0.5328 0.2971
vt 0.4835 0.2971
vt 0.4341 0.2971
vt 0.5328 0.4329
vt 0.4835 0.4329
vt 0.4341 0.4329
vt 0.5328 0.5687
vt 0.4835 0.5687
vt 0.4341 0.5687
vt 0.5328 0.7044
vt 0.4835 0.7044
vt 0.4341 0.7044
vt 0.5328 0.8402
vt 0.4835 0.8402
vt 0.4341 0.8402
vt 0.5328 0.9760
vt 0.4835 0.9760
vt 0.4341 0.9760
vt 0.2275 0.0218
vt 0.2769 0.0218
vt 0.2769 0.1576
vt 0.2275 0.1576
vt 0.1782 0.0218
vt 0.1782 0.1576
vt 0.2769 0.2934
vt 0.2275 0.2934
vt 0.1782 0.2934
vt 0.2769 0.4292
vt 0.2275 0.4292
vt 0.1782 0.4292
vt 0.2769 0.5650
vt 0.2275 0.5650
vt 0.1782 0.5650
vt 0.2769 0.7007
vt 0.2275 0.7007
vt 0.1782 0.7007
vt 0.2769 0.8365
vt 0.2275 0.8365
vt 0.1782 0.8365
vt 0.2769 0.9723
vt 0.2275 0.9723
vt 0.1782 0.9723
vt 0.2275 0.0218
vt 0.2769 0.0218
vt 0.2769 0.1576
vt 0.2275 0.1576
vt 0.1782 0.0218
vt 0.1782 0.1576
vt 0.2769 0.2934
vt 0.2275 0.2934
vt 0.1782 0.2934
vt 0.2769 0.4292
vt 0.2275 0.4292
vt 0.1782 0.4292
vt 0.2769 0.5650
vt 0.2275 0.5650
vt 0.1782 0.5650
vt 0.2769 0.7007
vt 0.2275 0.7007
vt 0.1782 0.7007
vt 0.2769 0.8365
vt 0.2275 0.8365
vt 0.1782 0.8365
vt 0.2769 0.9723
vt 0.2275 0.9723
vt 0.1782 0.9723
vt 0.2275 0.0218
vt 0.2769 0.0218
vt 0.2769 0.1576
vt 0.2275 0.1576
vt 0.1782 0.0218
vt 0.1782 0.1576
vt 0.2769 0.2934
vt 0.2275 0.2934
vt 0.1782 0.2934
vt 0.2769 0.4292
vt 0.2275 0.4292
vt 0.1782 0.4292
vt 0.2769 0.5650
vt 0.2275 0.5650
vt 0.1782 0.5650
vt 0.2769 0.7007
vt 0.2275 0.7007
vt 0.1782 0.7007
vt 0.2769 0.8365
vt 0.2275 0.8365
vt 0.1782 0.8365
vt 0.2769 0.9723
vt 0.2275 0.9723
vt 0.1782 0.9723
vt 0.4835 0.0255
vt 0.5328 0.0255
vt 0.5328 0.1613
vt 0.4835 0.1613
vt 0.4341 0.0255
vt 0.4341 0.1613
vt 0.5328 0.2971
vt 0.4835 0.2971
vt 0.4341 0.2971
vt 0.5328 0.4329
vt 0.4835 0.4329
vt 0.4341 0.4329
vt 0.5328 0.5687
vt 0.4835 0.5687
vt 0.4341 0.5687
vt 0.5328 0.7044
vt 0.4835 0.7044
vt 0.4341 0.7044
vt 0.5328 0.8402
vt 0.4835 0.8402
vt 0.4341 0.8402
vt 0.5328 0.9760
vt 0.4835 0.9760
vt 0.4341 0.9760
vt 0.2275 0.0218
vt 0.2769 0.0218
vt 0.2769 0.1576
vt 0.2275 0.1576
vt 0.1782 0.0218
vt 0.1782 0.1576
vt 0.2769 0.2934
vt 0.2275 0.2934
vt 0.1782 0.2934
vt 0.2769 0.4292
vt 0.2275 0.4292
vt 0.1782 0.4292
vt 0.2769 0.5650
vt 0.2275 0.5650
vt 0.1782 0.5650
vt 0.2769 0.7007
vt 0.2275 0.7007
vt 0.1782 0.7007
vt 0.2769 0.8365
vt 0.2275 0.8365
vt 0.1782 0.8365
vt 0.2769 0.9723
vt 0.2275 0.9723
vt 0.1782 0.9723
vt 0.5954 0.2797
vt 0.6445 0.2797
vt 0.6445 0.3277
vt 0.5954 0.3277
vt 0.5463 0.2797
vt 0.5463 0.3277
vt 0.6445 0.3758
vt 0.5954 0.3758
vt 0.5463 0.3758
vt 0.6445 0.4238
vt 0.5954 0.4238
vt 0.5463 0.4238
vt 0.6445 0.4719
vt 0.5954 0.4719
vt 0.5463 0.4719
vt 0.6445 0.5199
vt 0.5954 0.5199
vt 0.5463 0.5199
vt 0.6445 0.5680
vt 0.5954 0.5680
vt 0.5463 0.5680
vt 0.6445 0.6160
vt 0.5954 0.6160
vt 0.5463 0.6160
vt 0.2275 0.0218
vt 0.2769 0.0218
vt 0.2769 0.1576
vt 0.2275 0.1576
vt 0.1782 0.0218
vt 0.1782 0.1576
vt 0.2769 0.2934
vt 0.2275 0.2934
vt 0.1782 0.2934
vt 0.2769 0.4292
vt 0.2275 0.4292
vt 0.1782 0.4292
vt 0.2769 0.5650
vt 0.2275 0.5650
vt 0.1782 0.5650
vt 0.2769 0.7007
vt 0.2275 0.7007
vt 0.1782 0.7007
vt 0.2769 0.8365
vt 0.2275 0.8365
vt 0.1782 0.8365
vt 0.2769 0.9723
vt 0.2275 0.9723
vt 0.1782 0.9723
vt 0.2275 0.0218
vt 0.2769 0.0218
vt 0.2769 0.1576
vt 0.2275 0.1576
vt 0.1782 0.0218
vt 0.1782 0.1576
vt 0.2769 0.2934
vt 0.2275 0.2934
vt 0.1782 0.2934
vt 0.2769 0.4292
vt 0.2275 0.4292
vt 0.1782 0.4292
vt 0.2769 0.5650
vt 0.2275 0.5650
vt 0.1782 0.5650
vt 0.2769 0.7007
vt 0.2275 0.7007
vt 0.1782 0.7007
vt 0.2769 0.8365
vt 0.2275 0.8365
vt 0.1782 0.8365
vt 0.2769 0.9723
vt 0.2275 0.9723
vt 0.1782 0.9723
vt 0.5954 0.2797
vt 0.6445 0.2797
vt 0.6445 0.3277
vt 0.5954 0.3277
vt 0.5463 0.2797
vt 0.5463 0.3277
vt 0.6445 0.3758
vt 0.5954 0.3758
vt 0.5463 0.3758
vt 0.6445 0.4238
vt 0.5954 0.4238
vt 0.5463 0.4238
vt 0.6445 0.4719
vt 0.5954 0.4719
vt 0.5463 0.4719
vt 0.6445 0.5199
vt 0.5954 0.5199
vt 0.5463 0.5199
vt 0.6445 0.5680
vt 0.5954 0.5680
vt 0.5463 0.5680
vt 0.6445 0.6160
vt 0.5954 0.6160
vt 0.5463 0.6160
vt 0.5954 0.2797
vt 0.6445 0.2797
vt 0.6445 0.3277
vt 0.5954 0.3277
vt 0.5463 0.2797
vt 0.5463 0.3277
vt 0.6445 0.3758
vt 0.5954 0.3758
vt 0.5463 0.3758
vt 0.6445 0.4238
vt 0.5954 0.4238
vt 0.5463 0.4238
vt 0.6445 0.4719
vt 0.5954 0.4719
vt 0.5463 0.4719
vt 0.6445 0.5199
vt 0.5954 0.5199
vt 0.5463 0.5199
vt 0.6445 0.5680
vt 0.5954 0.5680
vt 0.5463 0.5680
vt 0.6445 0.6160
vt 0.5954 0.6160
vt 0.5463 0.6160
vt 0.2275 0.0218
vt 0.2769 0.0218
vt 0.2769 0.1576
vt 0.2275 0.1576
vt 0.1782 0.0218
vt 0.1782 0.1576
vt 0.2769 0.2934
vt 0.2275 0.2934
vt 0.1782 0.2934
vt 0.2769 0.4292
vt 0.2275 0.4292
vt 0.1782 0.4292
vt 0.2769 0.5650
vt 0.2275 0.5650
vt 0.1782 0.5650
vt 0.2769 0.7007
vt 0.2275 0.7007
vt 0.1782 0.7007
vt 0.2769 0.8365
vt 0.2275 0.8365
vt 0.1782 0.8365
vt 0.2769 0.9723
vt 0.2275 0.9723
vt 0.1782 0.9723
vt 0.5954 0.2797
vt 0.6445 0.2797
vt 0.6445 0.3277
vt 0.5954 0.3277
vt 0.5463 0.2797
vt 0.5463 0.3277
vt 0.6445 0.3758
vt 0.5954 0.3758
vt 0.5463 0.3758
vt 0.6445 0.4238
vt 0.5954 0.4238
vt 0.5463 0.4238
vt 0.6445 0.4719
vt 0.5954 0.4719
vt 0.5463 0.4719
vt 0.6445 0.5199
vt 0.5954 0.5199
vt 0.5463 0.5199
vt 0.6445 0.5680
vt 0.5954 0.5680
vt 0.5463 0.5680
vt 0.6445 0.6160
vt 0.5954 0.6160
vt 0.5463 0.6160
vt 0.5954 0.2797
vt 0.6445 0.2797
vt 0.6445 0.3277
vt 0.5954 0.3277
vt 0.5463 0.2797
vt 0.5463 0.3277
vt 0.6445 0.3758
vt 0.5954 0.3758
vt 0.5463 0.3758
vt 0.6445 0.4238
vt 0.5954 0.4238
vt 0.5463 0.4238
vt 0.6445 0.4719
vt 0.5954 0.4719
vt 0.5463 0.4719
vt 0.6445 0.5199
vt 0.5954 0.5199
vt 0.5463 0.5199
vt 0.6445 0.5680
vt 0.5954 0.5680
vt 0.5463 0.5680
vt 0.6445 0.6160
vt 0.5954 0.6160
vt 0.5463 0.6160
vt 0.5954 0.2797
vt 0.6445 0.2797
vt 0.6445 0.3277
vt 0.5954 0.3277
vt 0.5463 0.2797
vt 0.5463 0.3277
vt 0.6445 0.3758
vt 0.5954 0.3758
vt 0.5463 0.3758
vt 0.6445 0.4238
vt 0.5954 0.4238
vt 0.5463 0.4238
vt 0.6445 0.4719
vt 0.5954 0.4719
vt 0.5463 0.4719
vt 0.6445 0.5199
vt 0.5954 0.5199
vt 0.5463 0.5199
vt 0.6445 0.5680
vt 0.5954 0.5680
vt 0.5463 0.5680
vt 0.6445 0.6160
vt 0.5954 0.6160
vt 0.5463 0.6160
f 2/1 5/2 4/3 1/4
f 3/5 6/6 5/2 2/1
f 5/2 8/7 7/8 4/3
f 6/6 9/9 8/7 5/2
f 8/7 11/10 10/11 7/8
f 9/9 12/12 11/10 8/7
f 11/10 14/13 13/14 10/11
f 12/12 15/15 14/13 11/10
f 14/13 17/16 16/17 13/14
f 15/15 18/18 17/16 14/13
f 17/16 20/19 19/20 16/17
f 18/18 21/21 20/19 17/16
f 20/19 23/22 22/23 19/20
f 21/21 24/24 23/22 20/19
f 23/22 26/25 25/26 22/23
f 24/24 27/27 26/25 23/22
f 26/25 29/28 28/29 25/26
f 27/27 30/30 29/28 26/25
f 29/28 32/31 31/32 28/29
f 30/30 33/33 32/31 29/28
f 32/31 35/34 34/35 31/32
f 33/33 36/36 35/34 32/31
f 35/34 38/37 37/38 34/35
f 36/36 39/39 38/37 35/34
f 38/37 41/40 40/41 37/38
f 39/39 42/42 41/40 38/37
f 41/40 44/43 43/44 40/41
f 42/42 45/45 44/43 41/40
f 44/43 47/46 46/47 43/44
f 45/45 48/48 47/46 44/43
f 50/49 53/50 52/51 49/52
f 51/53 54/54 53/50 50/49
f 53/50 56/55 55/56 52/51
f 54/54 57/57 56/55 53/50
f 56/55 59/58 58/59 55/56
f 57/57 60/60 59/58 56/55
f 59/58 62/61 61/62 58/59
f 60/60 63/63 62/61 59/58
f 62/61 65/64 64/65 61/62
f 63/63 66/66 65/64 62/61
f 65/64 68/67 67/68 64/65
f 66/66 69/69 68/67 65/64
f 68/67 71/70 70/71 67/68
f 69/69 72/72 71/70 68/67
f 71/70 74/73 73/74 70/71
f 72/72 75/75 74/73 71/70
f 74/73 77/76 76/77 73/74
f 75/75 78/78 77/76 74/73
f 77/76 80/79 79/80 76/77
f 78/78 81/81 80/79 77/76
f 80/79 83/82 82/83 79/80
f 81/81 84/84 83/82 80/79
f 83/82 86/85 85/86 82/83
f 84/84 87/87 86/85 83/82
f 86/85 89/88 88/89 85/86
f 87/87 90/90 89/88 86/85
f 89/88 92/91 91/92 88/89
f 90/90 93/93 92/91 89/88
f 92/91 95/94 94/95 91/92
f 93/93 96/96 95/94 92/91
f 98/97 101/98 100/99 97/100
f 99/101 102/102 101/98 98/97
f 101/98 104/103 103/104 100/99
f 102/102 105/105 104/103 101/98
f 104/103 107/106 106/107 103/104
f 105/105 108/108 107/106 104/103
f 107/106 110/109 109/110 106/107
f 108/108 111/111 110/109 107/106
f 110/109 113/112 112/113 109/110
f 111/111 114/114 113/112 110/109
f 113/112 116/115 115/116 112/113
f 114/114 117/117 116/115 113/112
f 116/115 119/118 118/119 115/116
f 117/117 120/120 119/118 116/115
f 119/118 122/121 121/122 118/119
f 120/120 123/123 122/121 119/118
f 122/121 125/124 124/125 121/122
f 123/123 126/126 125/124 122/121
f 125/124 128/127 127/128 124/125
f 126/126 129/129 128/127 125/124
f 128/127 131/130 130/131 127/128
f 129/129 132/132 131/130 128/127
f 131/130 134/133 133/134 130/131
f 132/132 135/135 134/133 131/130
f 134/133 137/136 136/137 133/134
f 135/135 138/138 137/136 134/133
f 137/136 140/139 139/140 136/137
f 138/138 141/141 140/139 137/136
f 140/139 143/142 142/143 139/140
f 141/141 144/144 143/142 140/139
f 146/145 149/146 148/147 145/148
f 147/149 150/150 149/146 146/145
f 149/146 152/151 151/152 148/147
f 150/150 153/153 152/151 149/146
f 152/151 155/154 154/155 151/152
f 153/153 156/156 155/154 152/151
f 155/154 158/157 157/158 154/155
f 156/156 159/159 158/157 155/154
f 158/157 161/160 160/161 157/158
f 159/159 162/162 161/160 158/157
f 161/160 164/163 163/164 160/161
f 162/162 165/165 164/163 161/160
f 164/163 167/166 166/167 163/164
f 165/165 168/168 167/166 164/163
f 167/166 170/169 169/170 166/167
f 168/168 171/171 170/169 167/166
f 170/169 173/172 172/173 169/170
f 171/171 174/174 173/172 170/169
f 173/172 176/175 175/176 172/173
f 174/174 177/177 176/175 173/172
f 176/175 179/178 178/179 175/176
f 177/177 180/180 179/178 176/175
f 179/178 182/181 181/182 178/179
f 180/180 183/183 182/181 179/178
f 182/181 185/184 184/185 181/182
f 183/183 186/186 185/184 182/181
f 185/184 188/187 187/188 184/185
f 186/186 189/189 188/187 185/184
f 188/187 191/190 190/191 187/188
f 189/189 192/192 191/190 188/187
f 194/193 197/194 196/195 193/196
f 195/197 198/198 197/194 194/193
f 197/194 200/199 199/200 196/195
f 198/198 201/201 200/199 197/194
f 200/199 203/202 202/203 199/200
f 201/201 204/204 203/202 200/199
f 203/202 206/205 205/206 202/203
f 204/204 207/207 206/205 203/202
f 206/205 209/208 208/209 205/206
f 207/207 210/210 209/208 206/205
f 209/208 212/211 211/212 208/209
f 210/210 213/213 212/211 209/208
f 212/211 215/214 214/215 211/212
f 213/213 216/216 215/214 212/211
f 215/214 218/217 217/218 214/215
f 216/216 219/219 218/217 215/214
f 218/217 221/220 220/221 217/218
f 219/219 222/222 221/220 218/217
f 221/220 224/223 223/224 220/221
f 222/222 225/225 224/223 221/220
f 224/223 227/226 226/227 223/224
f 225/225 228/228 227/226 224/223
f 227/226 230/229 229/230 226/227
f 228/228 231/231 230/229 227/226
f 230/229 233/232 232/233 229/230
f 231/231 234/234 233/232 230/229
f 233/232 236/235 235/236 232/233
f 234/234 237/237 236/235 233/232
f 236/235 239/238 238/239 235/236
f 237/237 240/240 239/238 236/235
f 242/241 245/242 244/243 241/244
f 243/245 246/246 245/242 242/241
f 245/242 248/247 247/248 244/243
f 246/246 249/249 248/247 245/242
f 248/247 251/250 250/251 247/248
f 249/249 252/252 251/250 248/247
f 251/250 254/253 253/254 250/251
f 252/252 255/255 254/253 251/250
f 254/253 257/256 256/257 253/254
f 255/255 258/258 257/256 254/253
f 257/256 260/259 259/260 256/257
f 258/258 261/261 260/259 257/256
f 260/259 263/262 262/263 259/260
f 261/261 264/264 263/262 260/259
f 263/262 266/265 265/266 262/263
f 264/264 267/267 266/265 263/262
f 266/265 269/268 268/269 265/266
f 267/267 270/270 269/268 266/265
f 269/268 272/271 271/272 268/269
f 270/270 273/273 272/271 269/268
f 272/271 275/274 274/275 271/272
f 273/273 276/276 275/274 272/271
f 275/274 278/277 277/278 274/275
f 276/276 279/279 278/277 275/274
f 278/277 281/280 280/281 277/278
f 279/279 282/282 281/280 278/277
f 281/280 284/283 283/284 280/281
f 282/282 285/285 284/283 281/280
f 284/283 287/286 286/287 283/284
f 285/285 288/288 287/286 284/283
f 290/289 293/290 292/291 289/292
f 291/293 294/294 293/290 290/289
f 293/290 296/295 295/296 292/291
f 294/294 297/297 296/295 293/290
f 296/295 299/298 298/299 295/296
f 297/297 300/300 299/298 296/295
f 299/298 302/301 301/302 298/299
f 300/300 303/303 302/301 299/298
f 302/301 305/304 304/305 301/302
f 303/303 306/306 305/304 302/301
f 305/304 308/307 307/308 304/305
f 306/306 309/309 308/307 305/304
f 308/307 311/310 310/311 307/308
f 309/309 312/312 311/310 308/307
f 311/310 314/313 313/314 310/311
f 312/312 315/315 314/313 311/310
f 314/313 317/316 316/317 313/314
f 315/315 318/318 317/316 314/313
f 317/316 320/319 319/320 316/317
f 318/318 321/321 320/319 317/316
f 320/319 323/322 322/323 319/320
f 321/321 324/324 323/322 320/319
f 323/322 326/325 325/326 322/323
f 324/324 327/327 326/325 323/322
f 326/325 329/328 328/329 325/326
f 327/327 330/330 329/328 326/325
f 329/328 332/331 331/332 328/329
f 330/330 333/333 332/331 329/328
f 332/331 335/334 334/335 331/332
f 333/333 336/336 335/334 332/331
f 338/337 341/338 340/339 337/340
f 339/341 342/342 341/338 338/337
f 341/338 344/343 343/344 340/339
f 342/342 345/345 344/343 341/338
f 344/343 347/346 346/347 343/344
f 345/345 348/348 347/346 344/343
f 347/346 350/349 349/350 346/347
f 348/348 351/351 350/349 347/346
f 350/349 353/352 352/353 349/350
f 351/351 354/354 353/352 350/349
f 353/352 356/355 355/356 352/353
f 354/354 357/357 356/355 353/352
f 356/355 359/358 358/359 355/356
f 357/357 360/360 359/358 356/355
f 359/358 362/361 361/362 358/359
f 360/360 363/363 362/361 359/358
f 362/361 365/364 364/365 361/362
f 363/363 366/366 365/364 362/361
f 365/364 368/367 367/368 364/365
f 366/366 369/369 368/367 365/364
f 368/367 371/370 370/371 367/368
f 369/369 372/372 371/370 368/367
f 371/370 374/373 373/374 370/371
f 372/372 375/375 374/373 371/370
f 374/373 377/376 376/377 373/374
f 375/375 378/378 377/376 374/373
f 377/376 380/379 379/380 376/377
f 378/378 381/381 380/379 377/376
f 380/379 383/382 382/383 379/380
f 381/381 384/384 383/382 380/379
f 386/385 389/386 388/387 385/388
f 387/389 390/390 389/386 386/385
f 389/386 392/391 391/392 388/387
f 390/390 393/393 392/391 389/386
f 392/391 395/394 394/395 391/392
f 393/393 396/396 395/394 392/391
f 395/394 398/397 397/398 394/395
f 396/396 399/399 398/397 395/394
f 398/397 401/400 400/401 397/398
f 399/399 402/402 401/400 398/397
f 401/400 404/403 403/404 400/401
f 402/402 405/405 404/403 401/400
f 404/403 407/406 406/407 403/404
f 405/405 408/408 407/406 404/403
f 407/406 410/409 409/410 406/407
f 408/408 411/411 410/409 407/406
f 410/409 413/412 412/413 409/410
f 411/411 414/414 413/412 410/409
f 413/412 416/415 415/416 412/413
f 414/414 417/417 416/415 413/412
f 416/415 419/418 418/419 415/416
f 417/417 420/420 419/418 416/415
f 419/418 422/421 421/422 418/419
f 420/420 423/423 422/421 419/418
f 422/421 425/424 424/425 421/422
f 423/423 426/426 425/424 422/421
f 425/424 428/427 427/428 424/425
f 426/426 429/429 428/427 425/424
f 428/427 431/430 430/431 427/428
f 429/429 432/432 431/430 428/427
f 434/433 437/434 436/435 433/436
f 435/437 438/438 437/434 434/433
f 437/434 440/439 439/440 436/435
f 438/438 441/441 440/439 437/434
f 440/439 443/442 442/443 439/440
f 441/441 444/444 443/442 440/439
f 443/442 446/445 445/446 442/443
f 444/444 447/447 446/445 443/442
f 446/445 449/448 448/449 445/446
f 447/447 450/450 449/448 446/445
f 449/448 452/451 451/452 448/449
f 450/450 453/453 452/451 449/448
f 452/451 455/454 454/455 451/452
f 453/453 456/456 455/454 452/451
f 455/454 458/457 457/458 454/455
f 456/456 459/459 458/457 455/454
f 458/457 461/460 460/461 457/458
f 459/459 462/462 461/460 458/457
f 461/460 464/463 463/464 460/461
f 462/462 465/465 464/463 461/460
f 464/463 467/466 466/467 463/464
f 465/465 468/468 467/466 464/463
f 467/466 470/469 469/470 466/467
f 468/468 471/471 470/469 467/466
f 470/469 473/472 472/473 469/470
f 471/471 474/474 473/472 470/469
f 473/472 476/475 475/476 472/473
f 474/474 477/477 476/475 473/472
f 476/475 479/478 478/479 475/476
f 477/477 480/480 479/478 476/475
f 482/481 485/482 484/483 481/484
f 483/485 486/486 485/482 482/481
f 485/482 488/487 487/488 484/483
f 486/486 489/489 488/487 485/482
f 488/487 491/490 490/491 487/488
f 489/489 492/492 491/490 488/487
f 491/490 494/493 493/494 490/491
f 492/492 495/495 494/493 491/490
f 494/493 497/496 496/497 493/494
f 495/495 498/498 497/496 494/493
f 497/496 500/499 499/500 496/497
f 498/498 501/501 500/499 497/496
f 500/499 503/502 502/503 499/500
f 501/501 504/504 503/502 500/499
f 503/502 506/505 505/506 502/503
f 504/504 507/507 506/505 503/502
f 506/505 509/508 508/509 505/506
f 507/507 510/510 509/508 506/505
f 509/508 512/511 511/512 508/509
f 510/510 513/513 512/511 509/508
f 512/511 515/514 514/515 511/512
f 513/513 516/516 515/514 512/511
f 515/514 518/517 517/518 514/515
f 516/516 519/519 518/517 515/514
f 518/517 521/520 520/521 517/518
f 519/519 522/522 521/520 518/517
f 521/520 524/523 523/524 520/521
f 522/522 525/525 524/523 521/520
f 524/523 527/526 526/527 523/524
f 525/525 528/528 527/526 524/523
f 530/529 533/530 532/531 529/532
f 531/533 534/534 533/530 530/529
f 533/530 536/535 535/536 532/531
f 534/534 537/537 536/535 533/530
f 536/535 539/538 538/539 535/536
f 537/537 540/540 539/538 536/535
f 539/538 542/541 541/542 538/539
f 540/540 543/543 542/541 539/538
f 542/541 545/544 544/545 541/542
f 543/543 546/546 545/544 542/541
f 545/544 548/547 547/548 544/545
f 546/546 549/549 548/547 545/544
f 548/547 551/550 550/551 547/548
f 549/549 552/552 551/550 548/547
f 551/550 554/553 553/554 550/551
f 552/552 555/555 554/553 551/550
f 554/553 557/556 556/557 553/554
f 555/555 558/558 557/556 554/553
f 557/556 560/559 559/560 556/557
f 558/558 561/561 560/559 557/556
f 560/559 563/562 562/563 559/560
f 561/561 564/564 563/562 560/559
f 563/562 566/565 565/566 562/563
f 564/564 567/567 566/565 563/562
f 566/565 569/568 568/569 565/566
f 567/567 570/570 569/568 566/565
f 569/568 572/571 571/572 568/569
f 570/570 573/573 572/571 569/568
f 572/571 575/574 574/575 571/572
f 573/573 576/576 575/574 572/571
f 578/577 581/578 580/579 577/580
f 579/581 582/582 581/578 578/577
f 581/578 584/583 583/584 580/579
f 582/582 585/585 584/583 581/578
f 584/583 587/586 586/587 583/584
f 585/585 588/588 587/586 584/583
f 587/586 590/589 589/590 586/587
f 588/588 591/591 590/589 587/586
f 590/589 593/592 592/593 589/590
f 591/591 594/594 593/592 590/589
f 593/592 596/595 595/596 592/593
f 594/594 597/597 596/595 593/592
f 596/595 599/598 598/599 595/596
f 597/597 600/600 599/598 596/595
f 599/598 602/601 601/602 598/599
f 600/600 603/603 602/601 599/598
f 602/601 605/604 604/605 601/602
f 603/603 606/606 605/604 602/601
f 605/604 608/607 607/608 604/605
f 606/606 609/609 608/607 605/604
f 608/607 611/610 610/611 607/608
f 609/609 612/612 611/610 608/607
f 611/610 614/613 613/614 610/611
f 612/612 615/615 614/613 611/610
f 614/613 617/616 616/617 613/614
f 615/615 618/618 617/616 614/613
f 617/616 620/619 619/620 616/617
f 618/618 621/621 620/619 617/616
f 620/619 623/622 622/623 619/620
f 621/621 624/624 623/622 620/619
f 626/625 629/626 628/627 625/628
f 627/629 630/630 629/626 626/625
f 629/626 632/631 631/632 628/627
f 630/630 633/633 632/631 629/626
f 632/631 635/634 634/635 631/632
f 633/633 636/636 635/634 632/631
f 635/634 638/637 637/638 634/635
f 636/636 639/639 638/637 635/634
f 638/637 641/640 640/641 637/638
f 639/639 642/642 641/640 638/637
f 641/640 644/643 643/644 640/641
f 642/642 645/645 644/643 641/640
f 644/643 647/646 646/647 643/644
f 645/645 648/648 647/646 644/643
f 647/646 650/649 649/650 646/647
f 648/648 651/651 650/649 647/646
f 650/649 653/652 652/653 649/650
f 651/651 654/654 653/652 650/649
f 653/652 656/655 655/656 652/653
f 654/654 657/657 656/655 653/652
f 656/655 659/658 658/659 655/656
f 657/657 660/660 659/658 656/655
f 659/658 662/661 661/662 658/659
f 660/660 663/663 662/661 659/658
f 662/661 665/664 664/665 661/662
f 663/663 666/666 665/664 662/661
f 665/664 668/667 667/668 664/665
f 666/666 669/669 668/667 665/664
f 668/667 671/670 670/671 667/668
f 669/669 672/672 671/670 668/667
f 674/673 677/674 676/675 673/676
f 675/677 678/678 677/674 674/673
f 677/674 680/679 679/680 676/675
f 678/678 681/681 680/679 677/674
f 680/679 683/682 682/683 679/680
f 681/681 684/684 683/682 680/679
f 683/682 686/685 685/686 682/683
f 684/684 687/687 686/685 683/682
f 686/685 689/688 688/689 685/686
f 687/687 690/690 689/688 686/685
f 689/688 692/691 691/692 688/689
f 690/690 693/693 692/691 689/688
f 692/691 695/694 694/695 691/692
f 693/693 696/696 695/694 692/691
f 695/694 698/697 697/698 694/695
f 696/696 699/699 698/697 695/694
f 698/697 701/700 700/701 697/698
f 699/699 702/702 701/700 698/697
f 701/700 704/703 703/704 700/701
f 702/702 705/705 704/703 701/700
f 704/703 707/706 706/707 703/704
f 705/705 708/708 707/706 704/703
f 707/706 710/709 709/710 706/707
f 708/708 711/711 710/709 707/706
f 710/709 713/712 712/713 709/710
f 711/711 714/714 713/712 710/709
f 713/712 716/715 715/716 712/713
f 714/714 717/717 716/715 713/712
f 716/715 719/718 718/719 715/716
f 717/717 720/720 719/718 716/715
f 722/721 725/722 724/723 721/724
f 723/725 726/726 725/722 722/721
f 725/722 728/727 727/728 724/723
f 726/726 729/729 728/727 725/722
f 728/727 731/730 730/731 727/728
f 729/729 732/732 731/730 728/727
f 731/730 734/733 733/734 730/731
f 732/732 735/735 734/733 731/730
f 734/733 737/736 736/737 733/734
f 735/735 738/738 737/736 734/733
f 737/736 740/739 739/740 736/737
f 738/738 741/741 740/739 737/736
f 740/739 743/742 742/743 739/740
f 741/741 744/744 743/742 740/739
f 743/742 746/745 745/746 742/743
f 744/744 747/747 746/745 743/742
f 746/745 749/748 748/749 745/746
f 747/747 750/750 749/748 746/745
f 749/748 752/751 751/752 748/749
f 750/750 753/753 752/751 749/748
f 752/751 755/754 754/755 751/752
f 753/753 756/756 755/754 752/751
f 755/754 758/757 757/758 754/755
f 756/756 759/759 758/757 755/754
f 758/757 761/760 760/761 757/758
f 759/759 762/762 761/760 758/757
f 761/760 764/763 763/764 760/761
f 762/762 765/765 764/763 761/760
f 764/763 767/766 766/767 763/764
f 765/765 768/768 767/766 764/763
f 770/769 773/770 772/771 769/772
f 771/773 774/774 773/770 770/769
f 773/770 776/775 775/776 772/771
f 774/774 777/777 776/775 773/770
f 776/775 779/778 778/779 775/776
f 777/777 780/780 779/778 776/775
f 779/778 782/781 781/782 778/779
f 780/780 783/783 782/781 779/778
f 782/781 785/784 784/785 781/782
f 783/783 786/786 785/784 782/781
f 785/784 788/787 787/788 784/785
f 786/786 789/789 788/787 785/784
f 788/787 791/790 790/791 787/788
f 789/789 792/792 791/790 788/787
f 791/790 794/793 793/794 790/791
f 792/792 795/795 794/793 791/790
f 794/793 797/796 796/797 793/794
f 795/795 798/798 797/796 794/793
f 797/796 800/799 799/800 796/797
f 798/798 801/801 800/799 797/796
f 800/799 803/802 802/803 799/800
f 801/801 804/804 803/802 800/799
f 803/802 806/805 805/806 802/803
f 804/804 807/807 806/805 803/802
f 806/805 809/808 808/809 805/806
f 807/807 810/810 809/808 806/805
f 809/808 812/811 811/812 808/809
f 810/810 813/813 812/811 809/808
f 812/811 815/814 814/815 811/812
f 813/813 816/816 815/814 812/811
f 818/817 821/818 820/819 817/820
f 819/821 822/822 821/818 818/817
f 821/818 824/823 823/824 820/819
f 822/822 825/825 824/823 821/818
f 824/823 827/826 826/827 823/824
f 825/825 828/828 827/826 824/823
f 827/826 830/829 829/830 826/827
f 828/828 831/831 830/829 827/826
f 830/829 833/832 832/833 829/830
f 831/831 834/834 833/832 830/829
f 833/832 836/835 835/836 832/833
f 834/834 837/837 836/835 833/832
f 836/835 839/838 838/839 835/836
f 837/837 840/840 839/838 836/835
f 839/838 842/841 841/842 838/839
f 840/840 843/843 842/841 839/838
f 842/841 845/844 844/845 841/842
f 843/843 846/846 845/844 842/841
f 845/844 848/847 847/848 844/845
f 846/846 849/849 848/847 845/844
f 848/847 851/850 850/851 847/848
f 849/849 852/852 851/850 848/847
f 851/850 854/853 853/854 850/851
f 852/852 855/855 854/853 851/850
f 854/853 857/856 856/857 853/854
f 855/855 858/858 857/856 854/853
f 857/856 860/859 859/860 856/857
f 858/858 861/861 860/859 857/856
f 860/859 863/862 862/863 859/860
f 861/861 864/864 863/862 860/859
f 866/865 869/866 868/867 865/868
f 867/869 870/870 869/866 866/865
f 869/866 872/871 871/872 868/867
f 870/870 873/873 872/871 869/866
f 872/871 875/874 874/875 871/872
f 873/873 876/876 875/874 872/871
f 875/874 878/877 877/878 874/875
f 876/876 879/879 878/877 875/874
f 878/877 881/880 880/881 877/878
f 879/879 882/882 881/880 878/877
f 881/880 884/883 883/884 880/881
f 882/882 885/885 884/883 881/880
f 884/883 887/886 886/887 883/884
f 885/885 888/888 887/886 884/883
f 887/886 890/889 889/890 886/887
f 888/888 891/891 890/889 887/886
f 890/889 893/892 892/893 889/890
f 891/891 894/894 893/892 890/889
f 893/892 896/895 895/896 892/893
f 894/894 897/897 896/895 893/892
f 896/895 899/898 898/899 895/896
f 897/897 900/900 899/898 896/895
f 899/898 902/901 901/902 898/899
f 900/900 903/903 902/901 899/898
f 902/901 905/904 904/905 901/902
f 903/903 906/906 905/904 902/901
f 905/904 908/907 907/908 904/905
f 906/906 909/909 908/907 905/904
f 908/907 911/910 910/911 907/908
f 909/909 912/912 911/910 908/907
f 914/913 917/914 916/915 913/916
f 915/917 918/918 917/914 914/913
f 917/914 920/919 919/920 916/915
f 918/918 921/921 920/919 917/914
f 920/919 923/922 922/923 919/920
f 921/921 924/924 923/922 920/919
f 923/922 926/925 925/926 922/923
f 924/924 927/927 926/925 923/922
f 926/925 929/928 928/929 925/926
f 927/927 930/930 929/928 926/925
f 929/928 932/931 931/932 928/929
f 930/930 933/933 932/931 929/928
f 932/931 935/934 934/935 931/932
f 933/933 936/936 935/934 932/931
f 935/934 938/937 937/938 934/935
f 936/936 939/939 938/937 935/934
f 938/937 941/940 940/941 937/938
f 939/939 942/942 941/940 938/937
f 941/940 944/943 943/944 940/941
f 942/942 945/945 944/943 941/940
f 944/943 947/946 946/947 943/944
f 945/945 948/948 947/946 944/943
f 947/946 950/949 949/950 946/947
f 948/948 951/951 950/949 947/946
f 950/949 953/952 952/953 949/950
f 951/951 954/954 953/952 950/949
f 953/952 956/955 955/956 952/953
f 954/954 957/957 956/955 953/952
f 956/955 959/958 958/959 955/956
f 957/957 960/960 959/958 956/955
f 962/961 965/962 964/963 961/964
f 963/965 966/966 965/962 962/961
f 965/962 968/967 967/968 964/963
f 966/966 969/969 968/967 965/962
f 968/967 971/970 970/971 967/968
f 969/969 972/972 971/970 968/967
f 971/970 974/973 973/974 970/971
f 972/972 975/975 974/973 971/970
f 974/973 977/976 976/977 973/974
f 975/975 978/978 977/976 974/973
f 977/976 980/979 979/980 976/977
f 978/978 981/981 980/979 977/976
f 980/979 983/982 982/983 979/980
f 981/981 984/984 983/982 980/979
f 983/982 986/985 985/986 982/983
f 984/984 987/987 986/985 983/982
f 986/985 989/988 988/989 985/986
f 987/987 990/990 989/988 986/985
f 989/988 992/991 991/992 988/989
f 990/990 993/993 992/991 989/988
f 992/991 995/994 994/995 991/992
f 993/993 996/996 995/994 992/991
f 995/994 998/997 997/998 994/995
f 996/996 999/999 998/997 995/994
f 998/997 1001/1000 1000/1001 997/998
f 999/999 1002/1002 1001/1000 998/997
f 1001/1000 1004/1003 1003/1004 1000/1001
f 1002/1002 1005/1005 1004/1003 1001/1000
f 1004/1003 1007/1006 1006/1007 1003/1004
f 1005/1005 1008/1008 1007/1006 1004/1003
f 1010/1009 1013/1010 1012/1011 1009/1012
f 1011/1013 1014/1014 1013/1010 1010/1009
f 1013/1010 1016/1015 1015/1016 1012/1011
f 1014/1014 1017/1017 1016/1015 1013/1010
f 1016/1015 1019/1018 1018/1019 1015/1016
f 1017/1017 1020/1020 1019/1018 1016/1015
f 1019/1018 1022/1021 1021/1022 1018/1019
f 1020/1020 1023/1023 1022/1021 1019/1018
f 1022/1021 1025/1024 1024/1025 1021/1022
f 1023/1023 1026/1026 1025/1024 1022/1021
f 1025/1024 1028/1027 1027/1028 1024/1025
f 1026/1026 1029/1029 1028/1027 1025/1024
f 1028/1027 1031/1030 1030/1031 1027/1028
f 1029/1029 1032/1032 1031/1030 1028/1027
f 1031/1030 1034/1033 1033/1034 1030/1031
f 1032/1032 1035/1035 1034/1033 1031/1030
f 1034/1033 1037/1036 1036/1037 1033/1034
f 1035/1035 1038/1038 1037/1036 1034/1033
f 1037/1036 1040/1039 1039/1040 1036/1037
f 1038/1038 1041/1041 1040/1039 1037/1036
f 1040/1039 1043/1042 1042/1043 1039/1040
f 1041/1041 1044/1044 1043/1042 1040/1039
f 1043/1042 1046/1045 1045/1046 1042/1043
f 1044/1044 1047/1047 1046/1045 1043/1042
f 1046/1045 1049/1048 1048/1049 1045/1046
f 1047/1047 1050/1050 1049/1048 1046/1045
f 1049/1048 1052/1051 1051/1052 1048/1049
f 1050/1050 1053/1053 1052/1051 1049/1048
f 1052/1051 1055/1054 1054/1055 1051/1052
f 1053/1053 1056/1056 1055/1054 1052/1051
f 1058/1057 1061/1058 1060/1059 1057/1060
f 1059/1061 1062/1062 1061/1058 1058/1057
f 1061/1058 1064/1063 1063/1064 1060/1059
f 1062/1062 1065/1065 1064/1063 1061/1058
f 1064/1063 1067/1066 1066/1067 1063/1064
f 1065/1065 1068/1068 1067/1066 1064/1063
f 1067/1066 1070/1069 1069/1070 1066/1067
f 1068/1068 1071/1071 1070/1069 1067/1066
f 1070/1069 1073/1072 1072/1073 1069/1070
f 1071/1071 1074/1074 1073/1072 1070/1069
f 1073/1072 1076/1075 1075/1076 1072/1073
f 1074/1074 1077/1077 1076/1075 1073/1072
f 1076/1075 1079/1078 1078/1079 1075/1076
f 1077/1077 1080/1080 1079/1078 1076/1075
f 1079/1078 1082/1081 1081/1082 1078/1079
f 1080/1080 1083/1083 1082/1081 1079/1078
f 1082/1081 1085/1084 1084/1085 1081/1082
f 1083/1083 1086/1086 1085/1084 1082/1081
f 1085/1084 1088/1087 1087/1088 1084/1085
f 1086/1086 1089/1089 1088/1087 1085/1084
f 1088/1087 1091/1090 1090/1091 1087/1088
f 1089/1089 1092/1092 1091/1090 1088/1087
f 1091/1090 1094/1093 1093/1094 1090/1091
f 1092/1092 1095/1095 1094/1093 1091/1090
f 1094/1093 1097/1096 1096/1097 1093/1094
f 1095/1095 1098/1098 1097/1096 1094/1093
f 1097/1096 1100/1099 1099/1100 1096/1097
f 1098/1098 1101/1101 1100/1099 1097/1096
f 1100/1099 1103/1102 1102/1103 1099/1100
f 1101/1101 1104/1104 1103/1102 1100/1099
f 1106/1105 1109/1106 1108/1107 1105/1108
f 1107/1109 1110/1110 1109/1106 1106/1105
f 1109/1106 1112/1111 1111/1112 1108/1107
f 1110/1110 1113/1113 1112/1111 1109/1106
f 1112/1111 1115/1114 1114/1115 1111/1112
f 1113/1113 1116/1116 1115/1114 1112/1111
f 1115/1114 1118/1117 1117/1118 1114/1115
f 1116/1116 1119/1119 1118/1117 1115/1114
f 1118/1117 1121/1120 1120/1121 1117/1118
f 1119/1119 1122/1122 1121/1120 1118/1117
f 1121/1120 1124/1123 1123/1124 1120/1121
f 1122/1122 1125/1125 1124/1123 1121/1120
f 1124/1123 1127/1126 1126/1127 1123/1124
f 1125/1125 1128/1128 1127/1126 1124/1123
f 1127/1126 1130/1129 1129/1130 1126/1127
f 1128/1128 1131/1131 1130/1129 1127/1126
f 1130/1129 1133/1132 1132/1133 1129/1130
f 1131/1131 1134/1134 1133/1132 1130/1129
f 1133/1132 1136/1135 1135/1136 1132/1133
f 1134/1134 1137/1137 1136/1135 1133/1132
f 1136/1135 1139/1138 1138/1139 1135/1136
f 1137/1137 1140/1140 1139/1138 1136/1135
f 1139/1138 1142/1141 1141/1142 1138/1139
f 1140/1140 1143/1143 1142/1141 1139/1138
f 1142/1141 1145/1144 1144/1145 1141/1142
f 1143/1143 1146/1146 1145/1144 1142/1141
f 1145/1144 1148/1147 1147/1148 1144/1145
f 1146/1146 1149/1149 1148/1147 1145/1144
f 1148/1147 1151/1150 1150/1151 1147/1148
f 1149/1149 1152/1152 1151/1150 1148/1147
f 1154/1153 1157/1154 1156/1155 1153/1156
f 1155/1157 1158/1158 1157/1154 1154/1153
f 1157/1154 1160/1159 1159/1160 1156/1155
f 1158/1158 1161/1161 1160/1159 1157/1154
f 1160/1159 1163/1162 1162/1163 1159/1160
f 1161/1161 1164/1164 1163/1162 1160/1159
f 1163/1162 1166/1165 1165/1166 1162/1163
f 1164/1164 1167/1167 1166/1165 1163/1162
f 1166/1165 1169/1168 1168/1169 1165/1166
f 1167/1167 1170/1170 1169/1168 1166/1165
f 1169/1168 1172/1171 1171/1172 1168/1169
f 1170/1170 1173/1173 1172/1171 1169/1168
f 1172/1171 1175/1174 1174/1175 1171/1172
f 1173/1173 1176/1176 1175/1174 1172/1171
f 1175/1174 1178/1177 1177/1178 1174/1175
f 1176/1176 1179/1179 1178/1177 1175/1174
f 1178/1177 1181/1180 1180/1181 1177/1178
f 1179/1179 1182/1182 1181/1180 1178/1177
f 1181/1180 1184/1183 1183/1184 1180/1181
f 1182/1182 1185/1185 1184/1183 1181/1180
f 1184/1183 1187/1186 1186/1187 1183/1184
f 1185/1185 1188/1188 1187/1186 1184/1183
f 1187/1186 1190/1189 1189/1190 1186/1187
f 1188/1188 1191/1191 1190/1189 1187/1186
f 1190/1189 1193/1192 1192/1193 1189/1190
f 1191/1191 1194/1194 1193/1192 1190/1189
f 1193/1192 1196/1195 1195/1196 1192/1193
f 1194/1194 1197/1197 1196/1195 1193/1192
f 1196/1195 1199/1198 1198/1199 1195/1196
f 1197/1197 1200/1200 1199/1198 1196/1195
f 1202/1201 1205/1202 1204/1203 1201/1204
f 1203/1205 1206/1206 1205/1202 1202/1201
f 1205/1202 1208/1207 1207/1208 1204/1203
f 1206/1206 1209/1209 1208/1207 1205/1202
f 1208/1207 1211/1210 1210/1211 1207/1208
f 1209/1209 1212/1212 1211/1210 1208/1207
f 1211/1210 1214/1213 1213/1214 1210/1211
f 1212/1212 1215/1215 1214/1213 1211/1210
f 1214/1213 1217/1216 1216/1217 1213/1214
f 1215/1215 1218/1218 1217/1216 1214/1213
f 1217/1216 1220/1219 1219/1220 1216/1217
f 1218/1218 1221/1221 1220/1219 1217/1216
f 1220/1219 1223/1222 1222/1223 1219/1220
f 1221/1221 1224/1224 1223/1222 1220/1219
f 1223/1222 1226/1225 1225/1226 1222/1223
f 1224/1224 1227/1227 1226/1225 1223/1222
f 1226/1225 1229/1228 1228/1229 1225/1226
f 1227/1227 1230/1230 1229/1228 1226/1225
f 1229/1228 1232/1231 1231/1232 1228/1229
f 1230/1230 1233/1233 1232/1231 1229/1228
f 1232/1231 1235/1234 1234/1235 1231/1232
f 1233/1233 1236/1236 1235/1234 1232/1231
f 1235/1234 1238/1237 1237/1238 1234/1235
f 1236/1236 1239/1239 1238/1237 1235/1234
f 1238/1237 1241/1240 1240/1241 1237/1238
f 1239/1239 1242/1242 1241/1240 1238/1237
f 1241/1240 1244/1243 1243/1244 1240/1241
f 1242/1242 1245/1245 1244/1243 1241/1240
f 1244/1243 1247/1246 1246/1247 1243/1244
f 1245/1245 1248/1248 1247/1246 1244/1243
f 1250/1249 1253/1250 1252/1251 1249/1252
f 1251/1253 1254/1254 1253/1250 1250/1249
f 1253/1250 1256/1255 1255/1256 1252/1251
f 1254/1254 1257/1257 1256/1255 1253/1250
f 1256/1255 1259/1258 1258/1259 1255/1256
f 1257/1257 1260/1260 1259/1258 1256/1255
f 1259/1258 1262/1261 1261/1262 1258/1259
f 1260/1260 1263/1263 1262/1261 1259/1258
f 1262/1261 1265/1264 1264/1265 1261/1262
f 1263/1263 1266/1266 1265/1264 1262/1261
f 1265/1264 1268/1267 1267/1268 1264/1265
f 1266/1266 1269/1269 1268/1267 1265/1264
f 1268/1267 1271/1270 1270/1271 1267/1268
f 1269/1269 1272/1272 1271/1270 1268/1267
f 1271/1270 1274/1273 1273/1274 1270/1271
f 1272/1272 1275/1275 1274/1273 1271/1270
f 1274/1273 1277/1276 1276/1277 1273/1274
f 1275/1275 1278/1278 1277/1276 1274/1273
f 1277/1276 1280/1279 1279/1280 1276/1277
f 1278/1278 1281/1281 1280/1279 1277/1276
f 1280/1279 1283/1282 1282/1283 1279/1280
f 1281/1281 1284/1284 1283/1282 1280/1279
f 1283/1282 1286/1285 1285/1286 1282/1283
f 1284/1284 1287/1287 1286/1285 1283/1282
f 1286/1285 1289/1288 1288/1289 1285/1286
f 1287/1287 1290/1290 1289/1288 1286/1285
f 1289/1288 1292/1291 1291/1292 1288/1289
f 1290/1290 1293/1293 1292/1291 1289/1288
f 1292/1291 1295/1294 1294/1295 1291/1292
f 1293/1293 1296/1296 1295/1294 1292/1291
f 1298/1297 1301/1298 1300/1299 1297/1300
f 1299/1301 1302/1302 1301/1298 1298/1297
f 1301/1298 1304/1303 1303/1304 1300/1299
f 1302/1302 1305/1305 1304/1303 1301/1298
f 1304/1303 1307/1306 1306/1307 1303/1304
f 1305/1305 1308/1308 1307/1306 1304/1303
f 1307/1306 1310/1309 1309/1310 1306/1307
f 1308/1308 1311/1311 1310/1309 1307/1306
f 1310/1309 1313/1312 1312/1313 1309/1310
f 1311/1311 1314/1314 1313/1312 1310/1309
f 1313/1312 1316/1315 1315/1316 1312/1313
f 1314/1314 1317/1317 1316/1315 1313/1312
f 1316/1315 1319/1318 1318/1319 1315/1316
f 1317/1317 1320/1320 1319/1318 1316/1315
f 1319/1318 1322/1321 1321/1322 1318/1319
f 1320/1320 1323/1323 1322/1321 1319/1318
f 1322/1321 1325/1324 1324/1325 1321/1322
f 1323/1323 1326/1326 1325/1324 1322/1321
f 1325/1324 1328/1327 1327/1328 1324/1325
f 1326/1326 1329/1329 1328/1327 1325/1324
f 1328/1327 1331/1330 1330/1331 1327/1328
f 1329/1329 1332/1332 1331/1330 1328/1327
f 1331/1330 1334/1333 1333/1334 1330/1331
f 1332/1332 1335/1335 1334/1333 1331/1330
f 1334/1333 1337/1336 1336/1337 1333/1334
f 1335/1335 1338/1338 1337/1336 1334/1333
f 1337/1336 1340/1339 1339/1340 1336/1337
f 1338/1338 1341/1341 1340/1339 1337/1336
f 1340/1339 1343/1342 1342/1343 1339/1340
f 1341/1341 1344/1344 1343/1342 1340/1339
f 1346/1345 1349/1346 1348/1347 1345/1348
f 1347/1349 1350/1350 1349/1346 1346/1345
f 1349/1346 1352/1351 1351/1352 1348/1347
f 1350/1350 1353/1353 1352/1351 1349/1346
f 1352/1351 1355/1354 1354/1355 1351/1352
f 1353/1353 1356/1356 1355/1354 1352/1351
f 1355/1354 1358/1357 1357/1358 1354/1355
f 1356/1356 1359/1359 1358/1357 1355/1354
f 1358/1357 1361/1360 1360/1361 1357/1358
f 1359/1359 1362/1362 1361/1360 1358/1357
f 1361/1360 1364/1363 1363/1364 1360/1361
f 1362/1362 1365/1365 1364/1363 1361/1360
f 1364/1363 1367/1366 1366/1367 1363/1364
f 1365/1365 1368/1368 1367/1366 1364/1363
f 1367/1366 1370/1369 1369/1370 1366/1367
f 1368/1368 1371/1371 1370/1369 1367/1366
f 1370/1369 1373/1372 1372/1373 1369/1370
f 1371/1371 1374/1374 1373/1372 1370/1369
f 1373/1372 1376/1375 1375/1376 1372/1373
f 1374/1374 1377/1377 1376/1375 1373/1372
f 1376/1375 1379/1378 1378/1379 1375/1376
f 1377/1377 1380/1380 1379/1378 1376/1375
f 1379/1378 1382/1381 1381/1382 1378/1379
f 1380/1380 1383/1383 1382/1381 1379/1378
f 1382/1381 1385/1384 1384/1385 1381/1382
f 1383/1383 1386/1386 1385/1384 1382/1381
f 1385/1384 1388/1387 1387/1388 1384/1385
f 1386/1386 1389/1389 1388/1387 1385/1384
f 1388/1387 1391/1390 1390/1391 1387/1388
f 1389/1389 1392/1392 1391/1390 1388/1387
f 1394/1393 1397/1394 1396/1395 1393/1396
f 1395/1397 1398/1398 1397/1394 1394/1393
f 1397/1394 1400/1399 1399/1400 1396/1395
f 1398/1398 1401/1401 1400/1399 1397/1394
f 1400/1399 1403/1402 1402/1403 1399/1400
f 1401/1401 1404/1404 1403/1402 1400/1399
f 1403/1402 1406/1405 1405/1406 1402/1403
f 1404/1404 1407/1407 1406/1405 1403/1402
f 1406/1405 1409/1408 1408/1409 1405/1406
f 1407/1407 1410/1410 1409/1408 1406/1405
f 1409/1408 1412/1411 1411/1412 1408/1409
f 1410/1410 1413/1413 1412/1411 1409/1408
f 1412/1411 1415/1414 1414/1415 1411/1412
f 1413/1413 1416/1416 1415/1414 1412/1411
f 1415/1414 1418/1417 1417/1418 1414/1415
f 1416/1416 1419/1419 1418/1417 1415/1414
f 1418/1417 1421/1420 1420/1421 1417/1418
f 1419/1419 1422/1422 1421/1420 1418/1417
f 1421/1420 1424/1423 1423/1424 1420/1421
f 1422/1422 1425/1425 1424/1423 1421/1420
f 1424/1423 1427/1426 1426/1427 1423/1424
f 1425/1425 1428/1428 1427/1426 1424/1423
f 1427/1426 1430/1429 1429/1430 1426/1427
f 1428/1428 1431/1431 1430/1429 1427/1426
f 1430/1429 1433/1432 1432/1433 1429/1430
f 1431/1431 1434/1434 1433/1432 1430/1429
f 1433/1432 1436/1435 1435/1436 1432/1433
f 1434/1434 1437/1437 1436/1435 1433/1432
f 1436/1435 1439/1438 1438/1439 1435/1436
f 1437/1437 1440/1440 1439/1438 1436/1435
f 1442/1441 1445/1442 1444/1443 1441/1444
f 1443/1445 1446/1446 1445/1442 1442/1441
f 1445/1442 1448/1447 1447/1448 1444/1443
f 1446/1446 1449/1449 1448/1447 1445/1442
f 1448/1447 1451/1450 1450/1451 1447/1448
f 1449/1449 1452/1452 1451/1450 1448/1447
f 1451/1450 1454/1453 1453/1454 1450/1451
f 1452/1452 1455/1455 1454/1453 1451/1450
f 1454/1453 1457/1456 1456/1457 1453/1454
f 1455/1455 1458/1458 1457/1456 1454/1453
f 1457/1456 1460/1459 1459/1460 1456/1457
f 1458/1458 1461/1461 1460/1459 1457/1456
f 1460/1459 1463/1462 1462/1463 1459/1460
f 1461/1461 1464/1464 1463/1462 1460/1459
f 1463/1462 1466/1465 1465/1466 1462/1463
f 1464/1464 1467/1467 1466/1465 1463/1462
f 1466/1465 1469/1468 1468/1469 1465/1466
f 1467/1467 1470/1470 1469/1468 1466/1465
f 1469/1468 1472/1471 1471/1472 1468/1469
f 1470/1470 1473/1473 1472/1471 1469/1468
f 1472/1471 1475/1474 1474/1475 1471/1472
f 1473/1473 1476/1476 1475/1474 1472/1471
f 1475/1474 1478/1477 1477/1478 1474/1475
f 1476/1476 1479/1479 1478/1477 1475/1474
f 1478/1477 1481/1480 1480/1481 1477/1478
f 1479/1479 1482/1482 1481/1480 1478/1477
f 1481/1480 1484/1483 1483/1484 1480/1481
f 1482/1482 1485/1485 1484/1483 1481/1480
f 1484/1483 1487/1486 1486/1487 1483/1484
f 1485/1485 1488/1488 1487/1486 1484/1483
f 1490/1489 1493/1490 1492/1491 1489/1492
f 1491/1493 1494/1494 1493/1490 1490/1489
f 1493/1490 1496/1495 1495/1496 1492/1491
f 1494/1494 1497/1497 1496/1495 1493/1490
f 1496/1495 1499/1498 1498/1499 1495/1496
f 1497/1497 1500/1500 1499/1498 1496/1495
f 1499/1498 1502/1501 1501/1502 1498/1499
f 1500/1500 1503/1503 1502/1501 1499/1498
f 1502/1501 1505/1504 1504/1505 1501/1502
f 1503/1503 1506/1506 1505/1504 1502/1501
f 1505/1504 1508/1507 1507/1508 1504/1505
f 1506/1506 1509/1509 1508/1507 1505/1504
f 1508/1507 1511/1510 1510/1511 1507/1508
f 1509/1509 1512/1512 1511/1510 1508/1507
f 1511/1510 1514/1513 1513/1514 1510/1511
f 1512/1512 1515/1515 1514/1513 1511/1510
f 1514/1513 1517/1516 1516/1517 1513/1514
f 1515/1515 1518/1518 1517/1516 1514/1513
f 1517/1516 1520/1519 1519/1520 1516/1517
f 1518/1518 1521/1521 1520/1519 1517/1516
f 1520/1519 1523/1522 1522/1523 1519/1520
f 1521/1521 1524/1524 1523/1522 1520/1519
f 1523/1522 1526/1525 1525/1526 1522/1523
f 1524/1524 1527/1527 1526/1525 1523/1522
f 1526/1525 1529/1528 1528/1529 1525/1526
f 1527/1527 1530/1530 1529/1528 1526/1525
f 1529/1528 1532/1531 1531/1532 1528/1529
f 1530/1530 1533/1533 1532/1531 1529/1528
f 1532/1531 1535/1534 1534/1535 1531/1532
f 1533/1533 1536/1536 1535/1534 1532/1531
f 1538/1537 1541/1538 1540/1539 1537/1540
f 1539/1541 1542/1542 1541/1538 1538/1537
f 1541/1538 1544/1543 1543/1544 1540/1539
f 1542/1542 1545/1545 1544/1543 1541/1538
f 1544/1543 1547/1546 1546/1547 1543/1544
f 1545/1545 1548/1548 1547/1546 1544/1543
f 1547/1546 1550/1549 1549/1550 1546/1547
f 1548/1548 1551/1551 1550/1549 1547/1546
f 1550/1549 1553/1552 1552/1553 1549/1550
f 1551/1551 1554/1554 1553/1552 1550/1549
f 1553/1552 1556/1555 1555/1556 1552/1553
f 1554/1554 1557/1557 1556/1555 1553/1552
f 1556/1555 1559/1558 1558/1559 1555/1556
f 1557/1557 1560/1560 1559/1558 1556/1555
f 1559/1558 1562/1561 1561/1562 1558/1559
f 1560/1560 1563/1563 1562/1561 1559/1558
f 1562/1561 1565/1564 1564/1565 1561/1562
f 1563/1563 1566/1566 1565/1564 1562/1561
f 1565/1564 1568/1567 1567/1568 1564/1565
f 1566/1566 1569/1569 1568/1567 1565/1564
f 1568/1567 1571/1570 1570/1571 1567/1568
f 1569/1569 1572/1572 1571/1570 1568/1567
f 1571/1570 1574/1573 1573/1574 1570/1571
f 1572/1572 1575/1575 1574/1573 1571/1570
f 1574/1573 1577/1576 1576/1577 1573/1574
f 1575/1575 1578/1578 1577/1576 1574/1573
f 1577/1576 1580/1579 1579/1580 1576/1577
f 1578/1578 1581/1581 1580/1579 1577/1576
f 1580/1579 1583/1582 1582/1583 1579/1580
f 1581/1581 1584/1584 1583/1582 1580/1579
f 1586/1585 1589/1586 1588/1587 1585/1588
f 1587/1589 1590/1590 1589/1586 1586/1585
f 1589/1586 1592/1591 1591/1592 1588/1587
f 1590/1590 1593/1593 1592/1591 1589/1586
f 1592/1591 1595/1594 1594/1595 1591/1592
f 1593/1593 1596/1596 1595/1594 1592/1591
f 1595/1594 1598/1597 1597/1598 1594/1595
f 1596/1596 1599/1599 1598/1597 1595/1594
f 1598/1597 1601/1600 1600/1601 1597/1598
f 1599/1599 1602/1602 1601/1600 1598/1597
f 1601/1600 1604/1603 1603/1604 1600/1601
f 1602/1602 1605/1605 1604/1603 1601/1600
f 1604/1603 1607/1606 1606/1607 1603/1604
f 1605/1605 1608/1608 1607/1606 1604/1603
f 1607/1606 1610/1609 1609/1610 1606/1607
f 1608/1608 1611/1611 1610/1609 1607/1606
f 1610/1609 1613/1612 1612/1613 1609/1610
f 1611/1611 1614/1614 1613/1612 1610/1609
f 1613/1612 1616/1615 1615/1616 1612/1613
f 1614/1614 1617/1617 1616/1615 1613/1612
f 1616/1615 1619/1618 1618/1619 1615/1616
f 1617/1617 1620/1620 1619/1618 1616/1615
f 1619/1618 1622/1621 1621/1622 1618/1619
f 1620/1620 1623/1623 1622/1621 1619/1618
f 1622/1621 1625/1624 1624/1625 1621/1622
f 1623/1623 1626/1626 1625/1624 1622/1621
f 1625/1624 1628/1627 1627/1628 1624/1625
f 1626/1626 1629/1629 1628/1627 1625/1624
f 1628/1627 1631/1630 1630/1631 1627/1628
f 1629/1629 1632/1632 1631/1630 1628/1627
f 1634/1633 1637/1634 1636/1635 1633/1636
f 1635/1637 1638/1638 1637/1634 1634/1633
f 1637/1634 1640/1639 1639/1640 1636/1635
f 1638/1638 1641/1641 1640/1639 1637/1634
f 1640/1639 1643/1642 1642/1643 1639/1640
f 1641/1641 1644/1644 1643/1642 1640/1639
f 1643/1642 1646/1645 1645/1646 1642/1643
f 1644/1644 1647/1647 1646/1645 1643/1642
f 1646/1645 1649/1648 1648/1649 1645/1646
f 1647/1647 1650/1650 1649/1648 1646/1645
f 1649/1648 1652/1651 1651/1652 1648/1649
f 1650/1650 1653/1653 1652/1651 1649/1648
f 1652/1651 1655/1654 1654/1655 1651/1652
f 1653/1653 1656/1656 1655/1654 1652/1651
f 1655/1654 1658/1657 1657/1658 1654/1655
f 1656/1656 1659/1659 1658/1657 1655/1654
f 1658/1657 1661/1660 1660/1661 1657/1658
f 1659/1659 1662/1662 1661/1660 1658/1657
f 1661/1660 1664/1663 1663/1664 1660/1661
f 1662/1662 1665/1665 1664/1663 1661/1660
f 1664/1663 1667/1666 1666/1667 1663/1664
f 1665/1665 1668/1668 1667/1666 1664/1663
f 1667/1666 1670/1669 1669/1670 1666/1667
f 1668/1668 1671/1671 1670/1669 1667/1666
f 1670/1669 1673/1672 1672/1673 1669/1670
f 1671/1671 1674/1674 1673/1672 1670/1669
f 1673/1672 1676/1675 1675/1676 1672/1673
f 1674/1674 1677/1677 1676/1675 1673/1672
f 1676/1675 1679/1678 1678/1679 1675/1676
f 1677/1677 1680/1680 1679/1678 1676/1675
f 1682/1681 1685/1682 1684/1683 1681/1684
f 1683/1685 1686/1686 1685/1682 1682/1681
f 1685/1682 1688/1687 1687/1688 1684/1683
f 1686/1686 1689/1689 1688/1687 1685/1682
f 1688/1687 1691/1690 1690/1691 1687/1688
f 1689/1689 1692/1692 1691/1690 1688/1687
f 1691/1690 1694/1693 1693/1694 1690/1691
f 1692/1692 1695/1695 1694/1693 1691/1690
f 1694/1693 1697/1696 1696/1697 1693/1694
f 1695/1695 1698/1698 1697/1696 1694/1693
f 1697/1696 1700/1699 1699/1700 1696/1697
f 1698/1698 1701/1701 1700/1699 1697/1696
f 1700/1699 1703/1702 1702/1703 1699/1700
f 1701/1701 1704/1704 1703/1702 1700/1699
f 1703/1702 1706/1705 1705/1706 1702/1703
f 1704/1704 1707/1707 1706/1705 1703/1702
f 1706/1705 1709/1708 1708/1709 1705/1706
f 1707/1707 1710/1710 1709/1708 1706/1705
f 1709/1708 1712/1711 1711/1712 1708/1709
f 1710/1710 1713/1713 1712/1711 1709/1708
f 1712/1711 1715/1714 1714/1715 1711/1712
f 1713/1713 1716/1716 1715/1714 1712/1711
f 1715/1714 1718/1717 1717/1718 1714/1715
f 1716/1716 1719/1719 1718/1717 1715/1714
f 1718/1717 1721/1720 1720/1721 1717/1718
f 1719/1719 1722/1722 1721/1720 1718/1717
f 1721/1720 1724/1723 1723/1724 1720/1721
f 1722/1722 1725/1725 1724/1723 1721/1720
f 1724/1723 1727/1726 1726/1727 1723/1724
f 1725/1725 1728/1728 1727/1726 1724/1723
f 1730/1729 1733/1730 1732/1731 1729/1732
f 1731/1733 1734/1734 1733/1730 1730/1729
f 1733/1730 1736/1735 1735/1736 1732/1731
f 1734/1734 1737/1737 1736/1735 1733/1730
f 1736/1735 1739/1738 1738/1739 1735/1736
f 1737/1737 1740/1740 1739/1738 1736/1735
f 1739/1738 1742/1741 1741/1742 1738/1739
f 1740/1740 1743/1743 1742/1741 1739/1738
f 1742/1741 1745/1744 1744/1745 1741/1742
f 1743/1743 1746/1746 1745/1744 1742/1741
f 1745/1744 1748/1747 1747/1748 1744/1745
f 1746/1746 1749/1749 1748/1747 1745/1744
f 1748/1747 1751/1750 1750/1751 1747/1748
f 1749/1749 1752/1752 1751/1750 1748/1747
f 1751/1750 1754/1753 1753/1754 1750/1751
f 1752/1752 1755/1755 1754/1753 1751/1750
f 1754/1753 1757/1756 1756/1757 1753/1754
f 1755/1755 1758/1758 1757/1756 1754/1753
f 1757/1756 1760/1759 1759/1760 1756/1757
f 1758/1758 1761/1761 1760/1759 1757/1756
f 1760/1759 1763/1762 1762/1763 1759/1760
f 1761/1761 1764/1764 1763/1762 1760/1759
f 1763/1762 1766/1765 1765/1766 1762/1763
f 1764/1764 1767/1767 1766/1765 1763/1762
f 1766/1765 1769/1768 1768/1769 1765/1766
f 1767/1767 1770/1770 1769/1768 1766/1765
f 1769/1768 1772/1771 1771/1772 1768/1769
f 1770/1770 1773/1773 1772/1771 1769/1768
f 1772/1771 1775/1774 1774/1775 1771/1772
f 1773/1773 1776/1776 1775/1774 1772/1771
f 1778/1777 1781/1778 1780/1779 1777/1780
f 1779/1781 1782/1782 1781/1778 1778/1777
f 1781/1778 1784/1783 1783/1784 1780/1779
f 1782/1782 1785/1785 1784/1783 1781/1778
f 1784/1783 1787/1786 1786/1787 1783/1784
f 1785/1785 1788/1788 1787/1786 1784/1783
f 1787/1786 1790/1789 1789/1790 1786/1787
f 1788/1788 1791/1791 1790/1789 1787/1786
f 1790/1789 1793/1792 1792/1793 1789/1790
f 1791/1791 1794/1794 1793/1792 1790/1789
f 1793/1792 1796/1795 1795/1796 1792/1793
f 1794/1794 1797/1797 1796/1795 1793/1792
f 1796/1795 1799/1798 1798/1799 1795/1796
f 1797/1797 1800/1800 1799/1798 1796/1795
f 1799/1798 1802/1801 1801/1802 1798/1799
f 1800/1800 1803/1803 1802/1801 1799/1798
f 1802/1801 1805/1804 1804/1805 1801/1802
f 1803/1803 1806/1806 1805/1804 1802/1801
f 1805/1804 1808/1807 1807/1808 1804/1805
f 1806/1806 1809/1809 1808/1807 1805/1804
f 1808/1807 1811/1810 1810/1811 1807/1808
f 1809/1809 1812/1812 1811/1810 1808/1807
f 1811/1810 1814/1813 1813/1814 1810/1811
f 1812/1812 1815/1815 1814/1813 1811/1810
f 1814/1813 1817/1816 1816/1817 1813/1814
f 1815/1815 1818/1818 1817/1816 1814/1813
f 1817/1816 1820/1819 1819/1820 1816/1817
f 1818/1818 1821/1821 1820/1819 1817/1816
f 1820/1819 1823/1822 1822/1823 1819/1820
f 1821/1821 1824/1824 1823/1822 1820/1819
f 1826/1825 1829/1826 1828/1827 1825/1828
f 1827/1829 1830/1830 1829/1826 1826/1825
f 1829/1826 1832/1831 1831/1832 1828/1827
f 1830/1830 1833/1833 1832/1831 1829/1826
f 1832/1831 1835/1834 1834/1835 1831/1832
f 1833/1833 1836/1836 1835/1834 1832/1831
f 1835/1834 1838/1837 1837/1838 1834/1835
f 1836/1836 1839/1839 1838/1837 1835/1834
f 1838/1837 1841/1840 1840/1841 1837/1838
f 1839/1839 1842/1842 1841/1840 1838/1837
f 1841/1840 1844/1843 1843/1844 1840/1841
f 1842/1842 1845/1845 1844/1843 1841/1840
f 1844/1843 1847/1846 1846/1847 1843/1844
f 1845/1845 1848/1848 1847/1846 1844/1843
f 1847/1846 1850/1849 1849/1850 1846/1847
f 1848/1848 1851/1851 1850/1849 1847/1846
f 1850/1849 1853/1852 1852/1853 1849/1850
f 1851/1851 1854/1854 1853/1852 1850/1849
f 1853/1852 1856/1855 1855/1856 1852/1853
f 1854/1854 1857/1857 1856/1855 1853/1852
f 1856/1855 1859/1858 1858/1859 1855/1856
f 1857/1857 1860/1860 1859/1858 1856/1855
f 1859/1858 1862/1861 1861/1862 1858/1859
f 1860/1860 1863/1863 1862/1861 1859/1858
f 1862/1861 1865/1864 1864/1865 1861/1862
f 1863/1863 1866/1866 1865/1864 1862/1861
f 1865/1864 1868/1867 1867/1868 1864/1865
f 1866/1866 1869/1869 1868/1867 1865/1864
f 1868/1867 1871/1870 1870/1871 1867/1868
f 1869/1869 1872/1872 1871/1870 1868/1867
f 1874/1873 1877/1874 1876/1875 1873/1876
f 1875/1877 1878/1878 1877/1874 1874/1873
f 1877/1874 1880/1879 1879/1880 1876/1875
f 1878/1878 1881/1881 1880/1879 1877/1874
f 1880/1879 1883/1882 1882/1883 1879/1880
f 1881/1881 1884/1884 1883/1882 1880/1879
f 1883/1882 1886/1885 1885/1886 1882/1883
f 1884/1884 1887/1887 1886/1885 1883/1882
f 1886/1885 1889/1888 1888/1889 1885/1886
f 1887/1887 1890/1890 1889/1888 1886/1885
f 1889/1888 1892/1891 1891/1892 1888/1889
f 1890/1890 1893/1893 1892/1891 1889/1888
f 1892/1891 1895/1894 1894/1895 1891/1892
f 1893/1893 1896/1896 1895/1894 1892/1891
f 1895/1894 1898/1897 1897/1898 1894/1895
f 1896/1896 1899/1899 1898/1897 1895/1894
f 1898/1897 1901/1900 1900/1901 1897/1898
f 1899/1899 1902/1902 1901/1900 1898/1897
f 1901/1900 1904/1903 1903/1904 1900/1901
f 1902/1902 1905/1905 1904/1903 1901/1900
f 1904/1903 1907/1906 1906/1907 1903/1904
f 1905/1905 1908/1908 1907/1906 1904/1903
f 1907/1906 1910/1909 1909/1910 1906/1907
f 1908/1908 1911/1911 1910/1909 1907/1906
f 1910/1909 1913/1912 1912/1913 1909/1910
f 1911/1911 1914/1914 1913/1912 1910/1909
f 1913/1912 1916/1915 1915/1916 1912/1913
f 1914/1914 1917/1917 1916/1915 1913/1912
f 1916/1915 1919/1918 1918/1919 1915/1916
f 1917/1917 1920/1920 1919/1918 1916/1915
f 1922/1921 1925/1922 1924/1923 1921/1924
f 1923/1925 1926/1926 1925/1922 1922/1921
f 1925/1922 1928/1927 1927/1928 1924/1923
f 1926/1926 1929/1929 1928/1927 1925/1922
f 1928/1927 1931/1930 1930/1931 1927/1928
f 1929/1929 1932/1932 1931/1930 1928/1927
f 1931/1930 1934/1933 1933/1934 1930/1931
f 1932/1932 1935/1935 1934/1933 1931/1930
f 1934/1933 1937/1936 1936/1937 1933/1934
f 1935/1935 1938/1938 1937/1936 1934/1933
f 1937/1936 1940/1939 1939/1940 1936/1937
f 1938/1938 1941/1941 1940/1939 1937/1936
f 1940/1939 1943/1942 1942/1943 1939/1940
f 1941/1941 1944/1944 1943/1942 1940/1939
f 1943/1942 1946/1945 1945/1946 1942/1943
f 1944/1944 1947/1947 1946/1945 1943/1942
f 1946/1945 1949/1948 1948/1949 1945/1946
f 1947/1947 1950/1950 1949/1948 1946/1945
f 1949/1948 1952/1951 1951/1952 1948/1949
f 1950/1950 1953/1953 1952/1951 1949/1948
f 1952/1951 1955/1954 1954/1955 1951/1952
f 1953/1953 1956/1956 1955/1954 1952/1951
f 1955/1954 1958/1957 1957/1958 1954/1955
f 1956/1956 1959/1959 1958/1957 1955/1954
f 1958/1957 1961/1960 1960/1961 1957/1958
f 1959/1959 1962/1962 1961/1960 1958/1957
f 1961/1960 1964/1963 1963/1964 1960/1961
f 1962/1962 1965/1965 1964/1963 1961/1960
f 1964/1963 1967/1966 1966/1967 1963/1964
f 1965/1965 1968/1968 1967/1966 1964/1963
f 1970/1969 1973/1970 1972/1971 1969/1972
f 1971/1973 1974/1974 1973/1970 1970/1969
f 1973/1970 1976/1975 1975/1976 1972/1971
f 1974/1974 1977/1977 1976/1975 1973/1970
f 1976/1975 1979/1978 1978/1979 1975/1976
f 1977/1977 1980/1980 1979/1978 1976/1975
f 1979/1978 1982/1981 1981/1982 1978/1979
f 1980/1980 1983/1983 1982/1981 1979/1978
f 1982/1981 1985/1984 1984/1985 1981/1982
f 1983/1983 1986/1986 1985/1984 1982/1981
f 1985/1984 1988/1987 1987/1988 1984/1985
f 1986/1986 1989/1989 1988/1987 1985/1984
f 1988/1987 1991/1990 1990/1991 1987/1988
f 1989/1989 1992/1992 1991/1990 1988/1987
f 1991/1990 1994/1993 1993/1994 1990/1991
f 1992/1992 1995/1995 1994/1993 1991/1990
f 1994/1993 1997/1996 1996/1997 1993/1994
f 1995/1995 1998/1998 1997/1996 1994/1993
f 1997/1996 2000/1999 1999/2000 1996/1997
f 1998/1998 2001/2001 2000/1999 1997/1996
f 2000/1999 2003/2002 2002/2003 1999/2000
f 2001/2001 2004/2004 2003/2002 2000/1999
f 2003/2002 2006/2005 2005/2006 2002/2003
f 2004/2004 2007/2007 2006/2005 2003/2002
f 2006/2005 2009/2008 2008/2009 2005/2006
f 2007/2007 2010/2010 2009/2008 2006/2005
f 2009/2008 2012/2011 2011/2012 2008/2009
f 2010/2010 2013/2013 2012/2011 2009/2008
f 2012/2011 2015/2014 2014/2015 2011/2012
f 2013/2013 2016/2016 2015/2014 2012/2011
f 2018/2017 2021/2018 2020/2019 2017/2020
f 2019/2021 2022/2022 2021/2018 2018/2017
f 2021/2018 2024/2023 2023/2024 2020/2019
f 2022/2022 2025/2025 2024/2023 2021/2018
f 2024/2023 2027/2026 2026/2027 2023/2024
f 2025/2025 2028/2028 2027/2026 2024/2023
f 2027/2026 2030/2029 2029/2030 2026/2027
f 2028/2028 2031/2031 2030/2029 2027/2026
f 2030/2029 2033/2032 2032/2033 2029/2030
f 2031/2031 2034/2034 2033/2032 2030/2029
f 2033/2032 2036/2035 2035/2036 2032/2033
f 2034/2034 2037/2037 2036/2035 2033/2032
f 2036/2035 2039/2038 2038/2039 2035/2036
f 2037/2037 2040/2040 2039/2038 2036/2035
f 2042/2041 2041/2042 2044/2043 2045/2044
f 2043/2045 2042/2041 2045/2044 2046/2046
f 2045/2044 2044/2043 2047/2047 2048/2048
f 2046/2046 2045/2044 2048/2048 2049/2049
f 2048/2048 2047/2047 2050/2050 2051/2051
f 2049/2049 2048/2048 2051/2051 2052/2052
f 2051/2051 2050/2050 2053/2053 2054/2054
f 2052/2052 2051/2051 2054/2054 2055/2055
f 2054/2054 2053/2053 2056/2056 2057/2057
f 2055/2055 2054/2054 2057/2057 2058/2058
f 2057/2057 2056/2056 2059/2059 2060/2060
f 2058/2058 2057/2057 2060/2060 2061/2061
f 2060/2060 2059/2059 2062/2062 2063/2063
f 2061/2061 2060/2060 2063/2063 2064/2064
f 2063/2063 2062/2062 2065/2065 2066/2066
f 2064/2064 2063/2063 2066/2066 2067/2067
f 2066/2066 2065/2065 2068/2068 2069/2069
f 2067/2067 2066/2066 2069/2069 2070/2070
f 2069/2069 2068/2068 2071/2071 2072/2072
f 2070/2070 2069/2069 2072/2072 2073/2073
f 2072/2072 2071/2071 2074/2074 2075/2075
f 2073/2073 2072/2072 2075/2075 2076/2076
f 2075/2075 2074/2074 2077/2077 2078/2078
f 2076/2076 2075/2075 2078/2078 2079/2079
f 2078/2078 2077/2077 2080/2080 2081/2081
f 2079/2079 2078/2078 2081/2081 2082/2082
f 2081/2081 2080/2080 2083/2083 2084/2084
f 2082/2082 2081/2081 2084/2084 2085/2085
f 2084/2084 2083/2083 2086/2086 2087/2087
f 2085/2085 2084/2084 2087/2087 2088/2088
f 2090/2089 2089/2090 2092/2091 2093/2092
f 2091/2093 2090/2089 2093/2092 2094/2094
f 2093/2092 2092/2091 2095/2095 2096/2096
f 2094/2094 2093/2092 2096/2096 2097/2097
f 2096/2096 2095/2095 2098/2098 2099/2099
f 2097/2097 2096/2096 2099/2099 2100/2100
f 2099/2099 2098/2098 2101/2101 2102/2102
f 2100/2100 2099/2099 2102/2102 2103/2103
f 2102/2102 2101/2101 2104/2104 2105/2105
f 2103/2103 2102/2102 2105/2105 2106/2106
f 2105/2105 2104/2104 2107/2107 2108/2108
f 2106/2106 2105/2105 2108/2108 2109/2109
f 2108/2108 2107/2107 2110/2110 2111/2111
f 2109/2109 2108/2108 2111/2111 2112/2112
f 2111/2111 2110/2110 2113/2113 2114/2114
f 2112/2112 2111/2111 2114/2114 2115/2115
f 2114/2114 2113/2113 2116/2116 2117/2117
f 2115/2115 2114/2114 2117/2117 2118/2118
f 2117/2117 2116/2116 2119/2119 2120/2120
f 2118/2118 2117/2117 2120/2120 2121/2121
f 2120/2120 2119/2119 2122/2122 2123/2123
f 2121/2121 2120/2120 2123/2123 2124/2124
f 2123/2123 2122/2122 2125/2125 2126/2126
f 2124/2124 2123/2123 2126/2126 2127/2127
f 2126/2126 2125/2125 2128/2128 2129/2129
f 2127/2127 2126/2126 2129/2129 2130/2130
f 2129/2129 2128/2128 2131/2131 2132/2132
f 2130/2130 2129/2129 2132/2132 2133/2133
f 2132/2132 2131/2131 2134/2134 2135/2135
f 2133/2133 2132/2132 2135/2135 2136/2136
f 2138/2137 2137/2138 2140/2139 2141/2140
f 2139/2141 2138/2137 2141/2140 2142/2142
f 2141/2140 2140/2139 2143/2143 2144/2144
f 2142/2142 2141/2140 2144/2144 2145/2145
f 2144/2144 2143/2143 2146/2146 2147/2147
f 2145/2145 2144/2144 2147/2147 2148/2148
f 2147/2147 2146/2146 2149/2149 2150/2150
f 2148/2148 2147/2147 2150/2150 2151/2151
f 2150/2150 2149/2149 2152/2152 2153/2153
f 2151/2151 2150/2150 2153/2153 2154/2154
f 2153/2153 2152/2152 2155/2155 2156/2156
f 2154/2154 2153/2153 2156/2156 2157/2157
f 2156/2156 2155/2155 2158/2158 2159/2159
f 2157/2157 2156/2156 2159/2159 2160/2160
f 2159/2159 2158/2158 2161/2161 2162/2162
f 2160/2160 2159/2159 2162/2162 2163/2163
f 2162/2162 2161/2161 2164/2164 2165/2165
f 2163/2163 2162/2162 2165/2165 2166/2166
f 2165/2165 2164/2164 2167/2167 2168/2168
f 2166/2166 2165/2165 2168/2168 2169/2169
f 2168/2168 2167/2167 2170/2170 2171/2171
f 2169/2169 2168/2168 2171/2171 2172/2172
f 2171/2171 2170/2170 2173/2173 2174/2174
f 2172/2172 2171/2171 2174/2174 2175/2175
f 2174/2174 2173/2173 2176/2176 2177/2177
f 2175/2175 2174/2174 2177/2177 2178/2178
f 2177/2177 2176/2176 2179/2179 2180/2180
f 2178/2178 2177/2177 2180/2180 2181/2181
f 2180/2180 2179/2179 2182/2182 2183/2183
f 2181/2181 2180/2180 2183/2183 2184/2184
f 2186/2185 2185/2186 2188/2187 2189/2188
f 2187/2189 2186/2185 2189/2188 2190/2190
f 2189/2188 2188/2187 2191/2191 2192/2192
f 2190/2190 2189/2188 2192/2192 2193/2193
f 2192/2192 2191/2191 2194/2194 2195/2195
f 2193/2193 2192/2192 2195/2195 2196/2196
f 2195/2195 2194/2194 2197/2197 2198/2198
f 2196/2196 2195/2195 2198/2198 2199/2199
f 2198/2198 2197/2197 2200/2200 2201/2201
f 2199/2199 2198/2198 2201/2201 2202/2202
f 2201/2201 2200/2200 2203/2203 2204/2204
f 2202/2202 2201/2201 2204/2204 2205/2205
f 2204/2204 2203/2203 2206/2206 2207/2207
f 2205/2205 2204/2204 2207/2207 2208/2208
f 2207/2207 2206/2206 2209/2209 2210/2210
f 2208/2208 2207/2207 2210/2210 2211/2211
f 2210/2210 2209/2209 2212/2212 2213/2213
f 2211/2211 2210/2210 2213/2213 2214/2214
f 2213/2213 2212/2212 2215/2215 2216/2216
f 2214/2214 2213/2213 2216/2216 2217/2217
f 2216/2216 2215/2215 2218/2218 2219/2219
f 2217/2217 2216/2216 2219/2219 2220/2220
f 2219/2219 2218/2218 2221/2221 2222/2222
f 2220/2220 2219/2219 2222/2222 2223/2223
f 2222/2222 2221/2221 2224/2224 2225/2225
f 2223/2223 2222/2222 2225/2225 2226/2226
f 2225/2225 2224/2224 2227/2227 2228/2228
f 2226/2226 2225/2225 2228/2228 2229/2229
f 2228/2228 2227/2227 2230/2230 2231/2231
f 2229/2229 2228/2228 2231/2231 2232/2232
f 2234/2233 2233/2234 2236/2235 2237/2236
f 2235/2237 2234/2233 2237/2236 2238/2238
f 2237/2236 2236/2235 2239/2239 2240/2240
f 2238/2238 2237/2236 2240/2240 2241/2241
f 2240/2240 2239/2239 2242/2242 2243/2243
f 2241/2241 2240/2240 2243/2243 2244/2244
f 2243/2243 2242/2242 2245/2245 2246/2246
f 2244/2244 2243/2243 2246/2246 2247/2247
f 2246/2246 2245/2245 2248/2248 2249/2249
f 2247/2247 2246/2246 2249/2249 2250/2250
f 2249/2249 2248/2248 2251/2251 2252/2252
f 2250/2250 2249/2249 2252/2252 2253/2253
f 2252/2252 2251/2251 2254/2254 2255/2255
f 2253/2253 2252/2252 2255/2255 2256/2256
f 2255/2255 2254/2254 2257/2257 2258/2258
f 2256/2256 2255/2255 2258/2258 2259/2259
f 2258/2258 2257/2257 2260/2260 2261/2261
f 2259/2259 2258/2258 2261/2261 2262/2262
f 2261/2261 2260/2260 2263/2263 2264/2264
f 2262/2262 2261/2261 2264/2264 2265/2265
f 2264/2264 2263/2263 2266/2266 2267/2267
f 2265/2265 2264/2264 2267/2267 2268/2268
f 2267/2267 2266/2266 2269/2269 2270/2270
f 2268/2268 2267/2267 2270/2270 2271/2271
f 2270/2270 2269/2269 2272/2272 2273/2273
f 2271/2271 2270/2270 2273/2273 2274/2274
f 2273/2273 2272/2272 2275/2275 2276/2276
f 2274/2274 2273/2273 2276/2276 2277/2277
f 2276/2276 2275/2275 2278/2278 2279/2279
f 2277/2277 2276/2276 2279/2279 2280/2280
f 2282/2281 2281/2282 2284/2283 2285/2284
f 2283/2285 2282/2281 2285/2284 2286/2286
f 2285/2284 2284/2283 2287/2287 2288/2288
f 2286/2286 2285/2284 2288/2288 2289/2289
f 2288/2288 2287/2287 2290/2290 2291/2291
f 2289/2289 2288/2288 2291/2291 2292/2292
f 2291/2291 2290/2290 2293/2293 2294/2294
f 2292/2292 2291/2291 2294/2294 2295/2295
f 2294/2294 2293/2293 2296/2296 2297/2297
f 2295/2295 2294/2294 2297/2297 2298/2298
f 2297/2297 2296/2296 2299/2299 2300/2300
f 2298/2298 2297/2297 2300/2300 2301/2301
f 2300/2300 2299/2299 2302/2302 2303/2303
f 2301/2301 2300/2300 2303/2303 2304/2304
f 2303/2303 2302/2302 2305/2305 2306/2306
f 2304/2304 2303/2303 2306/2306 2307/2307
f 2306/2306 2305/2305 2308/2308 2309/2309
f 2307/2307 2306/2306 2309/2309 2310/2310
f 2309/2309 2308/2308 2311/2311 2312/2312
f 2310/2310 2309/2309 2312/2312 2313/2313
f 2312/2312 2311/2311 2314/2314 2315/2315
f 2313/2313 2312/2312 2315/2315 2316/2316
f 2315/2315 2314/2314 2317/2317 2318/2318
f 2316/2316 2315/2315 2318/2318 2319/2319
f 2318/2318 2317/2317 2320/2320 2321/2321
f 2319/2319 2318/2318 2321/2321 2322/2322
f 2321/2321 2320/2320 2323/2323 2324/2324
f 2322/2322 2321/2321 2324/2324 2325/2325
f 2324/2324 2323/2323 2326/2326 2327/2327
f 2325/2325 2324/2324 2327/2327 2328/2328
f 2330/2329 2329/2330 2332/2331 2333/2332
f 2331/2333 2330/2329 2333/2332 2334/2334
f 2333/2332 2332/2331 2335/2335 2336/2336
f 2334/2334 2333/2332 2336/2336 2337/2337
f 2336/2336 2335/2335 2338/2338 2339/2339
f 2337/2337 2336/2336 2339/2339 2340/2340
f 2339/2339 2338/2338 2341/2341 2342/2342
f 2340/2340 2339/2339 2342/2342 2343/2343
f 2342/2342 2341/2341 2344/2344 2345/2345
f 2343/2343 2342/2342 2345/2345 2346/2346
f 2345/2345 2344/2344 2347/2347 2348/2348
f 2346/2346 2345/2345 2348/2348 2349/2349
f 2348/2348 2347/2347 2350/2350 2351/2351
f 2349/2349 2348/2348 2351/2351 2352/2352
f 2351/2351 2350/2350 2353/2353 2354/2354
f 2352/2352 2351/2351 2354/2354 2355/2355
f 2354/2354 2353/2353 2356/2356 2357/2357
f 2355/2355 2354/2354 2357/2357 2358/2358
f 2357/2357 2356/2356 2359/2359 2360/2360
f 2358/2358 2357/2357 2360/2360 2361/2361
f 2360/2360 2359/2359 2362/2362 2363/2363
f 2361/2361 2360/2360 2363/2363 2364/2364
f 2363/2363 2362/2362 2365/2365 2366/2366
f 2364/2364 2363/2363 2366/2366 2367/2367
f 2366/2366 2365/2365 2368/2368 2369/2369
f 2367/2367 2366/2366 2369/2369 2370/2370
f 2369/2369 2368/2368 2371/2371 2372/2372
f 2370/2370 2369/2369 2372/2372 2373/2373
f 2372/2372 2371/2371 2374/2374 2375/2375
f 2373/2373 2372/2372 2375/2375 2376/2376
f 2378/2377 2377/2378 2380/2379 2381/2380
f 2379/2381 2378/2377 2381/2380 2382/2382
f 2381/2380 2380/2379 2383/2383 2384/2384
f 2382/2382 2381/2380 2384/2384 2385/2385
f 2384/2384 2383/2383 2386/2386 2387/2387
f 2385/2385 2384/2384 2387/2387 2388/2388
f 2387/2387 2386/2386 2389/2389 2390/2390
f 2388/2388 2387/2387 2390/2390 2391/2391
f 2390/2390 2389/2389 2392/2392 2393/2393
f 2391/2391 2390/2390 2393/2393 2394/2394
f 2393/2393 2392/2392 2395/2395 2396/2396
f 2394/2394 2393/2393 2396/2396 2397/2397
f 2396/2396 2395/2395 2398/2398 2399/2399
f 2397/2397 2396/2396 2399/2399 2400/2400
f 2399/2399 2398/2398 2401/2401 2402/2402
f 2400/2400 2399/2399 2402/2402 2403/2403
f 2402/2402 2401/2401 2404/2404 2405/2405
f 2403/2403 2402/2402 2405/2405 2406/2406
f 2405/2405 2404/2404 2407/2407 2408/2408
f 2406/2406 2405/2405 2408/2408 2409/2409
f 2408/2408 2407/2407 2410/2410 2411/2411
f 2409/2409 2408/2408 2411/2411 2412/2412
f 2411/2411 2410/2410 2413/2413 2414/2414
f 2412/2412 2411/2411 2414/2414 2415/2415
f 2414/2414 2413/2413 2416/2416 2417/2417
f 2415/2415 2414/2414 2417/2417 2418/2418
f 2417/2417 2416/2416 2419/2419 2420/2420
f 2418/2418 2417/2417 2420/2420 2421/2421
f 2420/2420 2419/2419 2422/2422 2423/2423
f 2421/2421 2420/2420 2423/2423 2424/2424
f 2426/2425 2425/2426 2428/2427 2429/2428
f 2427/2429 2426/2425 2429/2428 2430/2430
f 2429/2428 2428/2427 2431/2431 2432/2432
f 2430/2430 2429/2428 2432/2432 2433/2433
f 2432/2432 2431/2431 2434/2434 2435/2435
f 2433/2433 2432/2432 2435/2435 2436/2436
f 2435/2435 2434/2434 2437/2437 2438/2438
f 2436/2436 2435/2435 2438/2438 2439/2439
f 2438/2438 2437/2437 2440/2440 2441/2441
f 2439/2439 2438/2438 2441/2441 2442/2442
f 2441/2441 2440/2440 2443/2443 2444/2444
f 2442/2442 2441/2441 2444/2444 2445/2445
f 2444/2444 2443/2443 2446/2446 2447/2447
f 2445/2445 2444/2444 2447/2447 2448/2448
f 2447/2447 2446/2446 2449/2449 2450/2450
f 2448/2448 2447/2447 2450/2450 2451/2451
f 2450/2450 2449/2449 2452/2452 2453/2453
f 2451/2451 2450/2450 2453/2453 2454/2454
f 2453/2453 2452/2452 2455/2455 2456/2456
f 2454/2454 2453/2453 2456/2456 2457/2457
f 2456/2456 2455/2455 2458/2458 2459/2459
f 2457/2457 2456/2456 2459/2459 2460/2460
f 2459/2459 2458/2458 2461/2461 2462/2462
f 2460/2460 2459/2459 2462/2462 2463/2463
f 2462/2462 2461/2461 2464/2464 2465/2465
f 2463/2463 2462/2462 2465/2465 2466/2466
f 2465/2465 2464/2464 2467/2467 2468/2468
f 2466/2466 2465/2465 2468/2468 2469/2469
f 2468/2468 2467/2467 2470/2470 2471/2471
f 2469/2469 2468/2468 2471/2471 2472/2472
f 2474/2473 2473/2474 2476/2475 2477/2476
f 2475/2477 2474/2473 2477/2476 2478/2478
f 2477/2476 2476/2475 2479/2479 2480/2480
f 2478/2478 2477/2476 2480/2480 2481/2481
f 2480/2480 2479/2479 2482/2482 2483/2483
f 2481/2481 2480/2480 2483/2483 2484/2484
f 2483/2483 2482/2482 2485/2485 2486/2486
f 2484/2484 2483/2483 2486/2486 2487/2487
f 2486/2486 2485/2485 2488/2488 2489/2489
f 2487/2487 2486/2486 2489/2489 2490/2490
f 2489/2489 2488/2488 2491/2491 2492/2492
f 2490/2490 2489/2489 2492/2492 2493/2493
f 2492/2492 2491/2491 2494/2494 2495/2495
f 2493/2493 2492/2492 2495/2495 2496/2496
f 2495/2495 2494/2494 2497/2497 2498/2498
f 2496/2496 2495/2495 2498/2498 2499/2499
f 2498/2498 2497/2497 2500/2500 2501/2501
f 2499/2499 2498/2498 2501/2501 2502/2502
f 2501/2501 2500/2500 2503/2503 2504/2504
f 2502/2502 2501/2501 2504/2504 2505/2505
f 2504/2504 2503/2503 2506/2506 2507/2507
f 2505/2505 2504/2504 2507/2507 2508/2508
f 2507/2507 2506/2506 2509/2509 2510/2510
f 2508/2508 2507/2507 2510/2510 2511/2511
f 2510/2510 2509/2509 2512/2512 2513/2513
f 2511/2511 2510/2510 2513/2513 2514/2514
f 2513/2513 2512/2512 2515/2515 2516/2516
f 2514/2514 2513/2513 2516/2516 2517/2517
f 2516/2516 2515/2515 2518/2518 2519/2519
f 2517/2517 2516/2516 2519/2519 2520/2520
f 2522/2521 2521/2522 2524/2523 2525/2524
f 2523/2525 2522/2521 2525/2524 2526/2526
f 2525/2524 2524/2523 2527/2527 2528/2528
f 2526/2526 2525/2524 2528/2528 2529/2529
f 2528/2528 2527/2527 2530/2530 2531/2531
f 2529/2529 2528/2528 2531/2531 2532/2532
f 2531/2531 2530/2530 2533/2533 2534/2534
f 2532/2532 2531/2531 2534/2534 2535/2535
f 2534/2534 2533/2533 2536/2536 2537/2537
f 2535/2535 2534/2534 2537/2537 2538/2538
f 2537/2537 2536/2536 2539/2539 2540/2540
f 2538/2538 2537/2537 2540/2540 2541/2541
f 2540/2540 2539/2539 2542/2542 2543/2543
f 2541/2541 2540/2540 2543/2543 2544/2544
f 2543/2543 2542/2542 2545/2545 2546/2546
f 2544/2544 2543/2543 2546/2546 2547/2547
f 2546/2546 2545/2545 2548/2548 2549/2549
f 2547/2547 2546/2546 2549/2549 2550/2550
f 2549/2549 2548/2548 2551/2551 2552/2552
f 2550/2550 2549/2549 2552/2552 2553/2553
f 2552/2552 2551/2551 2554/2554 2555/2555
f 2553/2553 2552/2552 2555/2555 2556/2556
f 2555/2555 2554/2554 2557/2557 2558/2558
f 2556/2556 2555/2555 2558/2558 2559/2559
f 2558/2558 2557/2557 2560/2560 2561/2561
f 2559/2559 2558/2558 2561/2561 2562/2562
f 2561/2561 2560/2560 2563/2563 2564/2564
f 2562/2562 2561/2561 2564/2564 2565/2565
f 2564/2564 2563/2563 2566/2566 2567/2567
f 2565/2565 2564/2564 2567/2567 2568/2568
f 2570/2569 2569/2570 2572/2571 2573/2572
f 2571/2573 2570/2569 2573/2572 2574/2574
f 2573/2572 2572/2571 2575/2575 2576/2576
f 2574/2574 2573/2572 2576/2576 2577/2577
f 2576/2576 2575/2575 2578/2578 2579/2579
f 2577/2577 2576/2576 2579/2579 2580/2580
f 2579/2579 2578/2578 2581/2581 2582/2582
f 2580/2580 2579/2579 2582/2582 2583/2583
f 2582/2582 2581/2581 2584/2584 2585/2585
f 2583/2583 2582/2582 2585/2585 2586/2586
f 2585/2585 2584/2584 2587/2587 2588/2588
f 2586/2586 2585/2585 2588/2588 2589/2589
f 2588/2588 2587/2587 2590/2590 2591/2591
f 2589/2589 2588/2588 2591/2591 2592/2592
f 2591/2591 2590/2590 2593/2593 2594/2594
f 2592/2592 2591/2591 2594/2594 2595/2595
f 2594/2594 2593/2593 2596/2596 2597/2597
f 2595/2595 2594/2594 2597/2597 2598/2598
f 2597/2597 2596/2596 2599/2599 2600/2600
f 2598/2598 2597/2597 2600/2600 2601/2601
f 2600/2600 2599/2599 2602/2602 2603/2603
f 2601/2601 2600/2600 2603/2603 2604/2604
f 2603/2603 2602/2602 2605/2605 2606/2606
f 2604/2604 2603/2603 2606/2606 2607/2607
f 2606/2606 2605/2605 2608/2608 2609/2609
f 2607/2607 2606/2606 2609/2609 2610/2610
f 2609/2609 2608/2608 2611/2611 2612/2612
f 2610/2610 2609/2609 2612/2612 2613/2613
f 2612/2612 2611/2611 2614/2614 2615/2615
f 2613/2613 2612/2612 2615/2615 2616/2616
f 2618/2617 2617/2618 2620/2619 2621/2620
f 2619/2621 2618/2617 2621/2620 2622/2622
f 2621/2620 2620/2619 2623/2623 2624/2624
f 2622/2622 2621/2620 2624/2624 2625/2625
f 2624/2624 2623/2623 2626/2626 2627/2627
f 2625/2625 2624/2624 2627/2627 2628/2628
f 2627/2627 2626/2626 2629/2629 2630/2630
f 2628/2628 2627/2627 2630/2630 2631/2631
f 2630/2630 2629/2629 2632/2632 2633/2633
f 2631/2631 2630/2630 2633/2633 2634/2634
f 2633/2633 2632/2632 2635/2635 2636/2636
f 2634/2634 2633/2633 2636/2636 2637/2637
f 2636/2636 2635/2635 2638/2638 2639/2639
f 2637/2637 2636/2636 2639/2639 2640/2640
f 2639/2639 2638/2638 2641/2641 2642/2642
f 2640/2640 2639/2639 2642/2642 2643/2643
f 2642/2642 2641/2641 2644/2644 2645/2645
f 2643/2643 2642/2642 2645/2645 2646/2646
f 2645/2645 2644/2644 2647/2647 2648/2648
f 2646/2646 2645/2645 2648/2648 2649/2649
f 2648/2648 2647/2647 2650/2650 2651/2651
f 2649/2649 2648/2648 2651/2651 2652/2652
f 2651/2651 2650/2650 2653/2653 2654/2654
f 2652/2652 2651/2651 2654/2654 2655/2655
f 2654/2654 2653/2653 2656/2656 2657/2657
f 2655/2655 2654/2654 2657/2657 2658/2658
f 2657/2657 2656/2656 2659/2659 2660/2660
f 2658/2658 2657/2657 2660/2660 2661/2661
f 2660/2660 2659/2659 2662/2662 2663/2663
f 2661/2661 2660/2660 2663/2663 2664/2664
f 2666/2665 2665/2666 2668/2667 2669/2668
f 2667/2669 2666/2665 2669/2668 2670/2670
f 2669/2668 2668/2667 2671/2671 2672/2672
f 2670/2670 2669/2668 2672/2672 2673/2673
f 2672/2672 2671/2671 2674/2674 2675/2675
f 2673/2673 2672/2672 2675/2675 2676/2676
f 2675/2675 2674/2674 2677/2677 2678/2678
f 2676/2676 2675/2675 2678/2678 2679/2679
f 2678/2678 2677/2677 2680/2680 2681/2681
f 2679/2679 2678/2678 2681/2681 2682/2682
f 2681/2681 2680/2680 2683/2683 2684/2684
f 2682/2682 2681/2681 2684/2684 2685/2685
f 2684/2684 2683/2683 2686/2686 2687/2687
f 2685/2685 2684/2684 2687/2687 2688/2688
f 2687/2687 2686/2686 2689/2689 2690/2690
f 2688/2688 2687/2687 2690/2690 2691/2691
f 2690/2690 2689/2689 2692/2692 2693/2693
f 2691/2691 2690/2690 2693/2693 2694/2694
f 2693/2693 2692/2692 2695/2695 2696/2696
f 2694/2694 2693/2693 2696/2696 2697/2697
f 2696/2696 2695/2695 2698/2698 2699/2699
f 2697/2697 2696/2696 2699/2699 2700/2700
f 2699/2699 2698/2698 2701/2701 2702/2702
f 2700/2700 2699/2699 2702/2702 2703/2703
f 2702/2702 2701/2701 2704/2704 2705/2705
f 2703/2703 2702/2702 2705/2705 2706/2706
f 2705/2705 2704/2704 2707/2707 2708/2708
f 2706/2706 2705/2705 2708/2708 2709/2709
f 2708/2708 2707/2707 2710/2710 2711/2711
f 2709/2709 2708/2708 2711/2711 2712/2712
f 2714/2713 2713/2714 2716/2715 2717/2716
f 2715/2717 2714/2713 2717/2716 2718/2718
f 2717/2716 2716/2715 2719/2719 2720/2720
f 2718/2718 2717/2716 2720/2720 2721/2721
f 2720/2720 2719/2719 2722/2722 2723/2723
f 2721/2721 2720/2720 2723/2723 2724/2724
f 2723/2723 2722/2722 2725/2725 2726/2726
f 2724/2724 2723/2723 2726/2726 2727/2727
f 2726/2726 2725/2725 2728/2728 2729/2729
f 2727/2727 2726/2726 2729/2729 2730/2730
f 2729/2729 2728/2728 2731/2731 2732/2732
f 2730/2730 2729/2729 2732/2732 2733/2733
f 2732/2732 2731/2731 2734/2734 2735/2735
f 2733/2733 2732/2732 2735/2735 2736/2736
f 2735/2735 2734/2734 2737/2737 2738/2738
f 2736/2736 2735/2735 2738/2738 2739/2739
f 2738/2738 2737/2737 2740/2740 2741/2741
f 2739/2739 2738/2738 2741/2741 2742/2742
f 2741/2741 2740/2740 2743/2743 2744/2744
f 2742/2742 2741/2741 2744/2744 2745/2745
f 2744/2744 2743/2743 2746/2746 2747/2747
f 2745/2745 2744/2744 2747/2747 2748/2748
f 2747/2747 2746/2746 2749/2749 2750/2750
f 2748/2748 2747/2747 2750/2750 2751/2751
f 2750/2750 2749/2749 2752/2752 2753/2753
f 2751/2751 2750/2750 2753/2753 2754/2754
f 2753/2753 2752/2752 2755/2755 2756/2756
f 2754/2754 2753/2753 2756/2756 2757/2757
f 2756/2756 2755/2755 2758/2758 2759/2759
f 2757/2757 2756/2756 2759/2759 2760/2760
f 2762/2761 2761/2762 2764/2763 2765/2764
f 2763/2765 2762/2761 2765/2764 2766/2766
f 2765/2764 2764/2763 2767/2767 2768/2768
f 2766/2766 2765/2764 2768/2768 2769/2769
f 2768/2768 2767/2767 2770/2770 2771/2771
f 2769/2769 2768/2768 2771/2771 2772/2772
f 2771/2771 2770/2770 2773/2773 2774/2774
f 2772/2772 2771/2771 2774/2774 2775/2775
f 2774/2774 2773/2773 2776/2776 2777/2777
f 2775/2775 2774/2774 2777/2777 2778/2778
f 2777/2777 2776/2776 2779/2779 2780/2780
f 2778/2778 2777/2777 2780/2780 2781/2781
f 2780/2780 2779/2779 2782/2782 2783/2783
f 2781/2781 2780/2780 2783/2783 2784/2784
f 2783/2783 2782/2782 2785/2785 2786/2786
f 2784/2784 2783/2783 2786/2786 2787/2787
f 2786/2786 2785/2785 2788/2788 2789/2789
f 2787/2787 2786/2786 2789/2789 2790/2790
f 2789/2789 2788/2788 2791/2791 2792/2792
f 2790/2790 2789/2789 2792/2792 2793/2793
f 2792/2792 2791/2791 2794/2794 2795/2795
f 2793/2793 2792/2792 2795/2795 2796/2796
f 2795/2795 2794/2794 2797/2797 2798/2798
f 2796/2796 2795/2795 2798/2798 2799/2799
f 2798/2798 2797/2797 2800/2800 2801/2801
f 2799/2799 2798/2798 2801/2801 2802/2802
f 2801/2801 2800/2800 2803/2803 2804/2804
f 2802/2802 2801/2801 2804/2804 2805/2805
f 2804/2804 2803/2803 2806/2806 2807/2807
f 2805/2805 2804/2804 2807/2807 2808/2808
f 2810/2809 2809/2810 2812/2811 2813/2812
f 2811/2813 2810/2809 2813/2812 2814/2814
f 2813/2812 2812/2811 2815/2815 2816/2816
f 2814/2814 2813/2812 2816/2816 2817/2817
f 2816/2816 2815/2815 2818/2818 2819/2819
f 2817/2817 2816/2816 2819/2819 2820/2820
f 2819/2819 2818/2818 2821/2821 2822/2822
f 2820/2820 2819/2819 2822/2822 2823/2823
f 2822/2822 2821/2821 2824/2824 2825/2825
f 2823/2823 2822/2822 2825/2825 2826/2826
f 2825/2825 2824/2824 2827/2827 2828/2828
f 2826/2826 2825/2825 2828/2828 2829/2829
f 2828/2828 2827/2827 2830/2830 2831/2831
f 2829/2829 2828/2828 2831/2831 2832/2832
f 2831/2831 2830/2830 2833/2833 2834/2834
f 2832/2832 2831/2831 2834/2834 2835/2835
f 2834/2834 2833/2833 2836/2836 2837/2837
f 2835/2835 2834/2834 2837/2837 2838/2838
f 2837/2837 2836/2836 2839/2839 2840/2840
f 2838/2838 2837/2837 2840/2840 2841/2841
f 2840/2840 2839/2839 2842/2842 2843/2843
f 2841/2841 2840/2840 2843/2843 2844/2844
f 2843/2843 2842/2842 2845/2845 2846/2846
f 2844/2844 2843/2843 2846/2846 2847/2847
f 2846/2846 2845/2845 2848/2848 2849/2849
f 2847/2847 2846/2846 2849/2849 2850/2850
f 2849/2849 2848/2848 2851/2851 2852/2852
f 2850/2850 2849/2849 2852/2852 2853/2853
f 2852/2852 2851/2851 2854/2854 2855/2855
f 2853/2853 2852/2852 2855/2855 2856/2856
f 2858/2857 2857/2858 2860/2859 2861/2860
f 2859/2861 2858/2857 2861/2860 2862/2862
f 2861/2860 2860/2859 2863/2863 2864/2864
f 2862/2862 2861/2860 2864/2864 2865/2865
f 2864/2864 2863/2863 2866/2866 2867/2867
f 2865/2865 2864/2864 2867/2867 2868/2868
f 2867/2867 2866/2866 2869/2869 2870/2870
f 2868/2868 2867/2867 2870/2870 2871/2871
f 2870/2870 2869/2869 2872/2872 2873/2873
f 2871/2871 2870/2870 2873/2873 2874/2874
f 2873/2873 2872/2872 2875/2875 2876/2876
f 2874/2874 2873/2873 2876/2876 2877/2877
f 2876/2876 2875/2875 2878/2878 2879/2879
f 2877/2877 2876/2876 2879/2879 2880/2880
f 2879/2879 2878/2878 2881/2881 2882/2882
f 2880/2880 2879/2879 2882/2882 2883/2883
f 2882/2882 2881/2881 2884/2884 2885/2885
f 2883/2883 2882/2882 2885/2885 2886/2886
f 2885/2885 2884/2884 2887/2887 2888/2888
f 2886/2886 2885/2885 2888/2888 2889/2889
f 2888/2888 2887/2887 2890/2890 2891/2891
f 2889/2889 2888/2888 2891/2891 2892/2892
f 2891/2891 2890/2890 2893/2893 2894/2894
f 2892/2892 2891/2891 2894/2894 2895/2895
f 2894/2894 2893/2893 2896/2896 2897/2897
f 2895/2895 2894/2894 2897/2897 2898/2898
f 2897/2897 2896/2896 2899/2899 2900/2900
f 2898/2898 2897/2897 2900/2900 2901/2901
f 2900/2900 2899/2899 2902/2902 2903/2903
f 2901/2901 2900/2900 2903/2903 2904/2904
f 2906/2905 2905/2906 2908/2907 2909/2908
f 2907/2909 2906/2905 2909/2908 2910/2910
f 2909/2908 2908/2907 2911/2911 2912/2912
f 2910/2910 2909/2908 2912/2912 2913/2913
f 2912/2912 2911/2911 2914/2914 2915/2915
f 2913/2913 2912/2912 2915/2915 2916/2916
f 2915/2915 2914/2914 2917/2917 2918/2918
f 2916/2916 2915/2915 2918/2918 2919/2919
f 2918/2918 2917/2917 2920/2920 2921/2921
f 2919/2919 2918/2918 2921/2921 2922/2922
f 2921/2921 2920/2920 2923/2923 2924/2924
f 2922/2922 2921/2921 2924/2924 2925/2925
f 2924/2924 2923/2923 2926/2926 2927/2927
f 2925/2925 2924/2924 2927/2927 2928/2928
f 2927/2927 2926/2926 2929/2929 2930/2930
f 2928/2928 2927/2927 2930/2930 2931/2931
f 2930/2930 2929/2929 2932/2932 2933/2933
f 2931/2931 2930/2930 2933/2933 2934/2934
f 2933/2933 2932/2932 2935/2935 2936/2936
f 2934/2934 2933/2933 2936/2936 2937/2937
f 2936/2936 2935/2935 2938/2938 2939/2939
f 2937/2937 2936/2936 2939/2939 2940/2940
f 2939/2939 2938/2938 2941/2941 2942/2942
f 2940/2940 2939/2939 2942/2942 2943/2943
f 2942/2942 2941/2941 2944/2944 2945/2945
f 2943/2943 2942/2942 2945/2945 2946/2946
f 2945/2945 2944/2944 2947/2947 2948/2948
f 2946/2946 2945/2945 2948/2948 2949/2949
f 2948/2948 2947/2947 2950/2950 2951/2951
f 2949/2949 2948/2948 2951/2951 2952/2952
f 2954/2953 2953/2954 2956/2955 2957/2956
f 2955/2957 2954/2953 2957/2956 2958/2958
f 2957/2956 2956/2955 2959/2959 2960/2960
f 2958/2958 2957/2956 2960/2960 2961/2961
f 2960/2960 2959/2959 2962/2962 2963/2963
f 2961/2961 2960/2960 2963/2963 2964/2964
f 2963/2963 2962/2962 2965/2965 2966/2966
f 2964/2964 2963/2963 2966/2966 2967/2967
f 2966/2966 2965/2965 2968/2968 2969/2969
f 2967/2967 2966/2966 2969/2969 2970/2970
f 2969/2969 2968/2968 2971/2971 2972/2972
f 2970/2970 2969/2969 2972/2972 2973/2973
f 2972/2972 2971/2971 2974/2974 2975/2975
f 2973/2973 2972/2972 2975/2975 2976/2976
f 2975/2975 2974/2974 2977/2977 2978/2978
f 2976/2976 2975/2975 2978/2978 2979/2979
f 2978/2978 2977/2977 2980/2980 2981/2981
f 2979/2979 2978/2978 2981/2981 2982/2982
f 2981/2981 2980/2980 2983/2983 2984/2984
f 2982/2982 2981/2981 2984/2984 2985/2985
f 2984/2984 2983/2983 2986/2986 2987/2987
f 2985/2985 2984/2984 2987/2987 2988/2988
f 2987/2987 2986/2986 2989/2989 2990/2990
f 2988/2988 2987/2987 2990/2990 2991/2991
f 2990/2990 2989/2989 2992/2992 2993/2993
f 2991/2991 2990/2990 2993/2993 2994/2994
f 2993/2993 2992/2992 2995/2995 2996/2996
f 2994/2994 2993/2993 2996/2996 2997/2997
f 2996/2996 2995/2995 2998/2998 2999/2999
f 2997/2997 2996/2996 2999/2999 3000/3000
f 3002/3001 3001/3002 3004/3003 3005/3004
f 3003/3005 3002/3001 3005/3004 3006/3006
f 3005/3004 3004/3003 3007/3007 3008/3008
f 3006/3006 3005/3004 3008/3008 3009/3009
f 3008/3008 3007/3007 3010/3010 3011/3011
f 3009/3009 3008/3008 3011/3011 3012/3012
f 3011/3011 3010/3010 3013/3013 3014/3014
f 3012/3012 3011/3011 3014/3014 3015/3015
f 3014/3014 3013/3013 3016/3016 3017/3017
f 3015/3015 3014/3014 3017/3017 3018/3018
f 3017/3017 3016/3016 3019/3019 3020/3020
f 3018/3018 3017/3017 3020/3020 3021/3021
f 3020/3020 3019/3019 3022/3022 3023/3023
f 3021/3021 3020/3020 3023/3023 3024/3024
f 3023/3023 3022/3022 3025/3025 3026/3026
f 3024/3024 3023/3023 3026/3026 3027/3027
f 3026/3026 3025/3025 3028/3028 3029/3029
f 3027/3027 3026/3026 3029/3029 3030/3030
f 3029/3029 3028/3028 3031/3031 3032/3032
f 3030/3030 3029/3029 3032/3032 3033/3033
f 3032/3032 3031/3031 3034/3034 3035/3035
f 3033/3033 3032/3032 3035/3035 3036/3036
f 3035/3035 3034/3034 3037/3037 3038/3038
f 3036/3036 3035/3035 3038/3038 3039/3039
f 3038/3038 3037/3037 3040/3040 3041/3041
f 3039/3039 3038/3038 3041/3041 3042/3042
f 3041/3041 3040/3040 3043/3043 3044/3044
f 3042/3042 3041/3041 3044/3044 3045/3045
f 3044/3044 3043/3043 3046/3046 3047/3047
f 3045/3045 3044/3044 3047/3047 3048/3048
f 3050/3049 3049/3050 3052/3051 3053/3052
f 3051/3053 3050/3049 3053/3052 3054/3054
f 3053/3052 3052/3051 3055/3055 3056/3056
f 3054/3054 3053/3052 3056/3056 3057/3057
f 3056/3056 3055/3055 3058/3058 3059/3059
f 3057/3057 3056/3056 3059/3059 3060/3060
f 3059/3059 3058/3058 3061/3061 3062/3062
f 3060/3060 3059/3059 3062/3062 3063/3063
f 3062/3062 3061/3061 3064/3064 3065/3065
f 3063/3063 3062/3062 3065/3065 3066/3066
f 3065/3065 3064/3064 3067/3067 3068/3068
f 3066/3066 3065/3065 3068/3068 3069/3069
f 3068/3068 3067/3067 3070/3070 3071/3071
f 3069/3069 3068/3068 3071/3071 3072/3072
f 3071/3071 3070/3070 3073/3073 3074/3074
f 3072/3072 3071/3071 3074/3074 3075/3075
f 3074/3074 3073/3073 3076/3076 3077/3077
f 3075/3075 3074/3074 3077/3077 3078/3078
f 3077/3077 3076/3076 3079/3079 3080/3080
f 3078/3078 3077/3077 3080/3080 3081/3081
f 3080/3080 3079/3079 3082/3082 3083/3083
f 3081/3081 3080/3080 3083/3083 3084/3084
f 3083/3083 3082/3082 3085/3085 3086/3086
f 3084/3084 3083/3083 3086/3086 3087/3087
f 3086/3086 3085/3085 3088/3088 3089/3089
f 3087/3087 3086/3086 3089/3089 3090/3090
f 3089/3089 3088/3088 3091/3091 3092/3092
f 3090/3090 3089/3089 3092/3092 3093/3093
f 3092/3092 3091/3091 3094/3094 3095/3095
f 3093/3093 3092/3092 3095/3095 3096/3096
f 3098/3097 3097/3098 3100/3099 3101/3100
f 3099/3101 3098/3097 3101/3100 3102/3102
f 3101/3100 3100/3099 3103/3103 3104/3104
f 3102/3102 3101/3100 3104/3104 3105/3105
f 3104/3104 3103/3103 3106/3106 3107/3107
f 3105/3105 3104/3104 3107/3107 3108/3108
f 3107/3107 3106/3106 3109/3109 3110/3110
f 3108/3108 3107/3107 3110/3110 3111/3111
f 3110/3110 3109/3109 3112/3112 3113/3113
f 3111/3111 3110/3110 3113/3113 3114/3114
f 3113/3113 3112/3112 3115/3115 3116/3116
f 3114/3114 3113/3113 3116/3116 3117/3117
f 3116/3116 3115/3115 3118/3118 3119/3119
f 3117/3117 3116/3116 3119/3119 3120/3120
f 3119/3119 3118/3118 3121/3121 3122/3122
f 3120/3120 3119/3119 3122/3122 3123/3123
f 3122/3122 3121/3121 3124/3124 3125/3125
f 3123/3123 3122/3122 3125/3125 3126/3126
f 3125/3125 3124/3124 3127/3127 3128/3128
f 3126/3126 3125/3125 3128/3128 3129/3129
f 3128/3128 3127/3127 3130/3130 3131/3131
f 3129/3129 3128/3128 3131/3131 3132/3132
f 3131/3131 3130/3130 3133/3133 3134/3134
f 3132/3132 3131/3131 3134/3134 3135/3135
f 3134/3134 3133/3133 3136/3136 3137/3137
f 3135/3135 3134/3134 3137/3137 3138/3138
f 3137/3137 3136/3136 3139/3139 3140/3140
f 3138/3138 3137/3137 3140/3140 3141/3141
f 3140/3140 3139/3139 3142/3142 3143/3143
f 3141/3141 3140/3140 3143/3143 3144/3144
f 3146/3145 3145/3146 3148/3147 3149/3148
f 3147/3149 3146/3145 3149/3148 3150/3150
f 3149/3148 3148/3147 3151/3151 3152/3152
f 3150/3150 3149/3148 3152/3152 3153/3153
f 3152/3152 3151/3151 3154/3154 3155/3155
f 3153/3153 3152/3152 3155/3155 3156/3156
f 3155/3155 3154/3154 3157/3157 3158/3158
f 3156/3156 3155/3155 3158/3158 3159/3159
f 3158/3158 3157/3157 3160/3160 3161/3161
f 3159/3159 3158/3158 3161/3161 3162/3162
f 3161/3161 3160/3160 3163/3163 3164/3164
f 3162/3162 3161/3161 3164/3164 3165/3165
f 3164/3164 3163/3163 3166/3166 3167/3167
f 3165/3165 3164/3164 3167/3167 3168/3168
f 3167/3167 3166/3166 3169/3169 3170/3170
f 3168/3168 3167/3167 3170/3170 3171/3171
f 3170/3170 3169/3169 3172/3172 3173/3173
f 3171/3171 3170/3170 3173/3173 3174/3174
f 3173/3173 3172/3172 3175/3175 3176/3176
f 3174/3174 3173/3173 3176/3176 3177/3177
f 3176/3176 3175/3175 3178/3178 3179/3179
f 3177/3177 3176/3176 3179/3179 3180/3180
f 3179/3179 3178/3178 3181/3181 3182/3182
f 3180/3180 3179/3179 3182/3182 3183/3183
f 3182/3182 3181/3181 3184/3184 3185/3185
f 3183/3183 3182/3182 3185/3185 3186/3186
f 3185/3185 3184/3184 3187/3187 3188/3188
f 3186/3186 3185/3185 3188/3188 3189/3189
f 3188/3188 3187/3187 3190/3190 3191/3191
f 3189/3189 3188/3188 3191/3191 3192/3192
f 3194/3193 3193/3194 3196/3195 3197/3196
f 3195/3197 3194/3193 3197/3196 3198/3198
f 3197/3196 3196/3195 3199/3199 3200/3200
f 3198/3198 3197/3196 3200/3200 3201/3201
f 3200/3200 3199/3199 3202/3202 3203/3203
f 3201/3201 3200/3200 3203/3203 3204/3204
f 3203/3203 3202/3202 3205/3205 3206/3206
f 3204/3204 3203/3203 3206/3206 3207/3207
f 3206/3206 3205/3205 3208/3208 3209/3209
f 3207/3207 3206/3206 3209/3209 3210/3210
f 3209/3209 3208/3208 3211/3211 3212/3212
f 3210/3210 3209/3209 3212/3212 3213/3213
f 3212/3212 3211/3211 3214/3214 3215/3215
f 3213/3213 3212/3212 3215/3215 3216/3216
f 3215/3215 3214/3214 3217/3217 3218/3218
f 3216/3216 3215/3215 3218/3218 3219/3219
f 3218/3218 3217/3217 3220/3220 3221/3221
f 3219/3219 3218/3218 3221/3221 3222/3222
f 3221/3221 3220/3220 3223/3223 3224/3224
f 3222/3222 3221/3221 3224/3224 3225/3225
f 3224/3224 3223/3223 3226/3226 3227/3227
f 3225/3225 3224/3224 3227/3227 3228/3228
f 3227/3227 3226/3226 3229/3229 3230/3230
f 3228/3228 3227/3227 3230/3230 3231/3231
f 3230/3230 3229/3229 3232/3232 3233/3233
f 3231/3231 3230/3230 3233/3233 3234/3234
f 3233/3233 3232/3232 3235/3235 3236/3236
f 3234/3234 3233/3233 3236/3236 3237/3237
f 3236/3236 3235/3235 3238/3238 3239/3239
f 3237/3237 3236/3236 3239/3239 3240/3240
f 3242/3241 3241/3242 3244/3243 3245/3244
f 3243/3245 3242/3241 3245/3244 3246/3246
f 3245/3244 3244/3243 3247/3247 3248/3248
f 3246/3246 3245/3244 3248/3248 3249/3249
f 3248/3248 3247/3247 3250/3250 3251/3251
f 3249/3249 3248/3248 3251/3251 3252/3252
f 3251/3251 3250/3250 3253/3253 3254/3254
f 3252/3252 3251/3251 3254/3254 3255/3255
f 3254/3254 3253/3253 3256/3256 3257/3257
f 3255/3255 3254/3254 3257/3257 3258/3258
f 3257/3257 3256/3256 3259/3259 3260/3260
f 3258/3258 3257/3257 3260/3260 3261/3261
f 3260/3260 3259/3259 3262/3262 3263/3263
f 3261/3261 3260/3260 3263/3263 3264/3264
f 3263/3263 3262/3262 3265/3265 3266/3266
f 3264/3264 3263/3263 3266/3266 3267/3267
f 3266/3266 3265/3265 3268/3268 3269/3269
f 3267/3267 3266/3266 3269/3269 3270/3270
f 3269/3269 3268/3268 3271/3271 3272/3272
f 3270/3270 3269/3269 3272/3272 3273/3273
f 3272/3272 3271/3271 3274/3274 3275/3275
f 3273/3273 3272/3272 3275/3275 3276/3276
f 3275/3275 3274/3274 3277/3277 3278/3278
f 3276/3276 3275/3275 3278/3278 3279/3279
f 3278/3278 3277/3277 3280/3280 3281/3281
f 3279/3279 3278/3278 3281/3281 3282/3282
f 3281/3281 3280/3280 3283/3283 3284/3284
f 3282/3282 3281/3281 3284/3284 3285/3285
f 3284/3284 3283/3283 3286/3286 3287/3287
f 3285/3285 3284/3284 3287/3287 3288/3288
f 3290/3289 3289/3290 3292/3291 3293/3292
f 3291/3293 3290/3289 3293/3292 3294/3294
f 3293/3292 3292/3291 3295/3295 3296/3296
f 3294/3294 3293/3292 3296/3296 3297/3297
f 3296/3296 3295/3295 3298/3298 3299/3299
f 3297/3297 3296/3296 3299/3299 3300/3300
f 3299/3299 3298/3298 3301/3301 3302/3302
f 3300/3300 3299/3299 3302/3302 3303/3303
f 3302/3302 3301/3301 3304/3304 3305/3305
f 3303/3303 3302/3302 3305/3305 3306/3306
f 3305/3305 3304/3304 3307/3307 3308/3308
f 3306/3306 3305/3305 3308/3308 3309/3309
f 3308/3308 3307/3307 3310/3310 3311/3311
f 3309/3309 3308/3308 3311/3311 3312/3312
f 3311/3311 3310/3310 3313/3313 3314/3314
f 3312/3312 3311/3311 3314/3314 3315/3315
f 3314/3314 3313/3313 3316/3316 3317/3317
f 3315/3315 3314/3314 3317/3317 3318/3318
f 3317/3317 3316/3316 3319/3319 3320/3320
f 3318/3318 3317/3317 3320/3320 3321/3321
f 3320/3320 3319/3319 3322/3322 3323/3323
f 3321/3321 3320/3320 3323/3323 3324/3324
f 3323/3323 3322/3322 3325/3325 3326/3326
f 3324/3324 3323/3323 3326/3326 3327/3327
f 3326/3326 3325/3325 3328/3328 3329/3329
f 3327/3327 3326/3326 3329/3329 3330/3330
f 3329/3329 3328/3328 3331/3331 3332/3332
f 3330/3330 3329/3329 3332/3332 3333/3333
f 3332/3332 3331/3331 3334/3334 3335/3335
f 3333/3333 3332/3332 3335/3335 3336/3336
f 3338/3337 3337/3338 3340/3339 3341/3340
f 3339/3341 3338/3337 3341/3340 3342/3342
f 3341/3340 3340/3339 3343/3343 3344/3344
f 3342/3342 3341/3340 3344/3344 3345/3345
f 3344/3344 3343/3343 3346/3346 3347/3347
f 3345/3345 3344/3344 3347/3347 3348/3348
f 3347/3347 3346/3346 3349/3349 3350/3350
f 3348/3348 3347/3347 3350/3350 3351/3351
f 3350/3350 3349/3349 3352/3352 3353/3353
f 3351/3351 3350/3350 3353/3353 3354/3354
f 3353/3353 3352/3352 3355/3355 3356/3356
f 3354/3354 3353/3353 3356/3356 3357/3357
f 3356/3356 3355/3355 3358/3358 3359/3359
f 3357/3357 3356/3356 3359/3359 3360/3360
f 3359/3359 3358/3358 3361/3361 3362/3362
f 3360/3360 3359/3359 3362/3362 3363/3363
f 3362/3362 3361/3361 3364/3364 3365/3365
f 3363/3363 3362/3362 3365/3365 3366/3366
f 3365/3365 3364/3364 3367/3367 3368/3368
f 3366/3366 3365/3365 3368/3368 3369/3369
f 3368/3368 3367/3367 3370/3370 3371/3371
f 3369/3369 3368/3368 3371/3371 3372/3372
f 3371/3371 3370/3370 3373/3373 3374/3374
f 3372/3372 3371/3371 3374/3374 3375/3375
f 3374/3374 3373/3373 3376/3376 3377/3377
f 3375/3375 3374/3374 3377/3377 3378/3378
f 3377/3377 3376/3376 3379/3379 3380/3380
f 3378/3378 3377/3377 3380/3380 3381/3381
f 3380/3380 3379/3379 3382/3382 3383/3383
f 3381/3381 3380/3380 3383/3383 3384/3384
f 3386/3385 3385/3386 3388/3387 3389/3388
f 3387/3389 3386/3385 3389/3388 3390/3390
f 3389/3388 3388/3387 3391/3391 3392/3392
f 3390/3390 3389/3388 3392/3392 3393/3393
f 3392/3392 3391/3391 3394/3394 3395/3395
f 3393/3393 3392/3392 3395/3395 3396/3396
f 3395/3395 3394/3394 3397/3397 3398/3398
f 3396/3396 3395/3395 3398/3398 3399/3399
f 3398/3398 3397/3397 3400/3400 3401/3401
f 3399/3399 3398/3398 3401/3401 3402/3402
f 3401/3401 3400/3400 3403/3403 3404/3404
f 3402/3402 3401/3401 3404/3404 3405/3405
f 3404/3404 3403/3403 3406/3406 3407/3407
f 3405/3405 3404/3404 3407/3407 3408/3408
f 3407/3407 3406/3406 3409/3409 3410/3410
f 3408/3408 3407/3407 3410/3410 3411/3411
f 3410/3410 3409/3409 3412/3412 3413/3413
f 3411/3411 3410/3410 3413/3413 3414/3414
f 3413/3413 3412/3412 3415/3415 3416/3416
f 3414/3414 3413/3413 3416/3416 3417/3417
f 3416/3416 3415/3415 3418/3418 3419/3419
f 3417/3417 3416/3416 3419/3419 3420/3420
f 3419/3419 3418/3418 3421/3421 3422/3422
f 3420/3420 3419/3419 3422/3422 3423/3423
f 3422/3422 3421/3421 3424/3424 3425/3425
f 3423/3423 3422/3422 3425/3425 3426/3426
f 3425/3425 3424/3424 3427/3427 3428/3428
f 3426/3426 3425/3425 3428/3428 3429/3429
f 3428/3428 3427/3427 3430/3430 3431/3431
f 3429/3429 3428/3428 3431/3431 3432/3432
f 3434/3433 3433/3434 3436/3435 3437/3436
f 3435/3437 3434/3433 3437/3436 3438/3438
f 3437/3436 3436/3435 3439/3439 3440/3440
f 3438/3438 3437/3436 3440/3440 3441/3441
f 3440/3440 3439/3439 3442/3442 3443/3443
f 3441/3441 3440/3440 3443/3443 3444/3444
f 3443/3443 3442/3442 3445/3445 3446/3446
f 3444/3444 3443/3443 3446/3446 3447/3447
f 3446/3446 3445/3445 3448/3448 3449/3449
f 3447/3447 3446/3446 3449/3449 3450/3450
f 3449/3449 3448/3448 3451/3451 3452/3452
f 3450/3450 3449/3449 3452/3452 3453/3453
f 3452/3452 3451/3451 3454/3454 3455/3455
f 3453/3453 3452/3452 3455/3455 3456/3456
f 3455/3455 3454/3454 3457/3457 3458/3458
f 3456/3456 3455/3455 3458/3458 3459/3459
f 3458/3458 3457/3457 3460/3460 3461/3461
f 3459/3459 3458/3458 3461/3461 3462/3462
f 3461/3461 3460/3460 3463/3463 3464/3464
f 3462/3462 3461/3461 3464/3464 3465/3465
f 3464/3464 3463/3463 3466/3466 3467/3467
f 3465/3465 3464/3464 3467/3467 3468/3468
f 3467/3467 3466/3466 3469/3469 3470/3470
f 3468/3468 3467/3467 3470/3470 3471/3471
f 3470/3470 3469/3469 3472/3472 3473/3473
f 3471/3471 3470/3470 3473/3473 3474/3474
f 3473/3473 3472/3472 3475/3475 3476/3476
f 3474/3474 3473/3473 3476/3476 3477/3477
f 3476/3476 3475/3475 3478/3478 3479/3479
f 3477/3477 3476/3476 3479/3479 3480/3480
f 3482/3481 3481/3482 3484/3483 3485/3484
f 3483/3485 3482/3481 3485/3484 3486/3486
f 3485/3484 3484/3483 3487/3487 3488/3488
f 3486/3486 3485/3484 3488/3488 3489/3489
f 3488/3488 3487/3487 3490/3490 3491/3491
f 3489/3489 3488/3488 3491/3491 3492/3492
f 3491/3491 3490/3490 3493/3493 3494/3494
f 3492/3492 3491/3491 3494/3494 3495/3495
f 3494/3494 3493/3493 3496/3496 3497/3497
f 3495/3495 3494/3494 3497/3497 3498/3498
f 3497/3497 3496/3496 3499/3499 3500/3500
f 3498/3498 3497/3497 3500/3500 3501/3501
f 3500/3500 3499/3499 3502/3502 3503/3503
f 3501/3501 3500/3500 3503/3503 3504/3504
f 3503/3503 3502/3502 3505/3505 3506/3506
f 3504/3504 3503/3503 3506/3506 3507/3507
f 3506/3506 3505/3505 3508/3508 3509/3509
f 3507/3507 3506/3506 3509/3509 3510/3510
f 3509/3509 3508/3508 3511/3511 3512/3512
f 3510/3510 3509/3509 3512/3512 3513/3513
f 3512/3512 3511/3511 3514/3514 3515/3515
f 3513/3513 3512/3512 3515/3515 3516/3516
f 3515/3515 3514/3514 3517/3517 3518/3518
f 3516/3516 3515/3515 3518/3518 3519/3519
f 3518/3518 3517/3517 3520/3520 3521/3521
f 3519/3519 3518/3518 3521/3521 3522/3522
f 3521/3521 3520/3520 3523/3523 3524/3524
f 3522/3522 3521/3521 3524/3524 3525/3525
f 3524/3524 3523/3523 3526/3526 3527/3527
f 3525/3525 3524/3524 3527/3527 3528/3528
f 3530/3529 3529/3530 3532/3531 3533/3532
f 3531/3533 3530/3529 3533/3532 3534/3534
f 3533/3532 3532/3531 3535/3535 3536/3536
f 3534/3534 3533/3532 3536/3536 3537/3537
f 3536/3536 3535/3535 3538/3538 3539/3539
f 3537/3537 3536/3536 3539/3539 3540/3540
f 3539/3539 3538/3538 3541/3541 3542/3542
f 3540/3540 3539/3539 3542/3542 3543/3543
f 3542/3542 3541/3541 3544/3544 3545/3545
f 3543/3543 3542/3542 3545/3545 3546/3546
f 3545/3545 3544/3544 3547/3547 3548/3548
f 3546/3546 3545/3545 3548/3548 3549/3549
f 3548/3548 3547/3547 3550/3550 3551/3551
f 3549/3549 3548/3548 3551/3551 3552/3552
f 3551/3551 3550/3550 3553/3553 3554/3554
f 3552/3552 3551/3551 3554/3554 3555/3555
f 3554/3554 3553/3553 3556/3556 3557/3557
f 3555/3555 3554/3554 3557/3557 3558/3558
f 3557/3557 3556/3556 3559/3559 3560/3560
f 3558/3558 3557/3557 3560/3560 3561/3561
f 3560/3560 3559/3559 3562/3562 3563/3563
f 3561/3561 3560/3560 3563/3563 3564/3564
f 3563/3563 3562/3562 3565/3565 3566/3566
f 3564/3564 3563/3563 3566/3566 3567/3567
f 3566/3566 3565/3565 3568/3568 3569/3569
f 3567/3567 3566/3566 3569/3569 3570/3570
f 3569/3569 3568/3568 3571/3571 3572/3572
f 3570/3570 3569/3569 3572/3572 3573/3573
f 3572/3572 3571/3571 3574/3574 3575/3575
f 3573/3573 3572/3572 3575/3575 3576/3576
f 3578/3577 3577/3578 3580/3579 3581/3580
f 3579/3581 3578/3577 3581/3580 3582/3582
f 3581/3580 3580/3579 3583/3583 3584/3584
f 3582/3582 3581/3580 3584/3584 3585/3585
f 3584/3584 3583/3583 3586/3586 3587/3587
f 3585/3585 3584/3584 3587/3587 3588/3588
f 3587/3587 3586/3586 3589/3589 3590/3590
f 3588/3588 3587/3587 3590/3590 3591/3591
f 3590/3590 3589/3589 3592/3592 3593/3593
f 3591/3591 3590/3590 3593/3593 3594/3594
f 3593/3593 3592/3592 3595/3595 3596/3596
f 3594/3594 3593/3593 3596/3596 3597/3597
f 3596/3596 3595/3595 3598/3598 3599/3599
f 3597/3597 3596/3596 3599/3599 3600/3600
f 3599/3599 3598/3598 3601/3601 3602/3602
f 3600/3600 3599/3599 3602/3602 3603/3603
f 3602/3602 3601/3601 3604/3604 3605/3605
f 3603/3603 3602/3602 3605/3605 3606/3606
f 3605/3605 3604/3604 3607/3607 3608/3608
f 3606/3606 3605/3605 3608/3608 3609/3609
f 3608/3608 3607/3607 3610/3610 3611/3611
f 3609/3609 3608/3608 3611/3611 3612/3612
f 3611/3611 3610/3610 3613/3613 3614/3614
f 3612/3612 3611/3611 3614/3614 3615/3615
f 3614/3614 3613/3613 3616/3616 3617/3617
f 3615/3615 3614/3614 3617/3617 3618/3618
f 3617/3617 3616/3616 3619/3619 3620/3620
f 3618/3618 3617/3617 3620/3620 3621/3621
f 3620/3620 3619/3619 3622/3622 3623/3623
f 3621/3621 3620/3620 3623/3623 3624/3624
f 3626/3625 3625/3626 3628/3627 3629/3628
f 3627/3629 3626/3625 3629/3628 3630/3630
f 3629/3628 3628/3627 3631/3631 3632/3632
f 3630/3630 3629/3628 3632/3632 3633/3633
f 3632/3632 3631/3631 3634/3634 3635/3635
f 3633/3633 3632/3632 3635/3635 3636/3636
f 3635/3635 3634/3634 3637/3637 3638/3638
f 3636/3636 3635/3635 3638/3638 3639/3639
f 3638/3638 3637/3637 3640/3640 3641/3641
f 3639/3639 3638/3638 3641/3641 3642/3642
f 3641/3641 3640/3640 3643/3643 3644/3644
f 3642/3642 3641/3641 3644/3644 3645/3645
f 3644/3644 3643/3643 3646/3646 3647/3647
f 3645/3645 3644/3644 3647/3647 3648/3648
f 3647/3647 3646/3646 3649/3649 3650/3650
f 3648/3648 3647/3647 3650/3650 3651/3651
f 3650/3650 3649/3649 3652/3652 3653/3653
f 3651/3651 3650/3650 3653/3653 3654/3654
f 3653/3653 3652/3652 3655/3655 3656/3656
f 3654/3654 3653/3653 3656/3656 3657/3657
f 3656/3656 3655/3655 3658/3658 3659/3659
f 3657/3657 3656/3656 3659/3659 3660/3660
f 3659/3659 3658/3658 3661/3661 3662/3662
f 3660/3660 3659/3659 3662/3662 3663/3663
f 3662/3662 3661/3661 3664/3664 3665/3665
f 3663/3663 3662/3662 3665/3665 3666/3666
f 3665/3665 3664/3664 3667/3667 3668/3668
f 3666/3666 3665/3665 3668/3668 3669/3669
f 3668/3668 3667/3667 3670/3670 3671/3671
f 3669/3669 3668/3668 3671/3671 3672/3672
f 3674/3673 3673/3674 3676/3675 3677/3676
f 3675/3677 3674/3673 3677/3676 3678/3678
f 3677/3676 3676/3675 3679/3679 3680/3680
f 3678/3678 3677/3676 3680/3680 3681/3681
f 3680/3680 3679/3679 3682/3682 3683/3683
f 3681/3681 3680/3680 3683/3683 3684/3684
f 3683/3683 3682/3682 3685/3685 3686/3686
f 3684/3684 3683/3683 3686/3686 3687/3687
f 3686/3686 3685/3685 3688/3688 3689/3689
f 3687/3687 3686/3686 3689/3689 3690/3690
f 3689/3689 3688/3688 3691/3691 3692/3692
f 3690/3690 3689/3689 3692/3692 3693/3693
f 3692/3692 3691/3691 3694/3694 3695/3695
f 3693/3693 3692/3692 3695/3695 3696/3696
f 3695/3695 3694/3694 3697/3697 3698/3698
f 3696/3696 3695/3695 3698/3698 3699/3699
f 3698/3698 3697/3697 3700/3700 3701/3701
f 3699/3699 3698/3698 3701/3701 3702/3702
f 3701/3701 3700/3700 3703/3703 3704/3704
f 3702/3702 3701/3701 3704/3704 3705/3705
f 3704/3704 3703/3703 3706/3706 3707/3707
f 3705/3705 3704/3704 3707/3707 3708/3708
f 3707/3707 3706/3706 3709/3709 3710/3710
f 3708/3708 3707/3707 3710/3710 3711/3711
f 3710/3710 3709/3709 3712/3712 3713/3713
f 3711/3711 3710/3710 3713/3713 3714/3714
f 3713/3713 3712/3712 3715/3715 3716/3716
f 3714/3714 3713/3713 3716/3716 3717/3717
f 3716/3716 3715/3715 3718/3718 3719/3719
f 3717/3717 3716/3716 3719/3719 3720/3720
f 3722/3721 3721/3722 3724/3723 3725/3724
f 3723/3725 3722/3721 3725/3724 3726/3726
f 3725/3724 3724/3723 3727/3727 3728/3728
f 3726/3726 3725/3724 3728/3728 3729/3729
f 3728/3728 3727/3727 3730/3730 3731/3731
f 3729/3729 3728/3728 3731/3731 3732/3732
f 3731/3731 3730/3730 3733/3733 3734/3734
f 3732/3732 3731/3731 3734/3734 3735/3735
f 3734/3734 3733/3733 3736/3736 3737/3737
f 3735/3735 3734/3734 3737/3737 3738/3738
f 3737/3737 3736/3736 3739/3739 3740/3740
f 3738/3738 3737/3737 3740/3740 3741/3741
f 3740/3740 3739/3739 3742/3742 3743/3743
f 3741/3741 3740/3740 3743/3743 3744/3744
f 3743/3743 3742/3742 3745/3745 3746/3746
f 3744/3744 3743/3743 3746/3746 3747/3747
f 3746/3746 3745/3745 3748/3748 3749/3749
f 3747/3747 3746/3746 3749/3749 3750/3750
f 3749/3749 3748/3748 3751/3751 3752/3752
f 3750/3750 3749/3749 3752/3752 3753/3753
f 3752/3752 3751/3751 3754/3754 3755/3755
f 3753/3753 3752/3752 3755/3755 3756/3756
f 3755/3755 3754/3754 3757/3757 3758/3758
f 3756/3756 3755/3755 3758/3758 3759/3759
f 3758/3758 3757/3757 3760/3760 3761/3761
f 3759/3759 3758/3758 3761/3761 3762/3762
f 3761/3761 3760/3760 3763/3763 3764/3764
f 3762/3762 3761/3761 3764/3764 3765/3765
f 3764/3764 3763/3763 3766/3766 3767/3767
f 3765/3765 3764/3764 3767/3767 3768/3768
f 3770/3769 3769/3770 3772/3771 3773/3772
f 3771/3773 3770/3769 3773/3772 3774/3774
f 3773/3772 3772/3771 3775/3775 3776/3776
f 3774/3774 3773/3772 3776/3776 3777/3777
f 3776/3776 3775/3775 3778/3778 3779/3779
f 3777/3777 3776/3776 3779/3779 3780/3780
f 3779/3779 3778/3778 3781/3781 3782/3782
f 3780/3780 3779/3779 3782/3782 3783/3783
f 3782/3782 3781/3781 3784/3784 3785/3785
f 3783/3783 3782/3782 3785/3785 3786/3786
f 3785/3785 3784/3784 3787/3787 3788/3788
f 3786/3786 3785/3785 3788/3788 3789/3789
f 3788/3788 3787/3787 3790/3790 3791/3791
f 3789/3789 3788/3788 3791/3791 3792/3792
f 3791/3791 3790/3790 3793/3793 3794/3794
f 3792/3792 3791/3791 3794/3794 3795/3795
f 3794/3794 3793/3793 3796/3796 3797/3797
f 3795/3795 3794/3794 3797/3797 3798/3798
f 3797/3797 3796/3796 3799/3799 3800/3800
f 3798/3798 3797/3797 3800/3800 3801/3801
f 3800/3800 3799/3799 3802/3802 3803/3803
f 3801/3801 3800/3800 3803/3803 3804/3804
f 3803/3803 3802/3802 3805/3805 3806/3806
f 3804/3804 3803/3803 3806/3806 3807/3807
f 3806/3806 3805/3805 3808/3808 3809/3809
f 3807/3807 3806/3806 3809/3809 3810/3810
f 3809/3809 3808/3808 3811/3811 3812/3812
f 3810/3810 3809/3809 3812/3812 3813/3813
f 3812/3812 3811/3811 3814/3814 3815/3815
f 3813/3813 3812/3812 3815/3815 3816/3816
f 3818/3817 3817/3818 3820/3819 3821/3820
f 3819/3821 3818/3817 3821/3820 3822/3822
f 3821/3820 3820/3819 3823/3823 3824/3824
f 3822/3822 3821/3820 3824/3824 3825/3825
f 3824/3824 3823/3823 3826/3826 3827/3827
f 3825/3825 3824/3824 3827/3827 3828/3828
f 3827/3827 3826/3826 3829/3829 3830/3830
f 3828/3828 3827/3827 3830/3830 3831/3831
f 3830/3830 3829/3829 3832/3832 3833/3833
f 3831/3831 3830/3830 3833/3833 3834/3834
f 3833/3833 3832/3832 3835/3835 3836/3836
f 3834/3834 3833/3833 3836/3836 3837/3837
f 3836/3836 3835/3835 3838/3838 3839/3839
f 3837/3837 3836/3836 3839/3839 3840/3840
f 3839/3839 3838/3838 3841/3841 3842/3842
f 3840/3840 3839/3839 3842/3842 3843/3843
f 3842/3842 3841/3841 3844/3844 3845/3845
f 3843/3843 3842/3842 3845/3845 3846/3846
f 3845/3845 3844/3844 3847/3847 3848/3848
f 3846/3846 3845/3845 3848/3848 3849/3849
f 3848/3848 3847/3847 3850/3850 3851/3851
f 3849/3849 3848/3848 3851/3851 3852/3852
f 3851/3851 3850/3850 3853/3853 3854/3854
f 3852/3852 3851/3851 3854/3854 3855/3855
f 3854/3854 3853/3853 3856/3856 3857/3857
f 3855/3855 3854/3854 3857/3857 3858/3858
f 3857/3857 3856/3856 3859/3859 3860/3860
f 3858/3858 3857/3857 3860/3860 3861/3861
f 3860/3860 3859/3859 3862/3862 3863/3863
f 3861/3861 3860/3860 3863/3863 3864/3864
f 3866/3865 3865/3866 3868/3867 3869/3868
f 3867/3869 3866/3865 3869/3868 3870/3870
f 3869/3868 3868/3867 3871/3871 3872/3872
f 3870/3870 3869/3868 3872/3872 3873/3873
f 3872/3872 3871/3871 3874/3874 3875/3875
f 3873/3873 3872/3872 3875/3875 3876/3876
f 3875/3875 3874/3874 3877/3877 3878/3878
f 3876/3876 3875/3875 3878/3878 3879/3879
f 3878/3878 3877/3877 3880/3880 3881/3881
f 3879/3879 3878/3878 3881/3881 3882/3882
f 3881/3881 3880/3880 3883/3883 3884/3884
f 3882/3882 3881/3881 3884/3884 3885/3885
f 3884/3884 3883/3883 3886/3886 3887/3887
f 3885/3885 3884/3884 3887/3887 3888/3888
f 3887/3887 3886/3886 3889/3889 3890/3890
f 3888/3888 3887/3887 3890/3890 3891/3891
f 3890/3890 3889/3889 3892/3892 3893/3893
f 3891/3891 3890/3890 3893/3893 3894/3894
f 3893/3893 3892/3892 3895/3895 3896/3896
f 3894/3894 3893/3893 3896/3896 3897/3897
f 3896/3896 3895/3895 3898/3898 3899/3899
f 3897/3897 3896/3896 3899/3899 3900/3900
f 3899/3899 3898/3898 3901/3901 3902/3902
f 3900/3900 3899/3899 3902/3902 3903/3903
f 3902/3902 3901/3901 3904/3904 3905/3905
f 3903/3903 3902/3902 3905/3905 3906/3906
f 3905/3905 3904/3904 3907/3907 3908/3908
f 3906/3906 3905/3905 3908/3908 3909/3909
f 3908/3908 3907/3907 3910/3910 3911/3911
f 3909/3909 3908/3908 3911/3911 3912/3912
f 3914/3913 3913/3914 3916/3915 3917/3916
f 3915/3917 3914/3913 3917/3916 3918/3918
f 3917/3916 3916/3915 3919/3919 3920/3920
f 3918/3918 3917/3916 3920/3920 3921/3921
f 3920/3920 3919/3919 3922/3922 3923/3923
f 3921/3921 3920/3920 3923/3923 3924/3924
f 3923/3923 3922/3922 3925/3925 3926/3926
f 3924/3924 3923/3923 3926/3926 3927/3927
f 3926/3926 3925/3925 3928/3928 3929/3929
f 3927/3927 3926/3926 3929/3929 3930/3930
f 3929/3929 3928/3928 3931/3931 3932/3932
f 3930/3930 3929/3929 3932/3932 3933/3933
f 3932/3932 3931/3931 3934/3934 3935/3935
f 3933/3933 3932/3932 3935/3935 3936/3936
f 3935/3935 3934/3934 3937/3937 3938/3938
f 3936/3936 3935/3935 3938/3938 3939/3939
f 3938/3938 3937/3937 3940/3940 3941/3941
f 3939/3939 3938/3938 3941/3941 3942/3942
f 3941/3941 3940/3940 3943/3943 3944/3944
f 3942/3942 3941/3941 3944/3944 3945/3945
f 3944/3944 3943/3943 3946/3946 3947/3947
f 3945/3945 3944/3944 3947/3947 3948/3948
f 3947/3947 3946/3946 3949/3949 3950/3950
f 3948/3948 3947/3947 3950/3950 3951/3951
f 3950/3950 3949/3949 3952/3952 3953/3953
f 3951/3951 3950/3950 3953/3953 3954/3954
f 3953/3953 3952/3952 3955/3955 3956/3956
f 3954/3954 3953/3953 3956/3956 3957/3957
f 3956/3956 3955/3955 3958/3958 3959/3959
f 3957/3957 3956/3956 3959/3959 3960/3960
f 3962/3961 3961/3962 3964/3963 3965/3964
f 3963/3965 3962/3961 3965/3964 3966/3966
f 3965/3964 3964/3963 3967/3967 3968/3968
f 3966/3966 3965/3964 3968/3968 3969/3969
f 3968/3968 3967/3967 3970/3970 3971/3971
f 3969/3969 3968/3968 3971/3971 3972/3972
f 3971/3971 3970/3970 3973/3973 3974/3974
f 3972/3972 3971/3971 3974/3974 3975/3975
f 3974/3974 3973/3973 3976/3976 3977/3977
f 3975/3975 3974/3974 3977/3977 3978/3978
f 3977/3977 3976/3976 3979/3979 3980/3980
f 3978/3978 3977/3977 3980/3980 3981/3981
f 3980/3980 3979/3979 3982/3982 3983/3983
f 3981/3981 3980/3980 3983/3983 3984/3984
f 3983/3983 3982/3982 3985/3985 3986/3986
f 3984/3984 3983/3983 3986/3986 3987/3987
f 3986/3986 3985/3985 3988/3988 3989/3989
f 3987/3987 3986/3986 3989/3989 3990/3990
f 3989/3989 3988/3988 3991/3991 3992/3992
f 3990/3990 3989/3989 3992/3992 3993/3993
f 3992/3992 3991/3991 3994/3994 3995/3995
f 3993/3993 3992/3992 3995/3995 3996/3996
f 3995/3995 3994/3994 3997/3997 3998/3998
f 3996/3996 3995/3995 3998/3998 3999/3999
f 3998/3998 3997/3997 4000/4000 4001/4001
f 3999/3999 3998/3998 4001/4001 4002/4002
f 4001/4001 4000/4000 4003/4003 4004/4004
f 4002/4002 4001/4001 4004/4004 4005/4005
f 4004/4004 4003/4003 4006/4006 4007/4007
f 4005/4005 4004/4004 4007/4007 4008/4008
f 4010/4009 4009/4010 4012/4011 4013/4012
f 4011/4013 4010/4009 4013/4012 4014/4014
f 4013/4012 4012/4011 4015/4015 4016/4016
f 4014/4014 4013/4012 4016/4016 4017/4017
f 4016/4016 4015/4015 4018/4018 4019/4019
f 4017/4017 4016/4016 4019/4019 4020/4020
f 4019/4019 4018/4018 4021/4021 4022/4022
f 4020/4020 4019/4019 4022/4022 4023/4023
f 4022/4022 4021/4021 4024/4024 4025/4025
f 4023/4023 4022/4022 4025/4025 4026/4026
f 4025/4025 4024/4024 4027/4027 4028/4028
f 4026/4026 4025/4025 4028/4028 4029/4029
f 4028/4028 4027/4027 4030/4030 4031/4031
f 4029/4029 4028/4028 4031/4031 4032/4032
f 4031/4031 4030/4030 4033/4033 4034/4034
f 4032/4032 4031/4031 4034/4034 4035/4035
f 4034/4034 4033/4033 4036/4036 4037/4037
f 4035/4035 4034/4034 4037/4037 4038/4038
f 4037/4037 4036/4036 4039/4039 4040/4040
f 4038/4038 4037/4037 4040/4040 4041/4041
f 4040/4040 4039/4039 4042/4042 4043/4043
f 4041/4041 4040/4040 4043/4043 4044/4044
f 4043/4043 4042/4042 4045/4045 4046/4046
f 4044/4044 4043/4043 4046/4046 4047/4047
f 4046/4046 4045/4045 4048/4048 4049/4049
f 4047/4047 4046/4046 4049/4049 4050/4050
f 4049/4049 4048/4048 4051/4051 4052/4052
f 4050/4050 4049/4049 4052/4052 4053/4053
f 4052/4052 4051/4051 4054/4054 4055/4055
f 4053/4053 4052/4052 4055/4055 4056/4056
f 4058/4057 4057/4058 4060/4059 4061/4060
f 4059/4061 4058/4057 4061/4060 4062/4062
f 4061/4060 4060/4059 4063/4063 4064/4064
f 4062/4062 4061/4060 4064/4064 4065/4065
f 4064/4064 4063/4063 4066/4066 4067/4067
f 4065/4065 4064/4064 4067/4067 4068/4068
f 4067/4067 4066/4066 4069/4069 4070/4070
f 4068/4068 4067/4067 4070/4070 4071/4071
f 4070/4070 4069/4069 4072/4072 4073/4073
f 4071/4071 4070/4070 4073/4073 4074/4074
f 4073/4073 4072/4072 4075/4075 4076/4076
f 4074/4074 4073/4073 4076/4076 4077/4077
f 4076/4076 4075/4075 4078/4078 4079/4079
f 4077/4077 4076/4076 4079/4079 4080/4080
f 4082/4081 4085/4082 4084/4083 4081/4084
f 4083/4085 4086/4086 4085/4082 4082/4081
f 4085/4082 4088/4087 4087/4088 4084/4083
f 4086/4086 4089/4089 4088/4087 4085/4082
f 4088/4087 4091/4090 4090/4091 4087/4088
f 4089/4089 4092/4092 4091/4090 4088/4087
f 4091/4090 4094/4093 4093/4094 4090/4091
f 4092/4092 4095/4095 4094/4093 4091/4090
f 4094/4093 4097/4096 4096/4097 4093/4094
f 4095/4095 4098/4098 4097/4096 4094/4093
f 4097/4096 4100/4099 4099/4100 4096/4097
f 4098/4098 4101/4101 4100/4099 4097/4096
f 4100/4099 4103/4102 4102/4103 4099/4100
f 4101/4101 4104/4104 4103/4102 4100/4099
f 4103/4102 4106/4105 4105/4106 4102/4103
f 4104/4104 4107/4107 4106/4105 4103/4102
f 4106/4105 4109/4108 4108/4109 4105/4106
f 4107/4107 4110/4110 4109/4108 4106/4105
f 4109/4108 4112/4111 4111/4112 4108/4109
f 4110/4110 4113/4113 4112/4111 4109/4108
f 4112/4111 4115/4114 4114/4115 4111/4112
f 4113/4113 4116/4116 4115/4114 4112/4111
f 4118/4117 4121/4118 4120/4119 4117/4120
f 4119/4121 4122/4122 4121/4118 4118/4117
f 4121/4118 4124/4123 4123/4124 4120/4119
f 4122/4122 4125/4125 4124/4123 4121/4118
f 4124/4123 4127/4126 4126/4127 4123/4124
f 4125/4125 4128/4128 4127/4126 4124/4123
f 4127/4126 4130/4129 4129/4130 4126/4127
f 4128/4128 4131/4131 4130/4129 4127/4126
f 4130/4129 4133/4132 4132/4133 4129/4130
f 4131/4131 4134/4134 4133/4132 4130/4129
f 4133/4132 4136/4135 4135/4136 4132/4133
f 4134/4134 4137/4137 4136/4135 4133/4132
f 4136/4135 4139/4138 4138/4139 4135/4136
f 4137/4137 4140/4140 4139/4138 4136/4135
f 4139/4138 4142/4141 4141/4142 4138/4139
f 4140/4140 4143/4143 4142/4141 4139/4138
f 4142/4141 4145/4144 4144/4145 4141/4142
f 4143/4143 4146/4146 4145/4144 4142/4141
f 4145/4144 4148/4147 4147/4148 4144/4145
f 4146/4146 4149/4149 4148/4147 4145/4144
f 4148/4147 4151/4150 4150/4151 4147/4148
f 4149/4149 4152/4152 4151/4150 4148/4147
f 4154/4153 4157/4154 4156/4155 4153/4156
f 4155/4157 4158/4158 4157/4154 4154/4153
f 4157/4154 4160/4159 4159/4160 4156/4155
f 4158/4158 4161/4161 4160/4159 4157/4154
f 4160/4159 4163/4162 4162/4163 4159/4160
f 4161/4161 4164/4164 4163/4162 4160/4159
f 4163/4162 4166/4165 4165/4166 4162/4163
f 4164/4164 4167/4167 4166/4165 4163/4162
f 4166/4165 4169/4168 4168/4169 4165/4166
f 4167/4167 4170/4170 4169/4168 4166/4165
f 4169/4168 4172/4171 4171/4172 4168/4169
f 4170/4170 4173/4173 4172/4171 4169/4168
f 4172/4171 4175/4174 4174/4175 4171/4172
f 4173/4173 4176/4176 4175/4174 4172/4171
f 4175/4174 4178/4177 4177/4178 4174/4175
f 4176/4176 4179/4179 4178/4177 4175/4174
f 4178/4177 4181/4180 4180/4181 4177/4178
f 4179/4179 4182/4182 4181/4180 4178/4177
f 4181/4180 4184/4183 4183/4184 4180/4181
f 4182/4182 4185/4185 4184/4183 4181/4180
f 4184/4183 4187/4186 4186/4187 4183/4184
f 4185/4185 4188/4188 4187/4186 4184/4183
f 4190/4189 4193/4190 4192/4191 4189/4192
f 4191/4193 4194/4194 4193/4190 4190/4189
f 4193/4190 4196/4195 4195/4196 4192/4191
f 4194/4194 4197/4197 4196/4195 4193/4190
f 4196/4195 4199/4198 4198/4199 4195/4196
f 4197/4197 4200/4200 4199/4198 4196/4195
f 4199/4198 4202/4201 4201/4202 4198/4199
f 4200/4200 4203/4203 4202/4201 4199/4198
f 4202/4201 4205/4204 4204/4205 4201/4202
f 4203/4203 4206/4206 4205/4204 4202/4201
f 4205/4204 4208/4207 4207/4208 4204/4205
f 4206/4206 4209/4209 4208/4207 4205/4204
f 4208/4207 4211/4210 4210/4211 4207/4208
f 4209/4209 4212/4212 4211/4210 4208/4207
f 4211/4210 4214/4213 4213/4214 4210/4211
f 4212/4212 4215/4215 4214/4213 4211/4210
f 4214/4213 4217/4216 4216/4217 4213/4214
f 4215/4215 4218/4218 4217/4216 4214/4213
f 4217/4216 4220/4219 4219/4220 4216/4217
f 4218/4218 4221/4221 4220/4219 4217/4216
f 4220/4219 4223/4222 4222/4223 4219/4220
f 4221/4221 4224/4224 4223/4222 4220/4219
f 4226/4225 4229/4226 4228/4227 4225/4228
f 4227/4229 4230/4230 4229/4226 4226/4225
f 4229/4226 4232/4231 4231/4232 4228/4227
f 4230/4230 4233/4233 4232/4231 4229/4226
f 4232/4231 4235/4234 4234/4235 4231/4232
f 4233/4233 4236/4236 4235/4234 4232/4231
f 4235/4234 4238/4237 4237/4238 4234/4235
f 4236/4236 4239/4239 4238/4237 4235/4234
f 4238/4237 4241/4240 4240/4241 4237/4238
f 4239/4239 4242/4242 4241/4240 4238/4237
f 4241/4240 4244/4243 4243/4244 4240/4241
f 4242/4242 4245/4245 4244/4243 4241/4240
f 4244/4243 4247/4246 4246/4247 4243/4244
f 4245/4245 4248/4248 4247/4246 4244/4243
f 4247/4246 4250/4249 4249/4250 4246/4247
f 4248/4248 4251/4251 4250/4249 4247/4246
f 4250/4249 4253/4252 4252/4253 4249/4250
f 4251/4251 4254/4254 4253/4252 4250/4249
f 4253/4252 4256/4255 4255/4256 4252/4253
f 4254/4254 4257/4257 4256/4255 4253/4252
f 4256/4255 4259/4258 4258/4259 4255/4256
f 4257/4257 4260/4260 4259/4258 4256/4255
f 4262/4261 4265/4262 4264/4263 4261/4264
f 4263/4265 4266/4266 4265/4262 4262/4261
f 4265/4262 4268/4267 4267/4268 4264/4263
f 4266/4266 4269/4269 4268/4267 4265/4262
f 4268/4267 4271/4270 4270/4271 4267/4268
f 4269/4269 4272/4272 4271/4270 4268/4267
f 4271/4270 4274/4273 4273/4274 4270/4271
f 4272/4272 4275/4275 4274/4273 4271/4270
f 4274/4273 4277/4276 4276/4277 4273/4274
f 4275/4275 4278/4278 4277/4276 4274/4273
f 4277/4276 4280/4279 4279/4280 4276/4277
f 4278/4278 4281/4281 4280/4279 4277/4276
f 4280/4279 4283/4282 4282/4283 4279/4280
f 4281/4281 4284/4284 4283/4282 4280/4279
f 4283/4282 4286/4285 4285/4286 4282/4283
f 4284/4284 4287/4287 4286/4285 4283/4282
f 4286/4285 4289/4288 4288/4289 4285/4286
f 4287/4287 4290/4290 4289/4288 4286/4285
f 4289/4288 4292/4291 4291/4292 4288/4289
f 4290/4290 4293/4293 4292/4291 4289/4288
f 4292/4291 4295/4294 4294/4295 4291/4292
f 4293/4293 4296/4296 4295/4294 4292/4291
f 4298/4297 4301/4298 4300/4299 4297/4300
f 4299/4301 4302/4302 4301/4298 4298/4297
f 4301/4298 4304/4303 4303/4304 4300/4299
f 4302/4302 4305/4305 4304/4303 4301/4298
f 4304/4303 4307/4306 4306/4307 4303/4304
f 4305/4305 4308/4308 4307/4306 4304/4303
f 4307/4306 4310/4309 4309/4310 4306/4307
f 4308/4308 4311/4311 4310/4309 4307/4306
f 4310/4309 4313/4312 4312/4313 4309/4310
f 4311/4311 4314/4314 4313/4312 4310/4309
f 4313/4312 4316/4315 4315/4316 4312/4313
f 4314/4314 4317/4317 4316/4315 4313/4312
f 4316/4315 4319/4318 4318/4319 4315/4316
f 4317/4317 4320/4320 4319/4318 4316/4315
f 4319/4318 4322/4321 4321/4322 4318/4319
f 4320/4320 4323/4323 4322/4321 4319/4318
f 4322/4321 4325/4324 4324/4325 4321/4322
f 4323/4323 4326/4326 4325/4324 4322/4321
f 4325/4324 4328/4327 4327/4328 4324/4325
f 4326/4326 4329/4329 4328/4327 4325/4324
f 4328/4327 4331/4330 4330/4331 4327/4328
f 4329/4329 4332/4332 4331/4330 4328/4327
f 4334/4333 4337/4334 4336/4335 4333/4336
f 4335/4337 4338/4338 4337/4334 4334/4333
f 4337/4334 4340/4339 4339/4340 4336/4335
f 4338/4338 4341/4341 4340/4339 4337/4334
f 4340/4339 4343/4342 4342/4343 4339/4340
f 4341/4341 4344/4344 4343/4342 4340/4339
f 4343/4342 4346/4345 4345/4346 4342/4343
f 4344/4344 4347/4347 4346/4345 4343/4342
f 4346/4345 4349/4348 4348/4349 4345/4346
f 4347/4347 4350/4350 4349/4348 4346/4345
f 4349/4348 4352/4351 4351/4352 4348/4349
f 4350/4350 4353/4353 4352/4351 4349/4348
f 4352/4351 4355/4354 4354/4355 4351/4352
f 4353/4353 4356/4356 4355/4354 4352/4351
f 4355/4354 4358/4357 4357/4358 4354/4355
f 4356/4356 4359/4359 4358/4357 4355/4354
f 4358/4357 4361/4360 4360/4361 4357/4358
f 4359/4359 4362/4362 4361/4360 4358/4357
f 4361/4360 4364/4363 4363/4364 4360/4361
f 4362/4362 4365/4365 4364/4363 4361/4360
f 4364/4363 4367/4366 4366/4367 4363/4364
f 4365/4365 4368/4368 4367/4366 4364/4363
f 4370/4369 4373/4370 4372/4371 4369/4372
f 4371/4373 4374/4374 4373/4370 4370/4369
f 4373/4370 4376/4375 4375/4376 4372/4371
f 4374/4374 4377/4377 4376/4375 4373/4370
f 4376/4375 4379/4378 4378/4379 4375/4376
f 4377/4377 4380/4380 4379/4378 4376/4375
f 4379/4378 4382/4381 4381/4382 4378/4379
f 4380/4380 4383/4383 4382/4381 4379/4378
f 4382/4381 4385/4384 4384/4385 4381/4382
f 4383/4383 4386/4386 4385/4384 4382/4381
f 4385/4384 4388/4387 4387/4388 4384/4385
f 4386/4386 4389/4389 4388/4387 4385/4384
f 4388/4387 4391/4390 4390/4391 4387/4388
f 4389/4389 4392/4392 4391/4390 4388/4387
f 4391/4390 4394/4393 4393/4394 4390/4391
f 4392/4392 4395/4395 4394/4393 4391/4390
f 4394/4393 4397/4396 4396/4397 4393/4394
f 4395/4395 4398/4398 4397/4396 4394/4393
f 4397/4396 4400/4399 4399/4400 4396/4397
f 4398/4398 4401/4401 4400/4399 4397/4396
f 4400/4399 4403/4402 4402/4403 4399/4400
f 4401/4401 4404/4404 4403/4402 4400/4399
f 4406/4405 4409/4406 4408/4407 4405/4408
f 4407/4409 4410/4410 4409/4406 4406/4405
f 4409/4406 4412/4411 4411/4412 4408/4407
f 4410/4410 4413/4413 4412/4411 4409/4406
f 4412/4411 4415/4414 4414/4415 4411/4412
f 4413/4413 4416/4416 4415/4414 4412/4411
f 4415/4414 4418/4417 4417/4418 4414/4415
f 4416/4416 4419/4419 4418/4417 4415/4414
f 4418/4417 4421/4420 4420/4421 4417/4418
f 4419/4419 4422/4422 4421/4420 4418/4417
f 4421/4420 4424/4423 4423/4424 4420/4421
f 4422/4422 4425/4425 4424/4423 4421/4420
f 4424/4423 4427/4426 4426/4427 4423/4424
f 4425/4425 4428/4428 4427/4426 4424/4423
f 4427/4426 4430/4429 4429/4430 4426/4427
f 4428/4428 4431/4431 4430/4429 4427/4426
f 4430/4429 4433/4432 4432/4433 4429/4430
f 4431/4431 4434/4434 4433/4432 4430/4429
f 4433/4432 4436/4435 4435/4436 4432/4433
f 4434/4434 4437/4437 4436/4435 4433/4432
f 4436/4435 4439/4438 4438/4439 4435/4436
f 4437/4437 4440/4440 4439/4438 4436/4435
f 4442/4441 4445/4442 4444/4443 4441/4444
f 4443/4445 4446/4446 4445/4442 4442/4441
f 4445/4442 4448/4447 4447/4448 4444/4443
f 4446/4446 4449/4449 4448/4447 4445/4442
f 4448/4447 4451/4450 4450/4451 4447/4448
f 4449/4449 4452/4452 4451/4450 4448/4447
f 4451/4450 4454/4453 4453/4454 4450/4451
f 4452/4452 4455/4455 4454/4453 4451/4450
f 4454/4453 4457/4456 4456/4457 4453/4454
f 4455/4455 4458/4458 4457/4456 4454/4453
f 4457/4456 4460/4459 4459/4460 4456/4457
f 4458/4458 4461/4461 4460/4459 4457/4456
f 4460/4459 4463/4462 4462/4463 4459/4460
f 4461/4461 4464/4464 4463/4462 4460/4459
f 4463/4462 4466/4465 4465/4466 4462/4463
f 4464/4464 4467/4467 4466/4465 4463/4462
f 4466/4465 4469/4468 4468/4469 4465/4466
f 4467/4467 4470/4470 4469/4468 4466/4465
f 4469/4468 4472/4471 4471/4472 4468/4469
f 4470/4470 4473/4473 4472/4471 4469/4468
f 4472/4471 4475/4474 4474/4475 4471/4472
f 4473/4473 4476/4476 4475/4474 4472/4471
f 4478/4477 4481/4478 4480/4479 4477/4480
f 4479/4481 4482/4482 4481/4478 4478/4477
f 4481/4478 4484/4483 4483/4484 4480/4479
f 4482/4482 4485/4485 4484/4483 4481/4478
f 4484/4483 4487/4486 4486/4487 4483/4484
f 4485/4485 4488/4488 4487/4486 4484/4483
f 4487/4486 4490/4489 4489/4490 4486/4487
f 4488/4488 4491/4491 4490/4489 4487/4486
f 4490/4489 4493/4492 4492/4493 4489/4490
f 4491/4491 4494/4494 4493/4492 4490/4489
f 4493/4492 4496/4495 4495/4496 4492/4493
f 4494/4494 4497/4497 4496/4495 4493/4492
f 4496/4495 4499/4498 4498/4499 4495/4496
f 4497/4497 4500/4500 4499/4498 4496/4495
f 4499/4498 4502/4501 4501/4502 4498/4499
f 4500/4500 4503/4503 4502/4501 4499/4498
f 4502/4501 4505/4504 4504/4505 4501/4502
f 4503/4503 4506/4506 4505/4504 4502/4501
f 4505/4504 4508/4507 4507/4508 4504/4505
f 4506/4506 4509/4509 4508/4507 4505/4504
f 4508/4507 4511/4510 4510/4511 4507/4508
f 4509/4509 4512/4512 4511/4510 4508/4507
f 4514/4513 4517/4514 4516/4515 4513/4516
f 4515/4517 4518/4518 4517/4514 4514/4513
f 4517/4514 4520/4519 4519/4520 4516/4515
f 4518/4518 4521/4521 4520/4519 4517/4514
f 4520/4519 4523/4522 4522/4523 4519/4520
f 4521/4521 4524/4524 4523/4522 4520/4519
f 4523/4522 4526/4525 4525/4526 4522/4523
f 4524/4524 4527/4527 4526/4525 4523/4522
f 4526/4525 4529/4528 4528/4529 4525/4526
f 4527/4527 4530/4530 4529/4528 4526/4525
f 4529/4528 4532/4531 4531/4532 4528/4529
f 4530/4530 4533/4533 4532/4531 4529/4528
f 4532/4531 4535/4534 4534/4535 4531/4532
f 4533/4533 4536/4536 4535/4534 4532/4531
f 4535/4534 4538/4537 4537/4538 4534/4535
f 4536/4536 4539/4539 4538/4537 4535/4534
f 4538/4537 4541/4540 4540/4541 4537/4538
f 4539/4539 4542/4542 4541/4540 4538/4537
f 4541/4540 4544/4543 4543/4544 4540/4541
f 4542/4542 4545/4545 4544/4543 4541/4540
f 4544/4543 4547/4546 4546/4547 4543/4544
f 4545/4545 4548/4548 4547/4546 4544/4543
f 4550/4549 4553/4550 4552/4551 4549/4552
f 4551/4553 4554/4554 4553/4550 4550/4549
f 4553/4550 4556/4555 4555/4556 4552/4551
f 4554/4554 4557/4557 4556/4555 4553/4550
f 4556/4555 4559/4558 4558/4559 4555/4556
f 4557/4557 4560/4560 4559/4558 4556/4555
f 4559/4558 4562/4561 4561/4562 4558/4559
f 4560/4560 4563/4563 4562/4561 4559/4558
f 4562/4561 4565/4564 4564/4565 4561/4562
f 4563/4563 4566/4566 4565/4564 4562/4561
f 4565/4564 4568/4567 4567/4568 4564/4565
f 4566/4566 4569/4569 4568/4567 4565/4564
f 4568/4567 4571/4570 4570/4571 4567/4568
f 4569/4569 4572/4572 4571/4570 4568/4567
f 4571/4570 4574/4573 4573/4574 4570/4571
f 4572/4572 4575/4575 4574/4573 4571/4570
f 4574/4573 4577/4576 4576/4577 4573/4574
f 4575/4575 4578/4578 4577/4576 4574/4573
f 4577/4576 4580/4579 4579/4580 4576/4577
f 4578/4578 4581/4581 4580/4579 4577/4576
f 4580/4579 4583/4582 4582/4583 4579/4580
f 4581/4581 4584/4584 4583/4582 4580/4579
f 4586/4585 4589/4586 4588/4587 4585/4588
f 4587/4589 4590/4590 4589/4586 4586/4585
f 4589/4586 4592/4591 4591/4592 4588/4587
f 4590/4590 4593/4593 4592/4591 4589/4586
f 4592/4591 4595/4594 4594/4595 4591/4592
f 4593/4593 4596/4596 4595/4594 4592/4591
f 4595/4594 4598/4597 4597/4598 4594/4595
f 4596/4596 4599/4599 4598/4597 4595/4594
f 4598/4597 4601/4600 4600/4601 4597/4598
f 4599/4599 4602/4602 4601/4600 4598/4597
f 4601/4600 4604/4603 4603/4604 4600/4601
f 4602/4602 4605/4605 4604/4603 4601/4600
f 4604/4603 4607/4606 4606/4607 4603/4604
f 4605/4605 4608/4608 4607/4606 4604/4603
f 4607/4606 4610/4609 4609/4610 4606/4607
f 4608/4608 4611/4611 4610/4609 4607/4606
f 4610/4609 4613/4612 4612/4613 4609/4610
f 4611/4611 4614/4614 4613/4612 4610/4609
f 4613/4612 4616/4615 4615/4616 4612/4613
f 4614/4614 4617/4617 4616/4615 4613/4612
f 4616/4615 4619/4618 4618/4619 4615/4616
f 4617/4617 4620/4620 4619/4618 4616/4615
f 4622/4621 4625/4622 4624/4623 4621/4624
f 4623/4625 4626/4626 4625/4622 4622/4621
f 4625/4622 4628/4627 4627/4628 4624/4623
f 4626/4626 4629/4629 4628/4627 4625/4622
f 4628/4627 4631/4630 4630/4631 4627/4628
f 4629/4629 4632/4632 4631/4630 4628/4627
f 4631/4630 4634/4633 4633/4634 4630/4631
f 4632/4632 4635/4635 4634/4633 4631/4630
f 4634/4633 4637/4636 4636/4637 4633/4634
f 4635/4635 4638/4638 4637/4636 4634/4633
f 4637/4636 4640/4639 4639/4640 4636/4637
f 4638/4638 4641/4641 4640/4639 4637/4636
f 4640/4639 4643/4642 4642/4643 4639/4640
f 4641/4641 4644/4644 4643/4642 4640/4639
f 4643/4642 4646/4645 4645/4646 4642/4643
f 4644/4644 4647/4647 4646/4645 4643/4642
f 4646/4645 4649/4648 4648/4649 4645/4646
f 4647/4647 4650/4650 4649/4648 4646/4645
f 4649/4648 4652/4651 4651/4652 4648/4649
f 4650/4650 4653/4653 4652/4651 4649/4648
f 4652/4651 4655/4654 4654/4655 4651/4652
f 4653/4653 4656/4656 4655/4654 4652/4651
f 4658/4657 4661/4658 4660/4659 4657/4660
f 4659/4661 4662/4662 4661/4658 4658/4657
f 4661/4658 4664/4663 4663/4664 4660/4659
f 4662/4662 4665/4665 4664/4663 4661/4658
f 4664/4663 4667/4666 4666/4667 4663/4664
f 4665/4665 4668/4668 4667/4666 4664/4663
f 4667/4666 4670/4669 4669/4670 4666/4667
f 4668/4668 4671/4671 4670/4669 4667/4666
f 4670/4669 4673/4672 4672/4673 4669/4670
f 4671/4671 4674/4674 4673/4672 4670/4669
f 4673/4672 4676/4675 4675/4676 4672/4673
f 4674/4674 4677/4677 4676/4675 4673/4672
f 4676/4675 4679/4678 4678/4679 4675/4676
f 4677/4677 4680/4680 4679/4678 4676/4675
f 4679/4678 4682/4681 4681/4682 4678/4679
f 4680/4680 4683/4683 4682/4681 4679/4678
f 4682/4681 4685/4684 4684/4685 4681/4682
f 4683/4683 4686/4686 4685/4684 4682/4681
f 4685/4684 4688/4687 4687/4688 4684/4685
f 4686/4686 4689/4689 4688/4687 4685/4684
f 4688/4687 4691/4690 4690/4691 4687/4688
f 4689/4689 4692/4692 4691/4690 4688/4687
f 4694/4693 4697/4694 4696/4695 4693/4696
f 4695/4697 4698/4698 4697/4694 4694/4693
f 4697/4694 4700/4699 4699/4700 4696/4695
f 4698/4698 4701/4701 4700/4699 4697/4694
f 4700/4699 4703/4702 4702/4703 4699/4700
f 4701/4701 4704/4704 4703/4702 4700/4699
f 4703/4702 4706/4705 4705/4706 4702/4703
f 4704/4704 4707/4707 4706/4705 4703/4702
f 4706/4705 4709/4708 4708/4709 4705/4706
f 4707/4707 4710/4710 4709/4708 4706/4705
f 4709/4708 4712/4711 4711/4712 4708/4709
f 4710/4710 4713/4713 4712/4711 4709/4708
f 4712/4711 4715/4714 4714/4715 4711/4712
f 4713/4713 4716/4716 4715/4714 4712/4711
f 4715/4714 4718/4717 4717/4718 4714/4715
f 4716/4716 4719/4719 4718/4717 4715/4714
f 4718/4717 4721/4720 4720/4721 4717/4718
f 4719/4719 4722/4722 4721/4720 4718/4717
f 4721/4720 4724/4723 4723/4724 4720/4721
f 4722/4722 4725/4725 4724/4723 4721/4720
f 4724/4723 4727/4726 4726/4727 4723/4724
f 4725/4725 4728/4728 4727/4726 4724/4723
f 4730/4729 4733/4730 4732/4731 4729/4732
f 4731/4733 4734/4734 4733/4730 4730/4729
f 4733/4730 4736/4735 4735/4736 4732/4731
f 4734/4734 4737/4737 4736/4735 4733/4730
f 4736/4735 4739/4738 4738/4739 4735/4736
f 4737/4737 4740/4740 4739/4738 4736/4735
f 4739/4738 4742/4741 4741/4742 4738/4739
f 4740/4740 4743/4743 4742/4741 4739/4738
f 4742/4741 4745/4744 4744/4745 4741/4742
f 4743/4743 4746/4746 4745/4744 4742/4741
f 4745/4744 4748/4747 4747/4748 4744/4745
f 4746/4746 4749/4749 4748/4747 4745/4744
f 4748/4747 4751/4750 4750/4751 4747/4748
f 4749/4749 4752/4752 4751/4750 4748/4747
f 4751/4750 4754/4753 4753/4754 4750/4751
f 4752/4752 4755/4755 4754/4753 4751/4750
f 4754/4753 4757/4756 4756/4757 4753/4754
f 4755/4755 4758/4758 4757/4756 4754/4753
f 4757/4756 4760/4759 4759/4760 4756/4757
f 4758/4758 4761/4761 4760/4759 4757/4756
f 4760/4759 4763/4762 4762/4763 4759/4760
f 4761/4761 4764/4764 4763/4762 4760/4759
f 4766/4765 4769/4766 4768/4767 4765/4768
f 4767/4769 4770/4770 4769/4766 4766/4765
f 4769/4766 4772/4771 4771/4772 4768/4767
f 4770/4770 4773/4773 4772/4771 4769/4766
f 4772/4771 4775/4774 4774/4775 4771/4772
f 4773/4773 4776/4776 4775/4774 4772/4771
f 4775/4774 4778/4777 4777/4778 4774/4775
f 4776/4776 4779/4779 4778/4777 4775/4774
f 4778/4777 4781/4780 4780/4781 4777/4778
f 4779/4779 4782/4782 4781/4780 4778/4777
f 4781/4780 4784/4783 4783/4784 4780/4781
f 4782/4782 4785/4785 4784/4783 4781/4780
f 4784/4783 4787/4786 4786/4787 4783/4784
f 4785/4785 4788/4788 4787/4786 4784/4783
f 4787/4786 4790/4789 4789/4790 4786/4787
f 4788/4788 4791/4791 4790/4789 4787/4786
f 4790/4789 4793/4792 4792/4793 4789/4790
f 4791/4791 4794/4794 4793/4792 4790/4789
f 4793/4792 4796/4795 4795/4796 4792/4793
f 4794/4794 4797/4797 4796/4795 4793/4792
f 4796/4795 4799/4798 4798/4799 4795/4796
f 4797/4797 4800/4800 4799/4798 4796/4795
f 4802/4801 4805/4802 4804/4803 4801/4804
f 4803/4805 4806/4806 4805/4802 4802/4801
f 4805/4802 4808/4807 4807/4808 4804/4803
f 4806/4806 4809/4809 4808/4807 4805/4802
f 4808/4807 4811/4810 4810/4811 4807/4808
f 4809/4809 4812/4812 4811/4810 4808/4807
f 4811/4810 4814/4813 4813/4814 4810/4811
f 4812/4812 4815/4815 4814/4813 4811/4810
f 4814/4813 4817/4816 4816/4817 4813/4814
f 4815/4815 4818/4818 4817/4816 4814/4813
f 4817/4816 4820/4819 4819/4820 4816/4817
f 4818/4818 4821/4821 4820/4819 4817/4816
f 4820/4819 4823/4822 4822/4823 4819/4820
f 4821/4821 4824/4824 4823/4822 4820/4819
f 4823/4822 4826/4825 4825/4826 4822/4823
f 4824/4824 4827/4827 4826/4825 4823/4822
f 4826/4825 4829/4828 4828/4829 4825/4826
f 4827/4827 4830/4830 4829/4828 4826/4825
f 4829/4828 4832/4831 4831/4832 4828/4829
f 4830/4830 4833/4833 4832/4831 4829/4828
f 4832/4831 4835/4834 4834/4835 4831/4832
f 4833/4833 4836/4836 4835/4834 4832/4831
f 4838/4837 4841/4838 4840/4839 4837/4840
f 4839/4841 4842/4842 4841/4838 4838/4837
f 4841/4838 4844/4843 4843/4844 4840/4839
f 4842/4842 4845/4845 4844/4843 4841/4838
f 4844/4843 4847/4846 4846/4847 4843/4844
f 4845/4845 4848/4848 4847/4846 4844/4843
f 4847/4846 4850/4849 4849/4850 4846/4847
f 4848/4848 4851/4851 4850/4849 4847/4846
f 4850/4849 4853/4852 4852/4853 4849/4850
f 4851/4851 4854/4854 4853/4852 4850/4849
f 4853/4852 4856/4855 4855/4856 4852/4853
f 4854/4854 4857/4857 4856/4855 4853/4852
f 4856/4855 4859/4858 4858/4859 4855/4856
f 4857/4857 4860/4860 4859/4858 4856/4855
f 4859/4858 4862/4861 4861/4862 4858/4859
f 4860/4860 4863/4863 4862/4861 4859/4858
f 4862/4861 4865/4864 4864/4865 4861/4862
f 4863/4863 4866/4866 4865/4864 4862/4861
f 4865/4864 4868/4867 4867/4868 4864/4865
f 4866/4866 4869/4869 4868/4867 4865/4864
f 4868/4867 4871/4870 4870/4871 4867/4868
f 4869/4869 4872/4872 4871/4870 4868/4867
f 4874/4873 4877/4874 4876/4875 4873/4876
f 4875/4877 4878/4878 4877/4874 4874/4873
f 4877/4874 4880/4879 4879/4880 4876/4875
f 4878/4878 4881/4881 4880/4879 4877/4874
f 4880/4879 4883/4882 4882/4883 4879/4880
f 4881/4881 4884/4884 4883/4882 4880/4879
f 4883/4882 4886/4885 4885/4886 4882/4883
f 4884/4884 4887/4887 4886/4885 4883/4882
f 4886/4885 4889/4888 4888/4889 4885/4886
f 4887/4887 4890/4890 4889/4888 4886/4885
f 4889/4888 4892/4891 4891/4892 4888/4889
f 4890/4890 4893/4893 4892/4891 4889/4888
f 4892/4891 4895/4894 4894/4895 4891/4892
f 4893/4893 4896/4896 4895/4894 4892/4891
f 4895/4894 4898/4897 4897/4898 4894/4895
f 4896/4896 4899/4899 4898/4897 4895/4894
f 4898/4897 4901/4900 4900/4901 4897/4898
f 4899/4899 4902/4902 4901/4900 4898/4897
f 4901/4900 4904/4903 4903/4904 4900/4901
f 4902/4902 4905/4905 4904/4903 4901/4900
f 4904/4903 4907/4906 4906/4907 4903/4904
f 4905/4905 4908/4908 4907/4906 4904/4903
f 4910/4909 4913/4910 4912/4911 4909/4912
f 4911/4913 4914/4914 4913/4910 4910/4909
f 4913/4910 4916/4915 4915/4916 4912/4911
f 4914/4914 4917/4917 4916/4915 4913/4910
f 4916/4915 4919/4918 4918/4919 4915/4916
f 4917/4917 4920/4920 4919/4918 4916/4915
f 4919/4918 4922/4921 4921/4922 4918/4919
f 4920/4920 4923/4923 4922/4921 4919/4918
f 4922/4921 4925/4924 4924/4925 4921/4922
f 4923/4923 4926/4926 4925/4924 4922/4921
f 4925/4924 4928/4927 4927/4928 4924/4925
f 4926/4926 4929/4929 4928/4927 4925/4924
f 4928/4927 4931/4930 4930/4931 4927/4928
f 4929/4929 4932/4932 4931/4930 4928/4927
f 4931/4930 4934/4933 4933/4934 4930/4931
f 4932/4932 4935/4935 4934/4933 4931/4930
f 4934/4933 4937/4936 4936/4937 4933/4934
f 4935/4935 4938/4938 4937/4936 4934/4933
f 4937/4936 4940/4939 4939/4940 4936/4937
f 4938/4938 4941/4941 4940/4939 4937/4936
f 4940/4939 4943/4942 4942/4943 4939/4940
f 4941/4941 4944/4944 4943/4942 4940/4939
f 4946/4945 4949/4946 4948/4947 4945/4948
f 4947/4949 4950/4950 4949/4946 4946/4945
f 4949/4946 4952/4951 4951/4952 4948/4947
f 4950/4950 4953/4953 4952/4951 4949/4946
f 4952/4951 4955/4954 4954/4955 4951/4952
f 4953/4953 4956/4956 4955/4954 4952/4951
f 4955/4954 4958/4957 4957/4958 4954/4955
f 4956/4956 4959/4959 4958/4957 4955/4954
f 4958/4957 4961/4960 4960/4961 4957/4958
f 4959/4959 4962/4962 4961/4960 4958/4957
f 4961/4960 4964/4963 4963/4964 4960/4961
f 4962/4962 4965/4965 4964/4963 4961/4960
f 4964/4963 4967/4966 4966/4967 4963/4964
f 4965/4965 4968/4968 4967/4966 4964/4963
f 4967/4966 4970/4969 4969/4970 4966/4967
f 4968/4968 4971/4971 4970/4969 4967/4966
f 4970/4969 4973/4972 4972/4973 4969/4970
f 4971/4971 4974/4974 4973/4972 4970/4969
f 4973/4972 4976/4975 4975/4976 4972/4973
f 4974/4974 4977/4977 4976/4975 4973/4972
f 4976/4975 4979/4978 4978/4979 4975/4976
f 4977/4977 4980/4980 4979/4978 4976/4975
f 4982/4981 4985/4982 4984/4983 4981/4984
f 4983/4985 4986/4986 4985/4982 4982/4981
f 4985/4982 4988/4987 4987/4988 4984/4983
f 4986/4986 4989/4989 4988/4987 4985/4982
f 4988/4987 4991/4990 4990/4991 4987/4988
f 4989/4989 4992/4992 4991/4990 4988/4987
f 4991/4990 4994/4993 4993/4994 4990/4991
f 4992/4992 4995/4995 4994/4993 4991/4990
f 4994/4993 4997/4996 4996/4997 4993/4994
f 4995/4995 4998/4998 4997/4996 4994/4993
f 4997/4996 5000/4999 4999/5000 4996/4997
f 4998/4998 5001/5001 5000/4999 4997/4996
f 5000/4999 5003/5002 5002/5003 4999/5000
f 5001/5001 5004/5004 5003/5002 5000/4999
f 5003/5002 5006/5005 5005/5006 5002/5003
f 5004/5004 5007/5007 5006/5005 5003/5002
f 5006/5005 5009/5008 5008/5009 5005/5006
f 5007/5007 5010/5010 5009/5008 5006/5005
f 5009/5008 5012/5011 5011/5012 5008/5009
f 5010/5010 5013/5013 5012/5011 5009/5008
f 5012/5011 5015/5014 5014/5015 5011/5012
f 5013/5013 5016/5016 5015/5014 5012/5011
f 5018/5017 5021/5018 5020/5019 5017/5020
f 5019/5021 5022/5022 5021/5018 5018/5017
f 5021/5018 5024/5023 5023/5024 5020/5019
f 5022/5022 5025/5025 5024/5023 5021/5018
f 5024/5023 5027/5026 5026/5027 5023/5024
f 5025/5025 5028/5028 5027/5026 5024/5023
f 5027/5026 5030/5029 5029/5030 5026/5027
f 5028/5028 5031/5031 5030/5029 5027/5026
f 5030/5029 5033/5032 5032/5033 5029/5030
f 5031/5031 5034/5034 5033/5032 5030/5029
f 5033/5032 5036/5035 5035/5036 5032/5033
f 5034/5034 5037/5037 5036/5035 5033/5032
f 5036/5035 5039/5038 5038/5039 5035/5036
f 5037/5037 5040/5040 5039/5038 5036/5035
f 5039/5038 5042/5041 5041/5042 5038/5039
f 5040/5040 5043/5043 5042/5041 5039/5038
f 5042/5041 5045/5044 5044/5045 5041/5042
f 5043/5043 5046/5046 5045/5044 5042/5041
f 5045/5044 5048/5047 5047/5048 5044/5045
f 5046/5046 5049/5049 5048/5047 5045/5044
f 5048/5047 5051/5050 5050/5051 5047/5048
f 5049/5049 5052/5052 5051/5050 5048/5047
f 5054/5053 5057/5054 5056/5055 5053/5056
f 5055/5057 5058/5058 5057/5054 5054/5053
f 5057/5054 5060/5059 5059/5060 5056/5055
f 5058/5058 5061/5061 5060/5059 5057/5054
f 5060/5059 5063/5062 5062/5063 5059/5060
f 5061/5061 5064/5064 5063/5062 5060/5059
f 5063/5062 5066/5065 5065/5066 5062/5063
f 5064/5064 5067/5067 5066/5065 5063/5062
f 5066/5065 5069/5068 5068/5069 5065/5066
f 5067/5067 5070/5070 5069/5068 5066/5065
f 5069/5068 5072/5071 5071/5072 5068/5069
f 5070/5070 5073/5073 5072/5071 5069/5068
f 5072/5071 5075/5074 5074/5075 5071/5072
f 5073/5073 5076/5076 5075/5074 5072/5071
f 5075/5074 5078/5077 5077/5078 5074/5075
f 5076/5076 5079/5079 5078/5077 5075/5074
f 5078/5077 5081/5080 5080/5081 5077/5078
f 5079/5079 5082/5082 5081/5080 5078/5077
f 5081/5080 5084/5083 5083/5084 5080/5081
f 5082/5082 5085/5085 5084/5083 5081/5080
f 5084/5083 5087/5086 5086/5087 5083/5084
f 5085/5085 5088/5088 5087/5086 5084/5083
f 5090/5089 5093/5090 5092/5091 5089/5092
f 5091/5093 5094/5094 5093/5090 5090/5089
f 5093/5090 5096/5095 5095/5096 5092/5091
f 5094/5094 5097/5097 5096/5095 5093/5090
f 5096/5095 5099/5098 5098/5099 5095/5096
f 5097/5097 5100/5100 5099/5098 5096/5095
f 5099/5098 5102/5101 5101/5102 5098/5099
f 5100/5100 5103/5103 5102/5101 5099/5098
f 5102/5101 5105/5104 5104/5105 5101/5102
f 5103/5103 5106/5106 5105/5104 5102/5101
f 5105/5104 5108/5107 5107/5108 5104/5105
f 5106/5106 5109/5109 5108/5107 5105/5104
f 5108/5107 5111/5110 5110/5111 5107/5108
f 5109/5109 5112/5112 5111/5110 5108/5107
f 5111/5110 5114/5113 5113/5114 5110/5111
f 5112/5112 5115/5115 5114/5113 5111/5110
f 5114/5113 5117/5116 5116/5117 5113/5114
f 5115/5115 5118/5118 5117/5116 5114/5113
f 5117/5116 5120/5119 5119/5120 5116/5117
f 5118/5118 5121/5121 5120/5119 5117/5116
f 5120/5119 5123/5122 5122/5123 5119/5120
f 5121/5121 5124/5124 5123/5122 5120/5119
f 5126/5125 5129/5126 5128/5127 5125/5128
f 5127/5129 5130/5130 5129/5126 5126/5125
f 5129/5126 5132/5131 5131/5132 5128/5127
f 5130/5130 5133/5133 5132/5131 5129/5126
f 5132/5131 5135/5134 5134/5135 5131/5132
f 5133/5133 5136/5136 5135/5134 5132/5131
f 5135/5134 5138/5137 5137/5138 5134/5135
f 5136/5136 5139/5139 5138/5137 5135/5134
f 5138/5137 5141/5140 5140/5141 5137/5138
f 5139/5139 5142/5142 5141/5140 5138/5137
f 5141/5140 5144/5143 5143/5144 5140/5141
f 5142/5142 5145/5145 5144/5143 5141/5140
f 5144/5143 5147/5146 5146/5147 5143/5144
f 5145/5145 5148/5148 5147/5146 5144/5143
f 5147/5146 5150/5149 5149/5150 5146/5147
f 5148/5148 5151/5151 5150/5149 5147/5146
f 5150/5149 5153/5152 5152/5153 5149/5150
f 5151/5151 5154/5154 5153/5152 5150/5149
f 5153/5152 5156/5155 5155/5156 5152/5153
f 5154/5154 5157/5157 5156/5155 5153/5152
f 5156/5155 5159/5158 5158/5159 5155/5156
f 5157/5157 5160/5160 5159/5158 5156/5155
f 5162/5161 5165/5162 5164/5163 5161/5164
f 5163/5165 5166/5166 5165/5162 5162/5161
f 5165/5162 5168/5167 5167/5168 5164/5163
f 5166/5166 5169/5169 5168/5167 5165/5162
f 5168/5167 5171/5170 5170/5171 5167/5168
f 5169/5169 5172/5172 5171/5170 5168/5167
f 5171/5170 5174/5173 5173/5174 5170/5171
f 5172/5172 5175/5175 5174/5173 5171/5170
f 5174/5173 5177/5176 5176/5177 5173/5174
f 5175/5175 5178/5178 5177/5176 5174/5173
f 5177/5176 5180/5179 5179/5180 5176/5177
f 5178/5178 5181/5181 5180/5179 5177/5176
f 5180/5179 5183/5182 5182/5183 5179/5180
f 5181/5181 5184/5184 5183/5182 5180/5179
f 5183/5182 5186/5185 5185/5186 5182/5183
f 5184/5184 5187/5187 5186/5185 5183/5182
f 5186/5185 5189/5188 5188/5189 5185/5186
f 5187/5187 5190/5190 5189/5188 5186/5185
f 5189/5188 5192/5191 5191/5192 5188/5189
f 5190/5190 5193/5193 5192/5191 5189/5188
f 5192/5191 5195/5194 5194/5195 5191/5192
f 5193/5193 5196/5196 5195/5194 5192/5191
f 5198/5197 5201/5198 5200/5199 5197/5200
f 5199/5201 5202/5202 5201/5198 5198/5197
f 5201/5198 5204/5203 5203/5204 5200/5199
f 5202/5202 5205/5205 5204/5203 5201/5198
f 5204/5203 5207/5206 5206/5207 5203/5204
f 5205/5205 5208/5208 5207/5206 5204/5203
f 5207/5206 5210/5209 5209/5210 5206/5207
f 5208/5208 5211/5211 5210/5209 5207/5206
f 5210/5209 5213/5212 5212/5213 5209/5210
f 5211/5211 5214/5214 5213/5212 5210/5209
f 5213/5212 5216/5215 5215/5216 5212/5213
f 5214/5214 5217/5217 5216/5215 5213/5212
f 5216/5215 5219/5218 5218/5219 5215/5216
f 5217/5217 5220/5220 5219/5218 5216/5215
f 5219/5218 5222/5221 5221/5222 5218/5219
f 5220/5220 5223/5223 5222/5221 5219/5218
f 5222/5221 5225/5224 5224/5225 5221/5222
f 5223/5223 5226/5226 5225/5224 5222/5221
f 5225/5224 5228/5227 5227/5228 5224/5225
f 5226/5226 5229/5229 5228/5227 5225/5224
f 5228/5227 5231/5230 5230/5231 5227/5228
f 5229/5229 5232/5232 5231/5230 5228/5227
f 5234/5233 5237/5234 5236/5235 5233/5236
f 5235/5237 5238/5238 5237/5234 5234/5233
f 5237/5234 5240/5239 5239/5240 5236/5235
f 5238/5238 5241/5241 5240/5239 5237/5234
f 5240/5239 5243/5242 5242/5243 5239/5240
f 5241/5241 5244/5244 5243/5242 5240/5239
f 5243/5242 5246/5245 5245/5246 5242/5243
f 5244/5244 5247/5247 5246/5245 5243/5242
f 5246/5245 5249/5248 5248/5249 5245/5246
f 5247/5247 5250/5250 5249/5248 5246/5245
f 5249/5248 5252/5251 5251/5252 5248/5249
f 5250/5250 5253/5253 5252/5251 5249/5248
f 5252/5251 5255/5254 5254/5255 5251/5252
f 5253/5253 5256/5256 5255/5254 5252/5251
f 5255/5254 5258/5257 5257/5258 5254/5255
f 5256/5256 5259/5259 5258/5257 5255/5254
f 5258/5257 5261/5260 5260/5261 5257/5258
f 5259/5259 5262/5262 5261/5260 5258/5257
f 5261/5260 5264/5263 5263/5264 5260/5261
f 5262/5262 5265/5265 5264/5263 5261/5260
f 5264/5263 5267/5266 5266/5267 5263/5264
f 5265/5265 5268/5268 5267/5266 5264/5263
f 5270/5269 5273/5270 5272/5271 5269/5272
f 5271/5273 5274/5274 5273/5270 5270/5269
f 5273/5270 5276/5275 5275/5276 5272/5271
f 5274/5274 5277/5277 5276/5275 5273/5270
f 5276/5275 5279/5278 5278/5279 5275/5276
f 5277/5277 5280/5280 5279/5278 5276/5275
f 5279/5278 5282/5281 5281/5282 5278/5279
f 5280/5280 5283/5283 5282/5281 5279/5278
f 5282/5281 5285/5284 5284/5285 5281/5282
f 5283/5283 5286/5286 5285/5284 5282/5281
f 5285/5284 5288/5287 5287/5288 5284/5285
f 5286/5286 5289/5289 5288/5287 5285/5284
f 5288/5287 5291/5290 5290/5291 5287/5288
f 5289/5289 5292/5292 5291/5290 5288/5287
f 5291/5290 5294/5293 5293/5294 5290/5291
f 5292/5292 5295/5295 5294/5293 5291/5290
f 5294/5293 5297/5296 5296/5297 5293/5294
f 5295/5295 5298/5298 5297/5296 5294/5293
f 5297/5296 5300/5299 5299/5300 5296/5297
f 5298/5298 5301/5301 5300/5299 5297/5296
f 5300/5299 5303/5302 5302/5303 5299/5300
f 5301/5301 5304/5304 5303/5302 5300/5299
f 5306/5305 5309/5306 5308/5307 5305/5308
f 5307/5309 5310/5310 5309/5306 5306/5305
f 5309/5306 5312/5311 5311/5312 5308/5307
f 5310/5310 5313/5313 5312/5311 5309/5306
f 5312/5311 5315/5314 5314/5315 5311/5312
f 5313/5313 5316/5316 5315/5314 5312/5311
f 5315/5314 5318/5317 5317/5318 5314/5315
f 5316/5316 5319/5319 5318/5317 5315/5314
f 5318/5317 5321/5320 5320/5321 5317/5318
f 5319/5319 5322/5322 5321/5320 5318/5317
f 5321/5320 5324/5323 5323/5324 5320/5321
f 5322/5322 5325/5325 5324/5323 5321/5320
f 5324/5323 5327/5326 5326/5327 5323/5324
f 5325/5325 5328/5328 5327/5326 5324/5323
f 5327/5326 5330/5329 5329/5330 5326/5327
f 5328/5328 5331/5331 5330/5329 5327/5326
f 5330/5329 5333/5332 5332/5333 5329/5330
f 5331/5331 5334/5334 5333/5332 5330/5329
f 5333/5332 5336/5335 5335/5336 5332/5333
f 5334/5334 5337/5337 5336/5335 5333/5332
f 5336/5335 5339/5338 5338/5339 5335/5336
f 5337/5337 5340/5340 5339/5338 5336/5335
f 5342/5341 5345/5342 5344/5343 5341/5344
f 5343/5345 5346/5346 5345/5342 5342/5341
f 5345/5342 5348/5347 5347/5348 5344/5343
f 5346/5346 5349/5349 5348/5347 5345/5342
f 5348/5347 5351/5350 5350/5351 5347/5348
f 5349/5349 5352/5352 5351/5350 5348/5347
f 5351/5350 5354/5353 5353/5354 5350/5351
f 5352/5352 5355/5355 5354/5353 5351/5350
f 5354/5353 5357/5356 5356/5357 5353/5354
f 5355/5355 5358/5358 5357/5356 5354/5353
f 5357/5356 5360/5359 5359/5360 5356/5357
f 5358/5358 5361/5361 5360/5359 5357/5356
f 5360/5359 5363/5362 5362/5363 5359/5360
f 5361/5361 5364/5364 5363/5362 5360/5359
f 5363/5362 5366/5365 5365/5366 5362/5363
f 5364/5364 5367/5367 5366/5365 5363/5362
f 5366/5365 5369/5368 5368/5369 5365/5366
f 5367/5367 5370/5370 5369/5368 5366/5365
f 5369/5368 5372/5371 5371/5372 5368/5369
f 5370/5370 5373/5373 5372/5371 5369/5368
f 5372/5371 5375/5374 5374/5375 5371/5372
f 5373/5373 5376/5376 5375/5374 5372/5371
f 5378/5377 5381/5378 5380/5379 5377/5380
f 5379/5381 5382/5382 5381/5378 5378/5377
f 5381/5378 5384/5383 5383/5384 5380/5379
f 5382/5382 5385/5385 5384/5383 5381/5378
f 5384/5383 5387/5386 5386/5387 5383/5384
f 5385/5385 5388/5388 5387/5386 5384/5383
f 5387/5386 5390/5389 5389/5390 5386/5387
f 5388/5388 5391/5391 5390/5389 5387/5386
f 5390/5389 5393/5392 5392/5393 5389/5390
f 5391/5391 5394/5394 5393/5392 5390/5389
f 5393/5392 5396/5395 5395/5396 5392/5393
f 5394/5394 5397/5397 5396/5395 5393/5392
f 5396/5395 5399/5398 5398/5399 5395/5396
f 5397/5397 5400/5400 5399/5398 5396/5395
f 5399/5398 5402/5401 5401/5402 5398/5399
f 5400/5400 5403/5403 5402/5401 5399/5398
f 5402/5401 5405/5404 5404/5405 5401/5402
f 5403/5403 5406/5406 5405/5404 5402/5401
f 5405/5404 5408/5407 5407/5408 5404/5405
f 5406/5406 5409/5409 5408/5407 5405/5404
f 5408/5407 5411/5410 5410/5411 5407/5408
f 5409/5409 5412/5412 5411/5410 5408/5407
f 5414/5413 5417/5414 5416/5415 5413/5416
f 5415/5417 5418/5418 5417/5414 5414/5413
f 5417/5414 5420/5419 5419/5420 5416/5415
f 5418/5418 5421/5421 5420/5419 5417/5414
f 5420/5419 5423/5422 5422/5423 5419/5420
f 5421/5421 5424/5424 5423/5422 5420/5419
f 5423/5422 5426/5425 5425/5426 5422/5423
f 5424/5424 5427/5427 5426/5425 5423/5422
f 5426/5425 5429/5428 5428/5429 5425/5426
f 5427/5427 5430/5430 5429/5428 5426/5425
f 5429/5428 5432/5431 5431/5432 5428/5429
f 5430/5430 5433/5433 5432/5431 5429/5428
f 5432/5431 5435/5434 5434/5435 5431/5432
f 5433/5433 5436/5436 5435/5434 5432/5431
f 5435/5434 5438/5437 5437/5438 5434/5435
f 5436/5436 5439/5439 5438/5437 5435/5434
f 5438/5437 5441/5440 5440/5441 5437/5438
f 5439/5439 5442/5442 5441/5440 5438/5437
f 5441/5440 5444/5443 5443/5444 5440/5441
f 5442/5442 5445/5445 5444/5443 5441/5440
f 5444/5443 5447/5446 5446/5447 5443/5444
f 5445/5445 5448/5448 5447/5446 5444/5443
f 5450/5449 5453/5450 5452/5451 5449/5452
f 5451/5453 5454/5454 5453/5450 5450/5449
f 5453/5450 5456/5455 5455/5456 5452/5451
f 5454/5454 5457/5457 5456/5455 5453/5450
f 5456/5455 5459/5458 5458/5459 5455/5456
f 5457/5457 5460/5460 5459/5458 5456/5455
f 5459/5458 5462/5461 5461/5462 5458/5459
f 5460/5460 5463/5463 5462/5461 5459/5458
f 5462/5461 5465/5464 5464/5465 5461/5462
f 5463/5463 5466/5466 5465/5464 5462/5461
f 5465/5464 5468/5467 5467/5468 5464/5465
f 5466/5466 5469/5469 5468/5467 5465/5464
f 5468/5467 5471/5470 5470/5471 5467/5468
f 5469/5469 5472/5472 5471/5470 5468/5467
f 5471/5470 5474/5473 5473/5474 5470/5471
f 5472/5472 5475/5475 5474/5473 5471/5470
f 5474/5473 5477/5476 5476/5477 5473/5474
f 5475/5475 5478/5478 5477/5476 5474/5473
f 5477/5476 5480/5479 5479/5480 5476/5477
f 5478/5478 5481/5481 5480/5479 5477/5476
f 5480/5479 5483/5482 5482/5483 5479/5480
f 5481/5481 5484/5484 5483/5482 5480/5479
f 5486/5485 5485/5486 5488/5487 5489/5488
f 5487/5489 5486/5485 5489/5488 5490/5490
f 5489/5488 5488/5487 5491/5491 5492/5492
f 5490/5490 5489/5488 5492/5492 5493/5493
f 5492/5492 5491/5491 5494/5494 5495/5495
f 5493/5493 5492/5492 5495/5495 5496/5496
f 5495/5495 5494/5494 5497/5497 5498/5498
f 5496/5496 5495/5495 5498/5498 5499/5499
f 5498/5498 5497/5497 5500/5500 5501/5501
f 5499/5499 5498/5498 5501/5501 5502/5502
f 5501/5501 5500/5500 5503/5503 5504/5504
f 5502/5502 5501/5501 5504/5504 5505/5505
f 5504/5504 5503/5503 5506/5506 5507/5507
f 5505/5505 5504/5504 5507/5507 5508/5508
f 5507/5507 5506/5506 5509/5509 5510/5510
f 5508/5508 5507/5507 5510/5510 5511/5511
f 5510/5510 5509/5509 5512/5512 5513/5513
f 5511/5511 5510/5510 5513/5513 5514/5514
f 5513/5513 5512/5512 5515/5515 5516/5516
f 5514/5514 5513/5513 5516/5516 5517/5517
f 5516/5516 5515/5515 5518/5518 5519/5519
f 5517/5517 5516/5516 5519/5519 5520/5520
f 5522/5521 5521/5522 5524/5523 5525/5524
f 5523/5525 5522/5521 5525/5524 5526/5526
f 5525/5524 5524/5523 5527/5527 5528/5528
f 5526/5526 5525/5524 5528/5528 5529/5529
f 5528/5528 5527/5527 5530/5530 5531/5531
f 5529/5529 5528/5528 5531/5531 5532/5532
f 5531/5531 5530/5530 5533/5533 5534/5534
f 5532/5532 5531/5531 5534/5534 5535/5535
f 5534/5534 5533/5533 5536/5536 5537/5537
f 5535/5535 5534/5534 5537/5537 5538/5538
f 5537/5537 5536/5536 5539/5539 5540/5540
f 5538/5538 5537/5537 5540/5540 5541/5541
f 5540/5540 5539/5539 5542/5542 5543/5543
f 5541/5541 5540/5540 5543/5543 5544/5544
f 5543/5543 5542/5542 5545/5545 5546/5546
f 5544/5544 5543/5543 5546/5546 5547/5547
f 5546/5546 5545/5545 5548/5548 5549/5549
f 5547/5547 5546/5546 5549/5549 5550/5550
f 5549/5549 5548/5548 5551/5551 5552/5552
f 5550/5550 5549/5549 5552/5552 5553/5553
f 5552/5552 5551/5551 5554/5554 5555/5555
f 5553/5553 5552/5552 5555/5555 5556/5556
f 5558/5557 5557/5558 5560/5559 5561/5560
f 5559/5561 5558/5557 5561/5560 5562/5562
f 5561/5560 5560/5559 5563/5563 5564/5564
f 5562/5562 5561/5560 5564/5564 5565/5565
f 5564/5564 5563/5563 5566/5566 5567/5567
f 5565/5565 5564/5564 5567/5567 5568/5568
f 5567/5567 5566/5566 5569/5569 5570/5570
f 5568/5568 5567/5567 5570/5570 5571/5571
f 5570/5570 5569/5569 5572/5572 5573/5573
f 5571/5571 5570/5570 5573/5573 5574/5574
f 5573/5573 5572/5572 5575/5575 5576/5576
f 5574/5574 5573/5573 5576/5576 5577/5577
f 5576/5576 5575/5575 5578/5578 5579/5579
f 5577/5577 5576/5576 5579/5579 5580/5580
f 5579/5579 5578/5578 5581/5581 5582/5582
f 5580/5580 5579/5579 5582/5582 5583/5583
f 5582/5582 5581/5581 5584/5584 5585/5585
f 5583/5583 5582/5582 5585/5585 5586/5586
f 5585/5585 5584/5584 5587/5587 5588/5588
f 5586/5586 5585/5585 5588/5588 5589/5589
f 5588/5588 5587/5587 5590/5590 5591/5591
f 5589/5589 5588/5588 5591/5591 5592/5592
f 5594/5593 5593/5594 5596/5595 5597/5596
f 5595/5597 5594/5593 5597/5596 5598/5598
f 5597/5596 5596/5595 5599/5599 5600/5600
f 5598/5598 5597/5596 5600/5600 5601/5601
f 5600/5600 5599/5599 5602/5602 5603/5603
f 5601/5601 5600/5600 5603/5603 5604/5604
f 5603/5603 5602/5602 5605/5605 5606/5606
f 5604/5604 5603/5603 5606/5606 5607/5607
f 5606/5606 5605/5605 5608/5608 5609/5609
f 5607/5607 5606/5606 5609/5609 5610/5610
f 5609/5609 5608/5608 5611/5611 5612/5612
f 5610/5610 5609/5609 5612/5612 5613/5613
f 5612/5612 5611/5611 5614/5614 5615/5615
f 5613/5613 5612/5612 5615/5615 5616/5616
f 5615/5615 5614/5614 5617/5617 5618/5618
f 5616/5616 5615/5615 5618/5618 5619/5619
f 5618/5618 5617/5617 5620/5620 5621/5621
f 5619/5619 5618/5618 5621/5621 5622/5622
f 5621/5621 5620/5620 5623/5623 5624/5624
f 5622/5622 5621/5621 5624/5624 5625/5625
f 5624/5624 5623/5623 5626/5626 5627/5627
f 5625/5625 5624/5624 5627/5627 5628/5628
f 5630/5629 5629/5630 5632/5631 5633/5632
f 5631/5633 5630/5629 5633/5632 5634/5634
f 5633/5632 5632/5631 5635/5635 5636/5636
f 5634/5634 5633/5632 5636/5636 5637/5637
f 5636/5636 5635/5635 5638/5638 5639/5639
f 5637/5637 5636/5636 5639/5639 5640/5640
f 5639/5639 5638/5638 5641/5641 5642/5642
f 5640/5640 5639/5639 5642/5642 5643/5643
f 5642/5642 5641/5641 5644/5644 5645/5645
f 5643/5643 5642/5642 5645/5645 5646/5646
f 5645/5645 5644/5644 5647/5647 5648/5648
f 5646/5646 5645/5645 5648/5648 5649/5649
f 5648/5648 5647/5647 5650/5650 5651/5651
f 5649/5649 5648/5648 5651/5651 5652/5652
f 5651/5651 5650/5650 5653/5653 5654/5654
f 5652/5652 5651/5651 5654/5654 5655/5655
f 5654/5654 5653/5653 5656/5656 5657/5657
f 5655/5655 5654/5654 5657/5657 5658/5658
f 5657/5657 5656/5656 5659/5659 5660/5660
f 5658/5658 5657/5657 5660/5660 5661/5661
f 5660/5660 5659/5659 5662/5662 5663/5663
f 5661/5661 5660/5660 5663/5663 5664/5664
f 5666/5665 5665/5666 5668/5667 5669/5668
f 5667/5669 5666/5665 5669/5668 5670/5670
f 5669/5668 5668/5667 5671/5671 5672/5672
f 5670/5670 5669/5668 5672/5672 5673/5673
f 5672/5672 5671/5671 5674/5674 5675/5675
f 5673/5673 5672/5672 5675/5675 5676/5676
f 5675/5675 5674/5674 5677/5677 5678/5678
f 5676/5676 5675/5675 5678/5678 5679/5679
f 5678/5678 5677/5677 5680/5680 5681/5681
f 5679/5679 5678/5678 5681/5681 5682/5682
f 5681/5681 5680/5680 5683/5683 5684/5684
f 5682/5682 5681/5681 5684/5684 5685/5685
f 5684/5684 5683/5683 5686/5686 5687/5687
f 5685/5685 5684/5684 5687/5687 5688/5688
f 5687/5687 5686/5686 5689/5689 5690/5690
f 5688/5688 5687/5687 5690/5690 5691/5691
f 5690/5690 5689/5689 5692/5692 5693/5693
f 5691/5691 5690/5690 5693/5693 5694/5694
f 5693/5693 5692/5692 5695/5695 5696/5696
f 5694/5694 5693/5693 5696/5696 5697/5697
f 5696/5696 5695/5695 5698/5698 5699/5699
f 5697/5697 5696/5696 5699/5699 5700/5700
f 5702/5701 5701/5702 5704/5703 5705/5704
f 5703/5705 5702/5701 5705/5704 5706/5706
f 5705/5704 5704/5703 5707/5707 5708/5708
f 5706/5706 5705/5704 5708/5708 5709/5709
f 5708/5708 5707/5707 5710/5710 5711/5711
f 5709/5709 5708/5708 5711/5711 5712/5712
f 5711/5711 5710/5710 5713/5713 5714/5714
f 5712/5712 5711/5711 5714/5714 5715/5715
f 5714/5714 5713/5713 5716/5716 5717/5717
f 5715/5715 5714/5714 5717/5717 5718/5718
f 5717/5717 5716/5716 5719/5719 5720/5720
f 5718/5718 5717/5717 5720/5720 5721/5721
f 5720/5720 5719/5719 5722/5722 5723/5723
f 5721/5721 5720/5720 5723/5723 5724/5724
f 5723/5723 5722/5722 5725/5725 5726/5726
f 5724/5724 5723/5723 5726/5726 5727/5727
f 5726/5726 5725/5725 5728/5728 5729/5729
f 5727/5727 5726/5726 5729/5729 5730/5730
f 5729/5729 5728/5728 5731/5731 5732/5732
f 5730/5730 5729/5729 5732/5732 5733/5733
f 5732/5732 5731/5731 5734/5734 5735/5735
f 5733/5733 5732/5732 5735/5735 5736/5736
f 5738/5737 5737/5738 5740/5739 5741/5740
f 5739/5741 5738/5737 5741/5740 5742/5742
f 5741/5740 5740/5739 5743/5743 5744/5744
f 5742/5742 5741/5740 5744/5744 5745/5745
f 5744/5744 5743/5743 5746/5746 5747/5747
f 5745/5745 5744/5744 5747/5747 5748/5748
f 5747/5747 5746/5746 5749/5749 5750/5750
f 5748/5748 5747/5747 5750/5750 5751/5751
f 5750/5750 5749/5749 5752/5752 5753/5753
f 5751/5751 5750/5750 5753/5753 5754/5754
f 5753/5753 5752/5752 5755/5755 5756/5756
f 5754/5754 5753/5753 5756/5756 5757/5757
f 5756/5756 5755/5755 5758/5758 5759/5759
f 5757/5757 5756/5756 5759/5759 5760/5760
f 5759/5759 5758/5758 5761/5761 5762/5762
f 5760/5760 5759/5759 5762/5762 5763/5763
f 5762/5762 5761/5761 5764/5764 5765/5765
f 5763/5763 5762/5762 5765/5765 5766/5766
f 5765/5765 5764/5764 5767/5767 5768/5768
f 5766/5766 5765/5765 5768/5768 5769/5769
f 5768/5768 5767/5767 5770/5770 5771/5771
f 5769/5769 5768/5768 5771/5771 5772/5772
f 5774/5773 5773/5774 5776/5775 5777/5776
f 5775/5777 5774/5773 5777/5776 5778/5778
f 5777/5776 5776/5775 5779/5779 5780/5780
f 5778/5778 5777/5776 5780/5780 5781/5781
f 5780/5780 5779/5779 5782/5782 5783/5783
f 5781/5781 5780/5780 5783/5783 5784/5784
f 5783/5783 5782/5782 5785/5785 5786/5786
f 5784/5784 5783/5783 5786/5786 5787/5787
f 5786/5786 5785/5785 5788/5788 5789/5789
f 5787/5787 5786/5786 5789/5789 5790/5790
f 5789/5789 5788/5788 5791/5791 5792/5792
f 5790/5790 5789/5789 5792/5792 5793/5793
f 5792/5792 5791/5791 5794/5794 5795/5795
f 5793/5793 5792/5792 5795/5795 5796/5796
f 5795/5795 5794/5794 5797/5797 5798/5798
f 5796/5796 5795/5795 5798/5798 5799/5799
f 5798/5798 5797/5797 5800/5800 5801/5801
f 5799/5799 5798/5798 5801/5801 5802/5802
f 5801/5801 5800/5800 5803/5803 5804/5804
f 5802/5802 5801/5801 5804/5804 5805/5805
f 5804/5804 5803/5803 5806/5806 5807/5807
f 5805/5805 5804/5804 5807/5807 5808/5808
f 5810/5809 5809/5810 5812/5811 5813/5812
f 5811/5813 5810/5809 5813/5812 5814/5814
f 5813/5812 5812/5811 5815/5815 5816/5816
f 5814/5814 5813/5812 5816/5816 5817/5817
f 5816/5816 5815/5815 5818/5818 5819/5819
f 5817/5817 5816/5816 5819/5819 5820/5820
f 5819/5819 5818/5818 5821/5821 5822/5822
f 5820/5820 5819/5819 5822/5822 5823/5823
f 5822/5822 5821/5821 5824/5824 5825/5825
f 5823/5823 5822/5822 5825/5825 5826/5826
f 5825/5825 5824/5824 5827/5827 5828/5828
f 5826/5826 5825/5825 5828/5828 5829/5829
f 5828/5828 5827/5827 5830/5830 5831/5831
f 5829/5829 5828/5828 5831/5831 5832/5832
f 5831/5831 5830/5830 5833/5833 5834/5834
f 5832/5832 5831/5831 5834/5834 5835/5835
f 5834/5834 5833/5833 5836/5836 5837/5837
f 5835/5835 5834/5834 5837/5837 5838/5838
f 5837/5837 5836/5836 5839/5839 5840/5840
f 5838/5838 5837/5837 5840/5840 5841/5841
f 5840/5840 5839/5839 5842/5842 5843/5843
f 5841/5841 5840/5840 5843/5843 5844/5844
f 5846/5845 5845/5846 5848/5847 5849/5848
f 5847/5849 5846/5845 5849/5848 5850/5850
f 5849/5848 5848/5847 5851/5851 5852/5852
f 5850/5850 5849/5848 5852/5852 5853/5853
f 5852/5852 5851/5851 5854/5854 5855/5855
f 5853/5853 5852/5852 5855/5855 5856/5856
f 5855/5855 5854/5854 5857/5857 5858/5858
f 5856/5856 5855/5855 5858/5858 5859/5859
f 5858/5858 5857/5857 5860/5860 5861/5861
f 5859/5859 5858/5858 5861/5861 5862/5862
f 5861/5861 5860/5860 5863/5863 5864/5864
f 5862/5862 5861/5861 5864/5864 5865/5865
f 5864/5864 5863/5863 5866/5866 5867/5867
f 5865/5865 5864/5864 5867/5867 5868/5868
f 5867/5867 5866/5866 5869/5869 5870/5870
f 5868/5868 5867/5867 5870/5870 5871/5871
f 5870/5870 5869/5869 5872/5872 5873/5873
f 5871/5871 5870/5870 5873/5873 5874/5874
f 5873/5873 5872/5872 5875/5875 5876/5876
f 5874/5874 5873/5873 5876/5876 5877/5877
f 5876/5876 5875/5875 5878/5878 5879/5879
f 5877/5877 5876/5876 5879/5879 5880/5880
f 5882/5881 5881/5882 5884/5883 5885/5884
f 5883/5885 5882/5881 5885/5884 5886/5886
f 5885/5884 5884/5883 5887/5887 5888/5888
f 5886/5886 5885/5884 5888/5888 5889/5889
f 5888/5888 5887/5887 5890/5890 5891/5891
f 5889/5889 5888/5888 5891/5891 5892/5892
f 5891/5891 5890/5890 5893/5893 5894/5894
f 5892/5892 5891/5891 5894/5894 5895/5895
f 5894/5894 5893/5893 5896/5896 5897/5897
f 5895/5895 5894/5894 5897/5897 5898/5898
f 5897/5897 5896/5896 5899/5899 5900/5900
f 5898/5898 5897/5897 5900/5900 5901/5901
f 5900/5900 5899/5899 5902/5902 5903/5903
f 5901/5901 5900/5900 5903/5903 5904/5904
f 5903/5903 5902/5902 5905/5905 5906/5906
f 5904/5904 5903/5903 5906/5906 5907/5907
f 5906/5906 5905/5905 5908/5908 5909/5909
f 5907/5907 5906/5906 5909/5909 5910/5910
f 5909/5909 5908/5908 5911/5911 5912/5912
f 5910/5910 5909/5909 5912/5912 5913/5913
f 5912/5912 5911/5911 5914/5914 5915/5915
f 5913/5913 5912/5912 5915/5915 5916/5916
f 5918/5917 5917/5918 5920/5919 5921/5920
f 5919/5921 5918/5917 5921/5920 5922/5922
f 5921/5920 5920/5919 5923/5923 5924/5924
f 5922/5922 5921/5920 5924/5924 5925/5925
f 5924/5924 5923/5923 5926/5926 5927/5927
f 5925/5925 5924/5924 5927/5927 5928/5928
f 5927/5927 5926/5926 5929/5929 5930/5930
f 5928/5928 5927/5927 5930/5930 5931/5931
f 5930/5930 5929/5929 5932/5932 5933/5933
f 5931/5931 5930/5930 5933/5933 5934/5934
f 5933/5933 5932/5932 5935/5935 5936/5936
f 5934/5934 5933/5933 5936/5936 5937/5937
f 5936/5936 5935/5935 5938/5938 5939/5939
f 5937/5937 5936/5936 5939/5939 5940/5940
f 5939/5939 5938/5938 5941/5941 5942/5942
f 5940/5940 5939/5939 5942/5942 5943/5943
f 5942/5942 5941/5941 5944/5944 5945/5945
f 5943/5943 5942/5942 5945/5945 5946/5946
f 5945/5945 5944/5944 5947/5947 5948/5948
f 5946/5946 5945/5945 5948/5948 5949/5949
f 5948/5948 5947/5947 5950/5950 5951/5951
f 5949/5949 5948/5948 5951/5951 5952/5952
f 5954/5953 5953/5954 5956/5955 5957/5956
f 5955/5957 5954/5953 5957/5956 5958/5958
f 5957/5956 5956/5955 5959/5959 5960/5960
f 5958/5958 5957/5956 5960/5960 5961/5961
f 5960/5960 5959/5959 5962/5962 5963/5963
f 5961/5961 5960/5960 5963/5963 5964/5964
f 5963/5963 5962/5962 5965/5965 5966/5966
f 5964/5964 5963/5963 5966/5966 5967/5967
f 5966/5966 5965/5965 5968/5968 5969/5969
f 5967/5967 5966/5966 5969/5969 5970/5970
f 5969/5969 5968/5968 5971/5971 5972/5972
f 5970/5970 5969/5969 5972/5972 5973/5973
f 5972/5972 5971/5971 5974/5974 5975/5975
f 5973/5973 5972/5972 5975/5975 5976/5976
f 5975/5975 5974/5974 5977/5977 5978/5978
f 5976/5976 5975/5975 5978/5978 5979/5979
f 5978/5978 5977/5977 5980/5980 5981/5981
f 5979/5979 5978/5978 5981/5981 5982/5982
f 5981/5981 5980/5980 5983/5983 5984/5984
f 5982/5982 5981/5981 5984/5984 5985/5985
f 5984/5984 5983/5983 5986/5986 5987/5987
f 5985/5985 5984/5984 5987/5987 5988/5988
f 5990/5989 5989/5990 5992/5991 5993/5992
f 5991/5993 5990/5989 5993/5992 5994/5994
f 5993/5992 5992/5991 5995/5995 5996/5996
f 5994/5994 5993/5992 5996/5996 5997/5997
f 5996/5996 5995/5995 5998/5998 5999/5999
f 5997/5997 5996/5996 5999/5999 6000/6000
f 5999/5999 5998/5998 6001/6001 6002/6002
f 6000/6000 5999/5999 6002/6002 6003/6003
f 6002/6002 6001/6001 6004/6004 6005/6005
f 6003/6003 6002/6002 6005/6005 6006/6006
f 6005/6005 6004/6004 6007/6007 6008/6008
f 6006/6006 6005/6005 6008/6008 6009/6009
f 6008/6008 6007/6007 6010/6010 6011/6011
f 6009/6009 6008/6008 6011/6011 6012/6012
f 6011/6011 6010/6010 6013/6013 6014/6014
f 6012/6012 6011/6011 6014/6014 6015/6015
f 6014/6014 6013/6013 6016/6016 6017/6017
f 6015/6015 6014/6014 6017/6017 6018/6018
f 6017/6017 6016/6016 6019/6019 6020/6020
f 6018/6018 6017/6017 6020/6020 6021/6021
f 6020/6020 6019/6019 6022/6022 6023/6023
f 6021/6021 6020/6020 6023/6023 6024/6024
f 6026/6025 6025/6026 6028/6027 6029/6028
f 6027/6029 6026/6025 6029/6028 6030/6030
f 6029/6028 6028/6027 6031/6031 6032/6032
f 6030/6030 6029/6028 6032/6032 6033/6033
f 6032/6032 6031/6031 6034/6034 6035/6035
f 6033/6033 6032/6032 6035/6035 6036/6036
f 6035/6035 6034/6034 6037/6037 6038/6038
f 6036/6036 6035/6035 6038/6038 6039/6039
f 6038/6038 6037/6037 6040/6040 6041/6041
f 6039/6039 6038/6038 6041/6041 6042/6042
f 6041/6041 6040/6040 6043/6043 6044/6044
f 6042/6042 6041/6041 6044/6044 6045/6045
f 6044/6044 6043/6043 6046/6046 6047/6047
f 6045/6045 6044/6044 6047/6047 6048/6048
f 6047/6047 6046/6046 6049/6049 6050/6050
f 6048/6048 6047/6047 6050/6050 6051/6051
f 6050/6050 6049/6049 6052/6052 6053/6053
f 6051/6051 6050/6050 6053/6053 6054/6054
f 6053/6053 6052/6052 6055/6055 6056/6056
f 6054/6054 6053/6053 6056/6056 6057/6057
f 6056/6056 6055/6055 6058/6058 6059/6059
f 6057/6057 6056/6056 6059/6059 6060/6060
f 6062/6061 6061/6062 6064/6063 6065/6064
f 6063/6065 6062/6061 6065/6064 6066/6066
f 6065/6064 6064/6063 6067/6067 6068/6068
f 6066/6066 6065/6064 6068/6068 6069/6069
f 6068/6068 6067/6067 6070/6070 6071/6071
f 6069/6069 6068/6068 6071/6071 6072/6072
f 6071/6071 6070/6070 6073/6073 6074/6074
f 6072/6072 6071/6071 6074/6074 6075/6075
f 6074/6074 6073/6073 6076/6076 6077/6077
f 6075/6075 6074/6074 6077/6077 6078/6078
f 6077/6077 6076/6076 6079/6079 6080/6080
f 6078/6078 6077/6077 6080/6080 6081/6081
f 6080/6080 6079/6079 6082/6082 6083/6083
f 6081/6081 6080/6080 6083/6083 6084/6084
f 6083/6083 6082/6082 6085/6085 6086/6086
f 6084/6084 6083/6083 6086/6086 6087/6087
f 6086/6086 6085/6085 6088/6088 6089/6089
f 6087/6087 6086/6086 6089/6089 6090/6090
f 6089/6089 6088/6088 6091/6091 6092/6092
f 6090/6090 6089/6089 6092/6092 6093/6093
f 6092/6092 6091/6091 6094/6094 6095/6095
f 6093/6093 6092/6092 6095/6095 6096/6096
f 6098/6097 6097/6098 6100/6099 6101/6100
f 6099/6101 6098/6097 6101/6100 6102/6102
f 6101/6100 6100/6099 6103/6103 6104/6104
f 6102/6102 6101/6100 6104/6104 6105/6105
f 6104/6104 6103/6103 6106/6106 6107/6107
f 6105/6105 6104/6104 6107/6107 6108/6108
f 6107/6107 6106/6106 6109/6109 6110/6110
f 6108/6108 6107/6107 6110/6110 6111/6111
f 6110/6110 6109/6109 6112/6112 6113/6113
f 6111/6111 6110/6110 6113/6113 6114/6114
f 6113/6113 6112/6112 6115/6115 6116/6116
f 6114/6114 6113/6113 6116/6116 6117/6117
f 6116/6116 6115/6115 6118/6118 6119/6119
f 6117/6117 6116/6116 6119/6119 6120/6120
f 6119/6119 6118/6118 6121/6121 6122/6122
f 6120/6120 6119/6119 6122/6122 6123/6123
f 6122/6122 6121/6121 6124/6124 6125/6125
f 6123/6123 6122/6122 6125/6125 6126/6126
f 6125/6125 6124/6124 6127/6127 6128/6128
f 6126/6126 6125/6125 6128/6128 6129/6129
f 6128/6128 6127/6127 6130/6130 6131/6131
f 6129/6129 6128/6128 6131/6131 6132/6132
f 6134/6133 6133/6134 6136/6135 6137/6136
f 6135/6137 6134/6133 6137/6136 6138/6138
f 6137/6136 6136/6135 6139/6139 6140/6140
f 6138/6138 6137/6136 6140/6140 6141/6141
f 6140/6140 6139/6139 6142/6142 6143/6143
f 6141/6141 6140/6140 6143/6143 6144/6144
f 6143/6143 6142/6142 6145/6145 6146/6146
f 6144/6144 6143/6143 6146/6146 6147/6147
f 6146/6146 6145/6145 6148/6148 6149/6149
f 6147/6147 6146/6146 6149/6149 6150/6150
f 6149/6149 6148/6148 6151/6151 6152/6152
f 6150/6150 6149/6149 6152/6152 6153/6153
f 6152/6152 6151/6151 6154/6154 6155/6155
f 6153/6153 6152/6152 6155/6155 6156/6156
f 6155/6155 6154/6154 6157/6157 6158/6158
f 6156/6156 6155/6155 6158/6158 6159/6159
f 6158/6158 6157/6157 6160/6160 6161/6161
f 6159/6159 6158/6158 6161/6161 6162/6162
f 6161/6161 6160/6160 6163/6163 6164/6164
f 6162/6162 6161/6161 6164/6164 6165/6165
f 6164/6164 6163/6163 6166/6166 6167/6167
f 6165/6165 6164/6164 6167/6167 6168/6168
f 6170/6169 6169/6170 6172/6171 6173/6172
f 6171/6173 6170/6169 6173/6172 6174/6174
f 6173/6172 6172/6171 6175/6175 6176/6176
f 6174/6174 6173/6172 6176/6176 6177/6177
f 6176/6176 6175/6175 6178/6178 6179/6179
f 6177/6177 6176/6176 6179/6179 6180/6180
f 6179/6179 6178/6178 6181/6181 6182/6182
f 6180/6180 6179/6179 6182/6182 6183/6183
f 6182/6182 6181/6181 6184/6184 6185/6185
f 6183/6183 6182/6182 6185/6185 6186/6186
f 6185/6185 6184/6184 6187/6187 6188/6188
f 6186/6186 6185/6185 6188/6188 6189/6189
f 6188/6188 6187/6187 6190/6190 6191/6191
f 6189/6189 6188/6188 6191/6191 6192/6192
f 6191/6191 6190/6190 6193/6193 6194/6194
f 6192/6192 6191/6191 6194/6194 6195/6195
f 6194/6194 6193/6193 6196/6196 6197/6197
f 6195/6195 6194/6194 6197/6197 6198/6198
f 6197/6197 6196/6196 6199/6199 6200/6200
f 6198/6198 6197/6197 6200/6200 6201/6201
f 6200/6200 6199/6199 6202/6202 6203/6203
f 6201/6201 6200/6200 6203/6203 6204/6204
f 6206/6205 6205/6206 6208/6207 6209/6208
f 6207/6209 6206/6205 6209/6208 6210/6210
f 6209/6208 6208/6207 6211/6211 6212/6212
f 6210/6210 6209/6208 6212/6212 6213/6213
f 6212/6212 6211/6211 6214/6214 6215/6215
f 6213/6213 6212/6212 6215/6215 6216/6216
f 6215/6215 6214/6214 6217/6217 6218/6218
f 6216/6216 6215/6215 6218/6218 6219/6219
f 6218/6218 6217/6217 6220/6220 6221/6221
f 6219/6219 6218/6218 6221/6221 6222/6222
f 6221/6221 6220/6220 6223/6223 6224/6224
f 6222/6222 6221/6221 6224/6224 6225/6225
f 6224/6224 6223/6223 6226/6226 6227/6227
f 6225/6225 6224/6224 6227/6227 6228/6228
f 6227/6227 6226/6226 6229/6229 6230/6230
f 6228/6228 6227/6227 6230/6230 6231/6231
f 6230/6230 6229/6229 6232/6232 6233/6233
f 6231/6231 6230/6230 6233/6233 6234/6234
f 6233/6233 6232/6232 6235/6235 6236/6236
f 6234/6234 6233/6233 6236/6236 6237/6237
f 6236/6236 6235/6235 6238/6238 6239/6239
f 6237/6237 6236/6236 6239/6239 6240/6240
f 6242/6241 6241/6242 6244/6243 6245/6244
f 6243/6245 6242/6241 6245/6244 6246/6246
f 6245/6244 6244/6243 6247/6247 6248/6248
f 6246/6246 6245/6244 6248/6248 6249/6249
f 6248/6248 6247/6247 6250/6250 6251/6251
f 6249/6249 6248/6248 6251/6251 6252/6252
f 6251/6251 6250/6250 6253/6253 6254/6254
f 6252/6252 6251/6251 6254/6254 6255/6255
f 6254/6254 6253/6253 6256/6256 6257/6257
f 6255/6255 6254/6254 6257/6257 6258/6258
f 6257/6257 6256/6256 6259/6259 6260/6260
f 6258/6258 6257/6257 6260/6260 6261/6261
f 6260/6260 6259/6259 6262/6262 6263/6263
f 6261/6261 6260/6260 6263/6263 6264/6264
f 6263/6263 6262/6262 6265/6265 6266/6266
f 6264/6264 6263/6263 6266/6266 6267/6267
f 6266/6266 6265/6265 6268/6268 6269/6269
f 6267/6267 6266/6266 6269/6269 6270/6270
f 6269/6269 6268/6268 6271/6271 6272/6272
f 6270/6270 6269/6269 6272/6272 6273/6273
f 6272/6272 6271/6271 6274/6274 6275/6275
f 6273/6273 6272/6272 6275/6275 6276/6276
f 6278/6277 6277/6278 6280/6279 6281/6280
f 6279/6281 6278/6277 6281/6280 6282/6282
f 6281/6280 6280/6279 6283/6283 6284/6284
f 6282/6282 6281/6280 6284/6284 6285/6285
f 6284/6284 6283/6283 6286/6286 6287/6287
f 6285/6285 6284/6284 6287/6287 6288/6288
f 6287/6287 6286/6286 6289/6289 6290/6290
f 6288/6288 6287/6287 6290/6290 6291/6291
f 6290/6290 6289/6289 6292/6292 6293/6293
f 6291/6291 6290/6290 6293/6293 6294/6294
f 6293/6293 6292/6292 6295/6295 6296/6296
f 6294/6294 6293/6293 6296/6296 6297/6297
f 6296/6296 6295/6295 6298/6298 6299/6299
f 6297/6297 6296/6296 6299/6299 6300/6300
f 6299/6299 6298/6298 6301/6301 6302/6302
f 6300/6300 6299/6299 6302/6302 6303/6303
f 6302/6302 6301/6301 6304/6304 6305/6305
f 6303/6303 6302/6302 6305/6305 6306/6306
f 6305/6305 6304/6304 6307/6307 6308/6308
f 6306/6306 6305/6305 6308/6308 6309/6309
f 6308/6308 6307/6307 6310/6310 6311/6311
f 6309/6309 6308/6308 6311/6311 6312/6312
f 6314/6313 6313/6314 6316/6315 6317/6316
f 6315/6317 6314/6313 6317/6316 6318/6318
f 6317/6316 6316/6315 6319/6319 6320/6320
f 6318/6318 6317/6316 6320/6320 6321/6321
f 6320/6320 6319/6319 6322/6322 6323/6323
f 6321/6321 6320/6320 6323/6323 6324/6324
f 6323/6323 6322/6322 6325/6325 6326/6326
f 6324/6324 6323/6323 6326/6326 6327/6327
f 6326/6326 6325/6325 6328/6328 6329/6329
f 6327/6327 6326/6326 6329/6329 6330/6330
f 6329/6329 6328/6328 6331/6331 6332/6332
f 6330/6330 6329/6329 6332/6332 6333/6333
f 6332/6332 6331/6331 6334/6334 6335/6335
f 6333/6333 6332/6332 6335/6335 6336/6336
f 6335/6335 6334/6334 6337/6337 6338/6338
f 6336/6336 6335/6335 6338/6338 6339/6339
f 6338/6338 6337/6337 6340/6340 6341/6341
f 6339/6339 6338/6338 6341/6341 6342/6342
f 6341/6341 6340/6340 6343/6343 6344/6344
f 6342/6342 6341/6341 6344/6344 6345/6345
f 6344/6344 6343/6343 6346/6346 6347/6347
f 6345/6345 6344/6344 6347/6347 6348/6348
f 6350/6349 6349/6350 6352/6351 6353/6352
f 6351/6353 6350/6349 6353/6352 6354/6354
f 6353/6352 6352/6351 6355/6355 6356/6356
f 6354/6354 6353/6352 6356/6356 6357/6357
f 6356/6356 6355/6355 6358/6358 6359/6359
f 6357/6357 6356/6356 6359/6359 6360/6360
f 6359/6359 6358/6358 6361/6361 6362/6362
f 6360/6360 6359/6359 6362/6362 6363/6363
f 6362/6362 6361/6361 6364/6364 6365/6365
f 6363/6363 6362/6362 6365/6365 6366/6366
f 6365/6365 6364/6364 6367/6367 6368/6368
f 6366/6366 6365/6365 6368/6368 6369/6369
f 6368/6368 6367/6367 6370/6370 6371/6371
f 6369/6369 6368/6368 6371/6371 6372/6372
f 6371/6371 6370/6370 6373/6373 6374/6374
f 6372/6372 6371/6371 6374/6374 6375/6375
f 6374/6374 6373/6373 6376/6376 6377/6377
f 6375/6375 6374/6374 6377/6377 6378/6378
f 6377/6377 6376/6376 6379/6379 6380/6380
f 6378/6378 6377/6377 6380/6380 6381/6381
f 6380/6380 6379/6379 6382/6382 6383/6383
f 6381/6381 6380/6380 6383/6383 6384/6384
f 6386/6385 6385/6386 6388/6387 6389/6388
f 6387/6389 6386/6385 6389/6388 6390/6390
f 6389/6388 6388/6387 6391/6391 6392/6392
f 6390/6390 6389/6388 6392/6392 6393/6393
f 6392/6392 6391/6391 6394/6394 6395/6395
f 6393/6393 6392/6392 6395/6395 6396/6396
f 6395/6395 6394/6394 6397/6397 6398/6398
f 6396/6396 6395/6395 6398/6398 6399/6399
f 6398/6398 6397/6397 6400/6400 6401/6401
f 6399/6399 6398/6398 6401/6401 6402/6402
f 6401/6401 6400/6400 6403/6403 6404/6404
f 6402/6402 6401/6401 6404/6404 6405/6405
f 6404/6404 6403/6403 6406/6406 6407/6407
f 6405/6405 6404/6404 6407/6407 6408/6408
f 6407/6407 6406/6406 6409/6409 6410/6410
f 6408/6408 6407/6407 6410/6410 6411/6411
f 6410/6410 6409/6409 6412/6412 6413/6413
f 6411/6411 6410/6410 6413/6413 6414/6414
f 6413/6413 6412/6412 6415/6415 6416/6416
f 6414/6414 6413/6413 6416/6416 6417/6417
f 6416/6416 6415/6415 6418/6418 6419/6419
f 6417/6417 6416/6416 6419/6419 6420/6420
f 6422/6421 6421/6422 6424/6423 6425/6424
f 6423/6425 6422/6421 6425/6424 6426/6426
f 6425/6424 6424/6423 6427/6427 6428/6428
f 6426/6426 6425/6424 6428/6428 6429/6429
f 6428/6428 6427/6427 6430/6430 6431/6431
f 6429/6429 6428/6428 6431/6431 6432/6432
f 6431/6431 6430/6430 6433/6433 6434/6434
f 6432/6432 6431/6431 6434/6434 6435/6435
f 6434/6434 6433/6433 6436/6436 6437/6437
f 6435/6435 6434/6434 6437/6437 6438/6438
f 6437/6437 6436/6436 6439/6439 6440/6440
f 6438/6438 6437/6437 6440/6440 6441/6441
f 6440/6440 6439/6439 6442/6442 6443/6443
f 6441/6441 6440/6440 6443/6443 6444/6444
f 6443/6443 6442/6442 6445/6445 6446/6446
f 6444/6444 6443/6443 6446/6446 6447/6447
f 6446/6446 6445/6445 6448/6448 6449/6449
f 6447/6447 6446/6446 6449/6449 6450/6450
f 6449/6449 6448/6448 6451/6451 6452/6452
f 6450/6450 6449/6449 6452/6452 6453/6453
f 6452/6452 6451/6451 6454/6454 6455/6455
f 6453/6453 6452/6452 6455/6455 6456/6456
f 6458/6457 6457/6458 6460/6459 6461/6460
f 6459/6461 6458/6457 6461/6460 6462/6462
f 6461/6460 6460/6459 6463/6463 6464/6464
f 6462/6462 6461/6460 6464/6464 6465/6465
f 6464/6464 6463/6463 6466/6466 6467/6467
f 6465/6465 6464/6464 6467/6467 6468/6468
f 6467/6467 6466/6466 6469/6469 6470/6470
f 6468/6468 6467/6467 6470/6470 6471/6471
f 6470/6470 6469/6469 6472/6472 6473/6473
f 6471/6471 6470/6470 6473/6473 6474/6474
f 6473/6473 6472/6472 6475/6475 6476/6476
f 6474/6474 6473/6473 6476/6476 6477/6477
f 6476/6476 6475/6475 6478/6478 6479/6479
f 6477/6477 6476/6476 6479/6479 6480/6480
f 6479/6479 6478/6478 6481/6481 6482/6482
f 6480/6480 6479/6479 6482/6482 6483/6483
f 6482/6482 6481/6481 6484/6484 6485/6485
f 6483/6483 6482/6482 6485/6485 6486/6486
f 6485/6485 6484/6484 6487/6487 6488/6488
f 6486/6486 6485/6485 6488/6488 6489/6489
f 6488/6488 6487/6487 6490/6490 6491/6491
f 6489/6489 6488/6488 6491/6491 6492/6492
f 6494/6493 6493/6494 6496/6495 6497/6496
f 6495/6497 6494/6493 6497/6496 6498/6498
f 6497/6496 6496/6495 6499/6499 6500/6500
f 6498/6498 6497/6496 6500/6500 6501/6501
f 6500/6500 6499/6499 6502/6502 6503/6503
f 6501/6501 6500/6500 6503/6503 6504/6504
f 6503/6503 6502/6502 6505/6505 6506/6506
f 6504/6504 6503/6503 6506/6506 6507/6507
f 6506/6506 6505/6505 6508/6508 6509/6509
f 6507/6507 6506/6506 6509/6509 6510/6510
f 6509/6509 6508/6508 6511/6511 6512/6512
f 6510/6510 6509/6509 6512/6512 6513/6513
f 6512/6512 6511/6511 6514/6514 6515/6515
f 6513/6513 6512/6512 6515/6515 6516/6516
f 6515/6515 6514/6514 6517/6517 6518/6518
f 6516/6516 6515/6515 6518/6518 6519/6519
f 6518/6518 6517/6517 6520/6520 6521/6521
f 6519/6519 6518/6518 6521/6521 6522/6522
f 6521/6521 6520/6520 6523/6523 6524/6524
f 6522/6522 6521/6521 6524/6524 6525/6525
f 6524/6524 6523/6523 6526/6526 6527/6527
f 6525/6525 6524/6524 6527/6527 6528/6528
f 6530/6529 6529/6530 6532/6531 6533/6532
f 6531/6533 6530/6529 6533/6532 6534/6534
f 6533/6532 6532/6531 6535/6535 6536/6536
f 6534/6534 6533/6532 6536/6536 6537/6537
f 6536/6536 6535/6535 6538/6538 6539/6539
f 6537/6537 6536/6536 6539/6539 6540/6540
f 6539/6539 6538/6538 6541/6541 6542/6542
f 6540/6540 6539/6539 6542/6542 6543/6543
f 6542/6542 6541/6541 6544/6544 6545/6545
f 6543/6543 6542/6542 6545/6545 6546/6546
f 6545/6545 6544/6544 6547/6547 6548/6548
f 6546/6546 6545/6545 6548/6548 6549/6549
f 6548/6548 6547/6547 6550/6550 6551/6551
f 6549/6549 6548/6548 6551/6551 6552/6552
f 6551/6551 6550/6550 6553/6553 6554/6554
f 6552/6552 6551/6551 6554/6554 6555/6555
f 6554/6554 6553/6553 6556/6556 6557/6557
f 6555/6555 6554/6554 6557/6557 6558/6558
f 6557/6557 6556/6556 6559/6559 6560/6560
f 6558/6558 6557/6557 6560/6560 6561/6561
f 6560/6560 6559/6559 6562/6562 6563/6563
f 6561/6561 6560/6560 6563/6563 6564/6564
f 6566/6565 6565/6566 6568/6567 6569/6568
f 6567/6569 6566/6565 6569/6568 6570/6570
f 6569/6568 6568/6567 6571/6571 6572/6572
f 6570/6570 6569/6568 6572/6572 6573/6573
f 6572/6572 6571/6571 6574/6574 6575/6575
f 6573/6573 6572/6572 6575/6575 6576/6576
f 6575/6575 6574/6574 6577/6577 6578/6578
f 6576/6576 6575/6575 6578/6578 6579/6579
f 6578/6578 6577/6577 6580/6580 6581/6581
f 6579/6579 6578/6578 6581/6581 6582/6582
f 6581/6581 6580/6580 6583/6583 6584/6584
f 6582/6582 6581/6581 6584/6584 6585/6585
f 6584/6584 6583/6583 6586/6586 6587/6587
f 6585/6585 6584/6584 6587/6587 6588/6588
f 6587/6587 6586/6586 6589/6589 6590/6590
f 6588/6588 6587/6587 6590/6590 6591/6591
f 6590/6590 6589/6589 6592/6592 6593/6593
f 6591/6591 6590/6590 6593/6593 6594/6594
f 6593/6593 6592/6592 6595/6595 6596/6596
f 6594/6594 6593/6593 6596/6596 6597/6597
f 6596/6596 6595/6595 6598/6598 6599/6599
f 6597/6597 6596/6596 6599/6599 6600/6600
f 6602/6601 6601/6602 6604/6603 6605/6604
f 6603/6605 6602/6601 6605/6604 6606/6606
f 6605/6604 6604/6603 6607/6607 6608/6608
f 6606/6606 6605/6604 6608/6608 6609/6609
f 6608/6608 6607/6607 6610/6610 6611/6611
f 6609/6609 6608/6608 6611/6611 6612/6612
f 6611/6611 6610/6610 6613/6613 6614/6614
f 6612/6612 6611/6611 6614/6614 6615/6615
f 6614/6614 6613/6613 6616/6616 6617/6617
f 6615/6615 6614/6614 6617/6617 6618/6618
f 6617/6617 6616/6616 6619/6619 6620/6620
f 6618/6618 6617/6617 6620/6620 6621/6621
f 6620/6620 6619/6619 6622/6622 6623/6623
f 6621/6621 6620/6620 6623/6623 6624/6624
f 6623/6623 6622/6622 6625/6625 6626/6626
f 6624/6624 6623/6623 6626/6626 6627/6627
f 6626/6626 6625/6625 6628/6628 6629/6629
f 6627/6627 6626/6626 6629/6629 6630/6630
f 6629/6629 6628/6628 6631/6631 6632/6632
f 6630/6630 6629/6629 6632/6632 6633/6633
f 6632/6632 6631/6631 6634/6634 6635/6635
f 6633/6633 6632/6632 6635/6635 6636/6636
f 6638/6637 6637/6638 6640/6639 6641/6640
f 6639/6641 6638/6637 6641/6640 6642/6642
f 6641/6640 6640/6639 6643/6643 6644/6644
f 6642/6642 6641/6640 6644/6644 6645/6645
f 6644/6644 6643/6643 6646/6646 6647/6647
f 6645/6645 6644/6644 6647/6647 6648/6648
f 6647/6647 6646/6646 6649/6649 6650/6650
f 6648/6648 6647/6647 6650/6650 6651/6651
f 6650/6650 6649/6649 6652/6652 6653/6653
f 6651/6651 6650/6650 6653/6653 6654/6654
f 6653/6653 6652/6652 6655/6655 6656/6656
f 6654/6654 6653/6653 6656/6656 6657/6657
f 6656/6656 6655/6655 6658/6658 6659/6659
f 6657/6657 6656/6656 6659/6659 6660/6660
f 6659/6659 6658/6658 6661/6661 6662/6662
f 6660/6660 6659/6659 6662/6662 6663/6663
f 6662/6662 6661/6661 6664/6664 6665/6665
f 6663/6663 6662/6662 6665/6665 6666/6666
f 6665/6665 6664/6664 6667/6667 6668/6668
f 6666/6666 6665/6665 6668/6668 6669/6669
f 6668/6668 6667/6667 6670/6670 6671/6671
f 6669/6669 6668/6668 6671/6671 6672/6672
f 6674/6673 6673/6674 6676/6675 6677/6676
f 6675/6677 6674/6673 6677/6676 6678/6678
f 6677/6676 6676/6675 6679/6679 6680/6680
f 6678/6678 6677/6676 6680/6680 6681/6681
f 6680/6680 6679/6679 6682/6682 6683/6683
f 6681/6681 6680/6680 6683/6683 6684/6684
f 6683/6683 6682/6682 6685/6685 6686/6686
f 6684/6684 6683/6683 6686/6686 6687/6687
f 6686/6686 6685/6685 6688/6688 6689/6689
f 6687/6687 6686/6686 6689/6689 6690/6690
f 6689/6689 6688/6688 6691/6691 6692/6692
f 6690/6690 6689/6689 6692/6692 6693/6693
f 6692/6692 6691/6691 6694/6694 6695/6695
f 6693/6693 6692/6692 6695/6695 6696/6696
f 6695/6695 6694/6694 6697/6697 6698/6698
f 6696/6696 6695/6695 6698/6698 6699/6699
f 6698/6698 6697/6697 6700/6700 6701/6701
f 6699/6699 6698/6698 6701/6701 6702/6702
f 6701/6701 6700/6700 6703/6703 6704/6704
f 6702/6702 6701/6701 6704/6704 6705/6705
f 6704/6704 6703/6703 6706/6706 6707/6707
f 6705/6705 6704/6704 6707/6707 6708/6708
f 6710/6709 6709/6710 6712/6711 6713/6712
f 6711/6713 6710/6709 6713/6712 6714/6714
f 6713/6712 6712/6711 6715/6715 6716/6716
f 6714/6714 6713/6712 6716/6716 6717/6717
f 6716/6716 6715/6715 6718/6718 6719/6719
f 6717/6717 6716/6716 6719/6719 6720/6720
f 6719/6719 6718/6718 6721/6721 6722/6722
f 6720/6720 6719/6719 6722/6722 6723/6723
f 6722/6722 6721/6721 6724/6724 6725/6725
f 6723/6723 6722/6722 6725/6725 6726/6726
f 6725/6725 6724/6724 6727/6727 6728/6728
f 6726/6726 6725/6725 6728/6728 6729/6729
f 6728/6728 6727/6727 6730/6730 6731/6731
f 6729/6729 6728/6728 6731/6731 6732/6732
f 6731/6731 6730/6730 6733/6733 6734/6734
f 6732/6732 6731/6731 6734/6734 6735/6735
f 6734/6734 6733/6733 6736/6736 6737/6737
f 6735/6735 6734/6734 6737/6737 6738/6738
f 6737/6737 6736/6736 6739/6739 6740/6740
f 6738/6738 6737/6737 6740/6740 6741/6741
f 6740/6740 6739/6739 6742/6742 6743/6743
f 6741/6741 6740/6740 6743/6743 6744/6744
f 6746/6745 6745/6746 6748/6747 6749/6748
f 6747/6749 6746/6745 6749/6748 6750/6750
f 6749/6748 6748/6747 6751/6751 6752/6752
f 6750/6750 6749/6748 6752/6752 6753/6753
f 6752/6752 6751/6751 6754/6754 6755/6755
f 6753/6753 6752/6752 6755/6755 6756/6756
f 6755/6755 6754/6754 6757/6757 6758/6758
f 6756/6756 6755/6755 6758/6758 6759/6759
f 6758/6758 6757/6757 6760/6760 6761/6761
f 6759/6759 6758/6758 6761/6761 6762/6762
f 6761/6761 6760/6760 6763/6763 6764/6764
f 6762/6762 6761/6761 6764/6764 6765/6765
f 6764/6764 6763/6763 6766/6766 6767/6767
f 6765/6765 6764/6764 6767/6767 6768/6768
f 6767/6767 6766/6766 6769/6769 6770/6770
f 6768/6768 6767/6767 6770/6770 6771/6771
f 6770/6770 6769/6769 6772/6772 6773/6773
f 6771/6771 6770/6770 6773/6773 6774/6774
f 6773/6773 6772/6772 6775/6775 6776/6776
f 6774/6774 6773/6773 6776/6776 6777/6777
f 6776/6776 6775/6775 6778/6778 6779/6779
f 6777/6777 6776/6776 6779/6779 6780/6780
f 6782/6781 6781/6782 6784/6783 6785/6784
f 6783/6785 6782/6781 6785/6784 6786/6786
f 6785/6784 6784/6783 6787/6787 6788/6788
f 6786/6786 6785/6784 6788/6788 6789/6789
f 6788/6788 6787/6787 6790/6790 6791/6791
f 6789/6789 6788/6788 6791/6791 6792/6792
f 6791/6791 6790/6790 6793/6793 6794/6794
f 6792/6792 6791/6791 6794/6794 6795/6795
f 6794/6794 6793/6793 6796/6796 6797/6797
f 6795/6795 6794/6794 6797/6797 6798/6798
f 6797/6797 6796/6796 6799/6799 6800/6800
f 6798/6798 6797/6797 6800/6800 6801/6801
f 6800/6800 6799/6799 6802/6802 6803/6803
f 6801/6801 6800/6800 6803/6803 6804/6804
f 6803/6803 6802/6802 6805/6805 6806/6806
f 6804/6804 6803/6803 6806/6806 6807/6807
f 6806/6806 6805/6805 6808/6808 6809/6809
f 6807/6807 6806/6806 6809/6809 6810/6810
f 6809/6809 6808/6808 6811/6811 6812/6812
f 6810/6810 6809/6809 6812/6812 6813/6813
f 6812/6812 6811/6811 6814/6814 6815/6815
f 6813/6813 6812/6812 6815/6815 6816/6816
f 6818/6817 6817/6818 6820/6819 6821/6820
f 6819/6821 6818/6817 6821/6820 6822/6822
f 6821/6820 6820/6819 6823/6823 6824/6824
f 6822/6822 6821/6820 6824/6824 6825/6825
f 6824/6824 6823/6823 6826/6826 6827/6827
f 6825/6825 6824/6824 6827/6827 6828/6828
f 6827/6827 6826/6826 6829/6829 6830/6830
f 6828/6828 6827/6827 6830/6830 6831/6831
f 6830/6830 6829/6829 6832/6832 6833/6833
f 6831/6831 6830/6830 6833/6833 6834/6834
f 6833/6833 6832/6832 6835/6835 6836/6836
f 6834/6834 6833/6833 6836/6836 6837/6837
f 6836/6836 6835/6835 6838/6838 6839/6839
f 6837/6837 6836/6836 6839/6839 6840/6840
f 6839/6839 6838/6838 6841/6841 6842/6842
f 6840/6840 6839/6839 6842/6842 6843/6843
f 6842/6842 6841/6841 6844/6844 6845/6845
f 6843/6843 6842/6842 6845/6845 6846/6846
f 6845/6845 6844/6844 6847/6847 6848/6848
f 6846/6846 6845/6845 6848/6848 6849/6849
f 6848/6848 6847/6847 6850/6850 6851/6851
f 6849/6849 6848/6848 6851/6851 6852/6852
f 6854/6853 6853/6854 6856/6855 6857/6856
f 6855/6857 6854/6853 6857/6856 6858/6858
f 6857/6856 6856/6855 6859/6859 6860/6860
f 6858/6858 6857/6856 6860/6860 6861/6861
f 6860/6860 6859/6859 6862/6862 6863/6863
f 6861/6861 6860/6860 6863/6863 6864/6864
f 6863/6863 6862/6862 6865/6865 6866/6866
f 6864/6864 6863/6863 6866/6866 6867/6867
f 6866/6866 6865/6865 6868/6868 6869/6869
f 6867/6867 6866/6866 6869/6869 6870/6870
f 6869/6869 6868/6868 6871/6871 6872/6872
f 6870/6870 6869/6869 6872/6872 6873/6873
f 6872/6872 6871/6871 6874/6874 6875/6875
f 6873/6873 6872/6872 6875/6875 6876/6876
f 6875/6875 6874/6874 6877/6877 6878/6878
f 6876/6876 6875/6875 6878/6878 6879/6879
f 6878/6878 6877/6877 6880/6880 6881/6881
f 6879/6879 6878/6878 6881/6881 6882/6882
f 6881/6881 6880/6880 6883/6883 6884/6884
f 6882/6882 6881/6881 6884/6884 6885/6885
f 6884/6884 6883/6883 6886/6886 6887/6887
f 6885/6885 6884/6884 6887/6887 6888/6888
f 6890/6889 6893/6890 6892/6891 6889/6892
f 6891/6893 6894/6894 6893/6890 6890/6889
f 6893/6890 6896/6895 6895/6896 6892/6891
f 6894/6894 6897/6897 6896/6895 6893/6890
f 6896/6895 6899/6898 6898/6899 6895/6896
f 6897/6897 6900/6900 6899/6898 6896/6895
f 6899/6898 6902/6901 6901/6902 6898/6899
f 6900/6900 6903/6903 6902/6901 6899/6898
f 6902/6901 6905/6904 6904/6905 6901/6902
f 6903/6903 6906/6906 6905/6904 6902/6901
f 6905/6904 6908/6907 6907/6908 6904/6905
f 6906/6906 6909/6909 6908/6907 6905/6904
f 6908/6907 6911/6910 6910/6911 6907/6908
f 6909/6909 6912/6912 6911/6910 6908/6907
f 6914/6913 6917/6914 6916/6915 6913/6916
f 6915/6917 6918/6918 6917/6914 6914/6913
f 6917/6914 6920/6919 6919/6920 6916/6915
f 6918/6918 6921/6921 6920/6919 6917/6914
f 6920/6919 6923/6922 6922/6923 6919/6920
f 6921/6921 6924/6924 6923/6922 6920/6919
f 6923/6922 6926/6925 6925/6926 6922/6923
f 6924/6924 6927/6927 6926/6925 6923/6922
f 6926/6925 6929/6928 6928/6929 6925/6926
f 6927/6927 6930/6930 6929/6928 6926/6925
f 6929/6928 6932/6931 6931/6932 6928/6929
f 6930/6930 6933/6933 6932/6931 6929/6928
f 6932/6931 6935/6934 6934/6935 6931/6932
f 6933/6933 6936/6936 6935/6934 6932/6931
f 6938/6937 6941/6938 6940/6939 6937/6940
f 6939/6941 6942/6942 6941/6938 6938/6937
f 6941/6938 6944/6943 6943/6944 6940/6939
f 6942/6942 6945/6945 6944/6943 6941/6938
f 6944/6943 6947/6946 6946/6947 6943/6944
f 6945/6945 6948/6948 6947/6946 6944/6943
f 6947/6946 6950/6949 6949/6950 6946/6947
f 6948/6948 6951/6951 6950/6949 6947/6946
f 6950/6949 6953/6952 6952/6953 6949/6950
f 6951/6951 6954/6954 6953/6952 6950/6949
f 6953/6952 6956/6955 6955/6956 6952/6953
f 6954/6954 6957/6957 6956/6955 6953/6952
f 6956/6955 6959/6958 6958/6959 6955/6956
f 6957/6957 6960/6960 6959/6958 6956/6955
f 6962/6961 6965/6962 6964/6963 6961/6964
f 6963/6965 6966/6966 6965/6962 6962/6961
f 6965/6962 6968/6967 6967/6968 6964/6963
f 6966/6966 6969/6969 6968/6967 6965/6962
f 6968/6967 6971/6970 6970/6971 6967/6968
f 6969/6969 6972/6972 6971/6970 6968/6967
f 6971/6970 6974/6973 6973/6974 6970/6971
f 6972/6972 6975/6975 6974/6973 6971/6970
f 6974/6973 6977/6976 6976/6977 6973/6974
f 6975/6975 6978/6978 6977/6976 6974/6973
f 6977/6976 6980/6979 6979/6980 6976/6977
f 6978/6978 6981/6981 6980/6979 6977/6976
f 6980/6979 6983/6982 6982/6983 6979/6980
f 6981/6981 6984/6984 6983/6982 6980/6979
f 6986/6985 6989/6986 6988/6987 6985/6988
f 6987/6989 6990/6990 6989/6986 6986/6985
f 6989/6986 6992/6991 6991/6992 6988/6987
f 6990/6990 6993/6993 6992/6991 6989/6986
f 6992/6991 6995/6994 6994/6995 6991/6992
f 6993/6993 6996/6996 6995/6994 6992/6991
f 6995/6994 6998/6997 6997/6998 6994/6995
f 6996/6996 6999/6999 6998/6997 6995/6994
f 6998/6997 7001/7000 7000/7001 6997/6998
f 6999/6999 7002/7002 7001/7000 6998/6997
f 7001/7000 7004/7003 7003/7004 7000/7001
f 7002/7002 7005/7005 7004/7003 7001/7000
f 7004/7003 7007/7006 7006/7007 7003/7004
f 7005/7005 7008/7008 7007/7006 7004/7003
f 7010/7009 7013/7010 7012/7011 7009/7012
f 7011/7013 7014/7014 7013/7010 7010/7009
f 7013/7010 7016/7015 7015/7016 7012/7011
f 7014/7014 7017/7017 7016/7015 7013/7010
f 7016/7015 7019/7018 7018/7019 7015/7016
f 7017/7017 7020/7020 7019/7018 7016/7015
f 7019/7018 7022/7021 7021/7022 7018/7019
f 7020/7020 7023/7023 7022/7021 7019/7018
f 7022/7021 7025/7024 7024/7025 7021/7022
f 7023/7023 7026/7026 7025/7024 7022/7021
f 7025/7024 7028/7027 7027/7028 7024/7025
f 7026/7026 7029/7029 7028/7027 7025/7024
f 7028/7027 7031/7030 7030/7031 7027/7028
f 7029/7029 7032/7032 7031/7030 7028/7027
f 7034/7033 7037/7034 7036/7035 7033/7036
f 7035/7037 7038/7038 7037/7034 7034/7033
f 7037/7034 7040/7039 7039/7040 7036/7035
f 7038/7038 7041/7041 7040/7039 7037/7034
f 7040/7039 7043/7042 7042/7043 7039/7040
f 7041/7041 7044/7044 7043/7042 7040/7039
f 7043/7042 7046/7045 7045/7046 7042/7043
f 7044/7044 7047/7047 7046/7045 7043/7042
f 7046/7045 7049/7048 7048/7049 7045/7046
f 7047/7047 7050/7050 7049/7048 7046/7045
f 7049/7048 7052/7051 7051/7052 7048/7049
f 7050/7050 7053/7053 7052/7051 7049/7048
f 7052/7051 7055/7054 7054/7055 7051/7052
f 7053/7053 7056/7056 7055/7054 7052/7051
f 7058/7057 7061/7058 7060/7059 7057/7060
f 7059/7061 7062/7062 7061/7058 7058/7057
f 7061/7058 7064/7063 7063/7064 7060/7059
f 7062/7062 7065/7065 7064/7063 7061/7058
f 7064/7063 7067/7066 7066/7067 7063/7064
f 7065/7065 7068/7068 7067/7066 7064/7063
f 7067/7066 7070/7069 7069/7070 7066/7067
f 7068/7068 7071/7071 7070/7069 7067/7066
f 7070/7069 7073/7072 7072/7073 7069/7070
f 7071/7071 7074/7074 7073/7072 7070/7069
f 7073/7072 7076/7075 7075/7076 7072/7073
f 7074/7074 7077/7077 7076/7075 7073/7072
f 7076/7075 7079/7078 7078/7079 7075/7076
f 7077/7077 7080/7080 7079/7078 7076/7075
f 7082/7081 7085/7082 7084/7083 7081/7084
f 7083/7085 7086/7086 7085/7082 7082/7081
f 7085/7082 7088/7087 7087/7088 7084/7083
f 7086/7086 7089/7089 7088/7087 7085/7082
f 7088/7087 7091/7090 7090/7091 7087/7088
f 7089/7089 7092/7092 7091/7090 7088/7087
f 7091/7090 7094/7093 7093/7094 7090/7091
f 7092/7092 7095/7095 7094/7093 7091/7090
f 7094/7093 7097/7096 7096/7097 7093/7094
f 7095/7095 7098/7098 7097/7096 7094/7093
f 7097/7096 7100/7099 7099/7100 7096/7097
f 7098/7098 7101/7101 7100/7099 7097/7096
f 7100/7099 7103/7102 7102/7103 7099/7100
f 7101/7101 7104/7104 7103/7102 7100/7099
f 7106/7105 7109/7106 7108/7107 7105/7108
f 7107/7109 7110/7110 7109/7106 7106/7105
f 7109/7106 7112/7111 7111/7112 7108/7107
f 7110/7110 7113/7113 7112/7111 7109/7106
f 7112/7111 7115/7114 7114/7115 7111/7112
f 7113/7113 7116/7116 7115/7114 7112/7111
f 7115/7114 7118/7117 7117/7118 7114/7115
f 7116/7116 7119/7119 7118/7117 7115/7114
f 7118/7117 7121/7120 7120/7121 7117/7118
f 7119/7119 7122/7122 7121/7120 7118/7117
f 7121/7120 7124/7123 7123/7124 7120/7121
f 7122/7122 7125/7125 7124/7123 7121/7120
f 7124/7123 7127/7126 7126/7127 7123/7124
f 7125/7125 7128/7128 7127/7126 7124/7123
f 7130/7129 7133/7130 7132/7131 7129/7132
f 7131/7133 7134/7134 7133/7130 7130/7129
f 7133/7130 7136/7135 7135/7136 7132/7131
f 7134/7134 7137/7137 7136/7135 7133/7130
f 7136/7135 7139/7138 7138/7139 7135/7136
f 7137/7137 7140/7140 7139/7138 7136/7135
f 7139/7138 7142/7141 7141/7142 7138/7139
f 7140/7140 7143/7143 7142/7141 7139/7138
f 7142/7141 7145/7144 7144/7145 7141/7142
f 7143/7143 7146/7146 7145/7144 7142/7141
f 7145/7144 7148/7147 7147/7148 7144/7145
f 7146/7146 7149/7149 7148/7147 7145/7144
f 7148/7147 7151/7150 7150/7151 7147/7148
f 7149/7149 7152/7152 7151/7150 7148/7147
f 7154/7153 7157/7154 7156/7155 7153/7156
f 7155/7157 7158/7158 7157/7154 7154/7153
f 7157/7154 7160/7159 7159/7160 7156/7155
f 7158/7158 7161/7161 7160/7159 7157/7154
f 7160/7159 7163/7162 7162/7163 7159/7160
f 7161/7161 7164/7164 7163/7162 7160/7159
f 7163/7162 7166/7165 7165/7166 7162/7163
f 7164/7164 7167/7167 7166/7165 7163/7162
f 7166/7165 7169/7168 7168/7169 7165/7166
f 7167/7167 7170/7170 7169/7168 7166/7165
f 7169/7168 7172/7171 7171/7172 7168/7169
f 7170/7170 7173/7173 7172/7171 7169/7168
f 7172/7171 7175/7174 7174/7175 7171/7172
f 7173/7173 7176/7176 7175/7174 7172/7171
f 7178/7177 7181/7178 7180/7179 7177/7180
f 7179/7181 7182/7182 7181/7178 7178/7177
f 7181/7178 7184/7183 7183/7184 7180/7179
f 7182/7182 7185/7185 7184/7183 7181/7178
f 7184/7183 7187/7186 7186/7187 7183/7184
f 7185/7185 7188/7188 7187/7186 7184/7183
f 7187/7186 7190/7189 7189/7190 7186/7187
f 7188/7188 7191/7191 7190/7189 7187/7186
f 7190/7189 7193/7192 7192/7193 7189/7190
f 7191/7191 7194/7194 7193/7192 7190/7189
f 7193/7192 7196/7195 7195/7196 7192/7193
f 7194/7194 7197/7197 7196/7195 7193/7192
f 7196/7195 7199/7198 7198/7199 7195/7196
f 7197/7197 7200/7200 7199/7198 7196/7195
f 7202/7201 7205/7202 7204/7203 7201/7204
f 7203/7205 7206/7206 7205/7202 7202/7201
f 7205/7202 7208/7207 7207/7208 7204/7203
f 7206/7206 7209/7209 7208/7207 7205/7202
f 7208/7207 7211/7210 7210/7211 7207/7208
f 7209/7209 7212/7212 7211/7210 7208/7207
f 7211/7210 7214/7213 7213/7214 7210/7211
f 7212/7212 7215/7215 7214/7213 7211/7210
f 7214/7213 7217/7216 7216/7217 7213/7214
f 7215/7215 7218/7218 7217/7216 7214/7213
f 7217/7216 7220/7219 7219/7220 7216/7217
f 7218/7218 7221/7221 7220/7219 7217/7216
f 7220/7219 7223/7222 7222/7223 7219/7220
f 7221/7221 7224/7224 7223/7222 7220/7219
f 7226/7225 7229/7226 7228/7227 7225/7228
f 7227/7229 7230/7230 7229/7226 7226/7225
f 7229/7226 7232/7231 7231/7232 7228/7227
f 7230/7230 7233/7233 7232/7231 7229/7226
f 7232/7231 7235/7234 7234/7235 7231/7232
f 7233/7233 7236/7236 7235/7234 7232/7231
f 7235/7234 7238/7237 7237/7238 7234/7235
f 7236/7236 7239/7239 7238/7237 7235/7234
f 7238/7237 7241/7240 7240/7241 7237/7238
f 7239/7239 7242/7242 7241/7240 7238/7237
f 7241/7240 7244/7243 7243/7244 7240/7241
f 7242/7242 7245/7245 7244/7243 7241/7240
f 7244/7243 7247/7246 7246/7247 7243/7244
f 7245/7245 7248/7248 7247/7246 7244/7243
f 7250/7249 7253/7250 7252/7251 7249/7252
f 7251/7253 7254/7254 7253/7250 7250/7249
f 7253/7250 7256/7255 7255/7256 7252/7251
f 7254/7254 7257/7257 7256/7255 7253/7250
f 7256/7255 7259/7258 7258/7259 7255/7256
f 7257/7257 7260/7260 7259/7258 7256/7255
f 7259/7258 7262/7261 7261/7262 7258/7259
f 7260/7260 7263/7263 7262/7261 7259/7258
f 7262/7261 7265/7264 7264/7265 7261/7262
f 7263/7263 7266/7266 7265/7264 7262/7261
f 7265/7264 7268/7267 7267/7268 7264/7265
f 7266/7266 7269/7269 7268/7267 7265/7264
f 7268/7267 7271/7270 7270/7271 7267/7268
f 7269/7269 7272/7272 7271/7270 7268/7267
f 7274/7273 7277/7274 7276/7275 7273/7276
f 7275/7277 7278/7278 7277/7274 7274/7273
f 7277/7274 7280/7279 7279/7280 7276/7275
f 7278/7278 7281/7281 7280/7279 7277/7274
f 7280/7279 7283/7282 7282/7283 7279/7280
f 7281/7281 7284/7284 7283/7282 7280/7279
f 7283/7282 7286/7285 7285/7286 7282/7283
f 7284/7284 7287/7287 7286/7285 7283/7282
f 7286/7285 7289/7288 7288/7289 7285/7286
f 7287/7287 7290/7290 7289/7288 7286/7285
f 7289/7288 7292/7291 7291/7292 7288/7289
f 7290/7290 7293/7293 7292/7291 7289/7288
f 7292/7291 7295/7294 7294/7295 7291/7292
f 7293/7293 7296/7296 7295/7294 7292/7291
f 7298/7297 7301/7298 7300/7299 7297/7300
f 7299/7301 7302/7302 7301/7298 7298/7297
f 7301/7298 7304/7303 7303/7304 7300/7299
f 7302/7302 7305/7305 7304/7303 7301/7298
f 7304/7303 7307/7306 7306/7307 7303/7304
f 7305/7305 7308/7308 7307/7306 7304/7303
f 7307/7306 7310/7309 7309/7310 7306/7307
f 7308/7308 7311/7311 7310/7309 7307/7306
f 7310/7309 7313/7312 7312/7313 7309/7310
f 7311/7311 7314/7314 7313/7312 7310/7309
f 7313/7312 7316/7315 7315/7316 7312/7313
f 7314/7314 7317/7317 7316/7315 7313/7312
f 7316/7315 7319/7318 7318/7319 7315/7316
f 7317/7317 7320/7320 7319/7318 7316/7315
f 7322/7321 7325/7322 7324/7323 7321/7324
f 7323/7325 7326/7326 7325/7322 7322/7321
f 7325/7322 7328/7327 7327/7328 7324/7323
f 7326/7326 7329/7329 7328/7327 7325/7322
f 7328/7327 7331/7330 7330/7331 7327/7328
f 7329/7329 7332/7332 7331/7330 7328/7327
f 7331/7330 7334/7333 7333/7334 7330/7331
f 7332/7332 7335/7335 7334/7333 7331/7330
f 7334/7333 7337/7336 7336/7337 7333/7334
f 7335/7335 7338/7338 7337/7336 7334/7333
f 7337/7336 7340/7339 7339/7340 7336/7337
f 7338/7338 7341/7341 7340/7339 7337/7336
f 7340/7339 7343/7342 7342/7343 7339/7340
f 7341/7341 7344/7344 7343/7342 7340/7339
f 7346/7345 7349/7346 7348/7347 7345/7348
f 7347/7349 7350/7350 7349/7346 7346/7345
f 7349/7346 7352/7351 7351/7352 7348/7347
f 7350/7350 7353/7353 7352/7351 7349/7346
f 7352/7351 7355/7354 7354/7355 7351/7352
f 7353/7353 7356/7356 7355/7354 7352/7351
f 7355/7354 7358/7357 7357/7358 7354/7355
f 7356/7356 7359/7359 7358/7357 7355/7354
f 7358/7357 7361/7360 7360/7361 7357/7358
f 7359/7359 7362/7362 7361/7360 7358/7357
f 7361/7360 7364/7363 7363/7364 7360/7361
f 7362/7362 7365/7365 7364/7363 7361/7360
f 7364/7363 7367/7366 7366/7367 7363/7364
f 7365/7365 7368/7368 7367/7366 7364/7363
f 7370/7369 7373/7370 7372/7371 7369/7372
f 7371/7373 7374/7374 7373/7370 7370/7369
f 7373/7370 7376/7375 7375/7376 7372/7371
f 7374/7374 7377/7377 7376/7375 7373/7370
f 7376/7375 7379/7378 7378/7379 7375/7376
f 7377/7377 7380/7380 7379/7378 7376/7375
f 7379/7378 7382/7381 7381/7382 7378/7379
f 7380/7380 7383/7383 7382/7381 7379/7378
f 7382/7381 7385/7384 7384/7385 7381/7382
f 7383/7383 7386/7386 7385/7384 7382/7381
f 7385/7384 7388/7387 7387/7388 7384/7385
f 7386/7386 7389/7389 7388/7387 7385/7384
f 7388/7387 7391/7390 7390/7391 7387/7388
f 7389/7389 7392/7392 7391/7390 7388/7387
f 7394/7393 7397/7394 7396/7395 7393/7396
f 7395/7397 7398/7398 7397/7394 7394/7393
f 7397/7394 7400/7399 7399/7400 7396/7395
f 7398/7398 7401/7401 7400/7399 7397/7394
f 7400/7399 7403/7402 7402/7403 7399/7400
f 7401/7401 7404/7404 7403/7402 7400/7399
f 7403/7402 7406/7405 7405/7406 7402/7403
f 7404/7404 7407/7407 7406/7405 7403/7402
f 7406/7405 7409/7408 7408/7409 7405/7406
f 7407/7407 7410/7410 7409/7408 7406/7405
f 7409/7408 7412/7411 7411/7412 7408/7409
f 7410/7410 7413/7413 7412/7411 7409/7408
f 7412/7411 7415/7414 7414/7415 7411/7412
f 7413/7413 7416/7416 7415/7414 7412/7411
f 7418/7417 7421/7418 7420/7419 7417/7420
f 7419/7421 7422/7422 7421/7418 7418/7417
f 7421/7418 7424/7423 7423/7424 7420/7419
f 7422/7422 7425/7425 7424/7423 7421/7418
f 7424/7423 7427/7426 7426/7427 7423/7424
f 7425/7425 7428/7428 7427/7426 7424/7423
f 7427/7426 7430/7429 7429/7430 7426/7427
f 7428/7428 7431/7431 7430/7429 7427/7426
f 7430/7429 7433/7432 7432/7433 7429/7430
f 7431/7431 7434/7434 7433/7432 7430/7429
f 7433/7432 7436/7435 7435/7436 7432/7433
f 7434/7434 7437/7437 7436/7435 7433/7432
f 7436/7435 7439/7438 7438/7439 7435/7436
f 7437/7437 7440/7440 7439/7438 7436/7435
f 7442/7441 7445/7442 7444/7443 7441/7444
f 7443/7445 7446/7446 7445/7442 7442/7441
f 7445/7442 7448/7447 7447/7448 7444/7443
f 7446/7446 7449/7449 7448/7447 7445/7442
f 7448/7447 7451/7450 7450/7451 7447/7448
f 7449/7449 7452/7452 7451/7450 7448/7447
f 7451/7450 7454/7453 7453/7454 7450/7451
f 7452/7452 7455/7455 7454/7453 7451/7450
f 7454/7453 7457/7456 7456/7457 7453/7454
f 7455/7455 7458/7458 7457/7456 7454/7453
f 7457/7456 7460/7459 7459/7460 7456/7457
f 7458/7458 7461/7461 7460/7459 7457/7456
f 7460/7459 7463/7462 7462/7463 7459/7460
f 7461/7461 7464/7464 7463/7462 7460/7459
f 7466/7465 7469/7466 7468/7467 7465/7468
f 7467/7469 7470/7470 7469/7466 7466/7465
f 7469/7466 7472/7471 7471/7472 7468/7467
f 7470/7470 7473/7473 7472/7471 7469/7466
f 7472/7471 7475/7474 7474/7475 7471/7472
f 7473/7473 7476/7476 7475/7474 7472/7471
f 7475/7474 7478/7477 7477/7478 7474/7475
f 7476/7476 7479/7479 7478/7477 7475/7474
f 7478/7477 7481/7480 7480/7481 7477/7478
f 7479/7479 7482/7482 7481/7480 7478/7477
f 7481/7480 7484/7483 7483/7484 7480/7481
f 7482/7482 7485/7485 7484/7483 7481/7480
f 7484/7483 7487/7486 7486/7487 7483/7484
f 7485/7485 7488/7488 7487/7486 7484/7483
f 7490/7489 7493/7490 7492/7491 7489/7492
f 7491/7493 7494/7494 7493/7490 7490/7489
f 7493/7490 7496/7495 7495/7496 7492/7491
f 7494/7494 7497/7497 7496/7495 7493/7490
f 7496/7495 7499/7498 7498/7499 7495/7496
f 7497/7497 7500/7500 7499/7498 7496/7495
f 7499/7498 7502/7501 7501/7502 7498/7499
f 7500/7500 7503/7503 7502/7501 7499/7498
f 7502/7501 7505/7504 7504/7505 7501/7502
f 7503/7503 7506/7506 7505/7504 7502/7501
f 7505/7504 7508/7507 7507/7508 7504/7505
f 7506/7506 7509/7509 7508/7507 7505/7504
f 7508/7507 7511/7510 7510/7511 7507/7508
f 7509/7509 7512/7512 7511/7510 7508/7507
f 7514/7513 7517/7514 7516/7515 7513/7516
f 7515/7517 7518/7518 7517/7514 7514/7513
f 7517/7514 7520/7519 7519/7520 7516/7515
f 7518/7518 7521/7521 7520/7519 7517/7514
f 7520/7519 7523/7522 7522/7523 7519/7520
f 7521/7521 7524/7524 7523/7522 7520/7519
f 7523/7522 7526/7525 7525/7526 7522/7523
f 7524/7524 7527/7527 7526/7525 7523/7522
f 7526/7525 7529/7528 7528/7529 7525/7526
f 7527/7527 7530/7530 7529/7528 7526/7525
f 7529/7528 7532/7531 7531/7532 7528/7529
f 7530/7530 7533/7533 7532/7531 7529/7528
f 7532/7531 7535/7534 7534/7535 7531/7532
f 7533/7533 7536/7536 7535/7534 7532/7531
f 7538/7537 7541/7538 7540/7539 7537/7540
f 7539/7541 7542/7542 7541/7538 7538/7537
f 7541/7538 7544/7543 7543/7544 7540/7539
f 7542/7542 7545/7545 7544/7543 7541/7538
f 7544/7543 7547/7546 7546/7547 7543/7544
f 7545/7545 7548/7548 7547/7546 7544/7543
f 7547/7546 7550/7549 7549/7550 7546/7547
f 7548/7548 7551/7551 7550/7549 7547/7546
f 7550/7549 7553/7552 7552/7553 7549/7550
f 7551/7551 7554/7554 7553/7552 7550/7549
f 7553/7552 7556/7555 7555/7556 7552/7553
f 7554/7554 7557/7557 7556/7555 7553/7552
f 7556/7555 7559/7558 7558/7559 7555/7556
f 7557/7557 7560/7560 7559/7558 7556/7555
f 7562/7561 7565/7562 7564/7563 7561/7564
f 7563/7565 7566/7566 7565/7562 7562/7561
f 7565/7562 7568/7567 7567/7568 7564/7563
f 7566/7566 7569/7569 7568/7567 7565/7562
f 7568/7567 7571/7570 7570/7571 7567/7568
f 7569/7569 7572/7572 7571/7570 7568/7567
f 7571/7570 7574/7573 7573/7574 7570/7571
f 7572/7572 7575/7575 7574/7573 7571/7570
f 7574/7573 7577/7576 7576/7577 7573/7574
f 7575/7575 7578/7578 7577/7576 7574/7573
f 7577/7576 7580/7579 7579/7580 7576/7577
f 7578/7578 7581/7581 7580/7579 7577/7576
f 7580/7579 7583/7582 7582/7583 7579/7580
f 7581/7581 7584/7584 7583/7582 7580/7579
f 7586/7585 7589/7586 7588/7587 7585/7588
f 7587/7589 7590/7590 7589/7586 7586/7585
f 7589/7586 7592/7591 7591/7592 7588/7587
f 7590/7590 7593/7593 7592/7591 7589/7586
f 7592/7591 7595/7594 7594/7595 7591/7592
f 7593/7593 7596/7596 7595/7594 7592/7591
f 7595/7594 7598/7597 7597/7598 7594/7595
f 7596/7596 7599/7599 7598/7597 7595/7594
f 7598/7597 7601/7600 7600/7601 7597/7598
f 7599/7599 7602/7602 7601/7600 7598/7597
f 7601/7600 7604/7603 7603/7604 7600/7601
f 7602/7602 7605/7605 7604/7603 7601/7600
f 7604/7603 7607/7606 7606/7607 7603/7604
f 7605/7605 7608/7608 7607/7606 7604/7603
f 7610/7609 7613/7610 7612/7611 7609/7612
f 7611/7613 7614/7614 7613/7610 7610/7609
f 7613/7610 7616/7615 7615/7616 7612/7611
f 7614/7614 7617/7617 7616/7615 7613/7610
f 7616/7615 7619/7618 7618/7619 7615/7616
f 7617/7617 7620/7620 7619/7618 7616/7615
f 7619/7618 7622/7621 7621/7622 7618/7619
f 7620/7620 7623/7623 7622/7621 7619/7618
f 7622/7621 7625/7624 7624/7625 7621/7622
f 7623/7623 7626/7626 7625/7624 7622/7621
f 7625/7624 7628/7627 7627/7628 7624/7625
f 7626/7626 7629/7629 7628/7627 7625/7624
f 7628/7627 7631/7630 7630/7631 7627/7628
f 7629/7629 7632/7632 7631/7630 7628/7627
f 7634/7633 7637/7634 7636/7635 7633/7636
f 7635/7637 7638/7638 7637/7634 7634/7633
f 7637/7634 7640/7639 7639/7640 7636/7635
f 7638/7638 7641/7641 7640/7639 7637/7634
f 7640/7639 7643/7642 7642/7643 7639/7640
f 7641/7641 7644/7644 7643/7642 7640/7639
f 7643/7642 7646/7645 7645/7646 7642/7643
f 7644/7644 7647/7647 7646/7645 7643/7642
f 7646/7645 7649/7648 7648/7649 7645/7646
f 7647/7647 7650/7650 7649/7648 7646/7645
f 7649/7648 7652/7651 7651/7652 7648/7649
f 7650/7650 7653/7653 7652/7651 7649/7648
f 7652/7651 7655/7654 7654/7655 7651/7652
f 7653/7653 7656/7656 7655/7654 7652/7651
f 7658/7657 7661/7658 7660/7659 7657/7660
f 7659/7661 7662/7662 7661/7658 7658/7657
f 7661/7658 7664/7663 7663/7664 7660/7659
f 7662/7662 7665/7665 7664/7663 7661/7658
f 7664/7663 7667/7666 7666/7667 7663/7664
f 7665/7665 7668/7668 7667/7666 7664/7663
f 7667/7666 7670/7669 7669/7670 7666/7667
f 7668/7668 7671/7671 7670/7669 7667/7666
f 7670/7669 7673/7672 7672/7673 7669/7670
f 7671/7671 7674/7674 7673/7672 7670/7669
f 7673/7672 7676/7675 7675/7676 7672/7673
f 7674/7674 7677/7677 7676/7675 7673/7672
f 7676/7675 7679/7678 7678/7679 7675/7676
f 7677/7677 7680/7680 7679/7678 7676/7675
f 7682/7681 7685/7682 7684/7683 7681/7684
f 7683/7685 7686/7686 7685/7682 7682/7681
f 7685/7682 7688/7687 7687/7688 7684/7683
f 7686/7686 7689/7689 7688/7687 7685/7682
f 7688/7687 7691/7690 7690/7691 7687/7688
f 7689/7689 7692/7692 7691/7690 7688/7687
f 7691/7690 7694/7693 7693/7694 7690/7691
f 7692/7692 7695/7695 7694/7693 7691/7690
f 7694/7693 7697/7696 7696/7697 7693/7694
f 7695/7695 7698/7698 7697/7696 7694/7693
f 7697/7696 7700/7699 7699/7700 7696/7697
f 7698/7698 7701/7701 7700/7699 7697/7696
f 7700/7699 7703/7702 7702/7703 7699/7700
f 7701/7701 7704/7704 7703/7702 7700/7699
f 7706/7705 7709/7706 7708/7707 7705/7708
f 7707/7709 7710/7710 7709/7706 7706/7705
f 7709/7706 7712/7711 7711/7712 7708/7707
f 7710/7710 7713/7713 7712/7711 7709/7706
f 7712/7711 7715/7714 7714/7715 7711/7712
f 7713/7713 7716/7716 7715/7714 7712/7711
f 7715/7714 7718/7717 7717/7718 7714/7715
f 7716/7716 7719/7719 7718/7717 7715/7714
f 7718/7717 7721/7720 7720/7721 7717/7718
f 7719/7719 7722/7722 7721/7720 7718/7717
f 7721/7720 7724/7723 7723/7724 7720/7721
f 7722/7722 7725/7725 7724/7723 7721/7720
f 7724/7723 7727/7726 7726/7727 7723/7724
f 7725/7725 7728/7728 7727/7726 7724/7723
f 7730/7729 7733/7730 7732/7731 7729/7732
f 7731/7733 7734/7734 7733/7730 7730/7729
f 7733/7730 7736/7735 7735/7736 7732/7731
f 7734/7734 7737/7737 7736/7735 7733/7730
f 7736/7735 7739/7738 7738/7739 7735/7736
f 7737/7737 7740/7740 7739/7738 7736/7735
f 7739/7738 7742/7741 7741/7742 7738/7739
f 7740/7740 7743/7743 7742/7741 7739/7738
f 7742/7741 7745/7744 7744/7745 7741/7742
f 7743/7743 7746/7746 7745/7744 7742/7741
f 7745/7744 7748/7747 7747/7748 7744/7745
f 7746/7746 7749/7749 7748/7747 7745/7744
f 7748/7747 7751/7750 7750/7751 7747/7748
f 7749/7749 7752/7752 7751/7750 7748/7747
f 7754/7753 7753/7754 7756/7755 7757/7756
f 7755/7757 7754/7753 7757/7756 7758/7758
f 7757/7756 7756/7755 7759/7759 7760/7760
f 7758/7758 7757/7756 7760/7760 7761/7761
f 7760/7760 7759/7759 7762/7762 7763/7763
f 7761/7761 7760/7760 7763/7763 7764/7764
f 7763/7763 7762/7762 7765/7765 7766/7766
f 7764/7764 7763/7763 7766/7766 7767/7767
f 7766/7766 7765/7765 7768/7768 7769/7769
f 7767/7767 7766/7766 7769/7769 7770/7770
f 7769/7769 7768/7768 7771/7771 7772/7772
f 7770/7770 7769/7769 7772/7772 7773/7773
f 7772/7772 7771/7771 7774/7774 7775/7775
f 7773/7773 7772/7772 7775/7775 7776/7776
f 7778/7777 7777/7778 7780/7779 7781/7780
f 7779/7781 7778/7777 7781/7780 7782/7782
f 7781/7780 7780/7779 7783/7783 7784/7784
f 7782/7782 7781/7780 7784/7784 7785/7785
f 7784/7784 7783/7783 7786/7786 7787/7787
f 7785/7785 7784/7784 7787/7787 7788/7788
f 7787/7787 7786/7786 7789/7789 7790/7790
f 7788/7788 7787/7787 7790/7790 7791/7791
f 7790/7790 7789/7789 7792/7792 7793/7793
f 7791/7791 7790/7790 7793/7793 7794/7794
f 7793/7793 7792/7792 7795/7795 7796/7796
f 7794/7794 7793/7793 7796/7796 7797/7797
f 7796/7796 7795/7795 7798/7798 7799/7799
f 7797/7797 7796/7796 7799/7799 7800/7800
f 7802/7801 7801/7802 7804/7803 7805/7804
f 7803/7805 7802/7801 7805/7804 7806/7806
f 7805/7804 7804/7803 7807/7807 7808/7808
f 7806/7806 7805/7804 7808/7808 7809/7809
f 7808/7808 7807/7807 7810/7810 7811/7811
f 7809/7809 7808/7808 7811/7811 7812/7812
f 7811/7811 7810/7810 7813/7813 7814/7814
f 7812/7812 7811/7811 7814/7814 7815/7815
f 7814/7814 7813/7813 7816/7816 7817/7817
f 7815/7815 7814/7814 7817/7817 7818/7818
f 7817/7817 7816/7816 7819/7819 7820/7820
f 7818/7818 7817/7817 7820/7820 7821/7821
f 7820/7820 7819/7819 7822/7822 7823/7823
f 7821/7821 7820/7820 7823/7823 7824/7824
f 7826/7825 7825/7826 7828/7827 7829/7828
f 7827/7829 7826/7825 7829/7828 7830/7830
f 7829/7828 7828/7827 7831/7831 7832/7832
f 7830/7830 7829/7828 7832/7832 7833/7833
f 7832/7832 7831/7831 7834/7834 7835/7835
f 7833/7833 7832/7832 7835/7835 7836/7836
f 7835/7835 7834/7834 7837/7837 7838/7838
f 7836/7836 7835/7835 7838/7838 7839/7839
f 7838/7838 7837/7837 7840/7840 7841/7841
f 7839/7839 7838/7838 7841/7841 7842/7842
f 7841/7841 7840/7840 7843/7843 7844/7844
f 7842/7842 7841/7841 7844/7844 7845/7845
f 7844/7844 7843/7843 7846/7846 7847/7847
f 7845/7845 7844/7844 7847/7847 7848/7848
f 7850/7849 7849/7850 7852/7851 7853/7852
f 7851/7853 7850/7849 7853/7852 7854/7854
f 7853/7852 7852/7851 7855/7855 7856/7856
f 7854/7854 7853/7852 7856/7856 7857/7857
f 7856/7856 7855/7855 7858/7858 7859/7859
f 7857/7857 7856/7856 7859/7859 7860/7860
f 7859/7859 7858/7858 7861/7861 7862/7862
f 7860/7860 7859/7859 7862/7862 7863/7863
f 7862/7862 7861/7861 7864/7864 7865/7865
f 7863/7863 7862/7862 7865/7865 7866/7866
f 7865/7865 7864/7864 7867/7867 7868/7868
f 7866/7866 7865/7865 7868/7868 7869/7869
f 7868/7868 7867/7867 7870/7870 7871/7871
f 7869/7869 7868/7868 7871/7871 7872/7872
f 7874/7873 7873/7874 7876/7875 7877/7876
f 7875/7877 7874/7873 7877/7876 7878/7878
f 7877/7876 7876/7875 7879/7879 7880/7880
f 7878/7878 7877/7876 7880/7880 7881/7881
f 7880/7880 7879/7879 7882/7882 7883/7883
f 7881/7881 7880/7880 7883/7883 7884/7884
f 7883/7883 7882/7882 7885/7885 7886/7886
f 7884/7884 7883/7883 7886/7886 7887/7887
f 7886/7886 7885/7885 7888/7888 7889/7889
f 7887/7887 7886/7886 7889/7889 7890/7890
f 7889/7889 7888/7888 7891/7891 7892/7892
f 7890/7890 7889/7889 7892/7892 7893/7893
f 7892/7892 7891/7891 7894/7894 7895/7895
f 7893/7893 7892/7892 7895/7895 7896/7896
f 7898/7897 7897/7898 7900/7899 7901/7900
f 7899/7901 7898/7897 7901/7900 7902/7902
f 7901/7900 7900/7899 7903/7903 7904/7904
f 7902/7902 7901/7900 7904/7904 7905/7905
f 7904/7904 7903/7903 7906/7906 7907/7907
f 7905/7905 7904/7904 7907/7907 7908/7908
f 7907/7907 7906/7906 7909/7909 7910/7910
f 7908/7908 7907/7907 7910/7910 7911/7911
f 7910/7910 7909/7909 7912/7912 7913/7913
f 7911/7911 7910/7910 7913/7913 7914/7914
f 7913/7913 7912/7912 7915/7915 7916/7916
f 7914/7914 7913/7913 7916/7916 7917/7917
f 7916/7916 7915/7915 7918/7918 7919/7919
f 7917/7917 7916/7916 7919/7919 7920/7920
f 7922/7921 7921/7922 7924/7923 7925/7924
f 7923/7925 7922/7921 7925/7924 7926/7926
f 7925/7924 7924/7923 7927/7927 7928/7928
f 7926/7926 7925/7924 7928/7928 7929/7929
f 7928/7928 7927/7927 7930/7930 7931/7931
f 7929/7929 7928/7928 7931/7931 7932/7932
f 7931/7931 7930/7930 7933/7933 7934/7934
f 7932/7932 7931/7931 7934/7934 7935/7935
f 7934/7934 7933/7933 7936/7936 7937/7937
f 7935/7935 7934/7934 7937/7937 7938/7938
f 7937/7937 7936/7936 7939/7939 7940/7940
f 7938/7938 7937/7937 7940/7940 7941/7941
f 7940/7940 7939/7939 7942/7942 7943/7943
f 7941/7941 7940/7940 7943/7943 7944/7944
f 7946/7945 7945/7946 7948/7947 7949/7948
f 7947/7949 7946/7945 7949/7948 7950/7950
f 7949/7948 7948/7947 7951/7951 7952/7952
f 7950/7950 7949/7948 7952/7952 7953/7953
f 7952/7952 7951/7951 7954/7954 7955/7955
f 7953/7953 7952/7952 7955/7955 7956/7956
f 7955/7955 7954/7954 7957/7957 7958/7958
f 7956/7956 7955/7955 7958/7958 7959/7959
f 7958/7958 7957/7957 7960/7960 7961/7961
f 7959/7959 7958/7958 7961/7961 7962/7962
f 7961/7961 7960/7960 7963/7963 7964/7964
f 7962/7962 7961/7961 7964/7964 7965/7965
f 7964/7964 7963/7963 7966/7966 7967/7967
f 7965/7965 7964/7964 7967/7967 7968/7968
f 7970/7969 7969/7970 7972/7971 7973/7972
f 7971/7973 7970/7969 7973/7972 7974/7974
f 7973/7972 7972/7971 7975/7975 7976/7976
f 7974/7974 7973/7972 7976/7976 7977/7977
f 7976/7976 7975/7975 7978/7978 7979/7979
f 7977/7977 7976/7976 7979/7979 7980/7980
f 7979/7979 7978/7978 7981/7981 7982/7982
f 7980/7980 7979/7979 7982/7982 7983/7983
f 7982/7982 7981/7981 7984/7984 7985/7985
f 7983/7983 7982/7982 7985/7985 7986/7986
f 7985/7985 7984/7984 7987/7987 7988/7988
f 7986/7986 7985/7985 7988/7988 7989/7989
f 7988/7988 7987/7987 7990/7990 7991/7991
f 7989/7989 7988/7988 7991/7991 7992/7992
f 7994/7993 7993/7994 7996/7995 7997/7996
f 7995/7997 7994/7993 7997/7996 7998/7998
f 7997/7996 7996/7995 7999/7999 8000/8000
f 7998/7998 7997/7996 8000/8000 8001/8001
f 8000/8000 7999/7999 8002/8002 8003/8003
f 8001/8001 8000/8000 8003/8003 8004/8004
f 8003/8003 8002/8002 8005/8005 8006/8006
f 8004/8004 8003/8003 8006/8006 8007/8007
f 8006/8006 8005/8005 8008/8008 8009/8009
f 8007/8007 8006/8006 8009/8009 8010/8010
f 8009/8009 8008/8008 8011/8011 8012/8012
f 8010/8010 8009/8009 8012/8012 8013/8013
f 8012/8012 8011/8011 8014/8014 8015/8015
f 8013/8013 8012/8012 8015/8015 8016/8016
f 8018/8017 8017/8018 8020/8019 8021/8020
f 8019/8021 8018/8017 8021/8020 8022/8022
f 8021/8020 8020/8019 8023/8023 8024/8024
f 8022/8022 8021/8020 8024/8024 8025/8025
f 8024/8024 8023/8023 8026/8026 8027/8027
f 8025/8025 8024/8024 8027/8027 8028/8028
f 8027/8027 8026/8026 8029/8029 8030/8030
f 8028/8028 8027/8027 8030/8030 8031/8031
f 8030/8030 8029/8029 8032/8032 8033/8033
f 8031/8031 8030/8030 8033/8033 8034/8034
f 8033/8033 8032/8032 8035/8035 8036/8036
f 8034/8034 8033/8033 8036/8036 8037/8037
f 8036/8036 8035/8035 8038/8038 8039/8039
f 8037/8037 8036/8036 8039/8039 8040/8040
f 8042/8041 8041/8042 8044/8043 8045/8044
f 8043/8045 8042/8041 8045/8044 8046/8046
f 8045/8044 8044/8043 8047/8047 8048/8048
f 8046/8046 8045/8044 8048/8048 8049/8049
f 8048/8048 8047/8047 8050/8050 8051/8051
f 8049/8049 8048/8048 8051/8051 8052/8052
f 8051/8051 8050/8050 8053/8053 8054/8054
f 8052/8052 8051/8051 8054/8054 8055/8055
f 8054/8054 8053/8053 8056/8056 8057/8057
f 8055/8055 8054/8054 8057/8057 8058/8058
f 8057/8057 8056/8056 8059/8059 8060/8060
f 8058/8058 8057/8057 8060/8060 8061/8061
f 8060/8060 8059/8059 8062/8062 8063/8063
f 8061/8061 8060/8060 8063/8063 8064/8064
f 8066/8065 8065/8066 8068/8067 8069/8068
f 8067/8069 8066/8065 8069/8068 8070/8070
f 8069/8068 8068/8067 8071/8071 8072/8072
f 8070/8070 8069/8068 8072/8072 8073/8073
f 8072/8072 8071/8071 8074/8074 8075/8075
f 8073/8073 8072/8072 8075/8075 8076/8076
f 8075/8075 8074/8074 8077/8077 8078/8078
f 8076/8076 8075/8075 8078/8078 8079/8079
f 8078/8078 8077/8077 8080/8080 8081/8081
f 8079/8079 8078/8078 8081/8081 8082/8082
f 8081/8081 8080/8080 8083/8083 8084/8084
f 8082/8082 8081/8081 8084/8084 8085/8085
f 8084/8084 8083/8083 8086/8086 8087/8087
f 8085/8085 8084/8084 8087/8087 8088/8088
f 8090/8089 8089/8090 8092/8091 8093/8092
f 8091/8093 8090/8089 8093/8092 8094/8094
f 8093/8092 8092/8091 8095/8095 8096/8096
f 8094/8094 8093/8092 8096/8096 8097/8097
f 8096/8096 8095/8095 8098/8098 8099/8099
f 8097/8097 8096/8096 8099/8099 8100/8100
f 8099/8099 8098/8098 8101/8101 8102/8102
f 8100/8100 8099/8099 8102/8102 8103/8103
f 8102/8102 8101/8101 8104/8104 8105/8105
f 8103/8103 8102/8102 8105/8105 8106/8106
f 8105/8105 8104/8104 8107/8107 8108/8108
f 8106/8106 8105/8105 8108/8108 8109/8109
f 8108/8108 8107/8107 8110/8110 8111/8111
f 8109/8109 8108/8108 8111/8111 8112/8112
f 8114/8113 8113/8114 8116/8115 8117/8116
f 8115/8117 8114/8113 8117/8116 8118/8118
f 8117/8116 8116/8115 8119/8119 8120/8120
f 8118/8118 8117/8116 8120/8120 8121/8121
f 8120/8120 8119/8119 8122/8122 8123/8123
f 8121/8121 8120/8120 8123/8123 8124/8124
f 8123/8123 8122/8122 8125/8125 8126/8126
f 8124/8124 8123/8123 8126/8126 8127/8127
f 8126/8126 8125/8125 8128/8128 8129/8129
f 8127/8127 8126/8126 8129/8129 8130/8130
f 8129/8129 8128/8128 8131/8131 8132/8132
f 8130/8130 8129/8129 8132/8132 8133/8133
f 8132/8132 8131/8131 8134/8134 8135/8135
f 8133/8133 8132/8132 8135/8135 8136/8136
f 8138/8137 8137/8138 8140/8139 8141/8140
f 8139/8141 8138/8137 8141/8140 8142/8142
f 8141/8140 8140/8139 8143/8143 8144/8144
f 8142/8142 8141/8140 8144/8144 8145/8145
f 8144/8144 8143/8143 8146/8146 8147/8147
f 8145/8145 8144/8144 8147/8147 8148/8148
f 8147/8147 8146/8146 8149/8149 8150/8150
f 8148/8148 8147/8147 8150/8150 8151/8151
f 8150/8150 8149/8149 8152/8152 8153/8153
f 8151/8151 8150/8150 8153/8153 8154/8154
f 8153/8153 8152/8152 8155/8155 8156/8156
f 8154/8154 8153/8153 8156/8156 8157/8157
f 8156/8156 8155/8155 8158/8158 8159/8159
f 8157/8157 8156/8156 8159/8159 8160/8160
f 8162/8161 8161/8162 8164/8163 8165/8164
f 8163/8165 8162/8161 8165/8164 8166/8166
f 8165/8164 8164/8163 8167/8167 8168/8168
f 8166/8166 8165/8164 8168/8168 8169/8169
f 8168/8168 8167/8167 8170/8170 8171/8171
f 8169/8169 8168/8168 8171/8171 8172/8172
f 8171/8171 8170/8170 8173/8173 8174/8174
f 8172/8172 8171/8171 8174/8174 8175/8175
f 8174/8174 8173/8173 8176/8176 8177/8177
f 8175/8175 8174/8174 8177/8177 8178/8178
f 8177/8177 8176/8176 8179/8179 8180/8180
f 8178/8178 8177/8177 8180/8180 8181/8181
f 8180/8180 8179/8179 8182/8182 8183/8183
f 8181/8181 8180/8180 8183/8183 8184/8184
f 8186/8185 8185/8186 8188/8187 8189/8188
f 8187/8189 8186/8185 8189/8188 8190/8190
f 8189/8188 8188/8187 8191/8191 8192/8192
f 8190/8190 8189/8188 8192/8192 8193/8193
f 8192/8192 8191/8191 8194/8194 8195/8195
f 8193/8193 8192/8192 8195/8195 8196/8196
f 8195/8195 8194/8194 8197/8197 8198/8198
f 8196/8196 8195/8195 8198/8198 8199/8199
f 8198/8198 8197/8197 8200/8200 8201/8201
f 8199/8199 8198/8198 8201/8201 8202/8202
f 8201/8201 8200/8200 8203/8203 8204/8204
f 8202/8202 8201/8201 8204/8204 8205/8205
f 8204/8204 8203/8203 8206/8206 8207/8207
f 8205/8205 8204/8204 8207/8207 8208/8208
f 8210/8209 8209/8210 8212/8211 8213/8212
f 8211/8213 8210/8209 8213/8212 8214/8214
f 8213/8212 8212/8211 8215/8215 8216/8216
f 8214/8214 8213/8212 8216/8216 8217/8217
f 8216/8216 8215/8215 8218/8218 8219/8219
f 8217/8217 8216/8216 8219/8219 8220/8220
f 8219/8219 8218/8218 8221/8221 8222/8222
f 8220/8220 8219/8219 8222/8222 8223/8223
f 8222/8222 8221/8221 8224/8224 8225/8225
f 8223/8223 8222/8222 8225/8225 8226/8226
f 8225/8225 8224/8224 8227/8227 8228/8228
f 8226/8226 8225/8225 8228/8228 8229/8229
f 8228/8228 8227/8227 8230/8230 8231/8231
f 8229/8229 8228/8228 8231/8231 8232/8232
f 8234/8233 8233/8234 8236/8235 8237/8236
f 8235/8237 8234/8233 8237/8236 8238/8238
f 8237/8236 8236/8235 8239/8239 8240/8240
f 8238/8238 8237/8236 8240/8240 8241/8241
f 8240/8240 8239/8239 8242/8242 8243/8243
f 8241/8241 8240/8240 8243/8243 8244/8244
f 8243/8243 8242/8242 8245/8245 8246/8246
f 8244/8244 8243/8243 8246/8246 8247/8247
f 8246/8246 8245/8245 8248/8248 8249/8249
f 8247/8247 8246/8246 8249/8249 8250/8250
f 8249/8249 8248/8248 8251/8251 8252/8252
f 8250/8250 8249/8249 8252/8252 8253/8253
f 8252/8252 8251/8251 8254/8254 8255/8255
f 8253/8253 8252/8252 8255/8255 8256/8256
f 8258/8257 8257/8258 8260/8259 8261/8260
f 8259/8261 8258/8257 8261/8260 8262/8262
f 8261/8260 8260/8259 8263/8263 8264/8264
f 8262/8262 8261/8260 8264/8264 8265/8265
f 8264/8264 8263/8263 8266/8266 8267/8267
f 8265/8265 8264/8264 8267/8267 8268/8268
f 8267/8267 8266/8266 8269/8269 8270/8270
f 8268/8268 8267/8267 8270/8270 8271/8271
f 8270/8270 8269/8269 8272/8272 8273/8273
f 8271/8271 8270/8270 8273/8273 8274/8274
f 8273/8273 8272/8272 8275/8275 8276/8276
f 8274/8274 8273/8273 8276/8276 8277/8277
f 8276/8276 8275/8275 8278/8278 8279/8279
f 8277/8277 8276/8276 8279/8279 8280/8280
f 8282/8281 8281/8282 8284/8283 8285/8284
f 8283/8285 8282/8281 8285/8284 8286/8286
f 8285/8284 8284/8283 8287/8287 8288/8288
f 8286/8286 8285/8284 8288/8288 8289/8289
f 8288/8288 8287/8287 8290/8290 8291/8291
f 8289/8289 8288/8288 8291/8291 8292/8292
f 8291/8291 8290/8290 8293/8293 8294/8294
f 8292/8292 8291/8291 8294/8294 8295/8295
f 8294/8294 8293/8293 8296/8296 8297/8297
f 8295/8295 8294/8294 8297/8297 8298/8298
f 8297/8297 8296/8296 8299/8299 8300/8300
f 8298/8298 8297/8297 8300/8300 8301/8301
f 8300/8300 8299/8299 8302/8302 8303/8303
f 8301/8301 8300/8300 8303/8303 8304/8304
f 8306/8305 8305/8306 8308/8307 8309/8308
f 8307/8309 8306/8305 8309/8308 8310/8310
f 8309/8308 8308/8307 8311/8311 8312/8312
f 8310/8310 8309/8308 8312/8312 8313/8313
f 8312/8312 8311/8311 8314/8314 8315/8315
f 8313/8313 8312/8312 8315/8315 8316/8316
f 8315/8315 8314/8314 8317/8317 8318/8318
f 8316/8316 8315/8315 8318/8318 8319/8319
f 8318/8318 8317/8317 8320/8320 8321/8321
f 8319/8319 8318/8318 8321/8321 8322/8322
f 8321/8321 8320/8320 8323/8323 8324/8324
f 8322/8322 8321/8321 8324/8324 8325/8325
f 8324/8324 8323/8323 8326/8326 8327/8327
f 8325/8325 8324/8324 8327/8327 8328/8328
f 8330/8329 8329/8330 8332/8331 8333/8332
f 8331/8333 8330/8329 8333/8332 8334/8334
f 8333/8332 8332/8331 8335/8335 8336/8336
f 8334/8334 8333/8332 8336/8336 8337/8337
f 8336/8336 8335/8335 8338/8338 8339/8339
f 8337/8337 8336/8336 8339/8339 8340/8340
f 8339/8339 8338/8338 8341/8341 8342/8342
f 8340/8340 8339/8339 8342/8342 8343/8343
f 8342/8342 8341/8341 8344/8344 8345/8345
f 8343/8343 8342/8342 8345/8345 8346/8346
f 8345/8345 8344/8344 8347/8347 8348/8348
f 8346/8346 8345/8345 8348/8348 8349/8349
f 8348/8348 8347/8347 8350/8350 8351/8351
f 8349/8349 8348/8348 8351/8351 8352/8352
f 8354/8353 8353/8354 8356/8355 8357/8356
f 8355/8357 8354/8353 8357/8356 8358/8358
f 8357/8356 8356/8355 8359/8359 8360/8360
f 8358/8358 8357/8356 8360/8360 8361/8361
f 8360/8360 8359/8359 8362/8362 8363/8363
f 8361/8361 8360/8360 8363/8363 8364/8364
f 8363/8363 8362/8362 8365/8365 8366/8366
f 8364/8364 8363/8363 8366/8366 8367/8367
f 8366/8366 8365/8365 8368/8368 8369/8369
f 8367/8367 8366/8366 8369/8369 8370/8370
f 8369/8369 8368/8368 8371/8371 8372/8372
f 8370/8370 8369/8369 8372/8372 8373/8373
f 8372/8372 8371/8371 8374/8374 8375/8375
f 8373/8373 8372/8372 8375/8375 8376/8376
f 8378/8377 8377/8378 8380/8379 8381/8380
f 8379/8381 8378/8377 8381/8380 8382/8382
f 8381/8380 8380/8379 8383/8383 8384/8384
f 8382/8382 8381/8380 8384/8384 8385/8385
f 8384/8384 8383/8383 8386/8386 8387/8387
f 8385/8385 8384/8384 8387/8387 8388/8388
f 8387/8387 8386/8386 8389/8389 8390/8390
f 8388/8388 8387/8387 8390/8390 8391/8391
f 8390/8390 8389/8389 8392/8392 8393/8393
f 8391/8391 8390/8390 8393/8393 8394/8394
f 8393/8393 8392/8392 8395/8395 8396/8396
f 8394/8394 8393/8393 8396/8396 8397/8397
f 8396/8396 8395/8395 8398/8398 8399/8399
f 8397/8397 8396/8396 8399/8399 8400/8400
f 8402/8401 8401/8402 8404/8403 8405/8404
f 8403/8405 8402/8401 8405/8404 8406/8406
f 8405/8404 8404/8403 8407/8407 8408/8408
f 8406/8406 8405/8404 8408/8408 8409/8409
f 8408/8408 8407/8407 8410/8410 8411/8411
f 8409/8409 8408/8408 8411/8411 8412/8412
f 8411/8411 8410/8410 8413/8413 8414/8414
f 8412/8412 8411/8411 8414/8414 8415/8415
f 8414/8414 8413/8413 8416/8416 8417/8417
f 8415/8415 8414/8414 8417/8417 8418/8418
f 8417/8417 8416/8416 8419/8419 8420/8420
f 8418/8418 8417/8417 8420/8420 8421/8421
f 8420/8420 8419/8419 8422/8422 8423/8423
f 8421/8421 8420/8420 8423/8423 8424/8424
f 8426/8425 8425/8426 8428/8427 8429/8428
f 8427/8429 8426/8425 8429/8428 8430/8430
f 8429/8428 8428/8427 8431/8431 8432/8432
f 8430/8430 8429/8428 8432/8432 8433/8433
f 8432/8432 8431/8431 8434/8434 8435/8435
f 8433/8433 8432/8432 8435/8435 8436/8436
f 8435/8435 8434/8434 8437/8437 8438/8438
f 8436/8436 8435/8435 8438/8438 8439/8439
f 8438/8438 8437/8437 8440/8440 8441/8441
f 8439/8439 8438/8438 8441/8441 8442/8442
f 8441/8441 8440/8440 8443/8443 8444/8444
f 8442/8442 8441/8441 8444/8444 8445/8445
f 8444/8444 8443/8443 8446/8446 8447/8447
f 8445/8445 8444/8444 8447/8447 8448/8448
f 8450/8449 8449/8450 8452/8451 8453/8452
f 8451/8453 8450/8449 8453/8452 8454/8454
f 8453/8452 8452/8451 8455/8455 8456/8456
f 8454/8454 8453/8452 8456/8456 8457/8457
f 8456/8456 8455/8455 8458/8458 8459/8459
f 8457/8457 8456/8456 8459/8459 8460/8460
f 8459/8459 8458/8458 8461/8461 8462/8462
f 8460/8460 8459/8459 8462/8462 8463/8463
f 8462/8462 8461/8461 8464/8464 8465/8465
f 8463/8463 8462/8462 8465/8465 8466/8466
f 8465/8465 8464/8464 8467/8467 8468/8468
f 8466/8466 8465/8465 8468/8468 8469/8469
f 8468/8468 8467/8467 8470/8470 8471/8471
f 8469/8469 8468/8468 8471/8471 8472/8472
f 8474/8473 8473/8474 8476/8475 8477/8476
f 8475/8477 8474/8473 8477/8476 8478/8478
f 8477/8476 8476/8475 8479/8479 8480/8480
f 8478/8478 8477/8476 8480/8480 8481/8481
f 8480/8480 8479/8479 8482/8482 8483/8483
f 8481/8481 8480/8480 8483/8483 8484/8484
f 8483/8483 8482/8482 8485/8485 8486/8486
f 8484/8484 8483/8483 8486/8486 8487/8487
f 8486/8486 8485/8485 8488/8488 8489/8489
f 8487/8487 8486/8486 8489/8489 8490/8490
f 8489/8489 8488/8488 8491/8491 8492/8492
f 8490/8490 8489/8489 8492/8492 8493/8493
f 8492/8492 8491/8491 8494/8494 8495/8495
f 8493/8493 8492/8492 8495/8495 8496/8496
f 8498/8497 8497/8498 8500/8499 8501/8500
f 8499/8501 8498/8497 8501/8500 8502/8502
f 8501/8500 8500/8499 8503/8503 8504/8504
f 8502/8502 8501/8500 8504/8504 8505/8505
f 8504/8504 8503/8503 8506/8506 8507/8507
f 8505/8505 8504/8504 8507/8507 8508/8508
f 8507/8507 8506/8506 8509/8509 8510/8510
f 8508/8508 8507/8507 8510/8510 8511/8511
f 8510/8510 8509/8509 8512/8512 8513/8513
f 8511/8511 8510/8510 8513/8513 8514/8514
f 8513/8513 8512/8512 8515/8515 8516/8516
f 8514/8514 8513/8513 8516/8516 8517/8517
f 8516/8516 8515/8515 8518/8518 8519/8519
f 8517/8517 8516/8516 8519/8519 8520/8520
f 8522/8521 8521/8522 8524/8523 8525/8524
f 8523/8525 8522/8521 8525/8524 8526/8526
f 8525/8524 8524/8523 8527/8527 8528/8528
f 8526/8526 8525/8524 8528/8528 8529/8529
f 8528/8528 8527/8527 8530/8530 8531/8531
f 8529/8529 8528/8528 8531/8531 8532/8532
f 8531/8531 8530/8530 8533/8533 8534/8534
f 8532/8532 8531/8531 8534/8534 8535/8535
f 8534/8534 8533/8533 8536/8536 8537/8537
f 8535/8535 8534/8534 8537/8537 8538/8538
f 8537/8537 8536/8536 8539/8539 8540/8540
f 8538/8538 8537/8537 8540/8540 8541/8541
f 8540/8540 8539/8539 8542/8542 8543/8543
f 8541/8541 8540/8540 8543/8543 8544/8544
f 8546/8545 8545/8546 8548/8547 8549/8548
f 8547/8549 8546/8545 8549/8548 8550/8550
f 8549/8548 8548/8547 8551/8551 8552/8552
f 8550/8550 8549/8548 8552/8552 8553/8553
f 8552/8552 8551/8551 8554/8554 8555/8555
f 8553/8553 8552/8552 8555/8555 8556/8556
f 8555/8555 8554/8554 8557/8557 8558/8558
f 8556/8556 8555/8555 8558/8558 8559/8559
f 8558/8558 8557/8557 8560/8560 8561/8561
f 8559/8559 8558/8558 8561/8561 8562/8562
f 8561/8561 8560/8560 8563/8563 8564/8564
f 8562/8562 8561/8561 8564/8564 8565/8565
f 8564/8564 8563/8563 8566/8566 8567/8567
f 8565/8565 8564/8564 8567/8567 8568/8568
f 8570/8569 8569/8570 8572/8571 8573/8572
f 8571/8573 8570/8569 8573/8572 8574/8574
f 8573/8572 8572/8571 8575/8575 8576/8576
f 8574/8574 8573/8572 8576/8576 8577/8577
f 8576/8576 8575/8575 8578/8578 8579/8579
f 8577/8577 8576/8576 8579/8579 8580/8580
f 8579/8579 8578/8578 8581/8581 8582/8582
f 8580/8580 8579/8579 8582/8582 8583/8583
f 8582/8582 8581/8581 8584/8584 8585/8585
f 8583/8583 8582/8582 8585/8585 8586/8586
f 8585/8585 8584/8584 8587/8587 8588/8588
f 8586/8586 8585/8585 8588/8588 8589/8589
f 8588/8588 8587/8587 8590/8590 8591/8591
f 8589/8589 8588/8588 8591/8591 8592/8592
f 8594/8593 8593/8594 8596/8595 8597/8596
f 8595/8597 8594/8593 8597/8596 8598/8598
f 8597/8596 8596/8595 8599/8599 8600/8600
f 8598/8598 8597/8596 8600/8600 8601/8601
f 8600/8600 8599/8599 8602/8602 8603/8603
f 8601/8601 8600/8600 8603/8603 8604/8604
f 8603/8603 8602/8602 8605/8605 8606/8606
f 8604/8604 8603/8603 8606/8606 8607/8607
f 8606/8606 8605/8605 8608/8608 8609/8609
f 8607/8607 8606/8606 8609/8609 8610/8610
f 8609/8609 8608/8608 8611/8611 8612/8612
f 8610/8610 8609/8609 8612/8612 8613/8613
f 8612/8612 8611/8611 8614/8614 8615/8615
f 8613/8613 8612/8612 8615/8615 8616/8616