# This is a clothes file for MakeHuman Community, exported by MakeClothes 2
#
# author: WojackOWL
# license: CC-BY
#
v -0.1160 0.9474 -0.0441
v -0.0819 0.9245 -0.0786
v -0.0656 0.9255 -0.0820
v -0.0506 0.9267 -0.0830
v -0.0363 0.9267 -0.0830
v -0.0221 0.9267 -0.0835
v -0.0075 0.9257 -0.0795
v 0.0001 0.9232 -0.0752
v -0.0984 0.9475 -0.0562
v -0.1179 0.9260 -0.0531
v -0.0993 0.9241 -0.0702
v -0.0799 0.8955 -0.0906
v -0.0615 0.8956 -0.0944
v -0.0456 0.8968 -0.0953
v -0.0303 0.8962 -0.0955
v -0.0143 0.8956 -0.0913
v -0.0006 0.8939 -0.0830
v 0.0001 0.8931 -0.0763
v -0.1225 0.8984 -0.0638
v -0.0806 0.8626 -0.0980
v -0.0595 0.8626 -0.1010
v -0.0399 0.8643 -0.1008
v -0.0238 0.8658 -0.0975
v -0.0090 0.8668 -0.0898
v 0.0021 0.8673 -0.0802
v 0.0001 0.8681 -0.0703
v -0.1000 0.8958 -0.0814
v -0.1278 0.8699 -0.0678
v -0.0807 0.8332 -0.0967
v -0.0568 0.8335 -0.0987
v -0.0356 0.8358 -0.0976
v -0.0197 0.8385 -0.0932
v -0.0068 0.8401 -0.0856
v 0.0025 0.8427 -0.0760
v 0.0001 0.8448 -0.0658
v -0.1041 0.8647 -0.0879
v -0.1319 0.8425 -0.0686
v -0.0798 0.8077 -0.0891
v -0.0544 0.8087 -0.0895
v -0.0326 0.8114 -0.0857
v -0.0182 0.8157 -0.0807
v -0.0065 0.8190 -0.0751
v 0.0019 0.8237 -0.0676
v 0.0001 0.8265 -0.0591
v -0.1063 0.8369 -0.0878
v -0.1359 0.8176 -0.0641
v -0.0792 0.7854 -0.0765
v -0.0523 0.7876 -0.0743
v -0.0306 0.7950 -0.0682
v -0.0177 0.8002 -0.0652
v -0.0071 0.8037 -0.0609
v 0.0002 0.8088 -0.0560
v 0.0001 0.8126 -0.0484
v -0.1081 0.8111 -0.0816
v -0.1368 0.7960 -0.0582
v -0.0781 0.7677 -0.0601
v -0.0518 0.7686 -0.0494
v -0.0278 0.7804 -0.0489
v -0.0174 0.7867 -0.0466
v -0.0092 0.7919 -0.0448
v -0.0029 0.7987 -0.0448
v 0.0001 0.8016 -0.0378
v -0.1081 0.7884 -0.0721
v -0.1367 0.7799 -0.0531
v -0.0816 0.7511 -0.0493
v -0.0567 0.7466 -0.0381
v -0.0147 0.7803 -0.0308
v -0.0083 0.7853 -0.0307
v -0.0035 0.7902 -0.0287
v 0.0001 0.7930 -0.0249
v -0.1073 0.7725 -0.0628
v -0.1467 0.9497 0.0010
v -0.1336 0.9484 -0.0244
v -0.1498 0.9496 0.0506
v -0.1519 0.9502 0.0270
v -0.1424 0.9482 0.0717
v -0.1307 0.9462 0.0913
v -0.1487 0.9272 -0.0006
v -0.1360 0.9254 -0.0299
v -0.1539 0.9253 0.0496
v -0.1541 0.9272 0.0267
v -0.1478 0.9221 0.0706
v -0.1375 0.9189 0.0911
v -0.1523 0.9022 -0.0049
v -0.1418 0.8996 -0.0358
v -0.1601 0.8989 0.0496
v -0.1596 0.9017 0.0244
v -0.1532 0.8962 0.0724
v -0.1424 0.8933 0.0931
v -0.1594 0.8785 -0.0078
v -0.1477 0.8739 -0.0419
v -0.1649 0.8755 0.0511
v -0.1659 0.8779 0.0242
v -0.1600 0.8720 0.0746
v -0.1469 0.8685 0.0951
v -0.1665 0.8545 -0.0095
v -0.1529 0.8479 -0.0411
v -0.1692 0.8547 0.0518
v -0.1718 0.8556 0.0235
v -0.1624 0.8518 0.0759
v -0.1494 0.8490 0.0955
v -0.1719 0.8330 -0.0083
v -0.1573 0.8248 -0.0391
v -0.1736 0.8362 0.0541
v -0.1774 0.8358 0.0255
v -0.1657 0.8347 0.0776
v -0.1524 0.8324 0.0968
v -0.1762 0.8120 -0.0053
v -0.1595 0.8041 -0.0353
v -0.1771 0.8183 0.0552
v -0.1813 0.8163 0.0273
v -0.1688 0.8179 0.0790
v -0.1552 0.8164 0.0983
v -0.1786 0.7945 -0.0037
v -0.1609 0.7873 -0.0324
v -0.1803 0.8018 0.0550
v -0.1845 0.7994 0.0279
v -0.0857 0.7677 0.1274
v -0.0821 0.7844 0.1260
v 0.0001 0.9230 0.1346
v -0.1149 0.9435 0.1080
v -0.0388 0.9259 0.1338
v -0.0580 0.9297 0.1315
v -0.0964 0.9398 0.1197
v -0.0772 0.9348 0.1270
v 0.0001 0.8860 0.1321
v -0.1212 0.9159 0.1095
v -0.0410 0.8902 0.1298
v -0.0591 0.8954 0.1260
v -0.0984 0.9109 0.1188
v -0.0765 0.9031 0.1226
v 0.0001 0.8635 0.1284
v -0.1250 0.8910 0.1096
v -0.0421 0.8658 0.1272
v -0.0608 0.8709 0.1231
v -0.0984 0.8854 0.1169
v -0.0764 0.8776 0.1187
v 0.0001 0.8422 0.1234
v -0.1274 0.8653 0.1104
v -0.0395 0.8439 0.1209
v -0.0573 0.8501 0.1191
v -0.1017 0.8613 0.1199
v -0.0786 0.8556 0.1197
v 0.0001 0.8214 0.1135
v -0.1295 0.8455 0.1102
v -0.0349 0.8234 0.1094
v -0.0529 0.8291 0.1133
v -0.1041 0.8409 0.1206
v -0.0777 0.8346 0.1214
v 0.0001 0.7984 0.1001
v -0.1326 0.8291 0.1113
v -0.0275 0.8059 0.0949
v -0.0450 0.8052 0.1094
v -0.1063 0.8234 0.1212
v -0.0770 0.8159 0.1221
v -0.1356 0.8135 0.1132
v -0.0498 0.7894 0.1119
v -0.1093 0.8078 0.1224
v -0.0790 0.7998 0.1241
v -0.0193 0.9236 0.1345
v -0.0218 0.8868 0.1325
v -0.0220 0.8639 0.1286
v -0.0208 0.8421 0.1232
v -0.0182 0.8215 0.1117
v -0.0164 0.8011 0.0980
v 0.0001 0.7813 0.0754
v -0.0136 0.7854 0.0743
v 0.0001 0.7763 0.0563
v -0.0096 0.7788 0.0543
v 0.0001 0.7781 0.0066
v 0.0005 0.7783 0.0077
v 0.0001 0.7880 -0.0122
v -0.0032 0.7857 -0.0152
v -0.0181 0.7908 0.0766
v -0.0110 0.7830 0.0550
v -0.0012 0.7761 0.0094
v -0.0058 0.7816 -0.0147
v -0.0226 0.7882 0.0850
v -0.0125 0.7798 0.0606
v -0.0040 0.7686 0.0122
v -0.0100 0.7744 -0.0134
v -0.0120 0.9513 -0.0648
v 0.0001 0.9511 -0.0642
v -0.0822 0.9484 -0.0626
v -0.0672 0.9496 -0.0654
v -0.0531 0.9507 -0.0665
v -0.0395 0.9514 -0.0668
v -0.0256 0.9516 -0.0661
v -0.1374 0.7643 -0.0486
v -0.1100 0.7567 -0.0550
v -0.1802 0.7793 -0.0028
v -0.1619 0.7719 -0.0301
v -0.1834 0.7867 0.0556
v -0.1869 0.7844 0.0283
v -0.1128 0.7923 0.1241
v -0.0534 0.7740 0.1149
v -0.1387 0.7982 0.1153
v -0.1580 0.8011 0.0997
v -0.0265 0.7758 0.0880
v -0.0150 0.7683 0.0649
v -0.0076 0.7577 0.0143
v -0.0144 0.7623 -0.0114
v -0.1161 0.7761 0.1256
v -0.0568 0.7557 0.1172
v -0.1418 0.7821 0.1165
v -0.1613 0.7856 0.1011
v -0.0290 0.7615 0.0884
v -0.0181 0.7544 0.0671
v -0.0105 0.7438 0.0147
v -0.0183 0.7472 -0.0093
v -0.0323 0.7439 0.0910
v -0.0201 0.7376 0.0674
v -0.0137 0.7282 0.0150
v -0.0223 0.7312 -0.0073
v -0.0217 0.7715 -0.0311
v -0.1720 0.8025 0.0796
v -0.1752 0.7871 0.0803
v -0.0295 0.7562 -0.0268
v -0.0357 0.7379 -0.0254
v -0.0855 0.7355 -0.0456
v -0.0624 0.7271 -0.0358
v -0.0897 0.7493 0.1295
v -0.1386 0.7486 -0.0448
v -0.1122 0.7420 -0.0510
v -0.1815 0.7633 -0.0019
v -0.1633 0.7558 -0.0282
v -0.1860 0.7715 0.0577
v -0.1892 0.7686 0.0291
v -0.1198 0.7587 0.1271
v -0.0598 0.7377 0.1170
v -0.1450 0.7650 0.1176
v -0.1643 0.7688 0.1018
v -0.0364 0.7271 0.0931
v -0.0229 0.7174 0.0667
v -0.0182 0.7094 0.0172
v -0.0271 0.7120 -0.0049
v -0.1784 0.7706 0.0810
v -0.0421 0.7185 -0.0231
v -0.0906 0.7163 -0.0428
v -0.0671 0.7060 -0.0340
v -0.0937 0.7301 0.1314
v -0.1416 0.7293 -0.0406
v -0.1167 0.7236 -0.0467
v -0.1835 0.7433 0.0004
v -0.1655 0.7360 -0.0246
v -0.1895 0.7520 0.0595
v -0.1914 0.7487 0.0315
v -0.1236 0.7397 0.1290
v -0.0639 0.7170 0.1180
v -0.1483 0.7462 0.1186
v -0.1666 0.7498 0.1025
v -0.0415 0.7058 0.0945
v -0.0278 0.6962 0.0680
v -0.0237 0.6887 0.0198
v -0.0324 0.6909 -0.0023
v -0.1802 0.7514 0.0827
v -0.0481 0.6970 -0.0206
v -0.0958 0.6902 -0.0406
v -0.0712 0.6801 -0.0316
v -0.0977 0.7077 0.1327
v -0.1468 0.7048 -0.0356
v -0.1220 0.6983 -0.0433
v -0.1864 0.7190 0.0037
v -0.1692 0.7116 -0.0204
v -0.1908 0.7280 0.0618
v -0.1934 0.7243 0.0344
v -0.1282 0.7185 0.1312
v -0.0683 0.6943 0.1189
v -0.1520 0.7244 0.1194
v -0.1694 0.7282 0.1035
v -0.0466 0.6823 0.0962
v -0.0337 0.6725 0.0700
v -0.0301 0.6651 0.0234
v -0.0382 0.6670 0.0021
v -0.1822 0.7289 0.0847
v -0.0531 0.6720 -0.0175
v -0.1076 0.6302 -0.0364
v -0.0833 0.6218 -0.0266
v -0.1084 0.6539 0.1302
v -0.1589 0.6459 -0.0259
v -0.1352 0.6383 -0.0368
v -0.1888 0.6561 0.0103
v -0.1769 0.6512 -0.0105
v -0.1919 0.6653 0.0602
v -0.1939 0.6608 0.0362
v -0.1365 0.6627 0.1286
v -0.0800 0.6408 0.1187
v -0.1593 0.6691 0.1168
v -0.1751 0.6704 0.1000
v -0.0594 0.6290 0.0987
v -0.0472 0.6191 0.0727
v -0.0436 0.6101 0.0277
v -0.0497 0.6111 0.0085
v -0.1856 0.6687 0.0810
v -0.0625 0.6149 -0.0103
v -0.1157 0.5980 -0.0326
v -0.0927 0.5918 -0.0243
v -0.1152 0.6231 0.1261
v -0.1631 0.6134 -0.0207
v -0.1411 0.6056 -0.0319
v -0.1882 0.6231 0.0132
v -0.1796 0.6181 -0.0051
v -0.1926 0.6309 0.0540
v -0.1925 0.6270 0.0335
v -0.1425 0.6315 0.1238
v -0.0880 0.6111 0.1176
v -0.1645 0.6371 0.1120
v -0.1800 0.6370 0.0950
v -0.0676 0.5990 0.0977
v -0.0552 0.5895 0.0711
v -0.0523 0.5814 0.0258
v -0.0575 0.5822 0.0077
v -0.1879 0.6346 0.0746
v -0.0692 0.5856 -0.0090
v -0.1223 0.5686 -0.0277
v -0.1009 0.5629 -0.0219
v -0.1216 0.5925 0.1202
v -0.1644 0.5815 -0.0157
v -0.1455 0.5743 -0.0263
v -0.1879 0.5908 0.0154
v -0.1799 0.5865 -0.0005
v -0.1896 0.5976 0.0483
v -0.1903 0.5949 0.0315
v -0.1481 0.6002 0.1169
v -0.0965 0.5816 0.1140
v -0.1687 0.6038 0.1049
v -0.1816 0.6031 0.0872
v -0.0760 0.5705 0.0944
v -0.0629 0.5609 0.0698
v -0.0599 0.5535 0.0242
v -0.0648 0.5546 0.0064
v -0.1885 0.6004 0.0664
v -0.0758 0.5583 -0.0088
v -0.1261 0.5452 -0.0251
v -0.1051 0.5404 -0.0204
v -0.1291 0.5653 0.1150
v -0.1651 0.5547 -0.0121
v -0.1481 0.5498 -0.0224
v -0.1879 0.5630 0.0166
v -0.1795 0.5591 0.0014
v -0.1883 0.5701 0.0469
v -0.1901 0.5673 0.0325
v -0.1518 0.5713 0.1091
v -0.1036 0.5557 0.1087
v -0.1705 0.5737 0.0960
v -0.1810 0.5738 0.0803
v -0.0845 0.5450 0.0896
v -0.0727 0.5361 0.0687
v -0.0652 0.5289 0.0238
v -0.0692 0.5311 0.0061
v -0.1861 0.5722 0.0620
v -0.0812 0.5356 -0.0088
v -0.1274 0.5295 -0.0236
v -0.1062 0.5254 -0.0192
v -0.1359 0.5413 0.1106
v -0.1665 0.5354 -0.0097
v -0.1499 0.5334 -0.0205
v -0.1891 0.5405 0.0180
v -0.1800 0.5383 0.0042
v -0.1883 0.5450 0.0469
v -0.1912 0.5432 0.0325
v -0.1545 0.5451 0.1017
v -0.1115 0.5320 0.1063
v -0.1680 0.5462 0.0893
v -0.1766 0.5465 0.0768
v -0.0933 0.5224 0.0883
v -0.0808 0.5144 0.0664
v -0.0691 0.5088 0.0244
v -0.0720 0.5125 0.0070
v -0.1828 0.5458 0.0608
v -0.0820 0.5192 -0.0075
v -0.1287 0.5160 -0.0226
v -0.1083 0.5119 -0.0185
v -0.1401 0.5199 0.1084
v -0.1712 0.5212 -0.0082
v -0.1522 0.5197 -0.0193
v -0.1912 0.5208 0.0196
v -0.1827 0.5203 0.0053
v -0.1868 0.5227 0.0488
v -0.1927 0.5222 0.0353
v -0.1559 0.5209 0.0998
v -0.1176 0.5111 0.1038
v -0.1666 0.5207 0.0858
v -0.1737 0.5212 0.0732
v -0.0992 0.5021 0.0837
v -0.0872 0.4944 0.0608
v -0.0744 0.4913 0.0243
v -0.0760 0.4966 0.0070
v -0.1796 0.5210 0.0610
v -0.0852 0.5047 -0.0074
v -0.1315 0.5012 -0.0219
v -0.1122 0.4975 -0.0185
v -0.1419 0.4966 0.1052
v -0.1738 0.5062 -0.0105
v -0.1541 0.5053 -0.0202
v -0.1937 0.5027 0.0207
v -0.1863 0.5038 0.0045
v -0.1866 0.5017 0.0501
v -0.1937 0.5030 0.0362
v -0.1572 0.4973 0.0975
v -0.1232 0.4900 0.0984
v -0.1675 0.4980 0.0843
v -0.1744 0.4987 0.0739
v -0.1044 0.4826 0.0819
v -0.0918 0.4754 0.0595
v -0.0798 0.4753 0.0225
v -0.0821 0.4822 0.0055
v -0.1797 0.5011 0.0618
v -0.0940 0.4890 -0.0080
v -0.1334 0.4859 -0.0235
v -0.1160 0.4804 -0.0181
v -0.1434 0.4707 0.0963
v -0.1755 0.4902 -0.0148
v -0.1549 0.4890 -0.0230
v -0.1956 0.4851 0.0172
v -0.1887 0.4875 -0.0005
v -0.1893 0.4821 0.0489
v -0.1952 0.4848 0.0360
v -0.1575 0.4730 0.0913
v -0.1258 0.4671 0.0882
v -0.1681 0.4730 0.0827
v -0.1770 0.4757 0.0724
v -0.1095 0.4612 0.0721
v -0.0971 0.4568 0.0544
v -0.0856 0.4591 0.0184
v -0.0885 0.4675 0.0039
v -0.1828 0.4791 0.0612
v -0.1008 0.4747 -0.0102
v -0.1367 0.4685 -0.0299
v -0.1199 0.4604 -0.0254
v -0.1450 0.4468 0.0859
v -0.1776 0.4761 -0.0215
v -0.1569 0.4740 -0.0285
v -0.2003 0.4712 0.0129
v -0.1924 0.4738 -0.0068
v -0.1933 0.4653 0.0477
v -0.1987 0.4689 0.0328
v -0.1584 0.4509 0.0835
v -0.1290 0.4419 0.0747
v -0.1709 0.4539 0.0810
v -0.1808 0.4575 0.0706
v -0.1141 0.4382 0.0627
v -0.1017 0.4359 0.0453
v -0.0927 0.4393 0.0112
v -0.0970 0.4445 -0.0022
v -0.1865 0.4611 0.0605
v -0.1071 0.4532 -0.0159
v -0.1399 0.4430 -0.0380
v -0.1236 0.4343 -0.0333
v -0.1460 0.4262 0.0759
v -0.1785 0.4557 -0.0300
v -0.1584 0.4514 -0.0368
v -0.2052 0.4541 0.0068
v -0.1965 0.4557 -0.0147
v -0.1986 0.4477 0.0449
v -0.2037 0.4516 0.0271
v -0.1590 0.4317 0.0774
v -0.1326 0.4204 0.0701
v -0.1713 0.4358 0.0752
v -0.1830 0.4399 0.0673
v -0.1184 0.4161 0.0573
v -0.1079 0.4139 0.0433
v -0.0974 0.4137 0.0098
v -0.1006 0.4183 -0.0059
v -0.1906 0.4429 0.0587
v -0.1103 0.4262 -0.0208
v -0.1417 0.4201 -0.0449
v -0.1249 0.4102 -0.0380
v -0.1472 0.4019 0.0727
v -0.1813 0.4358 -0.0376
v -0.1600 0.4292 -0.0451
v -0.2098 0.4368 -0.0007
v -0.1991 0.4368 -0.0230
v -0.2046 0.4295 0.0415
v -0.2095 0.4336 0.0218
v -0.1603 0.4095 0.0744
v -0.1335 0.3953 0.0663
v -0.1727 0.4155 0.0717
v -0.1858 0.4211 0.0650
v -0.1197 0.3911 0.0549
v -0.1099 0.3897 0.0413
v -0.0992 0.3874 0.0062
v -0.1030 0.3923 -0.0093
v -0.1949 0.4248 0.0568
v -0.1128 0.4009 -0.0246
v -0.1437 0.3941 -0.0505
v -0.1270 0.3837 -0.0420
v -0.1478 0.3720 0.0706
v -0.1844 0.4119 -0.0440
v -0.1628 0.4053 -0.0511
v -0.2150 0.4137 -0.0080
v -0.2026 0.4132 -0.0300
v -0.2115 0.4060 0.0386
v -0.2170 0.4106 0.0161
v -0.1611 0.3805 0.0735
v -0.1341 0.3660 0.0641
v -0.1745 0.3883 0.0719
v -0.1892 0.3962 0.0657
v -0.1218 0.3636 0.0538
v -0.1095 0.3603 0.0400
v -0.0999 0.3606 0.0049
v -0.1046 0.3648 -0.0118
v -0.2017 0.4026 0.0562
v -0.1148 0.3730 -0.0270
v -0.1468 0.3590 -0.0539
v -0.1294 0.3476 -0.0432
v -0.1477 0.3376 0.0686
v -0.1878 0.3775 -0.0491
v -0.1674 0.3694 -0.0546
v -0.2195 0.3794 -0.0174
v -0.2066 0.3792 -0.0353
v -0.2189 0.3707 0.0351
v -0.2253 0.3768 0.0109
v -0.1604 0.3444 0.0722
v -0.1342 0.3337 0.0624
v -0.1750 0.3524 0.0722
v -0.1915 0.3605 0.0673
v -0.1225 0.3322 0.0531
v -0.1089 0.3280 0.0392
v -0.1010 0.3271 0.0041
v -0.1068 0.3315 -0.0143
v -0.2081 0.3672 0.0545
v -0.1184 0.3377 -0.0284
v -0.1523 0.3154 -0.0526
v -0.1348 0.3065 -0.0422
v -0.1498 0.2972 0.0664
v -0.1930 0.3284 -0.0512
v -0.1727 0.3229 -0.0548
v -0.2251 0.3286 -0.0203
v -0.2093 0.3277 -0.0384
v -0.2250 0.3226 0.0350
v -0.2321 0.3269 0.0091
v -0.1625 0.3023 0.0702
v -0.1361 0.2942 0.0608
v -0.1765 0.3091 0.0717
v -0.1944 0.3153 0.0684
v -0.1258 0.2906 0.0531
v -0.1137 0.2885 0.0409
v -0.1066 0.2887 0.0057
v -0.1128 0.2908 -0.0149
v -0.2119 0.3196 0.0548
v -0.1247 0.2980 -0.0299
v -0.1587 0.2657 -0.0455
v -0.1437 0.2607 -0.0374
v -0.1539 0.2494 0.0662
v -0.1954 0.2735 -0.0465
v -0.1760 0.2698 -0.0487
v -0.2266 0.2701 -0.0160
v -0.2111 0.2721 -0.0344
v -0.2267 0.2655 0.0377
v -0.2332 0.2692 0.0115
v -0.1662 0.2531 0.0700
v -0.1418 0.2462 0.0607
v -0.1794 0.2566 0.0711
v -0.1968 0.2606 0.0685
v -0.1323 0.2449 0.0525
v -0.1226 0.2428 0.0423
v -0.1156 0.2479 0.0074
v -0.1230 0.2490 -0.0133
v -0.2133 0.2633 0.0569
v -0.1336 0.2545 -0.0267
v -0.1659 0.2056 -0.0369
v -0.1517 0.2035 -0.0295
v -0.1612 0.1989 0.0685
v -0.1977 0.2134 -0.0368
v -0.1816 0.2100 -0.0388
v -0.2254 0.2106 -0.0051
v -0.2138 0.2127 -0.0222
v -0.2265 0.2086 0.0391
v -0.2296 0.2109 0.0170
v -0.1717 0.2006 0.0715
v -0.1503 0.1974 0.0634
v -0.1839 0.2031 0.0722
v -0.1989 0.2057 0.0689
v -0.1414 0.1959 0.0555
v -0.1334 0.1950 0.0438
v -0.1279 0.1974 0.0102
v -0.1360 0.1969 -0.0073
v -0.2148 0.2067 0.0580
v -0.1434 0.2016 -0.0187
v -0.2265 0.1205 0.0277
v -0.2218 0.1197 0.0108
v -0.2256 0.0959 0.0132
v -0.2300 0.0946 0.0316
v -0.2287 0.0767 0.0329
v -0.1700 0.1571 -0.0290
v -0.1579 0.1567 -0.0224
v -0.1686 0.1562 0.0712
v -0.2001 0.1584 -0.0216
v -0.1854 0.1579 -0.0284
v -0.2192 0.1600 0.0037
v -0.2119 0.1597 -0.0104
v -0.2132 0.1570 0.0561
v -0.2211 0.1583 0.0405
v -0.1789 0.1567 0.0721
v -0.1579 0.1548 0.0675
v -0.1893 0.1566 0.0707
v -0.1491 0.1540 0.0606
v -0.1417 0.1528 0.0498
v -0.1373 0.1514 0.0170
v -0.1420 0.1533 -0.0001
v -0.2016 0.1572 0.0657
v -0.1496 0.1552 -0.0124
v -0.1762 0.1176 -0.0264
v -0.1615 0.1194 -0.0191
v -0.1747 0.1238 0.0799
v -0.2034 0.1190 -0.0138
v -0.1914 0.1179 -0.0206
v -0.2146 0.1203 -0.0030
v -0.2187 0.1212 0.0616
v -0.2265 0.1206 0.0462
v -0.1852 0.1239 0.0805
v -0.1640 0.1233 0.0764
v -0.1965 0.1233 0.0785
v -0.1536 0.1226 0.0691
v -0.1451 0.1220 0.0579
v -0.1385 0.1222 0.0248
v -0.1426 0.1208 0.0076
v -0.2077 0.1230 0.0726
v -0.1501 0.1209 -0.0079
v -0.1792 0.0998 0.0871
v -0.2216 0.0940 0.0667
v -0.2291 0.0940 0.0496
v -0.1893 0.0991 0.0869
v -0.1688 0.1004 0.0848
v -0.1998 0.0978 0.0839
v -0.1577 0.1007 0.0786
v -0.2108 0.0961 0.0775
v -0.2260 0.0784 0.0148
v -0.1383 0.1009 0.0310
v -0.0044 0.7773 0.0344
v -0.1478 0.1005 0.0675
v -0.2186 0.0958 -0.0005
v -0.1946 0.0960 -0.0174
v -0.1642 0.0982 -0.0183
v -0.1502 0.0983 -0.0047
v -0.1795 0.0971 -0.0250
v -0.1419 0.1003 0.0127
v -0.2071 0.0947 -0.0105
v -0.2098 0.0755 0.0790
v -0.1731 0.0799 0.0896
v -0.2261 0.0737 0.0528
v -0.1417 0.0839 0.0168
v -0.1819 0.0832 -0.0254
v -0.2187 0.0779 0.0008
v -0.2080 0.0782 -0.0092
v -0.1966 0.0806 -0.0182
v -0.1641 0.0830 -0.0157
v -0.1514 0.0817 0.0759
v -0.1626 0.0810 0.0857
v -0.1391 0.0842 0.0379
v -0.1821 0.0783 0.0904
v -0.1909 0.0775 0.0892
v -0.2000 0.0768 0.0858
v -0.1503 0.0835 -0.0020
v -0.2189 0.0738 0.0690
v -0.0027 0.7779 0.0313
v -0.0063 0.7726 0.0374
v -0.0072 0.7610 0.0391
v -0.0102 0.7479 0.0417
v -0.0134 0.7308 0.0421
v -0.0176 0.7114 0.0419
v -0.0222 0.6904 0.0430
v -0.0286 0.6671 0.0454
v -0.0425 0.6128 0.0489
v -0.0514 0.5838 0.0472
v -0.0589 0.5557 0.0457
v -0.0662 0.5305 0.0454
v -0.0726 0.5096 0.0449
v -0.0781 0.4907 0.0437
v -0.0836 0.4733 0.0412
v -0.0885 0.4562 0.0363
v -0.0948 0.4364 0.0278
v -0.1001 0.4134 0.0260
v -0.1011 0.3894 0.0240
v -0.1014 0.3609 0.0229
v -0.1019 0.3270 0.0223
v -0.1068 0.2884 0.0235
v -0.1154 0.2459 0.0255
v -0.1282 0.1953 0.0285
v -0.2224 0.1596 0.0223
v -0.1373 0.1520 0.0350
v -0.1397 0.1223 0.0425
v 0.0001 0.7779 0.0301
v -0.1405 0.1009 0.0503
v -0.1424 0.0840 0.0580
v -0.0738 0.6689 0.1195
v -0.0527 0.6569 0.0984
v -0.0402 0.6474 0.0720
v -0.0353 0.6415 0.0478
v -0.0363 0.6390 0.0267
v -0.0438 0.6405 0.0064
v -0.0577 0.6446 -0.0130
v -0.0770 0.6519 -0.0291
v -0.1011 0.6618 -0.0390
v -0.1284 0.6697 -0.0404
v -0.1527 0.6770 -0.0307
v -0.1736 0.6832 -0.0154
v -0.1888 0.6901 0.0074
v -0.1946 0.6947 0.0361
v -0.1921 0.6986 0.0629
v -0.1840 0.7005 0.0844
v -0.1721 0.7000 0.1027
v -0.1560 0.6975 0.1194
v -0.1316 0.6910 0.1311
v -0.1024 0.6826 0.1332
v 0.1161 0.9474 -0.0441
v 0.0821 0.9245 -0.0786
v 0.0657 0.9255 -0.0820
v 0.0507 0.9267 -0.0830
v 0.0364 0.9267 -0.0830
v 0.0223 0.9267 -0.0835
v 0.0077 0.9257 -0.0795
v 0.0985 0.9475 -0.0562
v 0.1180 0.9260 -0.0531
v 0.0994 0.9241 -0.0702
v 0.0800 0.8955 -0.0906
v 0.0617 0.8956 -0.0944
v 0.0458 0.8968 -0.0953
v 0.0304 0.8962 -0.0955
v 0.0144 0.8956 -0.0913
v 0.0007 0.8939 -0.0830
v 0.1226 0.8984 -0.0638
v 0.0807 0.8626 -0.0980
v 0.0596 0.8626 -0.1010
v 0.0401 0.8643 -0.1008
v 0.0239 0.8658 -0.0975
v 0.0091 0.8668 -0.0898
v -0.0019 0.8673 -0.0802
v 0.1001 0.8958 -0.0814
v 0.1279 0.8699 -0.0678
v 0.0809 0.8332 -0.0967
v 0.0569 0.8335 -0.0987
v 0.0357 0.8358 -0.0976
v 0.0198 0.8385 -0.0932
v 0.0069 0.8401 -0.0856
v -0.0023 0.8427 -0.0760
v 0.1042 0.8647 -0.0879
v 0.1320 0.8425 -0.0686
v 0.0799 0.8077 -0.0891
v 0.0546 0.8087 -0.0895
v 0.0327 0.8114 -0.0857
v 0.0183 0.8157 -0.0807
v 0.0066 0.8190 -0.0751
v -0.0018 0.8237 -0.0676
v 0.1064 0.8369 -0.0878
v 0.1360 0.8176 -0.0641
v 0.0794 0.7854 -0.0765
v 0.0525 0.7876 -0.0743
v 0.0308 0.7950 -0.0682
v 0.0178 0.8002 -0.0652
v 0.0072 0.8037 -0.0609
v -0.0001 0.8088 -0.0560
v 0.1082 0.8111 -0.0816
v 0.1370 0.7960 -0.0582
v 0.0782 0.7677 -0.0601
v 0.0520 0.7686 -0.0494
v 0.0279 0.7804 -0.0489
v 0.0175 0.7867 -0.0466
v 0.0093 0.7919 -0.0448
v 0.0030 0.7987 -0.0448
v 0.1083 0.7884 -0.0721
v 0.1368 0.7799 -0.0531
v 0.0817 0.7511 -0.0493
v 0.0568 0.7466 -0.0381
v 0.0148 0.7803 -0.0308
v 0.0085 0.7853 -0.0307
v 0.0036 0.7902 -0.0287
v 0.1075 0.7725 -0.0628
v 0.1469 0.9497 0.0010
v 0.1337 0.9484 -0.0244
v 0.1499 0.9496 0.0506
v 0.1521 0.9502 0.0270
v 0.1425 0.9482 0.0717
v 0.1308 0.9462 0.0913
v 0.1488 0.9272 -0.0006
v 0.1362 0.9254 -0.0299
v 0.1540 0.9253 0.0496
v 0.1542 0.9272 0.0267
v 0.1479 0.9221 0.0706
v 0.1376 0.9189 0.0911
v 0.1524 0.9022 -0.0049
v 0.1420 0.8996 -0.0358
v 0.1602 0.8989 0.0496
v 0.1597 0.9017 0.0244
v 0.1534 0.8962 0.0724
v 0.1425 0.8933 0.0931
v 0.1595 0.8785 -0.0078
v 0.1479 0.8739 -0.0419
v 0.1650 0.8755 0.0511
v 0.1660 0.8779 0.0242
v 0.1601 0.8720 0.0746
v 0.1471 0.8685 0.0951
v 0.1667 0.8545 -0.0095
v 0.1531 0.8479 -0.0411
v 0.1693 0.8547 0.0518
v 0.1720 0.8556 0.0235
v 0.1625 0.8518 0.0759
v 0.1495 0.8490 0.0955
v 0.1720 0.8330 -0.0083
v 0.1574 0.8248 -0.0391
v 0.1737 0.8362 0.0541
v 0.1775 0.8358 0.0255
v 0.1659 0.8347 0.0776
v 0.1525 0.8324 0.0968
v 0.1763 0.8120 -0.0053
v 0.1596 0.8041 -0.0353
v 0.1772 0.8183 0.0552
v 0.1814 0.8163 0.0273
v 0.1690 0.8179 0.0790
v 0.1554 0.8164 0.0983
v 0.1787 0.7945 -0.0037
v 0.1611 0.7873 -0.0324
v 0.1805 0.8018 0.0550
v 0.1846 0.7994 0.0279
v 0.0859 0.7677 0.1274
v 0.0822 0.7844 0.1260
v 0.1150 0.9435 0.1080
v 0.0389 0.9259 0.1338
v 0.0582 0.9297 0.1315
v 0.0965 0.9398 0.1197
v 0.0773 0.9348 0.1270
v 0.1213 0.9159 0.1095
v 0.0412 0.8902 0.1298
v 0.0593 0.8954 0.1260
v 0.0986 0.9109 0.1188
v 0.0766 0.9031 0.1226
v 0.1251 0.8910 0.1096
v 0.0422 0.8658 0.1272
v 0.0609 0.8709 0.1231
v 0.0985 0.8854 0.1169
v 0.0765 0.8776 0.1187
v 0.1276 0.8653 0.1104
v 0.0397 0.8439 0.1209
v 0.0574 0.8501 0.1191
v 0.1018 0.8613 0.1199
v 0.0787 0.8556 0.1197
v 0.1296 0.8455 0.1102
v 0.0350 0.8234 0.1094
v 0.0530 0.8291 0.1133
v 0.1043 0.8409 0.1206
v 0.0778 0.8346 0.1214
v 0.1327 0.8291 0.1113
v 0.0277 0.8059 0.0949
v 0.0451 0.8052 0.1094
v 0.1065 0.8234 0.1212
v 0.0771 0.8159 0.1221
v 0.1357 0.8135 0.1132
v 0.0499 0.7894 0.1119
v 0.1094 0.8078 0.1224
v 0.0791 0.7998 0.1241
v 0.0194 0.9236 0.1345
v 0.0219 0.8868 0.1325
v 0.0221 0.8639 0.1286
v 0.0209 0.8421 0.1232
v 0.0183 0.8215 0.1117
v 0.0165 0.8011 0.0980
v 0.0137 0.7854 0.0743
v 0.0097 0.7788 0.0543
v -0.0004 0.7783 0.0077
v 0.0033 0.7857 -0.0152
v 0.0183 0.7908 0.0766
v 0.0111 0.7830 0.0550
v 0.0013 0.7761 0.0094
v 0.0059 0.7816 -0.0147
v 0.0227 0.7882 0.0850
v 0.0126 0.7798 0.0606
v 0.0041 0.7686 0.0122
v 0.0101 0.7744 -0.0134
v 0.0122 0.9513 -0.0648
v 0.0823 0.9484 -0.0626
v 0.0673 0.9496 -0.0654
v 0.0533 0.9507 -0.0665
v 0.0396 0.9514 -0.0668
v 0.0258 0.9516 -0.0661
v 0.1375 0.7643 -0.0486
v 0.1102 0.7567 -0.0550
v 0.1803 0.7793 -0.0028
v 0.1620 0.7719 -0.0301
v 0.1836 0.7867 0.0556
v 0.1871 0.7844 0.0283
v 0.1129 0.7923 0.1241
v 0.0536 0.7740 0.1149
v 0.1389 0.7982 0.1153
v 0.1581 0.8011 0.0997
v 0.0266 0.7758 0.0880
v 0.0151 0.7683 0.0649
v 0.0077 0.7577 0.0143
v 0.0146 0.7623 -0.0114
v 0.1163 0.7761 0.1256
v 0.0569 0.7557 0.1172
v 0.1419 0.7821 0.1165
v 0.1614 0.7856 0.1011
v 0.0291 0.7615 0.0884
v 0.0182 0.7544 0.0671
v 0.0107 0.7438 0.0147
v 0.0184 0.7472 -0.0093
v 0.0325 0.7439 0.0910
v 0.0202 0.7376 0.0674
v 0.0139 0.7282 0.0150
v 0.0224 0.7312 -0.0073
v 0.0219 0.7715 -0.0311
v 0.1721 0.8025 0.0796
v 0.1754 0.7871 0.0803
v 0.0296 0.7562 -0.0268
v 0.0358 0.7379 -0.0254
v 0.0856 0.7355 -0.0456
v 0.0625 0.7271 -0.0358
v 0.0898 0.7493 0.1295
v 0.1387 0.7486 -0.0448
v 0.1123 0.7420 -0.0510
v 0.1816 0.7633 -0.0019
v 0.1634 0.7558 -0.0282
v 0.1862 0.7715 0.0577
v 0.1893 0.7686 0.0291
v 0.1200 0.7587 0.1271
v 0.0599 0.7377 0.1170
v 0.1451 0.7650 0.1176
v 0.1644 0.7688 0.1018
v 0.0365 0.7271 0.0931
v 0.0230 0.7174 0.0667
v 0.0184 0.7094 0.0172
v 0.0272 0.7120 -0.0049
v 0.1785 0.7706 0.0810
v 0.0422 0.7185 -0.0231
v 0.0907 0.7163 -0.0428
v 0.0673 0.7060 -0.0340
v 0.0939 0.7301 0.1314
v 0.1418 0.7293 -0.0406
v 0.1168 0.7236 -0.0467
v 0.1836 0.7433 0.0004
v 0.1656 0.7360 -0.0246
v 0.1896 0.7520 0.0595
v 0.1916 0.7487 0.0315
v 0.1238 0.7397 0.1290
v 0.0640 0.7170 0.1180
v 0.1484 0.7462 0.1186
v 0.1667 0.7498 0.1025
v 0.0416 0.7058 0.0945
v 0.0279 0.6962 0.0680
v 0.0238 0.6887 0.0198
v 0.0325 0.6909 -0.0023
v 0.1804 0.7514 0.0827
v 0.0482 0.6970 -0.0206
v 0.0959 0.6902 -0.0406
v 0.0713 0.6801 -0.0316
v 0.0978 0.7077 0.1327
v 0.1470 0.7048 -0.0356
v 0.1221 0.6983 -0.0433
v 0.1865 0.7190 0.0037
v 0.1694 0.7116 -0.0204
v 0.1909 0.7280 0.0618
v 0.1935 0.7243 0.0344
v 0.1284 0.7185 0.1312
v 0.0685 0.6943 0.1189
v 0.1521 0.7244 0.1194
v 0.1696 0.7282 0.1035
v 0.0467 0.6823 0.0962
v 0.0339 0.6725 0.0700
v 0.0302 0.6651 0.0234
v 0.0383 0.6670 0.0021
v 0.1824 0.7289 0.0847
v 0.0532 0.6720 -0.0175
v 0.1077 0.6302 -0.0364
v 0.0835 0.6218 -0.0266
v 0.1085 0.6539 0.1302
v 0.1590 0.6459 -0.0259
v 0.1353 0.6383 -0.0368
v 0.1889 0.6561 0.0103
v 0.1771 0.6512 -0.0105
v 0.1920 0.6653 0.0602
v 0.1941 0.6608 0.0362
v 0.1366 0.6627 0.1286
v 0.0801 0.6408 0.1187
v 0.1594 0.6691 0.1168
v 0.1752 0.6704 0.1000
v 0.0595 0.6290 0.0987
v 0.0473 0.6191 0.0727
v 0.0437 0.6101 0.0277
v 0.0498 0.6111 0.0085
v 0.1857 0.6687 0.0810
v 0.0626 0.6149 -0.0103
v 0.1159 0.5980 -0.0326
v 0.0928 0.5918 -0.0243
v 0.1153 0.6231 0.1261
v 0.1632 0.6134 -0.0207
v 0.1412 0.6056 -0.0319
v 0.1883 0.6231 0.0132
v 0.1797 0.6181 -0.0051
v 0.1928 0.6309 0.0540
v 0.1926 0.6270 0.0335
v 0.1426 0.6315 0.1238
v 0.0881 0.6111 0.1176
v 0.1646 0.6371 0.1120
v 0.1801 0.6370 0.0950
v 0.0678 0.5990 0.0977
v 0.0553 0.5895 0.0711
v 0.0524 0.5814 0.0258
v 0.0577 0.5822 0.0077
v 0.1880 0.6346 0.0746
v 0.0693 0.5856 -0.0090
v 0.1224 0.5686 -0.0277
v 0.1010 0.5629 -0.0219
v 0.1217 0.5925 0.1202
v 0.1645 0.5815 -0.0157
v 0.1456 0.5743 -0.0263
v 0.1881 0.5908 0.0154
v 0.1800 0.5865 -0.0005
v 0.1897 0.5976 0.0483
v 0.1905 0.5949 0.0315
v 0.1482 0.6002 0.1169
v 0.0966 0.5816 0.1140
v 0.1689 0.6038 0.1049
v 0.1817 0.6030 0.0872
v 0.0761 0.5705 0.0944
v 0.0631 0.5609 0.0698
v 0.0600 0.5535 0.0242
v 0.0649 0.5546 0.0064
v 0.1886 0.6004 0.0664
v 0.0759 0.5583 -0.0088
v 0.1262 0.5452 -0.0251
v 0.1052 0.5404 -0.0204
v 0.1292 0.5653 0.1150
v 0.1652 0.5547 -0.0121
v 0.1482 0.5498 -0.0224
v 0.1880 0.5630 0.0166
v 0.1796 0.5591 0.0014
v 0.1884 0.5701 0.0469
v 0.1902 0.5673 0.0325
v 0.1520 0.5713 0.1091
v 0.1038 0.5557 0.1087
v 0.1706 0.5737 0.0960
v 0.1811 0.5738 0.0803
v 0.0846 0.5450 0.0896
v 0.0728 0.5361 0.0687
v 0.0653 0.5289 0.0238
v 0.0693 0.5311 0.0061
v 0.1863 0.5722 0.0620
v 0.0813 0.5356 -0.0088
v 0.1275 0.5295 -0.0236
v 0.1063 0.5254 -0.0192
v 0.1360 0.5413 0.1106
v 0.1667 0.5354 -0.0097
v 0.1500 0.5334 -0.0205
v 0.1892 0.5405 0.0180
v 0.1801 0.5383 0.0042
v 0.1884 0.5450 0.0469
v 0.1913 0.5432 0.0325
v 0.1546 0.5451 0.1017
v 0.1116 0.5320 0.1063
v 0.1681 0.5462 0.0893
v 0.1767 0.5465 0.0768
v 0.0934 0.5224 0.0883
v 0.0809 0.5144 0.0664
v 0.0693 0.5088 0.0244
v 0.0721 0.5125 0.0070
v 0.1830 0.5458 0.0608
v 0.0821 0.5192 -0.0075
v 0.1288 0.5160 -0.0226
v 0.1084 0.5119 -0.0185
v 0.1402 0.5199 0.1084
v 0.1713 0.5212 -0.0082
v 0.1523 0.5197 -0.0193
v 0.1914 0.5208 0.0196
v 0.1828 0.5203 0.0053
v 0.1869 0.5227 0.0488
v 0.1928 0.5222 0.0353
v 0.1560 0.5209 0.0998
v 0.1178 0.5111 0.1038
v 0.1667 0.5207 0.0858
v 0.1738 0.5212 0.0732
v 0.0993 0.5021 0.0837
v 0.0873 0.4944 0.0608
v 0.0745 0.4913 0.0243
v 0.0761 0.4966 0.0070
v 0.1797 0.5210 0.0610
v 0.0853 0.5047 -0.0074
v 0.1316 0.5012 -0.0219
v 0.1123 0.4975 -0.0185
v 0.1421 0.4966 0.1052
v 0.1740 0.5062 -0.0105
v 0.1542 0.5053 -0.0202
v 0.1938 0.5027 0.0207
v 0.1864 0.5038 0.0045
v 0.1867 0.5017 0.0501
v 0.1938 0.5030 0.0362
v 0.1573 0.4973 0.0975
v 0.1233 0.4900 0.0984
v 0.1677 0.4980 0.0843
v 0.1746 0.4987 0.0739
v 0.1045 0.4826 0.0819
v 0.0919 0.4754 0.0595
v 0.0799 0.4753 0.0225
v 0.0822 0.4822 0.0055
v 0.1798 0.5011 0.0618
v 0.0941 0.4890 -0.0080
v 0.1335 0.4859 -0.0235
v 0.1161 0.4804 -0.0181
v 0.1435 0.4707 0.0963
v 0.1757 0.4902 -0.0148
v 0.1550 0.4890 -0.0230
v 0.1957 0.4851 0.0172
v 0.1888 0.4875 -0.0005
v 0.1895 0.4821 0.0489
v 0.1953 0.4848 0.0360
v 0.1577 0.4730 0.0913
v 0.1259 0.4671 0.0882
v 0.1683 0.4730 0.0827
v 0.1772 0.4757 0.0724
v 0.1096 0.4612 0.0721
v 0.0973 0.4568 0.0544
v 0.0857 0.4591 0.0184
v 0.0887 0.4675 0.0039
v 0.1829 0.4791 0.0612
v 0.1009 0.4747 -0.0102
v 0.1368 0.4685 -0.0299
v 0.1200 0.4604 -0.0254
v 0.1451 0.4468 0.0859
v 0.1777 0.4761 -0.0215
v 0.1570 0.4740 -0.0285
v 0.2004 0.4712 0.0129
v 0.1925 0.4738 -0.0068
v 0.1935 0.4653 0.0477
v 0.1988 0.4689 0.0328
v 0.1585 0.4509 0.0835
v 0.1291 0.4419 0.0747
v 0.1711 0.4539 0.0810
v 0.1810 0.4575 0.0706
v 0.1142 0.4382 0.0627
v 0.1018 0.4359 0.0453
v 0.0928 0.4393 0.0112
v 0.0971 0.4445 -0.0022
v 0.1866 0.4611 0.0605
v 0.1072 0.4532 -0.0159
v 0.1400 0.4430 -0.0380
v 0.1237 0.4343 -0.0333
v 0.1462 0.4262 0.0759
v 0.1786 0.4557 -0.0300
v 0.1585 0.4514 -0.0368
v 0.2053 0.4541 0.0068
v 0.1966 0.4557 -0.0147
v 0.1988 0.4477 0.0449
v 0.2039 0.4516 0.0271
v 0.1592 0.4317 0.0774
v 0.1327 0.4204 0.0701
v 0.1715 0.4358 0.0752
v 0.1832 0.4399 0.0673
v 0.1186 0.4161 0.0573
v 0.1080 0.4139 0.0433
v 0.0975 0.4137 0.0098
v 0.1007 0.4183 -0.0059
v 0.1907 0.4429 0.0587
v 0.1104 0.4262 -0.0208
v 0.1418 0.4201 -0.0449
v 0.1250 0.4102 -0.0380
v 0.1473 0.4019 0.0727
v 0.1814 0.4358 -0.0376
v 0.1601 0.4292 -0.0451
v 0.2100 0.4368 -0.0007
v 0.1992 0.4368 -0.0230
v 0.2047 0.4295 0.0415
v 0.2096 0.4336 0.0218
v 0.1605 0.4095 0.0744
v 0.1336 0.3953 0.0663
v 0.1728 0.4155 0.0717
v 0.1860 0.4211 0.0650
v 0.1199 0.3911 0.0549
v 0.1101 0.3897 0.0412
v 0.0994 0.3874 0.0062
v 0.1032 0.3923 -0.0093
v 0.1950 0.4248 0.0568
v 0.1129 0.4009 -0.0246
v 0.1438 0.3941 -0.0505
v 0.1271 0.3837 -0.0420
v 0.1479 0.3720 0.0706
v 0.1846 0.4119 -0.0440
v 0.1629 0.4053 -0.0511
v 0.2152 0.4137 -0.0080
v 0.2027 0.4132 -0.0300
v 0.2116 0.4060 0.0386
v 0.2171 0.4106 0.0161
v 0.1612 0.3805 0.0736
v 0.1342 0.3660 0.0641
v 0.1746 0.3883 0.0720
v 0.1893 0.3962 0.0657
v 0.1220 0.3636 0.0538
v 0.1097 0.3603 0.0399
v 0.1001 0.3606 0.0049
v 0.1048 0.3648 -0.0118
v 0.2019 0.4026 0.0562
v 0.1149 0.3730 -0.0270
v 0.1469 0.3590 -0.0539
v 0.1295 0.3476 -0.0432
v 0.1478 0.3376 0.0687
v 0.1880 0.3775 -0.0491
v 0.1675 0.3694 -0.0546
v 0.2197 0.3794 -0.0174
v 0.2067 0.3792 -0.0353
v 0.2190 0.3707 0.0351
v 0.2255 0.3768 0.0109
v 0.1606 0.3444 0.0723
v 0.1343 0.3337 0.0624
v 0.1752 0.3524 0.0723
v 0.1916 0.3605 0.0674
v 0.1227 0.3322 0.0531
v 0.1092 0.3280 0.0392
v 0.1012 0.3271 0.0041
v 0.1070 0.3315 -0.0142
v 0.2083 0.3672 0.0545
v 0.1186 0.3377 -0.0284
v 0.1525 0.3154 -0.0526
v 0.1350 0.3065 -0.0422
v 0.1499 0.2972 0.0664
v 0.1931 0.3284 -0.0512
v 0.1728 0.3229 -0.0548
v 0.2252 0.3286 -0.0203
v 0.2094 0.3277 -0.0384
v 0.2251 0.3226 0.0350
v 0.2323 0.3269 0.0092
v 0.1626 0.3023 0.0703
v 0.1363 0.2942 0.0608
v 0.1766 0.3091 0.0718
v 0.1946 0.3153 0.0684
v 0.1260 0.2906 0.0531
v 0.1139 0.2885 0.0409
v 0.1068 0.2887 0.0057
v 0.1130 0.2908 -0.0149
v 0.2120 0.3196 0.0548
v 0.1248 0.2980 -0.0299
v 0.1588 0.2657 -0.0454
v 0.1438 0.2607 -0.0374
v 0.1540 0.2494 0.0661
v 0.1955 0.2735 -0.0464
v 0.1761 0.2698 -0.0486
v 0.2267 0.2700 -0.0160
v 0.2111 0.2721 -0.0344
v 0.2268 0.2654 0.0378
v 0.2334 0.2692 0.0115
v 0.1663 0.2531 0.0699
v 0.1420 0.2462 0.0606
v 0.1795 0.2566 0.0711
v 0.1969 0.2606 0.0685
v 0.1326 0.2449 0.0523
v 0.1229 0.2428 0.0422
v 0.1159 0.2479 0.0074
v 0.1232 0.2490 -0.0132
v 0.2135 0.2633 0.0569
v 0.1337 0.2545 -0.0267
v 0.1661 0.2057 -0.0368
v 0.1519 0.2036 -0.0294
v 0.1613 0.1990 0.0684
v 0.1978 0.2134 -0.0367
v 0.1817 0.2100 -0.0387
v 0.2255 0.2105 -0.0051
v 0.2139 0.2127 -0.0222
v 0.2268 0.2086 0.0392
v 0.2298 0.2109 0.0170
v 0.1718 0.2006 0.0715
v 0.1505 0.1975 0.0632
v 0.1840 0.2031 0.0723
v 0.1991 0.2056 0.0691
v 0.1417 0.1960 0.0552
v 0.1338 0.1951 0.0436
v 0.1282 0.1975 0.0102
v 0.1362 0.1970 -0.0072
v 0.2150 0.2067 0.0581
v 0.1436 0.2017 -0.0186
v 0.2272 0.1205 0.0278
v 0.2224 0.1196 0.0107
v 0.2263 0.0957 0.0131
v 0.2308 0.0944 0.0317
v 0.2294 0.0765 0.0331
v 0.1701 0.1571 -0.0290
v 0.1580 0.1567 -0.0224
v 0.1686 0.1562 0.0712
v 0.2002 0.1584 -0.0216
v 0.1855 0.1579 -0.0284
v 0.2194 0.1599 0.0037
v 0.2121 0.1596 -0.0104
v 0.2136 0.1570 0.0564
v 0.2215 0.1582 0.0407
v 0.1789 0.1567 0.0723
v 0.1580 0.1548 0.0673
v 0.1894 0.1565 0.0710
v 0.1494 0.1540 0.0603
v 0.1421 0.1529 0.0496
v 0.1377 0.1516 0.0169
v 0.1423 0.1534 -0.0001
v 0.2019 0.1572 0.0660
v 0.1498 0.1553 -0.0124
v 0.1763 0.1176 -0.0266
v 0.1616 0.1195 -0.0192
v 0.1747 0.1237 0.0796
v 0.2036 0.1189 -0.0139
v 0.1916 0.1179 -0.0207
v 0.2149 0.1202 -0.0031
v 0.2192 0.1212 0.0622
v 0.2273 0.1206 0.0466
v 0.1852 0.1238 0.0805
v 0.1641 0.1232 0.0760
v 0.1965 0.1233 0.0788
v 0.1540 0.1226 0.0686
v 0.1456 0.1220 0.0575
v 0.1390 0.1223 0.0248
v 0.1429 0.1209 0.0076
v 0.2079 0.1230 0.0730
v 0.1503 0.1210 -0.0079
v 0.1792 0.0997 0.0868
v 0.2220 0.0939 0.0673
v 0.2298 0.0939 0.0501
v 0.1892 0.0990 0.0868
v 0.1689 0.1003 0.0843
v 0.1998 0.0977 0.0841
v 0.1580 0.1007 0.0780
v 0.2110 0.0959 0.0780
v 0.2266 0.0783 0.0147
v 0.1390 0.1010 0.0309
v 0.0045 0.7773 0.0344
v 0.1484 0.1005 0.0669
v 0.2190 0.0957 -0.0006
v 0.1947 0.0959 -0.0175
v 0.1643 0.0982 -0.0184
v 0.1505 0.0984 -0.0048
v 0.1797 0.0970 -0.0251
v 0.1423 0.1004 0.0126
v 0.2073 0.0946 -0.0106
v 0.2099 0.0753 0.0794
v 0.1731 0.0798 0.0893
v 0.2267 0.0735 0.0532
v 0.1422 0.0841 0.0168
v 0.1820 0.0832 -0.0254
v 0.2191 0.0778 0.0007
v 0.2083 0.0781 -0.0093
v 0.1968 0.0806 -0.0183
v 0.1643 0.0831 -0.0157
v 0.1518 0.0818 0.0754
v 0.1628 0.0811 0.0852
v 0.1398 0.0843 0.0377
v 0.1821 0.0782 0.0902
v 0.1908 0.0774 0.0892
v 0.2000 0.0767 0.0860
v 0.1506 0.0836 -0.0020
v 0.2193 0.0736 0.0694
v 0.0028 0.7779 0.0313
v 0.0065 0.7726 0.0374
v 0.0073 0.7610 0.0391
v 0.0104 0.7479 0.0417
v 0.0136 0.7308 0.0421
v 0.0177 0.7114 0.0419
v 0.0224 0.6904 0.0430
v 0.0287 0.6671 0.0454
v 0.0427 0.6128 0.0489
v 0.0515 0.5838 0.0472
v 0.0590 0.5557 0.0457
v 0.0663 0.5305 0.0454
v 0.0727 0.5096 0.0449
v 0.0782 0.4907 0.0437
v 0.0837 0.4733 0.0412
v 0.0886 0.4562 0.0363
v 0.0950 0.4364 0.0278
v 0.1002 0.4134 0.0260
v 0.1013 0.3894 0.0240
v 0.1016 0.3609 0.0229
v 0.1022 0.3271 0.0222
v 0.1071 0.2884 0.0234
v 0.1157 0.2459 0.0254
v 0.1286 0.1955 0.0284
v 0.2227 0.1596 0.0224
v 0.1378 0.1521 0.0349
v 0.1403 0.1224 0.0422
v 0.1413 0.1009 0.0499
v 0.1431 0.0841 0.0575
v 0.0739 0.6689 0.1195
v 0.0529 0.6569 0.0984
v 0.0403 0.6474 0.0720
v 0.0354 0.6415 0.0478
v 0.0364 0.6390 0.0267
v 0.0439 0.6405 0.0064
v 0.0579 0.6446 -0.0130
v 0.0771 0.6519 -0.0291
v 0.1012 0.6618 -0.0390
v 0.1285 0.6697 -0.0404
v 0.1528 0.6770 -0.0307
v 0.1738 0.6832 -0.0154
v 0.1889 0.6901 0.0074
v 0.1947 0.6947 0.0361
v 0.1922 0.6986 0.0629
v 0.1841 0.7005 0.0844
v 0.1722 0.7000 0.1027
v 0.1561 0.6975 0.1194
v 0.1318 0.6910 0.1311
v 0.1025 0.6826 0.1332
vt 0.0866 0.9990
vt 0.0813 0.9697
vt 0.0895 0.9679
vt 0.0952 0.9937
vt 0.1390 0.9758
vt 0.1318 0.9494
vt 0.1473 0.9427
vt 0.1541 0.9700
vt 0.1250 0.9827
vt 0.1180 0.9555
vt 0.1134 0.9873
vt 0.1062 0.9610
vt 0.1040 0.9905
vt 0.0968 0.9648
vt 0.1709 0.9665
vt 0.1630 0.9391
vt 0.1811 0.9362
vt 0.1880 0.9636
vt 0.1255 0.9226
vt 0.1199 0.8974
vt 0.1339 0.8922
vt 0.1401 0.9165
vt 0.1098 0.9298
vt 0.1030 0.9029
vt 0.0980 0.9351
vt 0.0920 0.9062
vt 0.0883 0.9386
vt 0.0819 0.9093
vt 0.0822 0.9408
vt 0.0752 0.9111
vt 0.0764 0.9435
vt 0.0699 0.9125
vt 0.1129 0.8775
vt 0.1289 0.8710
vt 0.0981 0.8823
vt 0.1557 0.9118
vt 0.1498 0.8865
vt 0.1686 0.8809
vt 0.1737 0.9080
vt 0.0873 0.8849
vt 0.0773 0.8869
vt 0.0699 0.8886
vt 0.0650 0.8903
vt 0.0568 0.8639
vt 0.0635 0.8622
vt 0.1075 0.8566
vt 0.1242 0.8502
vt 0.0929 0.8611
vt 0.1455 0.8640
vt 0.1647 0.8569
vt 0.0818 0.8628
vt 0.0710 0.8625
vt 0.0454 0.8375
vt 0.0530 0.8355
vt 0.1004 0.8327
vt 0.1187 0.8285
vt 0.0869 0.8385
vt 0.1421 0.8422
vt 0.1622 0.8344
vt 0.0736 0.8384
vt 0.0620 0.8375
vt 0.0738 0.8053
vt 0.0882 0.7930
vt 0.1392 0.8206
vt 0.1615 0.8127
vt 0.0641 0.8118
vt 0.0490 0.8110
vt 0.0391 0.8105
vt 0.0320 0.8140
vt 0.1135 0.7992
vt 0.0933 0.7647
vt 0.1154 0.7716
vt 0.1389 0.7965
vt 0.1635 0.7914
vt 0.0380 0.7924
vt 0.0498 0.7892
vt 0.0290 0.7959
vt 0.0229 0.8031
vt 0.2091 0.9631
vt 0.2041 0.9347
vt 0.2281 0.9342
vt 0.2328 0.9628
vt 0.2525 0.9317
vt 0.2562 0.9625
vt 0.2987 0.9599
vt 0.2960 0.9277
vt 0.3192 0.9245
vt 0.3205 0.9580
vt 0.2743 0.9301
vt 0.2777 0.9612
vt 0.1981 0.9057
vt 0.1927 0.8766
vt 0.2180 0.8716
vt 0.2228 0.9024
vt 0.2430 0.8665
vt 0.2477 0.8996
vt 0.2940 0.8934
vt 0.2914 0.8567
vt 0.3162 0.8507
vt 0.3179 0.8890
vt 0.2667 0.8618
vt 0.2700 0.8974
vt 0.1893 0.8506
vt 0.2147 0.8435
vt 0.2401 0.8357
vt 0.2896 0.8227
vt 0.3146 0.8141
vt 0.2645 0.8290
vt 0.1874 0.8267
vt 0.2133 0.8180
vt 0.2389 0.8095
vt 0.2891 0.7959
vt 0.3130 0.7871
vt 0.2640 0.8027
vt 0.1880 0.8046
vt 0.2142 0.7954
vt 0.2393 0.7873
vt 0.2886 0.7736
vt 0.3105 0.7658
vt 0.2639 0.7806
vt 0.1897 0.7847
vt 0.2152 0.7760
vt 0.2394 0.7677
vt 0.3908 0.7150
vt 0.3811 0.6937
vt 0.4071 0.6728
vt 0.4204 0.6957
vt 0.2629 0.7602
vt 0.3075 0.7458
vt 0.3041 0.7279
vt 0.3230 0.7210
vt 0.3282 0.7396
vt 0.4549 0.9255
vt 0.4549 0.8784
vt 0.4766 0.8693
vt 0.4772 0.9195
vt 0.3485 0.9552
vt 0.3460 0.9209
vt 0.3771 0.9113
vt 0.3783 0.9495
vt 0.4059 0.9417
vt 0.4058 0.9009
vt 0.4309 0.8889
vt 0.4315 0.9333
vt 0.5000 0.8661
vt 0.5000 0.9164
vt 0.3439 0.8822
vt 0.3427 0.8435
vt 0.3732 0.8331
vt 0.3756 0.8721
vt 0.4057 0.8582
vt 0.4047 0.8191
vt 0.4345 0.7997
vt 0.4320 0.8439
vt 0.4780 0.8211
vt 0.4797 0.7803
vt 0.5000 0.7790
vt 0.5000 0.8188
vt 0.4608 0.7860
vt 0.4568 0.8312
vt 0.3405 0.8065
vt 0.3708 0.7971
vt 0.4040 0.7847
vt 0.4376 0.7652
vt 0.4813 0.7464
vt 0.5000 0.7435
vt 0.4655 0.7534
vt 0.3372 0.7802
vt 0.3689 0.7708
vt 0.4042 0.7575
vt 0.4468 0.7355
vt 0.4832 0.7230
vt 0.5000 0.7205
vt 0.4692 0.7274
vt 0.3328 0.7595
vt 0.3650 0.7495
vt 0.3991 0.7346
vt 0.4863 0.6879
vt 0.4876 0.6528
vt 0.5000 0.6553
vt 0.5000 0.6899
vt 0.4746 0.6875
vt 0.4808 0.6502
vt 0.4662 0.6847
vt 0.4720 0.6438
vt 0.4330 0.7120
vt 0.2391 0.7522
vt 0.2150 0.7604
vt 0.1895 0.7674
vt 0.1643 0.7707
vt 0.3908 0.7150
vt 0.3590 0.7293
vt 0.2617 0.7441
vt 0.1399 0.7720
vt 0.4655 0.6066
vt 0.4739 0.6151
vt 0.4720 0.6438
vt 0.4603 0.6323
vt 0.4515 0.6703
vt 0.3519 0.7088
vt 0.4486 0.6207
vt 0.4386 0.6562
vt 0.4557 0.5960
vt 0.4367 0.6075
vt 0.4253 0.6395
vt 0.4457 0.5835
vt 0.2867 0.7541
vt 0.2843 0.7372
vt 0.0574 0.7800
vt 0.0658 0.7650
vt 0.0725 0.7475
vt 0.4351 0.5690
vt 0.4240 0.5918
vt 0.3444 0.6878
vt 0.3179 0.7026
vt 0.1189 0.7511
vt 0.1415 0.7536
vt 0.0770 0.7293
vt 0.0969 0.7423
vt 0.1887 0.7521
vt 0.2139 0.7460
vt 0.3001 0.7115
vt 0.1645 0.7538
vt 0.2814 0.7218
vt 0.3707 0.6696
vt 0.3927 0.6480
vt 0.2378 0.7380
vt 0.2600 0.7299
vt 0.4106 0.6187
vt 0.1206 0.7273
vt 0.1421 0.7327
vt 0.1646 0.7340
vt 0.3581 0.6430
vt 0.3354 0.6638
vt 0.2347 0.7180
vt 0.2118 0.7260
vt 0.0991 0.7177
vt 0.4098 0.5707
vt 0.3952 0.5940
vt 0.2564 0.7104
vt 0.3122 0.6796
vt 0.2947 0.6908
vt 0.2768 0.7016
vt 0.4230 0.5508
vt 0.1877 0.7320
vt 0.3782 0.6206
vt 0.0795 0.7082
vt 0.3300 0.5756
vt 0.3478 0.5539
vt 0.3628 0.5888
vt 0.3443 0.6109
vt 0.3636 0.5327
vt 0.3801 0.5651
vt 0.3775 0.5135
vt 0.3636 0.5327
vt 0.3467 0.5002
vt 0.3600 0.4822
vt 0.3905 0.4968
vt 0.3727 0.4664
vt 0.3855 0.4527
vt 0.4036 0.4822
vt 0.0669 0.6238
vt 0.0645 0.6623
vt 0.0472 0.6563
vt 0.0511 0.6194
vt 0.0834 0.6307
vt 0.0816 0.6711
vt 0.1011 0.6406
vt 0.0999 0.6826
vt 0.1187 0.6501
vt 0.1188 0.6936
vt 0.1379 0.6565
vt 0.1399 0.6989
vt 0.1596 0.6573
vt 0.1379 0.6565
vt 0.1360 0.6122
vt 0.1575 0.6127
vt 0.1596 0.6573
vt 0.1799 0.6551
vt 0.1843 0.6982
vt 0.1624 0.7009
vt 0.1986 0.5038
vt 0.2067 0.5512
vt 0.1914 0.5554
vt 0.1841 0.5056
vt 0.1027 0.5496
vt 0.1003 0.5012
vt 0.1158 0.5042
vt 0.1181 0.5553
vt 0.3249 0.4155
vt 0.3422 0.4483
vt 0.3299 0.4650
vt 0.3142 0.4305
vt 0.2119 0.4992
vt 0.2205 0.5481
vt 0.2693 0.4753
vt 0.2845 0.5187
vt 0.2693 0.5310
vt 0.2548 0.4866
vt 0.2395 0.4933
vt 0.2535 0.5392
vt 0.2365 0.5452
vt 0.2254 0.4968
vt 0.3357 0.4017
vt 0.3541 0.4334
vt 0.1730 0.5587
vt 0.1676 0.5067
vt 0.3002 0.5021
vt 0.2848 0.4626
vt 0.3007 0.4475
vt 0.3167 0.4834
vt 0.1552 0.5593
vt 0.1508 0.5068
vt 0.0853 0.5453
vt 0.0837 0.4987
vt 0.1324 0.5071
vt 0.1345 0.5583
vt 0.2062 0.4689
vt 0.2189 0.4671
vt 0.1456 0.4752
vt 0.1630 0.4737
vt 0.2313 0.4637
vt 0.2446 0.4562
vt 0.0812 0.4676
vt 0.0972 0.4683
vt 0.1121 0.4720
vt 0.1281 0.4744
vt 0.2757 0.4356
vt 0.2601 0.4484
vt 0.1934 0.4711
vt 0.1792 0.4728
vt 0.3135 0.3926
vt 0.3030 0.4065
vt 0.3234 0.3803
vt 0.2901 0.4241
vt 0.2676 0.4161
vt 0.2551 0.4255
vt 0.1893 0.4480
vt 0.1751 0.4504
vt 0.0941 0.4484
vt 0.1086 0.4508
vt 0.3066 0.3761
vt 0.2950 0.3894
vt 0.2023 0.4451
vt 0.2405 0.4329
vt 0.2276 0.4374
vt 0.2148 0.4413
vt 0.3171 0.3647
vt 0.1587 0.4522
vt 0.2801 0.4049
vt 0.1415 0.4533
vt 0.0787 0.4485
vt 0.1242 0.4525
vt 0.1985 0.4243
vt 0.2111 0.4201
vt 0.1383 0.4349
vt 0.1550 0.4343
vt 0.2238 0.4157
vt 0.2365 0.4111
vt 0.0765 0.4326
vt 0.0913 0.4325
vt 0.1059 0.4334
vt 0.1221 0.4341
vt 0.2635 0.3974
vt 0.2500 0.4050
vt 0.1858 0.4280
vt 0.1720 0.4315
vt 0.3006 0.3612
vt 0.2887 0.3738
vt 0.3117 0.3504
vt 0.2733 0.3894
vt 0.2584 0.3813
vt 0.2459 0.3866
vt 0.1823 0.4089
vt 0.1685 0.4130
vt 0.0892 0.4170
vt 0.1036 0.4170
vt 0.2954 0.3462
vt 0.2836 0.3585
vt 0.1951 0.4048
vt 0.2329 0.3914
vt 0.2201 0.3964
vt 0.2079 0.4003
vt 0.3063 0.3361
vt 0.1515 0.4175
vt 0.2684 0.3744
vt 0.1353 0.4182
vt 0.0748 0.4167
vt 0.1197 0.4173
vt 0.2538 0.3655
vt 0.2637 0.3589
vt 0.1920 0.3851
vt 0.2053 0.3807
vt 0.1323 0.3998
vt 0.1483 0.3984
vt 0.2179 0.3779
vt 0.2310 0.3741
vt 0.0735 0.3984
vt 0.0877 0.3990
vt 0.1019 0.3987
vt 0.1176 0.3989
vt 0.2420 0.3707
vt 0.1794 0.3889
vt 0.1652 0.3932
vt 0.2900 0.3307
vt 0.2779 0.3429
vt 0.3004 0.3209
vt 0.2500 0.3482
vt 0.2382 0.3544
vt 0.1762 0.3692
vt 0.1622 0.3720
vt 0.0859 0.3772
vt 0.0998 0.3771
vt 0.2831 0.3128
vt 0.2716 0.3248
vt 0.1890 0.3665
vt 0.2279 0.3582
vt 0.2155 0.3605
vt 0.2023 0.3633
vt 0.2933 0.3026
vt 0.1454 0.3758
vt 0.2586 0.3407
vt 0.1299 0.3775
vt 0.0720 0.3769
vt 0.1154 0.3772
vt 0.2120 0.3440
vt 0.1993 0.3461
vt 0.2861 0.2815
vt 0.2747 0.2917
vt 0.1424 0.3533
vt 0.1587 0.3515
vt 0.2439 0.3284
vt 0.2525 0.3192
vt 0.1863 0.3483
vt 0.1269 0.3545
vt 0.2244 0.3411
vt 0.0697 0.3529
vt 0.0835 0.3537
vt 0.0977 0.3543
vt 0.1119 0.3545
vt 0.2345 0.3358
vt 0.1731 0.3497
vt 0.2639 0.3036
vt 0.1239 0.3340
vt 0.1087 0.3325
vt 0.2384 0.3030
vt 0.2299 0.3125
vt 0.1700 0.3295
vt 0.1560 0.3307
vt 0.0814 0.3292
vt 0.0949 0.3311
vt 0.2669 0.2683
vt 0.2567 0.2792
vt 0.1835 0.3283
vt 0.2204 0.3197
vt 0.2087 0.3226
vt 0.1971 0.3253
vt 0.2777 0.2590
vt 0.1396 0.3335
vt 0.2466 0.2927
vt 0.0672 0.3277
vt 0.2056 0.2971
vt 0.1937 0.3002
vt 0.2697 0.2355
vt 0.2590 0.2438
vt 0.1378 0.3099
vt 0.1532 0.3067
vt 0.2326 0.2741
vt 0.2400 0.2645
vt 0.1803 0.3043
vt 0.1217 0.3097
vt 0.2159 0.2926
vt 0.0664 0.3036
vt 0.0785 0.3039
vt 0.0914 0.3063
vt 0.1060 0.3079
vt 0.2249 0.2840
vt 0.1670 0.3058
vt 0.2491 0.2534
vt 0.0638 0.2777
vt 0.0767 0.2786
vt 0.0888 0.2803
vt 0.1042 0.2812
vt 0.1196 0.2818
vt 0.2266 0.2435
vt 0.2192 0.2529
vt 0.1642 0.2795
vt 0.1497 0.2804
vt 0.2496 0.2188
vt 0.2403 0.2272
vt 0.1781 0.2767
vt 0.2112 0.2609
vt 0.2019 0.2668
vt 0.1908 0.2709
vt 0.2604 0.2109
vt 0.1354 0.2816
vt 0.2328 0.2358
vt 0.1621 0.2475
vt 0.1758 0.2427
vt 0.2130 0.2201
vt 0.2056 0.2275
vt 0.1973 0.2333
vt 0.1875 0.2377
vt 0.2493 0.1846
vt 0.2393 0.1920
vt 0.1321 0.2525
vt 0.1466 0.2511
vt 0.2195 0.2125
vt 0.2251 0.2059
vt 0.1169 0.2533
vt 0.0616 0.2497
vt 0.0751 0.2511
vt 0.0875 0.2524
vt 0.1022 0.2532
vt 0.2314 0.1993
vt 0.0609 0.2196
vt 0.0739 0.2222
vt 0.0850 0.2232
vt 0.0982 0.2233
vt 0.1121 0.2241
vt 0.2115 0.1798
vt 0.2059 0.1852
vt 0.1588 0.2133
vt 0.1448 0.2188
vt 0.2288 0.1623
vt 0.2220 0.1688
vt 0.1719 0.2073
vt 0.1991 0.1918
vt 0.1916 0.1980
vt 0.1831 0.2022
vt 0.2375 0.1558
vt 0.1279 0.2228
vt 0.2165 0.1747
vt 0.2162 0.1293
vt 0.2100 0.1344
vt 0.1514 0.1685
vt 0.1630 0.1638
vt 0.1950 0.1463
vt 0.1889 0.1508
vt 0.1819 0.1551
vt 0.1739 0.1589
vt 0.2240 0.1236
vt 0.1225 0.1798
vt 0.1375 0.1743
vt 0.2002 0.1427
vt 0.2049 0.1388
vt 0.1082 0.1833
vt 0.0612 0.1823
vt 0.0720 0.1854
vt 0.0826 0.1866
vt 0.0948 0.1854
vt 0.1278 0.0269
vt 0.1203 0.0291
vt 0.1169 0.0131
vt 0.1264 0.0092
vt 0.1327 0.0509
vt 0.1254 0.0538
vt 0.1472 0.1038
vt 0.1375 0.1070
vt 0.1262 0.1110
vt 0.1165 0.0589
vt 0.1141 0.1152
vt 0.1072 0.0626
vt 0.1038 0.0373
vt 0.1114 0.0325
vt 0.1655 0.0982
vt 0.1722 0.0956
vt 0.1655 0.0420
vt 0.1825 0.0911
vt 0.1777 0.0933
vt 0.1606 0.0437
vt 0.0704 0.1263
vt 0.0648 0.0748
vt 0.0753 0.0681
vt 0.0811 0.1243
vt 0.1821 0.0381
vt 0.1994 0.0837
vt 0.1929 0.0868
vt 0.1753 0.0398
vt 0.1418 0.0488
vt 0.1574 0.1005
vt 0.1722 0.0956
vt 0.1554 0.0460
vt 0.1900 0.0351
vt 0.2068 0.0798
vt 0.1705 0.0408
vt 0.1874 0.0889
vt 0.1500 0.0482
vt 0.1655 0.0982
vt 0.1028 0.1182
vt 0.0966 0.0647
vt 0.0603 0.1273
vt 0.0561 0.0772
vt 0.0869 0.0658
vt 0.0919 0.1215
vt 0.1610 0.0166
vt 0.1655 0.0170
vt 0.1373 0.0237
vt 0.1449 0.0230
vt 0.1004 0.0214
vt 0.1082 0.0169
vt 0.1559 0.0183
vt 0.1508 0.0207
vt 0.1550 0.0010
vt 0.1591 0.0015
vt 0.1351 0.0065
vt 0.1351 0.0065
vt 0.1414 0.0048
vt 0.1749 0.0177
vt 0.1697 0.0181
vt 0.1636 0.0030
vt 0.1688 0.0042
vt 0.1749 0.0177
vt 0.1850 0.0180
vt 0.0756 0.0499
vt 0.0856 0.0435
vt 0.0555 0.0601
vt 0.0647 0.0570
vt 0.0467 0.0785
vt 0.0499 0.1279
vt 0.0405 0.1274
vt 0.0380 0.0791
vt 0.0942 0.0402
vt 0.0752 0.0383
vt 0.0839 0.0319
vt 0.0549 0.0486
vt 0.0646 0.0448
vt 0.0646 0.0448
vt 0.0925 0.0265
vt 0.1004 0.0214
vt 0.1809 0.0070
vt 0.1469 0.0026
vt 0.1508 0.0016
vt 0.1550 0.0010
vt 0.4877 0.6273
vt 0.5000 0.6263
vt 0.4829 0.6246
vt 0.1900 0.0061
vt 0.1930 0.0163
vt 0.1980 0.0312
vt 0.0333 0.0523
vt 0.0434 0.0516
vt 0.0451 0.0621
vt 0.0355 0.0630
vt 0.1636 0.0030
vt 0.1469 0.0026
vt 0.1414 0.0048
vt 0.0500 0.1790
vt 0.0490 0.2161
vt 0.0367 0.2124
vt 0.0392 0.1761
vt 0.0351 0.2453
vt 0.0493 0.2481
vt 0.0358 0.2763
vt 0.0511 0.2774
vt 0.0379 0.3050
vt 0.0529 0.3041
vt 0.0403 0.3316
vt 0.0545 0.3289
vt 0.0574 0.3544
vt 0.0440 0.3573
vt 0.0463 0.3806
vt 0.0592 0.3780
vt 0.0601 0.3994
vt 0.0471 0.4017
vt 0.0609 0.4179
vt 0.0485 0.4201
vt 0.0623 0.4342
vt 0.0496 0.4366
vt 0.0638 0.4503
vt 0.0507 0.4527
vt 0.0658 0.4685
vt 0.0513 0.4704
vt 0.0672 0.4971
vt 0.0527 0.4975
vt 0.0680 0.5406
vt 0.0536 0.5387
vt 0.2019 0.6482
vt 0.2070 0.6920
vt 0.2216 0.6416
vt 0.2019 0.6482
vt 0.1970 0.6046
vt 0.2146 0.5987
vt 0.2216 0.6416
vt 0.2408 0.6366
vt 0.2492 0.6775
vt 0.2286 0.6844
vt 0.2597 0.6303
vt 0.2689 0.6688
vt 0.0380 0.7071
vt 0.0426 0.6878
vt 0.0598 0.6962
vt 0.0556 0.7159
vt 0.0328 0.7235
vt 0.0510 0.7328
vt 0.0458 0.7483
vt 0.0272 0.7387
vt 0.0389 0.7623
vt 0.0207 0.7523
vt 0.0310 0.7735
vt 0.0126 0.7631
vt 0.0074 0.7710
vt 0.0217 0.7820
vt 0.0039 0.7782
vt 0.0170 0.7875
vt 0.0126 0.7935
vt 0.0010 0.7861
vt 0.0039 0.7782
vt 0.1980 0.0312
vt 0.2148 0.0751
vt 0.2331 0.1179
vt 0.2471 0.1493
vt 0.2604 0.1769
vt 0.2721 0.2029
vt 0.2770 0.6216
vt 0.2597 0.6303
vt 0.2499 0.5908
vt 0.2670 0.5834
vt 0.2770 0.6216
vt 0.2935 0.6102
vt 0.3039 0.6462
vt 0.2868 0.6584
vt 0.2689 0.6688
vt 0.2868 0.6584
vt 0.0126 0.7935
vt 0.4900 0.6043
vt 0.5000 0.6048
vt 0.4851 0.6017
vt 0.4792 0.5959
vt 0.4717 0.5852
vt 0.4634 0.5744
vt 0.4549 0.5627
vt 0.4462 0.5498
vt 0.4365 0.5349
vt 0.3246 0.6299
vt 0.3443 0.6109
vt 0.3126 0.5940
vt 0.2935 0.6102
vt 0.2829 0.5722
vt 0.2998 0.5581
vt 0.3300 0.5756
vt 0.3159 0.5401
vt 0.3477 0.3894
vt 0.3665 0.4205
vt 0.3362 0.3681
vt 0.3299 0.3532
vt 0.3240 0.3397
vt 0.3182 0.3257
vt 0.3113 0.3105
vt 0.3048 0.2925
vt 0.2972 0.2729
vt 0.2891 0.2508
vt 0.2816 0.2275
vt 0.2070 0.6920
vt 0.1399 0.6989
vt 0.4082 0.5258
vt 0.4215 0.5103
vt 0.3948 0.5441
vt 0.3801 0.5651
vt 0.2670 0.5834
vt 0.2315 0.5947
vt 0.2146 0.5987
vt 0.1765 0.6114
vt 0.1575 0.6127
vt 0.1179 0.6067
vt 0.1012 0.5988
vt 0.0842 0.5902
vt 0.0680 0.5838
vt 0.0528 0.5806
vt 0.3320 0.5196
vt 0.9134 0.9990
vt 0.9048 0.9937
vt 0.9105 0.9679
vt 0.9187 0.9697
vt 0.8610 0.9758
vt 0.8459 0.9700
vt 0.8527 0.9427
vt 0.8682 0.9494
vt 0.8750 0.9827
vt 0.8820 0.9555
vt 0.8865 0.9873
vt 0.8938 0.9610
vt 0.8960 0.9905
vt 0.9032 0.9648
vt 0.9178 0.9408
vt 0.9236 0.9435
vt 0.8291 0.9665
vt 0.8120 0.9636
vt 0.8189 0.9362
vt 0.8370 0.9391
vt 0.9117 0.9386
vt 0.8745 0.9226
vt 0.8599 0.9165
vt 0.8661 0.8922
vt 0.8801 0.8974
vt 0.8902 0.9298
vt 0.8970 0.9029
vt 0.9020 0.9351
vt 0.9080 0.9062
vt 0.9117 0.9386
vt 0.9181 0.9093
vt 0.9248 0.9111
vt 0.9301 0.9125
vt 0.8711 0.8710
vt 0.8871 0.8775
vt 0.9019 0.8823
vt 0.8443 0.9118
vt 0.8263 0.9080
vt 0.8314 0.8809
vt 0.8502 0.8865
vt 0.9127 0.8849
vt 0.9227 0.8869
vt 0.9301 0.8886
vt 0.9350 0.8903
vt 0.9365 0.8622
vt 0.9432 0.8639
vt 0.8758 0.8502
vt 0.8925 0.8566
vt 0.9071 0.8611
vt 0.8353 0.8569
vt 0.8545 0.8640
vt 0.9182 0.8628
vt 0.9290 0.8625
vt 0.9470 0.8355
vt 0.9546 0.8375
vt 0.8813 0.8285
vt 0.8996 0.8327
vt 0.9131 0.8385
vt 0.8378 0.8344
vt 0.8579 0.8422
vt 0.9264 0.8384
vt 0.9380 0.8375
vt 0.9118 0.7930
vt 0.9262 0.8053
vt 0.8385 0.8127
vt 0.8608 0.8206
vt 0.9359 0.8118
vt 0.9510 0.8110
vt 0.9609 0.8105
vt 0.9680 0.8140
vt 0.8865 0.7992
vt 0.8846 0.7716
vt 0.9067 0.7647
vt 0.8365 0.7914
vt 0.8611 0.7965
vt 0.9502 0.7892
vt 0.9620 0.7924
vt 0.9710 0.7959
vt 0.9771 0.8031
vt 0.7909 0.9631
vt 0.7672 0.9628
vt 0.7719 0.9342
vt 0.7959 0.9347
vt 0.7438 0.9625
vt 0.7475 0.9317
vt 0.7013 0.9599
vt 0.6795 0.9580
vt 0.6808 0.9245
vt 0.7040 0.9277
vt 0.7223 0.9612
vt 0.7257 0.9301
vt 0.5220 0.8211
vt 0.5234 0.8693
vt 0.5432 0.8312
vt 0.5451 0.8784
vt 0.8019 0.9057
vt 0.7772 0.9024
vt 0.7820 0.8716
vt 0.8073 0.8766
vt 0.7523 0.8996
vt 0.7570 0.8665
vt 0.7060 0.8934
vt 0.6821 0.8890
vt 0.6838 0.8507
vt 0.7086 0.8567
vt 0.7300 0.8974
vt 0.7333 0.8618
vt 0.7853 0.8435
vt 0.8107 0.8506
vt 0.7599 0.8357
vt 0.6854 0.8141
vt 0.7104 0.8227
vt 0.7355 0.8290
vt 0.7867 0.8180
vt 0.8126 0.8267
vt 0.7610 0.8095
vt 0.6870 0.7871
vt 0.7109 0.7959
vt 0.7360 0.8027
vt 0.7858 0.7954
vt 0.8120 0.8046
vt 0.7607 0.7873
vt 0.6895 0.7658
vt 0.7114 0.7736
vt 0.7361 0.7806
vt 0.7848 0.7760
vt 0.8103 0.7847
vt 0.7606 0.7677
vt 0.6092 0.7150
vt 0.5796 0.6957
vt 0.5929 0.6728
vt 0.6189 0.6937
vt 0.7371 0.7602
vt 0.6925 0.7458
vt 0.6718 0.7396
vt 0.6770 0.7210
vt 0.6959 0.7279
vt 0.5680 0.8439
vt 0.5691 0.8889
vt 0.5943 0.8582
vt 0.5942 0.9009
vt 0.5451 0.9255
vt 0.5228 0.9195
vt 0.6515 0.9552
vt 0.6217 0.9495
vt 0.6229 0.9113
vt 0.6540 0.9209
vt 0.5941 0.9417
vt 0.5685 0.9333
vt 0.6244 0.8721
vt 0.6561 0.8822
vt 0.6821 0.8890
vt 0.6808 0.9245
vt 0.6268 0.8331
vt 0.6573 0.8435
vt 0.5632 0.7952
vt 0.5953 0.8191
vt 0.5202 0.7804
vt 0.5389 0.7831
vt 0.6292 0.7971
vt 0.6595 0.8065
vt 0.5605 0.7641
vt 0.5960 0.7847
vt 0.5190 0.7466
vt 0.5350 0.7534
vt 0.6311 0.7708
vt 0.6628 0.7802
vt 0.5522 0.7372
vt 0.5958 0.7575
vt 0.5180 0.7246
vt 0.5321 0.7299
vt 0.6350 0.7495
vt 0.6672 0.7595
vt 0.6009 0.7346
vt 0.8527 0.9427
vt 0.8599 0.9165
vt 0.5137 0.6879
vt 0.5124 0.6528
vt 0.5192 0.6502
vt 0.5254 0.6875
vt 0.5280 0.6438
vt 0.5338 0.6847
vt 0.5670 0.7120
vt 0.7609 0.7522
vt 0.7851 0.7604
vt 0.8105 0.7674
vt 0.8357 0.7707
vt 0.6092 0.7150
vt 0.6410 0.7293
vt 0.7383 0.7441
vt 0.8601 0.7720
vt 0.5345 0.6066
vt 0.5397 0.6323
vt 0.5280 0.6438
vt 0.5261 0.6151
vt 0.5485 0.6703
vt 0.6481 0.7088
vt 0.5514 0.6207
vt 0.5614 0.6562
vt 0.5443 0.5960
vt 0.5633 0.6075
vt 0.5747 0.6395
vt 0.5543 0.5835
vt 0.7157 0.7372
vt 0.7133 0.7541
vt 0.9427 0.7800
vt 0.9342 0.7650
vt 0.9275 0.7475
vt 0.5649 0.5690
vt 0.5760 0.5918
vt 0.6556 0.6878
vt 0.6821 0.7026
vt 0.8585 0.7536
vt 0.8811 0.7511
vt 0.9031 0.7423
vt 0.9230 0.7293
vt 0.7861 0.7460
vt 0.8113 0.7521
vt 0.6999 0.7115
vt 0.8355 0.7538
vt 0.7186 0.7218
vt 0.6073 0.6480
vt 0.6293 0.6696
vt 0.7622 0.7380
vt 0.7400 0.7299
vt 0.5894 0.6187
vt 0.8579 0.7327
vt 0.8794 0.7273
vt 0.8354 0.7340
vt 0.6419 0.6430
vt 0.6646 0.6638
vt 0.7653 0.7180
vt 0.7882 0.7260
vt 0.9009 0.7177
vt 0.5902 0.5707
vt 0.6048 0.5940
vt 0.7436 0.7104
vt 0.6878 0.6796
vt 0.7053 0.6908
vt 0.7232 0.7016
vt 0.5770 0.5508
vt 0.8123 0.7320
vt 0.6218 0.6206
vt 0.9205 0.7082
vt 0.6700 0.5756
vt 0.6557 0.6109
vt 0.6372 0.5888
vt 0.6522 0.5539
vt 0.6364 0.5327
vt 0.6199 0.5651
vt 0.6225 0.5135
vt 0.6400 0.4822
vt 0.6533 0.5002
vt 0.6364 0.5327
vt 0.6095 0.4968
vt 0.6273 0.4664
vt 0.5964 0.4822
vt 0.6145 0.4527
vt 0.9331 0.6238
vt 0.9489 0.6194
vt 0.9528 0.6563
vt 0.9355 0.6623
vt 0.9166 0.6307
vt 0.9184 0.6711
vt 0.9001 0.6826
vt 0.8989 0.6406
vt 0.8812 0.6936
vt 0.8813 0.6501
vt 0.8601 0.6989
vt 0.8621 0.6565
vt 0.8404 0.6573
vt 0.8425 0.6127
vt 0.8640 0.6122
vt 0.8621 0.6565
vt 0.8404 0.6573
vt 0.8376 0.7009
vt 0.8157 0.6982
vt 0.8201 0.6551
vt 0.8014 0.5038
vt 0.8159 0.5056
vt 0.8086 0.5554
vt 0.7933 0.5512
vt 0.8973 0.5496
vt 0.8819 0.5553
vt 0.8842 0.5042
vt 0.8997 0.5012
vt 0.6751 0.4155
vt 0.6858 0.4305
vt 0.6701 0.4650
vt 0.6578 0.4483
vt 0.7795 0.5481
vt 0.7881 0.4992
vt 0.7307 0.4753
vt 0.7452 0.4866
vt 0.7307 0.5310
vt 0.7155 0.5187
vt 0.7605 0.4933
vt 0.7746 0.4968
vt 0.7635 0.5452
vt 0.7465 0.5392
vt 0.6643 0.4017
vt 0.6459 0.4334
vt 0.8270 0.5587
vt 0.8324 0.5067
vt 0.6998 0.5021
vt 0.6833 0.4834
vt 0.6993 0.4475
vt 0.7152 0.4626
vt 0.8448 0.5593
vt 0.8492 0.5068
vt 0.9147 0.5453
vt 0.9163 0.4987
vt 0.8655 0.5583
vt 0.8676 0.5071
vt 0.7811 0.4671
vt 0.7938 0.4689
vt 0.8370 0.4737
vt 0.8544 0.4752
vt 0.7554 0.4562
vt 0.7687 0.4637
vt 0.9028 0.4683
vt 0.9188 0.4676
vt 0.8719 0.4744
vt 0.8879 0.4720
vt 0.7243 0.4356
vt 0.7399 0.4484
vt 0.8066 0.4711
vt 0.8208 0.4728
vt 0.6865 0.3926
vt 0.6970 0.4065
vt 0.6766 0.3803
vt 0.7099 0.4241
vt 0.7324 0.4161
vt 0.7449 0.4255
vt 0.8107 0.4480
vt 0.8249 0.4504
vt 0.8914 0.4508
vt 0.9059 0.4484
vt 0.6934 0.3761
vt 0.7050 0.3894
vt 0.7977 0.4451
vt 0.7595 0.4329
vt 0.7724 0.4374
vt 0.7852 0.4413
vt 0.6829 0.3647
vt 0.8413 0.4522
vt 0.7199 0.4049
vt 0.8585 0.4533
vt 0.9213 0.4485
vt 0.8758 0.4525
vt 0.7889 0.4201
vt 0.8015 0.4243
vt 0.8450 0.4343
vt 0.8617 0.4349
vt 0.7635 0.4111
vt 0.7762 0.4157
vt 0.9087 0.4325
vt 0.9235 0.4326
vt 0.8779 0.4341
vt 0.8941 0.4334
vt 0.7365 0.3974
vt 0.7500 0.4050
vt 0.8142 0.4280
vt 0.8280 0.4315
vt 0.6994 0.3612
vt 0.7113 0.3738
vt 0.6883 0.3504
vt 0.7267 0.3894
vt 0.7416 0.3813
vt 0.7541 0.3866
vt 0.8177 0.4089
vt 0.8315 0.4130
vt 0.8964 0.4170
vt 0.9108 0.4170
vt 0.7046 0.3462
vt 0.7164 0.3585
vt 0.8049 0.4048
vt 0.7671 0.3914
vt 0.7799 0.3964
vt 0.7921 0.4003
vt 0.6937 0.3361
vt 0.8485 0.4175
vt 0.7316 0.3744
vt 0.8647 0.4182
vt 0.9252 0.4167
vt 0.8803 0.4173
vt 0.7363 0.3589
vt 0.7462 0.3655
vt 0.7947 0.3807
vt 0.8080 0.3851
vt 0.8517 0.3984
vt 0.8677 0.3998
vt 0.7690 0.3741
vt 0.7821 0.3779
vt 0.9123 0.3990
vt 0.9265 0.3984
vt 0.8824 0.3989
vt 0.8981 0.3987
vt 0.7580 0.3707
vt 0.8206 0.3889
vt 0.8348 0.3932
vt 0.7100 0.3307
vt 0.7221 0.3429
vt 0.6996 0.3209
vt 0.7500 0.3482
vt 0.7618 0.3544
vt 0.8238 0.3692
vt 0.8378 0.3720
vt 0.9002 0.3771
vt 0.9141 0.3772
vt 0.7169 0.3128
vt 0.7284 0.3248
vt 0.8110 0.3665
vt 0.7721 0.3582
vt 0.7845 0.3605
vt 0.7977 0.3633
vt 0.7067 0.3026
vt 0.8546 0.3758
vt 0.7414 0.3407
vt 0.8701 0.3775
vt 0.9280 0.3769
vt 0.8846 0.3772
vt 0.7880 0.3440
vt 0.8007 0.3461
vt 0.7139 0.2815
vt 0.7253 0.2917
vt 0.8413 0.3515
vt 0.8576 0.3533
vt 0.7475 0.3192
vt 0.7561 0.3284
vt 0.8137 0.3483
vt 0.8731 0.3545
vt 0.7756 0.3411
vt 0.9165 0.3537
vt 0.9303 0.3529
vt 0.8881 0.3545
vt 0.9023 0.3543
vt 0.7655 0.3358
vt 0.8269 0.3497
vt 0.7361 0.3036
vt 0.8761 0.3340
vt 0.8913 0.3325
vt 0.7616 0.3030
vt 0.7701 0.3125
vt 0.8300 0.3295
vt 0.8440 0.3307
vt 0.9051 0.3311
vt 0.9186 0.3292
vt 0.7331 0.2683
vt 0.7433 0.2792
vt 0.8165 0.3283
vt 0.7796 0.3197
vt 0.7913 0.3226
vt 0.8029 0.3253
vt 0.7223 0.2590
vt 0.8604 0.3335
vt 0.7534 0.2927
vt 0.9328 0.3277
vt 0.7944 0.2971
vt 0.8063 0.3002
vt 0.7303 0.2355
vt 0.7410 0.2438
vt 0.8467 0.3067
vt 0.8622 0.3099
vt 0.7600 0.2645
vt 0.7674 0.2741
vt 0.8197 0.3043
vt 0.8783 0.3097
vt 0.7841 0.2926
vt 0.9215 0.3039
vt 0.9336 0.3036
vt 0.8940 0.3079
vt 0.9086 0.3063
vt 0.7751 0.2840
vt 0.8330 0.3058
vt 0.7509 0.2534
vt 0.9233 0.2786
vt 0.9362 0.2777
vt 0.8958 0.2812
vt 0.9112 0.2803
vt 0.8804 0.2818
vt 0.7734 0.2435
vt 0.7808 0.2529
vt 0.8358 0.2795
vt 0.8503 0.2804
vt 0.7504 0.2188
vt 0.7597 0.2272
vt 0.8219 0.2767
vt 0.7888 0.2609
vt 0.7981 0.2668
vt 0.8091 0.2709
vt 0.7396 0.2109
vt 0.8646 0.2816
vt 0.7672 0.2358
vt 0.8242 0.2427
vt 0.8379 0.2475
vt 0.7870 0.2201
vt 0.7944 0.2275
vt 0.8027 0.2333
vt 0.8125 0.2377
vt 0.7507 0.1846
vt 0.7607 0.1920
vt 0.8534 0.2511
vt 0.8679 0.2525
vt 0.7749 0.2059
vt 0.7805 0.2125
vt 0.8831 0.2533
vt 0.9249 0.2511
vt 0.9384 0.2497
vt 0.8978 0.2532
vt 0.9125 0.2524
vt 0.7686 0.1993
vt 0.9261 0.2222
vt 0.9391 0.2196
vt 0.9018 0.2233
vt 0.9150 0.2232
vt 0.8879 0.2241
vt 0.7885 0.1798
vt 0.7941 0.1852
vt 0.8412 0.2133
vt 0.8552 0.2188
vt 0.7712 0.1623
vt 0.7780 0.1688
vt 0.8281 0.2073
vt 0.8009 0.1918
vt 0.8084 0.1980
vt 0.8169 0.2022
vt 0.7625 0.1558
vt 0.8721 0.2228
vt 0.7835 0.1747
vt 0.7838 0.1293
vt 0.7900 0.1344
vt 0.8370 0.1638
vt 0.8486 0.1685
vt 0.8050 0.1463
vt 0.8111 0.1508
vt 0.8181 0.1551
vt 0.8261 0.1589
vt 0.7760 0.1236
vt 0.8625 0.1743
vt 0.8775 0.1798
vt 0.7951 0.1388
vt 0.7998 0.1427
vt 0.8918 0.1833
vt 0.9280 0.1854
vt 0.9388 0.1823
vt 0.9052 0.1854
vt 0.9174 0.1866
vt 0.8722 0.0269
vt 0.8736 0.0092
vt 0.8831 0.0131
vt 0.8797 0.0291
vt 0.8673 0.0509
vt 0.8746 0.0538
vt 0.8625 0.1070
vt 0.8528 0.1038
vt 0.8738 0.1110
vt 0.8835 0.0589
vt 0.8928 0.0626
vt 0.8859 0.1152
vt 0.8886 0.0325
vt 0.8962 0.0373
vt 0.8223 0.0933
vt 0.8278 0.0956
vt 0.8175 0.0911
vt 0.8126 0.0889
vt 0.7900 0.1344
vt 0.8071 0.0868
vt 0.8006 0.0837
vt 0.7932 0.0798
vt 0.7852 0.0751
vt 0.7669 0.1179
vt 0.9608 0.1761
vt 0.9500 0.1790
vt 0.9501 0.1279
vt 0.9595 0.1274
vt 0.9397 0.1273
vt 0.9388 0.1823
vt 0.8345 0.0982
vt 0.9296 0.1263
vt 0.8345 0.0420
vt 0.8394 0.0437
vt 0.9296 0.1263
vt 0.9189 0.1243
vt 0.9247 0.0681
vt 0.9352 0.0748
vt 0.8179 0.0381
vt 0.8247 0.0398
vt 0.8426 0.1005
vt 0.8582 0.0488
vt 0.8446 0.0460
vt 0.8100 0.0351
vt 0.8295 0.0408
vt 0.8345 0.0982
vt 0.8500 0.0482
vt 0.8972 0.1182
vt 0.9034 0.0647
vt 0.9439 0.0772
vt 0.9081 0.1215
vt 0.9131 0.0658
vt 0.8345 0.0170
vt 0.8390 0.0166
vt 0.8551 0.0230
vt 0.8627 0.0237
vt 0.8996 0.0214
vt 0.8918 0.0169
vt 0.8441 0.0183
vt 0.8492 0.0207
vt 0.8831 0.0131
vt 0.8918 0.0169
vt 0.8450 0.0010
vt 0.8409 0.0015
vt 0.8649 0.0065
vt 0.8649 0.0065
vt 0.8586 0.0048
vt 0.8251 0.0177
vt 0.8312 0.0042
vt 0.8364 0.0030
vt 0.8303 0.0181
vt 0.8150 0.0180
vt 0.8251 0.0177
vt 0.9244 0.0499
vt 0.9144 0.0435
vt 0.9445 0.0601
vt 0.9353 0.0570
vt 0.9533 0.0785
vt 0.9620 0.0791
vt 0.9058 0.0402
vt 0.9248 0.0383
vt 0.9161 0.0319
vt 0.9451 0.0486
vt 0.9354 0.0448
vt 0.9248 0.0383
vt 0.9075 0.0265
vt 0.8996 0.0214
vt 0.8191 0.0070
vt 0.8312 0.0042
vt 0.8492 0.0016
vt 0.8531 0.0026
vt 0.8450 0.0010
vt 0.5123 0.6273
vt 0.5171 0.6246
vt 0.8100 0.0061
vt 0.8191 0.0070
vt 0.8070 0.0163
vt 0.8070 0.0163
vt 0.8020 0.0312
vt 0.9667 0.0523
vt 0.9645 0.0630
vt 0.9549 0.0621
vt 0.9566 0.0516
vt 0.8364 0.0030
vt 0.8409 0.0015
vt 0.8531 0.0026
vt 0.8586 0.0048
vt 0.9633 0.2124
vt 0.9510 0.2161
vt 0.9649 0.2453
vt 0.9507 0.2481
vt 0.9642 0.2763
vt 0.9489 0.2774
vt 0.9621 0.3050
vt 0.9471 0.3041
vt 0.9597 0.3316
vt 0.9455 0.3289
vt 0.9560 0.3573
vt 0.9426 0.3544
vt 0.9537 0.3806
vt 0.9408 0.3780
vt 0.9529 0.4017
vt 0.9399 0.3994
vt 0.9515 0.4201
vt 0.9391 0.4179
vt 0.9504 0.4366
vt 0.9377 0.4342
vt 0.9493 0.4527
vt 0.9362 0.4503
vt 0.9487 0.4704
vt 0.9342 0.4685
vt 0.9473 0.4975
vt 0.9328 0.4971
vt 0.9464 0.5387
vt 0.9320 0.5406
vt 0.7930 0.6920
vt 0.7981 0.6482
vt 0.7784 0.6416
vt 0.7854 0.5987
vt 0.8030 0.6046
vt 0.7981 0.6482
vt 0.7784 0.6416
vt 0.7714 0.6844
vt 0.7508 0.6775
vt 0.7592 0.6366
vt 0.7311 0.6688
vt 0.7403 0.6303
vt 0.9620 0.7071
vt 0.9444 0.7159
vt 0.9402 0.6962
vt 0.9574 0.6878
vt 0.9672 0.7235
vt 0.9490 0.7328
vt 0.9728 0.7387
vt 0.9542 0.7483
vt 0.9793 0.7523
vt 0.9611 0.7623
vt 0.9874 0.7631
vt 0.9690 0.7735
vt 0.9926 0.7710
vt 0.9783 0.7820
vt 0.9961 0.7782
vt 0.9830 0.7875
vt 0.9990 0.7861
vt 0.9874 0.7935
vt 0.7529 0.1493
vt 0.7396 0.1769
vt 0.7279 0.2029
vt 0.7230 0.6216
vt 0.7330 0.5834
vt 0.7501 0.5908
vt 0.7403 0.6303
vt 0.7230 0.6216
vt 0.7132 0.6584
vt 0.6961 0.6462
vt 0.7065 0.6102
vt 0.7132 0.6584
vt 0.7311 0.6688
vt 0.5100 0.6043
vt 0.5149 0.6017
vt 0.5208 0.5959
vt 0.5283 0.5852
vt 0.5366 0.5744
vt 0.5451 0.5627
vt 0.5538 0.5498
vt 0.5635 0.5349
vt 0.6754 0.6299
vt 0.6557 0.6109
vt 0.6874 0.5940
vt 0.7002 0.5581
vt 0.7171 0.5722
vt 0.7065 0.6102
vt 0.6700 0.5756
vt 0.6841 0.5401
vt 0.6335 0.4205
vt 0.6523 0.3894
vt 0.6638 0.3681
vt 0.6701 0.3532
vt 0.6760 0.3397
vt 0.6818 0.3257
vt 0.6887 0.3105
vt 0.6952 0.2925
vt 0.7028 0.2729
vt 0.7109 0.2508
vt 0.7184 0.2275
vt 0.7930 0.6920
vt 0.8601 0.6989
vt 0.5785 0.5103
vt 0.5918 0.5258
vt 0.6052 0.5441
vt 0.6199 0.5651
vt 0.7330 0.5834
vt 0.7685 0.5947
vt 0.7854 0.5987
vt 0.8235 0.6114
vt 0.8425 0.6127
vt 0.8821 0.6067
vt 0.8988 0.5988
vt 0.9158 0.5902
vt 0.9320 0.5838
vt 0.9472 0.5806
vt 0.6680 0.5196
f 183/1 8/2 7/3 182/4
f 185/5 3/6 2/7 184/8
f 186/9 4/10 3/6 185/5
f 187/11 5/12 4/10 186/9
f 188/13 6/14 5/12 187/11
f 182/4 7/3 6/14 188/13
f 9/15 11/16 10/17 1/18
f 13/19 21/20 20/21 12/22
f 14/23 22/24 21/20 13/19
f 15/25 23/26 22/24 14/23
f 16/27 24/28 23/26 15/25
f 17/29 25/30 24/28 16/27
f 18/31 26/32 25/30 17/29
f 21/20 30/33 29/34 20/21
f 22/24 31/35 30/33 21/20
f 27/36 36/37 28/38 19/39
f 23/26 32/40 31/35 22/24
f 24/28 33/41 32/40 23/26
f 25/30 34/42 33/41 24/28
f 26/32 35/43 34/42 25/30
f 35/43 44/44 43/45 34/42
f 30/33 39/46 38/47 29/34
f 31/35 40/48 39/46 30/33
f 36/37 45/49 37/50 28/38
f 32/40 41/51 40/48 31/35
f 33/41 42/52 41/51 32/40
f 34/42 43/45 42/52 33/41
f 44/44 53/53 52/54 43/45
f 39/46 48/55 47/56 38/47
f 40/48 49/57 48/55 39/46
f 45/49 54/58 46/59 37/50
f 41/51 50/60 49/57 40/48
f 42/52 51/61 50/60 41/51
f 43/45 52/54 51/61 42/52
f 49/57 58/62 57/63 48/55
f 54/58 63/64 55/65 46/59
f 50/60 59/66 58/62 49/57
f 51/61 60/67 59/66 50/60
f 52/54 61/68 60/67 51/61
f 53/53 62/69 61/68 52/54
f 48/55 57/63 56/70 47/56
f 57/63 66/71 65/72 56/70
f 63/64 71/73 64/74 55/65
f 60/67 68/75 67/76 59/66
f 61/68 69/77 68/75 60/67
f 62/69 70/78 69/77 61/68
f 73/79 79/80 78/81 72/82
f 72/82 78/81 81/83 75/84
f 76/85 82/86 83/87 77/88
f 75/84 81/83 80/89 74/90
f 74/90 80/89 82/86 76/85
f 85/91 91/92 90/93 84/94
f 84/94 90/93 93/95 87/96
f 88/97 94/98 95/99 89/100
f 87/96 93/95 92/101 86/102
f 86/102 92/101 94/98 88/97
f 91/92 97/103 96/104 90/93
f 90/93 96/104 99/105 93/95
f 94/98 100/106 101/107 95/99
f 93/95 99/105 98/108 92/101
f 92/101 98/108 100/106 94/98
f 97/103 103/109 102/110 96/104
f 96/104 102/110 105/111 99/105
f 100/106 106/112 107/113 101/107
f 99/105 105/111 104/114 98/108
f 98/108 104/114 106/112 100/106
f 103/109 109/115 108/116 102/110
f 102/110 108/116 111/117 105/111
f 106/112 112/118 113/119 107/113
f 105/111 111/117 110/120 104/114
f 104/114 110/120 112/118 106/112
f 109/115 115/121 114/122 108/116
f 108/116 114/122 117/123 111/117
f 119/124 118/125 204/126 196/127
f 111/117 117/123 116/128 110/120
f 198/129 206/130 205/131 197/132
f 1/18 10/17 79/80 73/79
f 19/39 28/38 91/92 85/91
f 28/38 37/50 97/103 91/92
f 37/50 46/59 103/109 97/103
f 46/59 55/65 109/115 103/109
f 55/65 64/74 115/121 109/115
f 122/133 128/134 161/135 160/136
f 121/137 127/138 130/139 124/140
f 125/141 131/142 129/143 123/144
f 124/140 130/139 131/142 125/141
f 160/136 161/135 126/145 120/146
f 123/144 129/143 128/134 122/133
f 133/147 139/148 142/149 136/150
f 137/151 143/152 141/153 135/154
f 136/150 142/149 143/152 137/151
f 162/155 163/156 138/157 132/158
f 135/154 141/153 140/159 134/160
f 139/148 145/161 148/162 142/149
f 143/152 149/163 147/164 141/153
f 142/149 148/162 149/163 143/152
f 163/156 164/165 144/166 138/157
f 141/153 147/164 146/167 140/159
f 145/161 151/168 154/169 148/162
f 149/163 155/170 153/171 147/164
f 148/162 154/169 155/170 149/163
f 164/165 165/172 150/173 144/166
f 147/164 153/171 152/174 146/167
f 151/168 156/175 158/176 154/169
f 154/169 158/176 159/177 155/170
f 134/160 140/159 163/156 162/155
f 140/159 146/167 164/165 163/156
f 146/167 152/174 165/172 164/165
f 167/178 169/179 168/180 166/181
f 167/178 174/182 175/183 169/179
f 174/182 178/184 179/185 175/183
f 95/99 101/107 145/161 139/148
f 77/88 83/87 127/138 121/137
f 107/113 113/119 156/175 151/168
f 89/100 95/99 139/148 133/147
f 101/107 107/113 151/168 145/161
f 184/8 2/7 11/16 9/15
f 12/22 20/21 36/37 27/36
f 20/21 29/34 45/49 36/37
f 29/34 38/47 54/58 45/49
f 38/47 47/56 63/64 54/58
f 71/73 63/64 47/56 56/70
f 153/171 155/170 159/177 157/186
f 194/187 117/123 114/122 191/188
f 115/121 192/189 191/188 114/122
f 64/74 189/190 192/189 115/121
f 119/191 159/177 158/176 195/192
f 117/123 194/187 193/193 116/128
f 189/190 64/74 71/73 190/194
f 159/177 119/191 196/127 157/186
f 113/119 198/129 197/132 156/175
f 195/192 158/176 156/175 197/132
f 56/70 65/72 190/194 71/73
f 659/195 658/196 179/197 200/198
f 200/198 179/197 178/184 199/199
f 203/200 195/192 197/132 205/131
f 118/125 119/124 195/192 203/200
f 208/201 200/198 199/199 207/202
f 660/203 659/195 200/198 208/201
f 212/204 208/201 207/202 211/205
f 661/206 660/203 208/201 212/204
f 206/130 198/129 216/207 217/208
f 216/207 198/129 113/119 112/118
f 112/118 110/120 116/128 216/207
f 217/208 216/207 116/128 193/193
f 67/76 215/209 58/62 59/66
f 215/209 218/210 57/63 58/62
f 218/210 219/211 66/71 57/63
f 662/212 661/206 212/204 234/213
f 229/214 203/200 205/131 231/215
f 65/72 220/216 224/217 190/194
f 219/211 238/218 221/219 66/71
f 192/189 226/220 225/221 191/188
f 206/130 232/222 231/215 205/131
f 189/190 223/223 226/220 192/189
f 232/222 206/130 217/208 237/224
f 223/223 189/190 190/194 224/217
f 118/125 222/225 230/226 204/126
f 228/227 194/187 191/188 225/221
f 194/187 228/227 227/228 193/193
f 234/213 212/204 211/205 233/229
f 66/71 221/219 220/216 65/72
f 193/193 227/228 237/224 217/208
f 222/225 118/125 203/200 229/214
f 220/216 239/230 243/231 224/217
f 242/232 223/223 224/217 243/231
f 241/233 222/225 229/214 248/234
f 247/235 228/227 225/221 244/236
f 221/219 240/237 239/230 220/216
f 253/238 234/213 233/229 252/239
f 228/227 247/235 246/240 227/228
f 248/234 229/214 231/215 250/241
f 251/242 232/222 237/224 256/243
f 663/244 662/212 234/213 253/238
f 226/220 245/245 244/236 225/221
f 222/225 241/233 249/246 230/226
f 227/228 246/240 256/243 237/224
f 223/223 242/232 245/245 226/220
f 232/222 251/242 250/241 231/215
f 238/218 257/247 240/237 221/219
f 706/248 687/249 268/250 260/251
f 688/252 271/253 268/250 687/249
f 689/254 688/255 290/256 291/257
f 690/258 689/254 291/257 665/259
f 690/258 665/259 292/260 691/261
f 692/262 274/263 273/264 691/265
f 693/266 276/267 274/263 692/262
f 693/266 694/268 259/269 276/267
f 694/268 695/270 258/271 259/269
f 695/270 696/272 262/273 258/271
f 697/274 696/275 281/276 280/277
f 697/278 698/279 264/280 261/281
f 323/282 304/283 301/284 320/285
f 297/286 316/287 315/288 296/289
f 329/290 310/291 309/292 328/293
f 304/283 323/282 322/294 303/295
f 324/296 305/297 307/298 326/299
f 327/300 308/301 313/302 332/303
f 667/304 666/305 310/291 329/290
f 302/306 321/307 320/285 301/284
f 298/308 317/309 325/310 306/311
f 303/295 322/294 332/303 313/302
f 299/312 318/313 321/307 302/306
f 308/301 327/300 326/299 307/298
f 314/314 333/315 316/287 297/286
f 296/289 315/288 319/316 300/317
f 318/313 299/312 300/317 319/316
f 317/309 298/308 305/297 324/296
f 322/294 341/318 351/319 332/303
f 318/313 337/320 340/321 321/307
f 327/300 346/322 345/323 326/299
f 333/315 352/324 335/325 316/287
f 315/288 334/326 338/327 319/316
f 337/320 318/313 319/316 338/327
f 336/328 317/309 324/296 343/329
f 342/330 323/282 320/285 339/331
f 316/287 335/325 334/326 315/288
f 348/332 329/290 328/293 347/333
f 323/282 342/330 341/318 322/294
f 343/329 324/296 326/299 345/323
f 346/322 327/300 332/303 351/319
f 668/334 667/304 329/290 348/332
f 321/307 340/321 339/331 320/285
f 317/309 336/328 344/335 325/310
f 355/336 336/328 343/329 362/337
f 361/338 342/330 339/331 358/339
f 335/325 354/340 353/341 334/326
f 367/342 348/332 347/333 366/343
f 342/330 361/338 360/344 341/318
f 362/337 343/329 345/323 364/345
f 365/346 346/322 351/319 370/347
f 669/348 668/334 348/332 367/342
f 340/321 359/349 358/339 339/331
f 336/328 355/336 363/350 344/335
f 341/318 360/344 370/347 351/319
f 337/320 356/351 359/349 340/321
f 346/322 365/346 364/345 345/323
f 352/324 371/352 354/340 335/325
f 334/326 353/341 357/353 338/327
f 356/351 337/320 338/327 357/353
f 360/344 379/354 389/355 370/347
f 356/351 375/356 378/357 359/349
f 365/346 384/358 383/359 364/345
f 371/352 390/360 373/361 354/340
f 353/341 372/362 376/363 357/353
f 375/356 356/351 357/353 376/363
f 374/364 355/336 362/337 381/365
f 380/366 361/338 358/339 377/367
f 354/340 373/361 372/362 353/341
f 386/368 367/342 366/343 385/369
f 361/338 380/366 379/354 360/344
f 381/365 362/337 364/345 383/359
f 384/358 365/346 370/347 389/355
f 670/370 669/348 367/342 386/368
f 359/349 378/357 377/367 358/339
f 355/336 374/364 382/371 363/350
f 393/372 374/364 381/365 400/373
f 399/374 380/366 377/367 396/375
f 373/361 392/376 391/377 372/362
f 405/378 386/368 385/369 404/379
f 380/366 399/374 398/380 379/354
f 400/373 381/365 383/359 402/381
f 403/382 384/358 389/355 408/383
f 671/384 670/370 386/368 405/378
f 378/357 397/385 396/375 377/367
f 374/364 393/372 401/386 382/371
f 379/354 398/380 408/383 389/355
f 375/356 394/387 397/385 378/357
f 384/358 403/382 402/381 383/359
f 390/360 409/388 392/376 373/361
f 372/362 391/377 395/389 376/363
f 394/387 375/356 376/363 395/389
f 393/372 412/390 420/391 401/386
f 398/380 417/392 427/393 408/383
f 394/387 413/394 416/395 397/385
f 403/382 422/396 421/397 402/381
f 409/388 428/398 411/399 392/376
f 391/377 410/400 414/401 395/389
f 413/394 394/387 395/389 414/401
f 412/390 393/372 400/373 419/402
f 418/403 399/374 396/375 415/404
f 392/376 411/399 410/400 391/377
f 424/405 405/378 404/379 423/406
f 399/374 418/403 417/392 398/380
f 419/402 400/373 402/381 421/397
f 422/396 403/382 408/383 427/393
f 672/407 671/384 405/378 424/405
f 397/385 416/395 415/404 396/375
f 431/408 412/390 419/402 438/409
f 437/410 418/403 415/404 434/411
f 411/399 430/412 429/413 410/400
f 443/414 424/405 423/406 442/415
f 418/403 437/410 436/416 417/392
f 438/409 419/402 421/397 440/417
f 441/418 422/396 427/393 446/419
f 673/420 672/407 424/405 443/414
f 416/395 435/421 434/411 415/404
f 412/390 431/408 439/422 420/391
f 417/392 436/416 446/419 427/393
f 413/394 432/423 435/421 416/395
f 422/396 441/418 440/417 421/397
f 428/398 447/424 430/412 411/399
f 410/400 429/413 433/425 414/401
f 432/423 413/394 414/401 433/425
f 460/426 441/418 446/419 465/427
f 674/428 673/420 443/414 462/429
f 435/421 454/430 453/431 434/411
f 431/408 450/432 458/433 439/422
f 436/416 455/434 465/427 446/419
f 432/423 451/435 454/430 435/421
f 441/418 460/426 459/436 440/417
f 447/424 466/437 449/438 430/412
f 429/413 448/439 452/440 433/425
f 451/435 432/423 433/425 452/440
f 450/432 431/408 438/409 457/441
f 456/442 437/410 434/411 453/431
f 430/412 449/438 448/439 429/413
f 462/429 443/414 442/415 461/443
f 437/410 456/442 455/434 436/416
f 457/441 438/409 440/417 459/436
f 470/444 451/435 452/440 471/445
f 469/446 450/432 457/441 476/447
f 475/448 456/442 453/431 472/449
f 449/438 468/450 467/451 448/439
f 481/452 462/429 461/443 480/453
f 456/442 475/448 474/454 455/434
f 476/447 457/441 459/436 478/455
f 479/456 460/426 465/427 484/457
f 675/458 674/428 462/429 481/452
f 454/430 473/459 472/449 453/431
f 450/432 469/446 477/460 458/433
f 455/434 474/454 484/457 465/427
f 451/435 470/444 473/459 454/430
f 460/426 479/456 478/455 459/436
f 466/437 485/461 468/450 449/438
f 448/439 467/451 471/445 452/440
f 498/462 479/456 484/457 503/463
f 676/464 675/458 481/452 500/465
f 473/459 492/466 491/467 472/449
f 469/446 488/468 496/469 477/460
f 474/454 493/470 503/463 484/457
f 470/444 489/471 492/466 473/459
f 479/456 498/462 497/472 478/455
f 485/461 504/473 487/474 468/450
f 467/451 486/475 490/476 471/445
f 489/471 470/444 471/445 490/476
f 488/468 469/446 476/447 495/477
f 494/478 475/448 472/449 491/467
f 468/450 487/474 486/475 467/451
f 500/465 481/452 480/453 499/479
f 475/448 494/478 493/470 474/454
f 495/477 476/447 478/455 497/472
f 504/473 523/480 506/481 487/474
f 486/475 505/482 509/483 490/476
f 508/484 489/471 490/476 509/483
f 507/485 488/468 495/477 514/486
f 513/487 494/478 491/467 510/488
f 487/474 506/481 505/482 486/475
f 519/489 500/465 499/479 518/490
f 494/478 513/487 512/491 493/470
f 514/486 495/477 497/472 516/492
f 517/493 498/462 503/463 522/494
f 677/495 676/464 500/465 519/489
f 492/466 511/496 510/488 491/467
f 488/468 507/485 515/497 496/469
f 493/470 512/491 522/494 503/463
f 489/471 508/484 511/496 492/466
f 498/462 517/493 516/492 497/472
f 513/487 532/498 531/499 512/491
f 533/500 514/486 516/492 535/501
f 536/502 517/493 522/494 541/503
f 678/504 677/495 519/489 538/505
f 511/496 530/506 529/507 510/488
f 507/485 526/508 534/509 515/497
f 512/491 531/499 541/503 522/494
f 508/484 527/510 530/506 511/496
f 517/493 536/502 535/501 516/492
f 523/480 542/511 525/512 506/481
f 505/482 524/513 528/514 509/483
f 527/510 508/484 509/483 528/514
f 526/508 507/485 514/486 533/500
f 532/498 513/487 510/488 529/507
f 506/481 525/512 524/513 505/482
f 538/505 519/489 518/490 537/515
f 542/511 561/516 544/517 525/512
f 524/513 543/518 547/519 528/514
f 546/520 527/510 528/514 547/519
f 545/521 526/508 533/500 552/522
f 551/523 532/498 529/507 548/524
f 525/512 544/517 543/518 524/513
f 557/525 538/505 537/515 556/526
f 532/498 551/523 550/527 531/499
f 552/522 533/500 535/501 554/528
f 555/529 536/502 541/503 560/530
f 679/531 678/504 538/505 557/525
f 530/506 549/532 548/524 529/507
f 526/508 545/521 553/533 534/509
f 531/499 550/527 560/530 541/503
f 527/510 546/520 549/532 530/506
f 536/502 555/529 554/528 535/501
f 576/534 557/525 556/526 575/535
f 551/523 570/536 569/537 550/527
f 571/538 552/522 554/528 573/539
f 574/540 555/529 560/530 579/541
f 680/542 679/531 557/525 576/534
f 549/532 568/543 567/544 548/524
f 545/521 564/545 572/546 553/533
f 550/527 569/537 579/541 560/530
f 546/520 565/547 568/543 549/532
f 555/529 574/540 573/539 554/528
f 561/516 580/548 563/549 544/517
f 543/518 562/550 566/551 547/519
f 565/547 546/520 547/519 566/551
f 564/545 545/521 552/522 571/538
f 570/536 551/523 548/524 567/544
f 544/517 563/549 562/550 543/518
f 623/552 584/553 585/554 642/555
f 611/556 581/557 584/553 623/552
f 581/557 611/556 594/558 681/559
f 591/560 582/561 581/557 681/559
f 582/561 591/560 592/562 609/563
f 582/561 609/563 633/564 583/565
f 574/540 602/566 597/567 573/539
f 606/568 588/569 595/570 612/571
f 587/572 605/573 604/574 586/575
f 616/576 599/577 598/578 615/579
f 594/558 611/556 610/580 593/581
f 612/571 595/570 597/582 614/583
f 683/584 682/585 599/577 616/576
f 584/553 581/557 582/561 583/565
f 588/569 606/568 613/586 596/587
f 593/581 610/580 619/588 602/589
f 589/590 607/591 609/563 592/562
f 603/592 620/593 605/573 587/572
f 586/575 604/574 608/594 590/595
f 607/591 589/590 590/595 608/594
f 606/568 621/596 625/597 613/586
f 610/580 622/598 628/599 619/588
f 645/600 629/601 583/565 633/564
f 621/596 606/568 612/571 624/602
f 611/556 623/552 622/598 610/580
f 624/602 612/571 614/583 626/603
f 585/554 584/553 583/565 629/601
f 652/604 641/605 625/597 621/596
f 642/555 656/606 622/598 623/552
f 656/607 640/608 628/599 622/598
f 632/609 627/610 650/611 649/612
f 683/584 616/576 632/613 685/614
f 637/615 634/616 608/594 604/574
f 636/617 635/618 605/573 620/593
f 635/618 637/615 604/574 605/573
f 618/619 601/620 600/621 617/622
f 639/623 633/564 609/563 607/591
f 644/624 647/625 634/616 637/615
f 655/626 648/627 635/618 636/617
f 648/628 644/624 637/615 635/618
f 646/629 645/630 633/564 639/623
f 607/591 608/594 634/616 639/623
f 685/614 632/613 649/612 686/631
f 639/623 634/616 647/625 646/629
f 624/602 626/603 654/632 653/633
f 616/576 615/579 627/610 632/613
f 621/596 624/602 653/633 652/634
f 615/579 598/578 596/587 613/586
f 614/583 597/582 602/566 619/588
f 169/179 657/635 684/636 168/180
f 169/179 175/183 631/637 657/635
f 175/183 179/185 658/196 631/637
f 651/638 630/639 685/614 686/631
f 630/639 617/640 683/584 685/614
f 651/641 643/642 638/643 630/644
f 630/644 638/643 618/619 617/622
f 650/645 627/610 625/597 641/605
f 613/586 625/597 627/610 615/579
f 619/588 628/599 626/603 614/583
f 654/646 626/603 628/599 640/647
f 575/535 556/526 553/533 572/546
f 578/648 559/649 558/650 577/651
f 539/652 558/650 559/649 540/653
f 534/509 553/533 556/526 537/515
f 515/497 534/509 537/515 518/490
f 496/469 515/497 518/490 499/479
f 520/654 539/652 540/653 521/655
f 501/656 520/654 521/655 502/657
f 477/460 496/469 499/479 480/453
f 482/658 501/656 502/657 483/659
f 483/659 464/660 463/661 482/658
f 458/433 477/460 480/453 461/443
f 439/422 458/433 461/443 442/415
f 444/662 463/661 464/660 445/663
f 445/663 426/664 425/665 444/662
f 420/391 439/422 442/415 423/406
f 401/386 420/391 423/406 404/379
f 382/371 401/386 404/379 385/369
f 426/664 407/666 406/667 425/665
f 407/666 388/668 387/669 406/667
f 388/668 369/670 368/671 387/669
f 369/670 350/672 349/673 368/671
f 350/672 331/674 330/675 349/673
f 363/350 382/371 385/369 366/343
f 344/335 363/350 366/343 347/333
f 325/310 344/335 347/333 328/293
f 328/293 309/292 306/311 325/310
f 331/674 312/676 311/677 330/675
f 698/279 699/678 263/679 264/280
f 700/680 699/681 282/682 285/683
f 700/684 701/685 265/686 266/687
f 701/685 702/688 275/689 265/686
f 230/226 249/246 252/239 233/229
f 204/126 230/226 233/229 211/205
f 196/127 204/126 211/205 207/202
f 157/186 196/127 207/202 199/199
f 153/171 157/186 199/199 178/184
f 152/174 153/171 178/184 174/182
f 165/172 152/174 174/182 167/178
f 167/178 166/181 150/173 165/172
f 235/690 254/691 255/692 236/693
f 213/694 235/690 236/693 214/695
f 214/695 210/696 209/697 213/694
f 210/696 202/698 201/699 209/697
f 202/698 181/700 180/701 201/699
f 176/702 180/701 181/700 177/703
f 171/704 176/702 177/703 173/705
f 173/705 172/706 170/707 171/708
f 655/626 636/617 638/643 643/642
f 636/617 620/593 618/619 638/643
f 620/593 603/592 601/620 618/619
f 682/585 683/584 617/709 600/710
f 679/531 680/542 577/711 558/712
f 580/548 561/516 559/649 578/648
f 561/516 542/511 540/653 559/649
f 678/504 679/531 558/712 539/713
f 677/495 678/504 539/713 520/714
f 542/511 523/480 521/655 540/653
f 523/480 504/473 502/657 521/655
f 504/473 485/461 483/659 502/657
f 464/660 483/659 485/461 466/437
f 466/437 447/424 445/663 464/660
f 426/664 445/663 447/424 428/398
f 428/398 409/388 407/666 426/664
f 409/388 390/360 388/668 407/666
f 390/360 371/352 369/670 388/668
f 350/672 369/670 371/352 352/324
f 352/324 333/315 331/674 350/672
f 333/315 314/314 312/676 331/674
f 703/715 702/716 294/717 289/718
f 703/719 704/720 269/721 270/722
f 251/242 256/243 275/723 270/724
f 270/722 269/721 250/241 251/242
f 236/693 255/692 257/247 238/218
f 238/218 219/211 214/695 236/693
f 210/696 214/695 219/211 218/210
f 202/698 210/696 218/210 215/209
f 215/209 67/76 181/700 202/698
f 177/703 181/700 67/76 68/75
f 173/705 177/703 68/75 69/77
f 172/725 173/705 69/77 70/78
f 171/726 170/727 684/636 657/635
f 657/635 631/637 176/728 171/726
f 631/637 658/196 180/729 176/728
f 201/730 180/729 658/196 659/195
f 209/731 201/730 659/195 660/203
f 213/732 209/731 660/203 661/206
f 661/206 662/212 235/733 213/732
f 662/212 663/244 254/734 235/733
f 248/234 250/241 269/721 267/735
f 241/233 248/234 267/735 260/736
f 705/737 704/738 288/739 286/740
f 706/741 705/737 286/740 279/742
f 666/305 667/304 330/743 311/744
f 349/745 330/743 667/304 668/334
f 668/334 669/348 368/746 349/745
f 387/747 368/746 669/348 670/370
f 670/370 671/384 406/748 387/747
f 425/749 406/748 671/384 672/407
f 672/407 673/420 444/750 425/749
f 673/420 674/428 463/751 444/750
f 674/428 675/458 482/752 463/751
f 675/458 676/464 501/753 482/752
f 676/464 677/495 520/714 501/753
f 265/686 275/689 256/243 246/240
f 266/687 265/686 246/240 247/235
f 247/235 244/236 263/754 266/687
f 264/280 263/679 244/236 245/245
f 261/281 264/280 245/245 242/232
f 242/232 243/231 262/755 261/281
f 258/271 262/273 243/231 239/230
f 259/269 258/271 239/230 240/237
f 276/267 259/269 240/237 257/247
f 257/247 255/692 274/263 276/267
f 273/264 274/263 255/692 254/691
f 254/734 663/244 664/756 273/757
f 663/244 253/238 272/758 664/756
f 253/238 252/239 271/759 272/758
f 268/250 271/253 252/239 249/246
f 260/251 268/250 249/246 241/233
f 279/742 286/740 305/297 298/308
f 286/740 288/739 307/298 305/297
f 308/301 307/298 288/739 289/760
f 289/718 294/717 313/302 308/301
f 303/295 313/302 294/717 284/761
f 304/283 303/295 284/761 285/762
f 285/683 282/682 301/284 304/283
f 302/306 301/284 282/682 283/763
f 299/312 302/306 283/763 280/764
f 280/277 281/276 300/317 299/312
f 296/289 300/317 281/276 277/765
f 297/286 296/289 277/765 278/766
f 314/314 297/286 278/766 295/767
f 312/676 314/314 295/767 293/768
f 293/768 292/769 311/677 312/676
f 292/260 665/259 666/305 311/744
f 665/259 291/257 310/291 666/305
f 291/257 290/256 309/292 310/291
f 306/311 309/292 290/256 287/770
f 298/308 306/311 287/770 279/742
f 279/742 287/770 687/249 706/741
f 290/256 688/255 687/249 287/770
f 272/758 271/759 688/252 689/254
f 664/756 272/758 689/254 690/258
f 664/756 690/258 691/261 273/757
f 293/768 692/262 691/265 292/769
f 295/767 693/266 692/262 293/768
f 295/767 278/766 694/268 693/266
f 278/766 277/765 695/270 694/268
f 277/765 281/276 696/275 695/270
f 261/281 262/755 696/272 697/278
f 280/277 283/763 698/279 697/274
f 283/763 282/682 699/681 698/279
f 266/687 263/754 699/678 700/684
f 285/683 284/761 701/685 700/680
f 284/761 294/717 702/716 701/685
f 270/722 275/723 702/688 703/719
f 289/718 288/739 704/738 703/715
f 267/735 269/721 704/720 705/737
f 260/251 267/735 705/737 706/248
f 8/2 18/31 17/29 7/3
f 183/771 870/772 713/773 8/774
f 872/775 871/776 708/777 709/778
f 873/779 872/775 709/778 710/780
f 874/781 873/779 710/780 711/782
f 875/783 874/781 711/782 712/784
f 870/772 875/783 712/784 713/773
f 8/774 713/773 722/785 18/786
f 714/787 707/788 715/789 716/790
f 722/785 713/773 712/784 721/791
f 7/3 17/29 16/27 6/14
f 6/14 16/27 15/25 5/12
f 5/12 15/25 14/23 4/10
f 4/10 14/23 13/19 3/6
f 3/6 13/19 12/22 2/7
f 2/7 12/22 27/36 11/16
f 19/39 10/17 11/16 27/36
f 10/17 19/39 85/91 79/80
f 79/80 85/91 84/94 78/81
f 87/96 81/83 78/81 84/94
f 81/83 87/96 86/102 80/89
f 718/792 717/793 724/794 725/795
f 719/796 718/792 725/795 726/797
f 88/97 82/86 80/89 86/102
f 720/798 719/796 726/797 727/799
f 721/800 720/798 727/799 728/801
f 722/785 721/791 728/801 729/802
f 18/786 722/785 729/802 26/803
f 725/795 724/794 732/804 733/805
f 726/797 725/795 733/805 734/806
f 730/807 723/808 731/809 738/810
f 727/799 726/797 734/806 735/811
f 728/801 727/799 735/811 736/812
f 729/802 728/801 736/812 737/813
f 26/803 729/802 737/813 35/814
f 35/814 737/813 745/815 44/816
f 733/805 732/804 740/817 741/818
f 734/806 733/805 741/818 742/819
f 738/810 731/809 739/820 746/821
f 735/811 734/806 742/819 743/822
f 736/812 735/811 743/822 744/823
f 737/813 736/812 744/823 745/815
f 44/816 745/815 753/824 53/825
f 741/818 740/817 748/826 749/827
f 742/819 741/818 749/827 750/828
f 746/821 739/820 747/829 754/830
f 743/822 742/819 750/828 751/831
f 744/823 743/822 751/831 752/832
f 745/815 744/823 752/832 753/824
f 750/828 749/827 757/833 758/834
f 754/830 747/829 755/835 762/836
f 751/831 750/828 758/834 759/837
f 752/832 751/831 759/837 760/838
f 753/824 752/832 760/838 761/839
f 53/825 753/824 761/839 62/840
f 749/827 748/826 756/841 757/833
f 757/833 756/841 764/842 765/843
f 762/836 755/835 763/844 769/845
f 760/838 759/837 766/846 767/847
f 761/839 760/838 767/847 768/848
f 62/840 761/839 768/848 70/849
f 771/850 770/851 776/852 777/853
f 770/851 773/854 779/855 776/852
f 774/856 775/857 781/858 780/859
f 773/854 772/860 778/861 779/855
f 772/860 774/856 780/859 778/861
f 82/86 88/97 89/100 83/87
f 83/87 89/100 133/147 127/138
f 136/150 130/139 127/138 133/147
f 137/151 131/142 130/139 136/150
f 135/154 129/143 131/142 137/151
f 134/160 128/134 129/143 135/154
f 162/155 161/135 128/134 134/160
f 161/135 162/155 132/158 126/145
f 854/862 853/863 126/145 132/158
f 853/863 854/862 829/864 824/865
f 783/866 782/867 788/868 789/869
f 782/867 785/870 791/871 788/868
f 786/872 787/873 793/874 792/875
f 785/870 784/876 790/877 791/871
f 784/876 786/872 792/875 790/877
f 789/869 788/868 794/878 795/879
f 788/868 791/871 797/880 794/878
f 792/875 793/874 799/881 798/882
f 791/871 790/877 796/883 797/880
f 790/877 792/875 798/882 796/883
f 795/879 794/878 800/884 801/885
f 794/878 797/880 803/886 800/884
f 798/882 799/881 805/887 804/888
f 797/880 796/883 802/889 803/886
f 796/883 798/882 804/888 802/889
f 801/885 800/884 806/890 807/891
f 800/884 803/886 809/892 806/890
f 804/888 805/887 811/893 810/894
f 803/886 802/889 808/895 809/892
f 802/889 804/888 810/894 808/895
f 807/891 806/890 812/896 813/897
f 806/890 809/892 815/898 812/896
f 817/899 883/900 891/901 816/902
f 809/892 808/895 814/903 815/898
f 885/904 884/905 892/906 893/907
f 707/788 771/850 777/853 715/789
f 824/865 829/864 830/908 825/909
f 825/909 830/908 832/910 827/911
f 723/808 783/866 789/869 731/809
f 731/809 789/869 795/879 739/820
f 739/820 795/879 801/885 747/829
f 747/829 801/885 807/891 755/835
f 755/835 807/891 813/897 763/844
f 819/912 852/913 853/863 824/865
f 818/914 821/915 826/916 823/917
f 822/918 820/919 825/909 827/911
f 821/915 822/918 827/911 826/916
f 852/913 120/146 126/145 853/863
f 820/919 819/912 824/865 825/909
f 827/911 832/910 831/920 826/916
f 826/916 831/920 828/921 823/917
f 828/921 787/922 781/923 823/917
f 786/872 780/859 781/858 787/873
f 780/859 786/872 784/876 778/861
f 785/870 779/855 778/861 784/876
f 779/855 785/870 782/867 776/852
f 783/866 777/853 776/852 782/867
f 723/808 715/789 777/853 783/866
f 715/789 723/808 730/807 716/790
f 828/921 831/920 836/924 833/925
f 832/910 830/908 835/926 837/927
f 831/920 832/910 837/927 836/924
f 854/862 132/158 138/157 855/928
f 830/908 829/864 834/929 835/926
f 833/925 836/924 841/930 838/931
f 837/927 835/926 840/932 842/933
f 836/924 837/927 842/933 841/930
f 855/928 138/157 144/166 856/934
f 835/926 834/929 839/935 840/932
f 838/931 841/930 846/936 843/937
f 842/933 840/932 845/938 847/939
f 841/930 842/933 847/939 846/936
f 856/934 144/166 150/173 857/940
f 840/932 839/935 844/941 845/938
f 843/937 846/936 850/942 848/943
f 846/936 847/939 851/944 850/942
f 708/945 716/790 730/807 717/946
f 829/864 854/862 855/928 834/929
f 834/929 855/928 856/934 839/935
f 839/935 856/934 857/940 844/941
f 858/947 166/181 168/180 859/948
f 858/947 859/948 863/949 862/950
f 862/950 863/949 867/951 866/952
f 793/874 833/925 838/931 799/881
f 718/792 709/778 708/777 717/793
f 775/857 818/914 823/917 781/858
f 805/887 843/937 848/943 811/893
f 719/796 710/780 709/778 718/792
f 787/873 828/921 833/925 793/874
f 799/881 838/931 843/937 805/887
f 871/776 714/787 716/790 708/777
f 720/798 711/782 710/780 719/796
f 721/791 712/784 711/782 720/798
f 717/793 730/807 738/810 724/794
f 724/794 738/810 746/821 732/804
f 732/804 746/821 754/830 740/817
f 740/817 754/830 762/836 748/826
f 769/845 756/841 748/826 762/836
f 845/938 849/953 851/944 847/939
f 881/954 878/955 812/896 815/898
f 813/897 812/896 878/955 879/956
f 763/844 813/897 879/956 876/957
f 817/958 882/959 850/942 851/944
f 815/898 814/903 880/960 881/954
f 876/957 877/961 769/845 763/844
f 851/944 849/953 883/900 817/958
f 811/893 848/943 884/905 885/904
f 882/959 884/905 848/943 850/942
f 756/841 769/845 877/961 764/842
f 1346/962 887/963 867/964 1345/965
f 887/963 886/966 866/952 867/964
f 890/967 892/906 884/905 882/959
f 816/902 890/967 882/959 817/899
f 895/968 894/969 886/966 887/963
f 1347/970 895/968 887/963 1346/962
f 899/971 898/972 894/969 895/968
f 1348/973 899/971 895/968 1347/970
f 893/907 904/974 903/975 885/904
f 903/975 810/894 811/893 885/904
f 810/894 903/975 814/903 808/895
f 904/974 880/960 814/903 903/975
f 766/846 759/837 758/834 902/976
f 902/976 758/834 757/833 905/977
f 905/977 757/833 765/843 906/978
f 1349/979 921/980 899/971 1348/973
f 916/981 918/982 892/906 890/967
f 764/842 877/961 911/983 907/984
f 906/978 765/843 908/985 925/986
f 879/956 878/955 912/987 913/988
f 893/907 892/906 918/982 919/989
f 876/957 879/956 913/988 910/990
f 919/989 924/991 904/974 893/907
f 910/990 911/983 877/961 876/957
f 816/902 891/901 917/992 909/993
f 915/994 912/987 878/955 881/954
f 881/954 880/960 914/995 915/994
f 921/980 920/996 898/972 899/971
f 765/843 764/842 907/984 908/985
f 880/960 904/974 924/991 914/995
f 909/993 916/981 890/967 816/902
f 907/984 911/983 930/997 926/998
f 929/999 930/997 911/983 910/990
f 928/1000 935/1001 916/981 909/993
f 934/1002 931/1003 912/987 915/994
f 908/985 907/984 926/998 927/1004
f 940/1005 939/1006 920/996 921/980
f 915/994 914/995 933/1007 934/1002
f 935/1001 937/1008 918/982 916/981
f 938/1009 943/1010 924/991 919/989
f 1350/1011 940/1005 921/980 1349/979
f 913/988 912/987 931/1003 932/1012
f 909/993 917/992 936/1013 928/1000
f 914/995 924/991 943/1010 933/1007
f 910/990 913/988 932/1012 929/999
f 919/989 918/982 937/1008 938/1009
f 925/986 908/985 927/1004 944/1014
f 1392/1015 947/1016 955/1017 1373/1018
f 1374/1019 1373/1018 955/1017 958/1020
f 1375/1021 978/1022 977/1023 1374/1024
f 1376/1025 1352/1026 978/1022 1375/1021
f 1376/1025 1377/1027 979/1028 1352/1026
f 1378/1029 1377/1030 960/1031 961/1032
f 1379/1033 1378/1029 961/1032 963/1034
f 1379/1033 963/1034 946/1035 1380/1036
f 1380/1036 946/1035 945/1037 1381/1038
f 1381/1038 945/1037 949/1039 1382/1040
f 1383/1041 967/1042 968/1043 1382/1044
f 1383/1045 948/1046 951/1047 1384/1048
f 1010/1049 1007/1050 988/1051 991/1052
f 984/1053 983/1054 1002/1055 1003/1056
f 1016/1057 1015/1058 996/1059 997/1060
f 991/1052 990/1061 1009/1062 1010/1049
f 1011/1063 1013/1064 994/1065 992/1066
f 1014/1067 1019/1068 1000/1069 995/1070
f 1354/1071 1016/1057 997/1060 1353/1072
f 989/1073 988/1051 1007/1050 1008/1074
f 985/1075 993/1076 1012/1077 1004/1078
f 990/1061 1000/1069 1019/1068 1009/1062
f 986/1079 989/1073 1008/1074 1005/1080
f 995/1070 994/1065 1013/1064 1014/1067
f 1001/1081 984/1053 1003/1056 1020/1082
f 983/1054 987/1083 1006/1084 1002/1055
f 1005/1080 1006/1084 987/1083 986/1079
f 1004/1078 1011/1063 992/1066 985/1075
f 1009/1062 1019/1068 1038/1085 1028/1086
f 1005/1080 1008/1074 1027/1087 1024/1088
f 1014/1067 1013/1064 1032/1089 1033/1090
f 1020/1082 1003/1056 1022/1091 1039/1092
f 1002/1055 1006/1084 1025/1093 1021/1094
f 1024/1088 1025/1093 1006/1084 1005/1080
f 1023/1095 1030/1096 1011/1063 1004/1078
f 1029/1097 1026/1098 1007/1050 1010/1049
f 1003/1056 1002/1055 1021/1094 1022/1091
f 1035/1099 1034/1100 1015/1058 1016/1057
f 1010/1049 1009/1062 1028/1086 1029/1097
f 1030/1096 1032/1089 1013/1064 1011/1063
f 1033/1090 1038/1085 1019/1068 1014/1067
f 1355/1101 1035/1099 1016/1057 1354/1071
f 1008/1074 1007/1050 1026/1098 1027/1087
f 1004/1078 1012/1077 1031/1102 1023/1095
f 1042/1103 1049/1104 1030/1096 1023/1095
f 1048/1105 1045/1106 1026/1098 1029/1097
f 1022/1091 1021/1094 1040/1107 1041/1108
f 1054/1109 1053/1110 1034/1100 1035/1099
f 1029/1097 1028/1086 1047/1111 1048/1105
f 1049/1104 1051/1112 1032/1089 1030/1096
f 1052/1113 1057/1114 1038/1085 1033/1090
f 1356/1115 1054/1109 1035/1099 1355/1101
f 1027/1087 1026/1098 1045/1106 1046/1116
f 1023/1095 1031/1102 1050/1117 1042/1103
f 1028/1086 1038/1085 1057/1114 1047/1111
f 1024/1088 1027/1087 1046/1116 1043/1118
f 1033/1090 1032/1089 1051/1112 1052/1113
f 1039/1092 1022/1091 1041/1108 1058/1119
f 1021/1094 1025/1093 1044/1120 1040/1107
f 1043/1118 1044/1120 1025/1093 1024/1088
f 1047/1111 1057/1114 1076/1121 1066/1122
f 1043/1118 1046/1116 1065/1123 1062/1124
f 1052/1113 1051/1112 1070/1125 1071/1126
f 1058/1119 1041/1108 1060/1127 1077/1128
f 1040/1107 1044/1120 1063/1129 1059/1130
f 1062/1124 1063/1129 1044/1120 1043/1118
f 1061/1131 1068/1132 1049/1104 1042/1103
f 1067/1133 1064/1134 1045/1106 1048/1105
f 1041/1108 1040/1107 1059/1130 1060/1127
f 1073/1135 1072/1136 1053/1110 1054/1109
f 1048/1105 1047/1111 1066/1122 1067/1133
f 1068/1132 1070/1125 1051/1112 1049/1104
f 1071/1126 1076/1121 1057/1114 1052/1113
f 1357/1137 1073/1135 1054/1109 1356/1115
f 1046/1116 1045/1106 1064/1134 1065/1123
f 1042/1103 1050/1117 1069/1138 1061/1131
f 1080/1139 1087/1140 1068/1132 1061/1131
f 1086/1141 1083/1142 1064/1134 1067/1133
f 1060/1127 1059/1130 1078/1143 1079/1144
f 1092/1145 1091/1146 1072/1136 1073/1135
f 1067/1133 1066/1122 1085/1147 1086/1141
f 1087/1140 1089/1148 1070/1125 1068/1132
f 1090/1149 1095/1150 1076/1121 1071/1126
f 1358/1151 1092/1145 1073/1135 1357/1137
f 1065/1123 1064/1134 1083/1142 1084/1152
f 1061/1131 1069/1138 1088/1153 1080/1139
f 1066/1122 1076/1121 1095/1150 1085/1147
f 1062/1124 1065/1123 1084/1152 1081/1154
f 1071/1126 1070/1125 1089/1148 1090/1149
f 1077/1128 1060/1127 1079/1144 1096/1155
f 1059/1130 1063/1129 1082/1156 1078/1143
f 1081/1154 1082/1156 1063/1129 1062/1124
f 1080/1139 1088/1153 1107/1157 1099/1158
f 1085/1147 1095/1150 1114/1159 1104/1160
f 1081/1154 1084/1152 1103/1161 1100/1162
f 1090/1149 1089/1148 1108/1163 1109/1164
f 1096/1155 1079/1144 1098/1165 1115/1166
f 1078/1143 1082/1156 1101/1167 1097/1168
f 1100/1162 1101/1167 1082/1156 1081/1154
f 1099/1158 1106/1169 1087/1140 1080/1139
f 1105/1170 1102/1171 1083/1142 1086/1141
f 1079/1144 1078/1143 1097/1168 1098/1165
f 1111/1172 1110/1173 1091/1146 1092/1145
f 1086/1141 1085/1147 1104/1160 1105/1170
f 1106/1169 1108/1163 1089/1148 1087/1140
f 1109/1164 1114/1159 1095/1150 1090/1149
f 1359/1174 1111/1172 1092/1145 1358/1151
f 1084/1152 1083/1142 1102/1171 1103/1161
f 1118/1175 1125/1176 1106/1169 1099/1158
f 1124/1177 1121/1178 1102/1171 1105/1170
f 1098/1165 1097/1168 1116/1179 1117/1180
f 1130/1181 1129/1182 1110/1173 1111/1172
f 1105/1170 1104/1160 1123/1183 1124/1177
f 1125/1176 1127/1184 1108/1163 1106/1169
f 1128/1185 1133/1186 1114/1159 1109/1164
f 1360/1187 1130/1181 1111/1172 1359/1174
f 1103/1161 1102/1171 1121/1178 1122/1188
f 1099/1158 1107/1157 1126/1189 1118/1175
f 1104/1160 1114/1159 1133/1186 1123/1183
f 1100/1162 1103/1161 1122/1188 1119/1190
f 1109/1164 1108/1163 1127/1184 1128/1185
f 1115/1166 1098/1165 1117/1180 1134/1191
f 1097/1168 1101/1167 1120/1192 1116/1179
f 1119/1190 1120/1192 1101/1167 1100/1162
f 1147/1193 1152/1194 1133/1186 1128/1185
f 1361/1195 1149/1196 1130/1181 1360/1187
f 1122/1188 1121/1178 1140/1197 1141/1198
f 1118/1175 1126/1189 1145/1199 1137/1200
f 1123/1183 1133/1186 1152/1194 1142/1201
f 1119/1190 1122/1188 1141/1198 1138/1202
f 1128/1185 1127/1184 1146/1203 1147/1193
f 1134/1191 1117/1180 1136/1204 1153/1205
f 1116/1179 1120/1192 1139/1206 1135/1207
f 1138/1202 1139/1206 1120/1192 1119/1190
f 1137/1200 1144/1208 1125/1176 1118/1175
f 1143/1209 1140/1197 1121/1178 1124/1177
f 1117/1180 1116/1179 1135/1207 1136/1204
f 1149/1196 1148/1210 1129/1182 1130/1181
f 1124/1177 1123/1183 1142/1201 1143/1209
f 1144/1208 1146/1203 1127/1184 1125/1176
f 1157/1211 1158/1212 1139/1206 1138/1202
f 1156/1213 1163/1214 1144/1208 1137/1200
f 1162/1215 1159/1216 1140/1197 1143/1209
f 1136/1204 1135/1207 1154/1217 1155/1218
f 1168/1219 1167/1220 1148/1210 1149/1196
f 1143/1209 1142/1201 1161/1221 1162/1215
f 1163/1214 1165/1222 1146/1203 1144/1208
f 1166/1223 1171/1224 1152/1194 1147/1193
f 1362/1225 1168/1219 1149/1196 1361/1195
f 1141/1198 1140/1197 1159/1216 1160/1226
f 1137/1200 1145/1199 1164/1227 1156/1213
f 1142/1201 1152/1194 1171/1224 1161/1221
f 1138/1202 1141/1198 1160/1226 1157/1211
f 1147/1193 1146/1203 1165/1222 1166/1223
f 1153/1205 1136/1204 1155/1218 1172/1228
f 1135/1207 1139/1206 1158/1212 1154/1217
f 1185/1229 1190/1230 1171/1224 1166/1223
f 1363/1231 1187/1232 1168/1219 1362/1225
f 1160/1226 1159/1216 1178/1233 1179/1234
f 1156/1213 1164/1227 1183/1235 1175/1236
f 1161/1221 1171/1224 1190/1230 1180/1237
f 1157/1211 1160/1226 1179/1234 1176/1238
f 1166/1223 1165/1222 1184/1239 1185/1229
f 1172/1228 1155/1218 1174/1240 1191/1241
f 1154/1217 1158/1212 1177/1242 1173/1243
f 1176/1238 1177/1242 1158/1212 1157/1211
f 1175/1236 1182/1244 1163/1214 1156/1213
f 1181/1245 1178/1233 1159/1216 1162/1215
f 1155/1218 1154/1217 1173/1243 1174/1240
f 1187/1232 1186/1246 1167/1220 1168/1219
f 1162/1215 1161/1221 1180/1237 1181/1245
f 1182/1244 1184/1239 1165/1222 1163/1214
f 1191/1241 1174/1240 1193/1247 1210/1248
f 1173/1243 1177/1242 1196/1249 1192/1250
f 1195/1251 1196/1249 1177/1242 1176/1238
f 1194/1252 1201/1253 1182/1244 1175/1236
f 1200/1254 1197/1255 1178/1233 1181/1245
f 1174/1240 1173/1243 1192/1250 1193/1247
f 1206/1256 1205/1257 1186/1246 1187/1232
f 1181/1245 1180/1237 1199/1258 1200/1254
f 1201/1253 1203/1259 1184/1239 1182/1244
f 1204/1260 1209/1261 1190/1230 1185/1229
f 1364/1262 1206/1256 1187/1232 1363/1231
f 1179/1234 1178/1233 1197/1255 1198/1263
f 1175/1236 1183/1235 1202/1264 1194/1252
f 1180/1237 1190/1230 1209/1261 1199/1258
f 1176/1238 1179/1234 1198/1263 1195/1251
f 1185/1229 1184/1239 1203/1259 1204/1260
f 1200/1254 1199/1258 1218/1265 1219/1266
f 1220/1267 1222/1268 1203/1259 1201/1253
f 1223/1269 1228/1270 1209/1261 1204/1260
f 1365/1271 1225/1272 1206/1256 1364/1262
f 1198/1263 1197/1255 1216/1273 1217/1274
f 1194/1252 1202/1264 1221/1275 1213/1276
f 1199/1258 1209/1261 1228/1270 1218/1265
f 1195/1251 1198/1263 1217/1274 1214/1277
f 1204/1260 1203/1259 1222/1268 1223/1269
f 1210/1248 1193/1247 1212/1278 1229/1279
f 1192/1250 1196/1249 1215/1280 1211/1281
f 1214/1277 1215/1280 1196/1249 1195/1251
f 1213/1276 1220/1267 1201/1253 1194/1252
f 1219/1266 1216/1273 1197/1255 1200/1254
f 1193/1247 1192/1250 1211/1281 1212/1278
f 1225/1272 1224/1282 1205/1257 1206/1256
f 1229/1279 1212/1278 1231/1283 1248/1284
f 1211/1281 1215/1280 1234/1285 1230/1286
f 1233/1287 1234/1285 1215/1280 1214/1277
f 1232/1288 1239/1289 1220/1267 1213/1276
f 1238/1290 1235/1291 1216/1273 1219/1266
f 1212/1278 1211/1281 1230/1286 1231/1283
f 1244/1292 1243/1293 1224/1282 1225/1272
f 1219/1266 1218/1265 1237/1294 1238/1290
f 1239/1289 1241/1295 1222/1268 1220/1267
f 1242/1296 1247/1297 1228/1270 1223/1269
f 1366/1298 1244/1292 1225/1272 1365/1271
f 1217/1274 1216/1273 1235/1291 1236/1299
f 1213/1276 1221/1275 1240/1300 1232/1288
f 1218/1265 1228/1270 1247/1297 1237/1294
f 1214/1277 1217/1274 1236/1299 1233/1287
f 1223/1269 1222/1268 1241/1295 1242/1296
f 1263/1301 1262/1302 1243/1293 1244/1292
f 1238/1290 1237/1294 1256/1303 1257/1304
f 1258/1305 1260/1306 1241/1295 1239/1289
f 1261/1307 1266/1308 1247/1297 1242/1296
f 1367/1309 1263/1301 1244/1292 1366/1298
f 1236/1299 1235/1291 1254/1310 1255/1311
f 1232/1288 1240/1300 1259/1312 1251/1313
f 1237/1294 1247/1297 1266/1308 1256/1303
f 1233/1287 1236/1299 1255/1311 1252/1314
f 1242/1296 1241/1295 1260/1306 1261/1307
f 1248/1284 1231/1283 1250/1315 1267/1316
f 1230/1286 1234/1285 1253/1317 1249/1318
f 1252/1314 1253/1317 1234/1285 1233/1287
f 1251/1313 1258/1305 1239/1289 1232/1288
f 1257/1304 1254/1310 1235/1291 1238/1290
f 1231/1283 1230/1286 1249/1318 1250/1315
f 568/543 592/562 591/560 567/544
f 565/547 589/590 592/562 568/543
f 589/590 565/547 566/551 590/595
f 562/550 586/575 590/595 566/551
f 563/549 587/572 586/575 562/550
f 580/548 603/592 587/572 563/549
f 578/648 601/620 603/592 580/548
f 601/620 578/648 577/651 600/621
f 600/710 577/711 680/542 682/585
f 602/566 574/540 579/541 593/581
f 569/537 594/558 593/581 579/541
f 682/585 680/542 576/534 599/577
f 599/577 576/534 575/535 598/578
f 598/578 575/535 572/546 596/587
f 564/545 588/569 596/587 572/546
f 1310/1319 1329/1320 1272/1321 1271/1322
f 1298/1323 1310/1319 1271/1322 1268/1324
f 1268/1324 1368/1325 1281/1326 1298/1323
f 1278/1327 1368/1325 1268/1324 1269/1328
f 1269/1328 1296/1329 1279/1330 1278/1327
f 1269/1328 1270/1331 1320/1332 1296/1329
f 588/569 564/545 571/538 595/570
f 595/570 571/538 573/539 597/582
f 1258/1305 1282/1333 1284/1334 1260/1306
f 1251/1313 1275/1335 1282/1333 1258/1305
f 1275/1335 1251/1313 1259/1312 1283/1336
f 1259/1312 1262/1337 1285/1338 1283/1336
f 1263/1301 1286/1339 1285/1338 1262/1302
f 1367/1309 1369/1340 1286/1339 1263/1301
f 1287/1341 1369/1340 1367/1309 1264/1342
f 1264/1343 1265/1344 1288/1345 1287/1346
f 1290/1347 1288/1345 1265/1344 1267/1348
f 570/536 681/559 594/558 569/537
f 681/559 570/536 567/544 591/560
f 1289/1349 1261/1307 1260/1306 1284/1334
f 1290/1347 1267/1348 1250/1315 1274/1350
f 1293/1351 1299/1352 1282/1333 1275/1335
f 1274/1353 1273/1354 1291/1355 1292/1356
f 1303/1357 1302/1358 1285/1338 1286/1339
f 1281/1326 1280/1359 1297/1360 1298/1323
f 1299/1352 1301/1361 1284/1334 1282/1333
f 1370/1362 1303/1357 1286/1339 1369/1340
f 1271/1322 1270/1331 1269/1328 1268/1324
f 1275/1335 1283/1336 1300/1363 1293/1351
f 1280/1359 1289/1364 1306/1365 1297/1360
f 1276/1366 1279/1330 1296/1329 1294/1367
f 1290/1347 1274/1350 1292/1356 1307/1368
f 1273/1354 1277/1369 1295/1370 1291/1355
f 1294/1367 1295/1370 1277/1369 1276/1366
f 1293/1351 1300/1363 1312/1371 1308/1372
f 1297/1360 1306/1365 1315/1373 1309/1374
f 1332/1375 1320/1332 1270/1331 1316/1376
f 1308/1372 1311/1377 1299/1352 1293/1351
f 1298/1323 1297/1360 1309/1374 1310/1319
f 1311/1377 1313/1378 1301/1361 1299/1352
f 1274/1350 1250/1315 1249/1318 1273/1354
f 1273/1354 1249/1318 1253/1317 1277/1369
f 1252/1314 1276/1366 1277/1369 1253/1317
f 1276/1366 1252/1314 1255/1311 1279/1330
f 1272/1379 1316/1380 1270/1331 1271/1322
f 1339/1381 1308/1372 1312/1371 1328/1382
f 1329/1320 1310/1319 1309/1374 1343/1383
f 1343/1384 1309/1374 1315/1373 1327/1385
f 1319/1386 1336/1387 1337/1388 1314/1389
f 1370/1362 1371/1390 1319/1391 1303/1357
f 1324/1392 1291/1355 1295/1370 1321/1393
f 1323/1394 1307/1368 1292/1356 1322/1395
f 1322/1395 1292/1356 1291/1355 1324/1392
f 1279/1330 1255/1311 1254/1310 1278/1327
f 1305/1396 1304/1397 1287/1346 1288/1345
f 1326/1398 1294/1367 1296/1329 1320/1332
f 1331/1399 1324/1392 1321/1393 1334/1400
f 1342/1401 1323/1394 1322/1395 1335/1402
f 1335/1402 1322/1395 1324/1392 1331/1403
f 1333/1404 1326/1398 1320/1332 1332/1405
f 1294/1367 1326/1398 1321/1393 1295/1370
f 1371/1390 1372/1406 1336/1407 1319/1391
f 1326/1398 1333/1404 1334/1400 1321/1393
f 1311/1377 1340/1408 1341/1409 1313/1378
f 1303/1357 1319/1391 1314/1389 1302/1358
f 1308/1372 1339/1410 1340/1408 1311/1377
f 1302/1358 1300/1363 1283/1336 1285/1338
f 1301/1361 1306/1365 1289/1364 1284/1334
f 859/948 168/180 684/636 1344/1411
f 859/948 1344/1411 1318/1412 863/949
f 863/949 1318/1412 1345/965 867/951
f 1338/1413 1372/1414 1371/1390 1317/1415
f 1317/1416 1371/1390 1370/1362 1304/1417
f 1338/1418 1317/1419 1325/1420 1330/1421
f 1317/1419 1304/1397 1305/1396 1325/1420
f 1337/1422 1328/1423 1312/1371 1314/1389
f 1300/1363 1302/1358 1314/1389 1312/1371
f 1306/1365 1301/1361 1313/1378 1315/1373
f 1341/1424 1327/1425 1315/1373 1313/1378
f 1262/1302 1259/1312 1240/1300 1243/1293
f 1265/1344 1264/1343 1245/1426 1246/1427
f 1226/1428 1227/1429 1246/1427 1245/1426
f 1221/1275 1224/1282 1243/1293 1240/1300
f 1202/1264 1205/1257 1224/1282 1221/1275
f 1183/1235 1186/1246 1205/1257 1202/1264
f 1207/1430 1208/1431 1227/1429 1226/1428
f 1188/1432 1189/1433 1208/1431 1207/1430
f 1164/1227 1167/1220 1186/1246 1183/1235
f 1169/1434 1170/1435 1189/1433 1188/1432
f 1170/1435 1169/1434 1150/1436 1151/1437
f 1145/1199 1148/1210 1167/1220 1164/1227
f 1126/1189 1129/1182 1148/1210 1145/1199
f 1131/1438 1132/1439 1151/1437 1150/1436
f 1132/1439 1131/1438 1112/1440 1113/1441
f 1107/1157 1110/1173 1129/1182 1126/1189
f 1088/1153 1091/1146 1110/1173 1107/1157
f 1069/1138 1072/1136 1091/1146 1088/1153
f 1113/1441 1112/1440 1093/1442 1094/1443
f 1094/1443 1093/1442 1074/1444 1075/1445
f 1075/1445 1074/1444 1055/1446 1056/1447
f 1056/1447 1055/1446 1036/1448 1037/1449
f 1037/1449 1036/1448 1017/1450 1018/1451
f 1050/1117 1053/1110 1072/1136 1069/1138
f 1031/1102 1034/1100 1053/1110 1050/1117
f 1012/1077 1015/1058 1034/1100 1031/1102
f 1015/1058 1012/1077 993/1076 996/1059
f 1018/1451 1017/1450 998/1452 999/1453
f 1384/1048 951/1047 950/1454 1385/1455
f 1386/1456 972/1457 969/1458 1385/1459
f 1386/1460 953/1461 952/1462 1387/1463
f 1387/1463 952/1462 962/1464 1388/1465
f 917/992 920/996 939/1006 936/1013
f 891/901 898/972 920/996 917/992
f 883/900 894/969 898/972 891/901
f 849/953 886/966 894/969 883/900
f 845/938 866/952 886/966 849/953
f 844/941 862/950 866/952 845/938
f 857/940 858/947 862/950 844/941
f 858/947 857/940 150/173 166/181
f 922/1466 923/1467 942/1468 941/1469
f 900/1470 901/1471 923/1467 922/1466
f 901/1471 900/1470 896/1472 897/1473
f 897/1473 896/1472 888/1474 889/1475
f 889/1475 888/1474 868/1476 869/1477
f 864/1478 865/1479 869/1477 868/1476
f 860/1480 861/1481 865/1479 864/1478
f 861/1481 860/1480 170/1482 172/1483
f 1342/1401 1330/1421 1325/1420 1323/1394
f 1323/1394 1325/1420 1305/1396 1307/1368
f 1307/1368 1305/1396 1288/1345 1290/1347
f 1369/1340 1287/1341 1304/1417 1370/1362
f 1257/1304 1368/1325 1278/1327 1254/1310
f 1368/1325 1257/1304 1256/1303 1281/1326
f 1281/1326 1256/1303 1266/1308 1280/1359
f 1261/1307 1289/1349 1280/1359 1266/1308
f 1366/1298 1245/1484 1264/1342 1367/1309
f 1267/1316 1265/1344 1246/1427 1248/1284
f 1248/1284 1246/1427 1227/1429 1229/1279
f 1365/1271 1226/1485 1245/1484 1366/1298
f 1364/1262 1207/1486 1226/1485 1365/1271
f 1229/1279 1227/1429 1208/1431 1210/1248
f 1210/1248 1208/1431 1189/1433 1191/1241
f 1191/1241 1189/1433 1170/1435 1172/1228
f 1151/1437 1153/1205 1172/1228 1170/1435
f 1153/1205 1151/1437 1132/1439 1134/1191
f 1113/1441 1115/1166 1134/1191 1132/1439
f 1115/1166 1113/1441 1094/1443 1096/1155
f 1096/1155 1094/1443 1075/1445 1077/1128
f 1077/1128 1075/1445 1056/1447 1058/1119
f 1037/1449 1039/1092 1058/1119 1056/1447
f 1039/1092 1037/1449 1018/1451 1020/1082
f 1020/1082 1018/1451 999/1453 1001/1081
f 1389/1487 976/1488 981/1489 1388/1490
f 1389/1491 957/1492 956/1493 1390/1494
f 938/1009 957/1495 962/1496 943/1010
f 957/1492 938/1009 937/1008 956/1493
f 923/1467 925/986 944/1014 942/1468
f 925/986 923/1467 901/1471 906/978
f 897/1473 905/977 906/978 901/1471
f 889/1475 902/976 905/977 897/1473
f 902/976 889/1475 869/1477 766/846
f 865/1479 767/847 766/846 869/1477
f 861/1481 768/848 767/847 865/1479
f 172/1483 70/849 768/848 861/1481
f 860/1497 1344/1411 684/636 170/727
f 1344/1411 860/1497 864/1498 1318/1412
f 1318/1412 864/1498 868/1499 1345/965
f 888/1500 1346/962 1345/965 868/1499
f 896/1501 1347/970 1346/962 888/1500
f 900/1502 1348/973 1347/970 896/1501
f 1348/973 900/1502 922/1503 1349/979
f 1349/979 922/1503 941/1504 1350/1011
f 935/1001 954/1505 956/1493 937/1008
f 928/1000 947/1506 954/1505 935/1001
f 1391/1507 973/1508 975/1509 1390/1510
f 1392/1511 966/1512 973/1508 1391/1507
f 1353/1072 998/1513 1017/1514 1354/1071
f 1036/1515 1355/1101 1354/1071 1017/1514
f 1355/1101 1036/1515 1055/1516 1356/1115
f 1074/1517 1357/1137 1356/1115 1055/1516
f 1357/1137 1074/1517 1093/1518 1358/1151
f 1112/1519 1359/1174 1358/1151 1093/1518
f 1359/1174 1112/1519 1131/1520 1360/1187
f 1360/1187 1131/1520 1150/1521 1361/1195
f 1361/1195 1150/1521 1169/1522 1362/1225
f 1362/1225 1169/1522 1188/1523 1363/1231
f 1363/1231 1188/1523 1207/1486 1364/1262
f 952/1462 933/1007 943/1010 962/1464
f 953/1461 934/1002 933/1007 952/1462
f 934/1002 953/1461 950/1524 931/1003
f 951/1047 932/1012 931/1003 950/1454
f 948/1046 929/999 932/1012 951/1047
f 929/999 948/1046 949/1525 930/997
f 945/1037 926/998 930/997 949/1039
f 946/1035 927/1004 926/998 945/1037
f 963/1034 944/1014 927/1004 946/1035
f 944/1014 963/1034 961/1032 942/1468
f 960/1031 941/1469 942/1468 961/1032
f 941/1504 960/1526 1351/1527 1350/1011
f 1350/1011 1351/1527 959/1528 940/1005
f 940/1005 959/1528 958/1529 939/1006
f 955/1017 936/1013 939/1006 958/1020
f 947/1016 928/1000 936/1013 955/1017
f 966/1512 985/1075 992/1066 973/1508
f 973/1508 992/1066 994/1065 975/1509
f 995/1070 976/1530 975/1509 994/1065
f 976/1488 995/1070 1000/1069 981/1489
f 990/1061 971/1531 981/1489 1000/1069
f 991/1052 972/1532 971/1531 990/1061
f 972/1457 991/1052 988/1051 969/1458
f 989/1073 970/1533 969/1458 988/1051
f 986/1079 967/1534 970/1533 989/1073
f 967/1042 986/1079 987/1083 968/1043
f 983/1054 964/1535 968/1043 987/1083
f 984/1053 965/1536 964/1535 983/1054
f 1001/1081 982/1537 965/1536 984/1053
f 999/1453 980/1538 982/1537 1001/1081
f 980/1538 999/1453 998/1452 979/1539
f 979/1028 998/1513 1353/1072 1352/1026
f 1352/1026 1353/1072 997/1060 978/1022
f 978/1022 997/1060 996/1059 977/1023
f 993/1076 974/1540 977/1023 996/1059
f 985/1075 966/1512 974/1540 993/1076
f 966/1512 1392/1511 1373/1018 974/1540
f 977/1023 974/1540 1373/1018 1374/1024
f 959/1528 1375/1021 1374/1024 958/1529
f 1351/1527 1376/1025 1375/1021 959/1528
f 1351/1527 960/1526 1377/1027 1376/1025
f 980/1538 979/1539 1377/1030 1378/1029
f 982/1537 980/1538 1378/1029 1379/1033
f 982/1537 1379/1033 1380/1036 965/1536
f 965/1536 1380/1036 1381/1038 964/1535
f 964/1535 1381/1038 1382/1040 968/1043
f 948/1046 1383/1045 1382/1044 949/1525
f 967/1042 1383/1041 1384/1048 970/1533
f 970/1533 1384/1048 1385/1455 969/1458
f 953/1461 1386/1460 1385/1459 950/1524
f 972/1457 1386/1456 1387/1463 971/1531
f 971/1531 1387/1463 1388/1465 981/1489
f 957/1492 1389/1491 1388/1490 962/1496
f 976/1488 1389/1487 1390/1494 975/1509
f 954/1505 1391/1507 1390/1510 956/1493
f 947/1016 1392/1015 1391/1507 954/1505