HIERARCHY
ROOT mixamorig:Hips
{
	OFFSET 0.000000 1.042749 0.000000
	CHANNELS 6 Xposition Yposition Zposition Xrotation Yrotation Zrotation
	JOINT mixamorig:Spine
	{
		OFFSET 0.000000 0.101815 0.001315
		CHANNELS 6 Xposition Yposition Zposition Xrotation Yrotation Zrotation
		JOINT mixamorig:Spine1
		{
			OFFSET 0.000000 0.098940 -0.014707
			CHANNELS 3 Xrotation Yrotation Zrotation
			JOINT mixamorig:Spine2
			{
				OFFSET 0.000000 0.092208 -0.013706
				CHANNELS 3 Xrotation Yrotation Zrotation
				JOINT mixamorig:Neck
				{
					OFFSET 0.000000 0.167404 -0.020490
					CHANNELS 6 Xposition Yposition Zposition Xrotation Yrotation Zrotation
					JOINT mixamorig:Head
					{
						OFFSET 0.000000 0.096179 0.016850
						CHANNELS 6 Xposition Yposition Zposition Xrotation Yrotation Zrotation
						JOINT mixamorig:HeadTop_End
						{
							OFFSET 0.000000 0.220374 0.075011
							CHANNELS 6 Xposition Yposition Zposition Xrotation Yrotation Zrotation
							End Site
							{
								OFFSET 0.000000 0.231066 -0.028282
							}
						}
					}
				}
				JOINT mixamorig:RightShoulder
				{
					OFFSET -0.045700 0.110149 -0.021608
					CHANNELS 6 Xposition Yposition Zposition Xrotation Yrotation Zrotation
					JOINT mixamorig:RightArm
					{
						OFFSET -0.105929 -0.005248 -0.022321
						CHANNELS 3 Xrotation Yrotation Zrotation
						JOINT mixamorig:RightForeArm
						{
							OFFSET -0.278415 0.000000 -0.000000
							CHANNELS 3 Xrotation Yrotation Zrotation
							JOINT mixamorig:RightHand
							{
								OFFSET -0.283288 0.000000 -0.000000
								CHANNELS 3 Xrotation Yrotation Zrotation
								JOINT mixamorig:RightHandThumb1
								{
									OFFSET -0.024648 -0.015740 0.026819
									CHANNELS 6 Xposition Yposition Zposition Xrotation Yrotation Zrotation
									JOINT mixamorig:RightHandThumb2
									{
										OFFSET -0.032448 -0.018734 0.018734
										CHANNELS 3 Xrotation Yrotation Zrotation
										JOINT mixamorig:RightHandThumb3
										{
											OFFSET -0.026463 -0.015278 0.015278
											CHANNELS 6 Xposition Yposition Zposition Xrotation Yrotation Zrotation
											JOINT mixamorig:RightHandThumb4
											{
												OFFSET -0.019946 -0.011516 0.011516
												CHANNELS 6 Xposition Yposition Zposition Xrotation Yrotation Zrotation
												End Site
												{
													OFFSET -0.018602 -0.011427 0.013655
												}
											}
										}
									}
								}
								JOINT mixamorig:RightHandIndex1
								{
									OFFSET -0.091083 -0.005179 0.022598
									CHANNELS 6 Xposition Yposition Zposition Xrotation Yrotation Zrotation
									JOINT mixamorig:RightHandIndex2
									{
										OFFSET -0.037000 0.000000 0.000000
										CHANNELS 3 Xrotation Yrotation Zrotation
										JOINT mixamorig:RightHandIndex3
										{
											OFFSET -0.028500 0.000000 0.000000
											CHANNELS 3 Xrotation Yrotation Zrotation
											JOINT mixamorig:RightHandIndex4
											{
												OFFSET -0.027722 0.000000 0.000000
												CHANNELS 3 Xrotation Yrotation Zrotation
												End Site
												{
													OFFSET -0.027722 0.000000 -0.000005
												}
											}
										}
									}
								}
								JOINT mixamorig:RightHandMiddle1
								{
									OFFSET -0.095325 0.000000 -0.000000
									CHANNELS 6 Xposition Yposition Zposition Xrotation Yrotation Zrotation
									JOINT mixamorig:RightHandMiddle2
									{
										OFFSET -0.037000 0.000000 0.000000
										CHANNELS 3 Xrotation Yrotation Zrotation
										JOINT mixamorig:RightHandMiddle3
										{
											OFFSET -0.029500 0.000000 0.000000
											CHANNELS 3 Xrotation Yrotation Zrotation
											JOINT mixamorig:RightHandMiddle4
											{
												OFFSET -0.029466 0.000000 0.000000
												CHANNELS 3 Xrotation Yrotation Zrotation
												End Site
												{
													OFFSET -0.029466 0.000000 -0.000010
												}
											}
										}
									}
								}
								JOINT mixamorig:RightHandRing1
								{
									OFFSET -0.091036 -0.000431 -0.018651
									CHANNELS 6 Xposition Yposition Zposition Xrotation Yrotation Zrotation
									JOINT mixamorig:RightHandRing2
									{
										OFFSET -0.033793 0.000000 0.000000
										CHANNELS 3 Xrotation Yrotation Zrotation
										JOINT mixamorig:RightHandRing3
										{
											OFFSET -0.028897 0.000000 0.000000
											CHANNELS 3 Xrotation Yrotation Zrotation
											JOINT mixamorig:RightHandRing4
											{
												OFFSET -0.026388 0.000000 0.000000
												CHANNELS 3 Xrotation Yrotation Zrotation
												End Site
												{
													OFFSET -0.026388 0.000000 0.000042
												}
											}
										}
									}
								}
								JOINT mixamorig:RightHandPinky1
								{
									OFFSET -0.080767 -0.004867 -0.038063
									CHANNELS 6 Xposition Yposition Zposition Xrotation Yrotation Zrotation
									JOINT mixamorig:RightHandPinky2
									{
										OFFSET -0.036000 0.000000 0.000000
										CHANNELS 3 Xrotation Yrotation Zrotation
										JOINT mixamorig:RightHandPinky3
										{
											OFFSET -0.021000 0.000000 0.000000
											CHANNELS 3 Xrotation Yrotation Zrotation
											JOINT mixamorig:RightHandPinky4
											{
												OFFSET -0.021158 0.000000 0.000000
												CHANNELS 3 Xrotation Yrotation Zrotation
												End Site
												{
													OFFSET -0.021158 0.000000 0.000002
												}
											}
										}
									}
								}
							}
						}
					}
				}
				JOINT mixamorig:LeftShoulder
				{
					OFFSET 0.045704 0.110147 -0.021608
					CHANNELS 6 Xposition Yposition Zposition Xrotation Yrotation Zrotation
					JOINT mixamorig:LeftArm
					{
						OFFSET 0.105924 -0.005246 -0.022321
						CHANNELS 3 Xrotation Yrotation Zrotation
						JOINT mixamorig:LeftForeArm
						{
							OFFSET 0.278415 0.000000 0.000000
							CHANNELS 3 Xrotation Yrotation Zrotation
							JOINT mixamorig:LeftHand
							{
								OFFSET 0.283288 0.000000 -0.000000
								CHANNELS 3 Xrotation Yrotation Zrotation
								JOINT mixamorig:LeftHandThumb1
								{
									OFFSET 0.024661 -0.015762 0.026817
									CHANNELS 6 Xposition Yposition Zposition Xrotation Yrotation Zrotation
									JOINT mixamorig:LeftHandThumb2
									{
										OFFSET 0.032433 -0.018725 0.018725
										CHANNELS 3 Xrotation Yrotation Zrotation
										JOINT mixamorig:LeftHandThumb3
										{
											OFFSET 0.026479 -0.015288 0.015288
											CHANNELS 6 Xposition Yposition Zposition Xrotation Yrotation Zrotation
											JOINT mixamorig:LeftHandThumb4
											{
												OFFSET 0.019989 -0.011541 0.011541
												CHANNELS 6 Xposition Yposition Zposition Xrotation Yrotation Zrotation
												End Site
												{
													OFFSET 0.018840 -0.011492 0.013377
												}
											}
										}
									}
								}
								JOINT mixamorig:LeftHandIndex1
								{
									OFFSET 0.091093 -0.005180 0.022599
									CHANNELS 6 Xposition Yposition Zposition Xrotation Yrotation Zrotation
									JOINT mixamorig:LeftHandIndex2
									{
										OFFSET 0.037000 0.000000 0.000000
										CHANNELS 3 Xrotation Yrotation Zrotation
										JOINT mixamorig:LeftHandIndex3
										{
											OFFSET 0.028500 0.000000 0.000000
											CHANNELS 3 Xrotation Yrotation Zrotation
											JOINT mixamorig:LeftHandIndex4
											{
												OFFSET 0.027749 0.000000 0.000000
												CHANNELS 3 Xrotation Yrotation Zrotation
												End Site
												{
													OFFSET 0.027749 0.000000 -0.000001
												}
											}
										}
									}
								}
								JOINT mixamorig:LeftHandMiddle1
								{
									OFFSET 0.095334 0.000000 0.000000
									CHANNELS 6 Xposition Yposition Zposition Xrotation Yrotation Zrotation
									JOINT mixamorig:LeftHandMiddle2
									{
										OFFSET 0.037000 0.000000 0.000000
										CHANNELS 3 Xrotation Yrotation Zrotation
										JOINT mixamorig:LeftHandMiddle3
										{
											OFFSET 0.029500 0.000000 0.000000
											CHANNELS 3 Xrotation Yrotation Zrotation
											JOINT mixamorig:LeftHandMiddle4
											{
												OFFSET 0.029529 0.000000 0.000000
												CHANNELS 3 Xrotation Yrotation Zrotation
												End Site
												{
													OFFSET 0.029529 0.000000 0.000002
												}
											}
										}
									}
								}
								JOINT mixamorig:LeftHandRing1
								{
									OFFSET 0.091045 -0.000430 -0.018651
									CHANNELS 6 Xposition Yposition Zposition Xrotation Yrotation Zrotation
									JOINT mixamorig:LeftHandRing2
									{
										OFFSET 0.031500 0.000000 0.000000
										CHANNELS 3 Xrotation Yrotation Zrotation
										JOINT mixamorig:LeftHandRing3
										{
											OFFSET 0.029500 0.000000 0.000000
											CHANNELS 3 Xrotation Yrotation Zrotation
											JOINT mixamorig:LeftHandRing4
											{
												OFFSET 0.026443 0.000000 0.000000
												CHANNELS 3 Xrotation Yrotation Zrotation
												End Site
												{
													OFFSET 0.026443 0.000000 0.000001
												}
											}
										}
									}
								}
								JOINT mixamorig:LeftHandPinky1
								{
									OFFSET 0.080778 -0.004869 -0.038063
									CHANNELS 6 Xposition Yposition Zposition Xrotation Yrotation Zrotation
									JOINT mixamorig:LeftHandPinky2
									{
										OFFSET 0.036000 0.000000 0.000000
										CHANNELS 3 Xrotation Yrotation Zrotation
										JOINT mixamorig:LeftHandPinky3
										{
											OFFSET 0.021000 0.000000 0.000000
											CHANNELS 3 Xrotation Yrotation Zrotation
											JOINT mixamorig:LeftHandPinky4
											{
												OFFSET 0.021255 0.000000 0.000000
												CHANNELS 3 Xrotation Yrotation Zrotation
												End Site
												{
													OFFSET 0.021255 0.000000 -0.000013
												}
											}
										}
									}
								}
							}
						}
					}
				}
			}
		}
	}
	JOINT mixamorig:RightUpLeg
	{
		OFFSET -0.082078 -0.067517 -0.015995
		CHANNELS 6 Xposition Yposition Zposition Xrotation Yrotation Zrotation
		JOINT mixamorig:RightLeg
		{
			OFFSET 0.000000 -0.443702 0.003459
			CHANNELS 3 Xrotation Yrotation Zrotation
			JOINT mixamorig:RightFoot
			{
				OFFSET 0.000000 -0.444237 -0.030435
				CHANNELS 3 Xrotation Yrotation Zrotation
				JOINT mixamorig:RightToeBase
				{
					OFFSET 0.000000 -0.087287 0.107106
					CHANNELS 3 Xrotation Yrotation Zrotation
					JOINT mixamorig:RightToe_End
					{
						OFFSET 0.000000 -0.000007 0.092781
						CHANNELS 3 Xrotation Yrotation Zrotation
						End Site
						{
							OFFSET 0.000000 -0.000007 0.092781
						}
					}
				}
			}
		}
	}
	JOINT mixamorig:LeftUpLeg
	{
		OFFSET 0.082078 -0.067517 -0.015995
		CHANNELS 6 Xposition Yposition Zposition Xrotation Yrotation Zrotation
		JOINT mixamorig:LeftLeg
		{
			OFFSET 0.000000 -0.443700 0.003469
			CHANNELS 3 Xrotation Yrotation Zrotation
			JOINT mixamorig:LeftFoot
			{
				OFFSET 0.000000 -0.444236 -0.030444
				CHANNELS 3 Xrotation Yrotation Zrotation
				JOINT mixamorig:LeftToeBase
				{
					OFFSET 0.000000 -0.087287 0.107106
					CHANNELS 3 Xrotation Yrotation Zrotation
					JOINT mixamorig:LeftToe_End
					{
						OFFSET 0.000000 -0.000007 0.092781
						CHANNELS 3 Xrotation Yrotation Zrotation
						End Site
						{
							OFFSET 0.000000 -0.000007 0.092781
						}
					}
				}
			}
		}
	}
}
MOTION
Frames: 331
Frame Time: 0.016667
-0.002193 0.989889 0.003886 5.021233 -3.709366 8.535847 -0.000000 0.101816 0.001315 6.015290 -1.813555 2.180436 12.141533 -3.100137 5.546403 12.141522 -3.100138 5.546400 0.000000 0.167404 -0.020490 9.725694 -9.957291 6.975682 -0.000000 0.096179 0.016850 12.412799 -8.701621 -4.539871 0.000000 0.220374 0.075011 0.000000 -0.000002 0.000001 -0.045700 0.110149 -0.021608 -30.181650 22.157016 -11.514523 -59.220097 -7.868976 46.263323 6.495308 123.990336 -5.392232 -26.654168 1.997383 -5.326878 -0.024648 -0.015740 0.026819 -28.609567 -10.644834 0.170604 0.941268 -1.290261 0.235499 -0.026463 -0.015278 0.015278 -0.000011 0.000006 -0.000006 -0.019946 -0.011516 0.011516 -0.000000 -0.000003 -0.000000 -0.091083 -0.005179 0.022598 -3.993860 -6.999526 18.566611 0.402642 -1.732414 30.432123 -0.000002 0.000002 -0.000003 -0.000001 0.000001 -0.000000 -0.095325 0.000000 -0.000000 1.179053 -4.694148 25.563349 -0.268811 1.048407 19.743925 -0.000000 0.000000 0.000006 0.000000 0.000000 0.000006 -0.091036 -0.000431 -0.018651 -0.500099 -6.227273 31.110883 1.398945 0.254767 14.962545 -0.000007 0.000004 0.000016 0.000001 0.000001 0.000008 -0.080767 -0.004867 -0.038063 2.384807 -6.017409 33.822301 -0.305304 1.288873 11.805870 -0.000002 0.000003 0.000016 0.000000 -0.000001 0.000007 0.045704 0.110147 -0.021608 -31.343571 -18.805667 8.317904 -49.879280 -0.374707 -75.978136 -0.181368 -125.457871 -0.148129 -10.229940 -3.269418 20.083638 0.024661 -0.015762 0.026817 -48.512371 13.157086 -3.971852 5.849540 14.755444 1.800831 0.026479 -0.015288 0.015287 -0.000005 0.000018 -0.000015 0.019989 -0.011541 0.011541 0.000002 -0.000003 0.000003 0.091093 -0.005180 0.022599 -8.053855 8.573585 -26.955548 0.740322 1.852074 -22.932451 -0.000002 -0.000002 -0.000000 -0.000001 0.000000 -0.000001 0.095334 0.000000 -0.000000 -0.697603 0.625148 -32.061758 -0.334590 -1.124268 -27.158301 0.000001 -0.000001 0.000002 0.000002 -0.000003 0.000001 0.091045 -0.000430 -0.018651 -1.376001 1.579528 -35.064173 -0.336765 -0.826067 -21.997114 -0.000001 0.000001 -0.000000 -0.000000 0.000000 0.000000 0.080778 -0.004869 -0.038063 3.025536 -1.499680 -40.467378 -0.114744 -1.334800 -8.145119 -0.000008 -0.000012 -0.000013 -0.000001 -0.000002 0.000000 -0.082078 -0.067517 -0.015995 -32.259171 4.518280 -11.426542 35.697717 0.269824 1.405441 -7.788512 -6.850154 2.622993 -0.656439 2.946459 -0.470077 0.000000 0.000000 0.000000 0.082078 -0.067517 -0.015995 -16.210996 26.695111 3.367482 29.266121 -0.325976 -1.039455 -17.318797 -8.156082 -3.026594 -0.863769 5.269184 -2.976977 0.000000 0.000002 0.000000 
-0.002114 0.989844 0.004049 4.952622 -3.914659 8.564699 0.000000 0.101815 0.001315 5.937975 -1.811841 2.176549 11.986881 -3.103686 5.538971 11.986889 -3.103687 5.538975 0.000000 0.167404 -0.020490 9.683464 -9.966992 6.976114 -0.000000 0.096179 0.016850 12.444485 -8.688743 -4.550475 0.000000 0.220374 0.075011 -0.000001 0.000001 -0.000002 -0.045700 0.110149 -0.021608 -30.371771 21.994611 -11.017712 -59.253981 -7.211650 46.187682 6.522826 123.800607 -5.427216 -26.650076 1.968286 -5.385184 -0.024648 -0.015740 0.026819 -28.609564 -10.644846 0.170616 0.941262 -1.290259 0.235487 -0.026463 -0.015278 0.015278 -0.000008 0.000008 -0.000006 -0.019946 -0.011516 0.011516 0.000001 -0.000002 0.000005 -0.091083 -0.005179 0.022598 -3.993866 -6.999539 18.566599 0.402643 -1.732414 30.432137 -0.000002 0.000002 -0.000006 0.000001 0.000001 -0.000003 -0.095325 -0.000000 -0.000000 1.179064 -4.694155 25.563323 -0.268827 1.048407 19.743956 -0.000000 -0.000001 0.000002 -0.000001 -0.000001 0.000004 -0.091036 -0.000431 -0.018651 -0.500090 -6.227282 31.110883 1.398929 0.254769 14.962569 -0.000007 0.000006 0.000014 -0.000001 0.000000 0.000007 -0.080767 -0.004867 -0.038063 2.384808 -6.017434 33.822328 -0.305294 1.288883 11.805846 -0.000001 0.000003 0.000017 -0.000001 -0.000001 0.000001 0.045704 0.110147 -0.021608 -31.039583 -18.745328 8.107588 -50.308776 -0.662988 -75.825550 -0.189493 -125.443227 -0.154738 -10.197674 -3.146064 20.086605 0.024661 -0.015762 0.026817 -48.512351 13.157078 -3.971853 5.849527 14.755466 1.800837 0.026479 -0.015287 0.015288 -0.000004 0.000008 -0.000013 0.019989 -0.011541 0.011541 -0.000000 0.000004 0.000003 0.091093 -0.005180 0.022599 -8.053837 8.573600 -26.955545 0.740319 1.852056 -22.932456 -0.000003 -0.000002 -0.000000 -0.000004 -0.000004 -0.000002 0.095334 -0.000000 0.000000 -0.697586 0.625159 -32.061755 -0.334592 -1.124271 -27.158311 0.000000 0.000001 -0.000001 0.000001 0.000003 -0.000001 0.091045 -0.000430 -0.018651 -1.375990 1.579534 -35.064169 -0.336767 -0.826067 -21.997119 0.000001 -0.000000 -0.000001 0.000000 0.000001 -0.000001 0.080778 -0.004869 -0.038063 3.025541 -1.499676 -40.467402 -0.114745 -1.334801 -8.145113 -0.000008 -0.000013 -0.000012 -0.000001 -0.000004 0.000000 -0.082078 -0.067517 -0.015995 -32.217995 4.517743 -11.429285 35.727220 0.271461 1.406525 -7.800762 -6.650505 2.605664 -0.594627 2.741362 -0.426383 -0.000000 -0.000000 -0.000000 0.082078 -0.067517 -0.015995 -16.071374 26.683182 3.312831 29.270202 -0.329034 -1.039730 -17.359554 -7.938269 -3.014806 -0.858034 5.047203 -2.858587 0.000000 -0.000001 -0.000000 
-0.002077 0.989771 0.004220 4.890307 -4.128367 8.594790 -0.000000 0.101816 0.001315 5.857656 -1.808013 2.170114 11.826006 -3.103355 5.526200 11.826000 -3.103357 5.526199 -0.000000 0.167404 -0.020490 9.629390 -9.975288 6.959884 0.000000 0.096178 0.016850 12.486974 -8.672208 -4.549042 -0.000000 0.220374 0.075011 -0.000003 -0.000001 0.000000 -0.045700 0.110149 -0.021608 -30.564704 21.829428 -10.513175 -59.281876 -6.540596 46.109320 6.548789 123.607108 -5.461180 -26.648251 1.947520 -5.448444 -0.024648 -0.015740 0.026819 -28.609559 -10.644834 0.170622 0.941246 -1.290255 0.235499 -0.026463 -0.015278 0.015278 -0.000007 0.000008 -0.000004 -0.019946 -0.011516 0.011516 0.000002 -0.000004 0.000005 -0.091083 -0.005179 0.022598 -3.993856 -6.999523 18.566611 0.402636 -1.732413 30.432143 -0.000004 0.000002 -0.000003 -0.000001 0.000001 -0.000001 -0.095325 0.000000 -0.000000 1.179059 -4.694143 25.563347 -0.268818 1.048412 19.743954 -0.000001 0.000000 -0.000001 -0.000001 0.000000 0.000001 -0.091036 -0.000431 -0.018651 -0.500077 -6.227275 31.110914 1.398924 0.254779 14.962542 -0.000007 0.000004 0.000013 0.000000 -0.000000 0.000005 -0.080767 -0.004867 -0.038063 2.384810 -6.017410 33.822339 -0.305303 1.288872 11.805856 -0.000001 0.000002 0.000014 -0.000001 -0.000001 0.000001 0.045704 0.110147 -0.021608 -30.729591 -18.687544 7.887846 -50.743422 -0.960390 -75.657514 -0.200939 -125.431547 -0.164143 -10.167900 -3.020772 20.094878 0.024661 -0.015762 0.026817 -48.512361 13.157071 -3.971851 5.849543 14.755459 1.800811 0.026479 -0.015287 0.015288 -0.000007 0.000011 -0.000014 0.019989 -0.011541 0.011541 0.000003 -0.000003 0.000003 0.091093 -0.005180 0.022599 -8.053849 8.573590 -26.955536 0.740328 1.852089 -22.932451 0.000001 0.000003 0.000000 0.000002 0.000001 -0.000002 0.095334 0.000000 -0.000000 -0.697600 0.625159 -32.061741 -0.334588 -1.124265 -27.158316 -0.000000 0.000003 -0.000000 0.000000 0.000001 -0.000002 0.091045 -0.000430 -0.018651 -1.376006 1.579529 -35.064156 -0.336768 -0.826060 -21.997121 -0.000001 0.000002 -0.000000 0.000002 0.000002 -0.000000 0.080778 -0.004869 -0.038063 3.025539 -1.499672 -40.467365 -0.114745 -1.334795 -8.145138 -0.000011 -0.000012 -0.000015 -0.000001 -0.000001 -0.000000 -0.082078 -0.067517 -0.015995 -32.187680 4.525945 -11.425652 35.766409 0.273581 1.407963 -7.817389 -6.450945 2.585698 -0.532115 2.531254 -0.381846 0.000000 0.000000 0.000000 0.082078 -0.067517 -0.015995 -15.942041 26.674011 3.262993 29.283511 -0.331852 -1.040276 -17.405762 -7.715204 -3.004981 -0.852009 4.821489 -2.737411 -0.000000 0.000000 0.000000 
-0.002152 0.989622 0.004408 4.846845 -4.364259 8.628190 -0.000000 0.101816 0.001315 5.769022 -1.798408 2.156785 11.647932 -3.092453 5.498885 11.647938 -3.092452 5.498890 -0.000000 0.167404 -0.020490 9.544856 -9.978211 6.905769 -0.000000 0.096178 0.016850 12.558222 -8.642514 -4.519614 0.000000 0.220374 0.075011 0.000005 -0.000001 0.000000 -0.045700 0.110149 -0.021608 -30.765382 21.660143 -9.983710 -59.291329 -5.832780 46.018205 6.569767 123.405140 -5.491633 -26.655411 1.952504 -5.532438 -0.024648 -0.015740 0.026819 -28.609566 -10.644841 0.170614 0.941266 -1.290257 0.235512 -0.026463 -0.015278 0.015278 -0.000006 0.000006 -0.000007 -0.019946 -0.011516 0.011516 0.000002 -0.000003 -0.000000 -0.091083 -0.005179 0.022598 -3.993877 -6.999532 18.566602 0.402661 -1.732418 30.432130 -0.000003 0.000001 -0.000002 -0.000000 -0.000000 0.000005 -0.095325 0.000000 -0.000000 1.179045 -4.694144 25.563354 -0.268814 1.048403 19.743932 0.000000 0.000000 0.000003 0.000001 0.000000 0.000006 -0.091036 -0.000431 -0.018651 -0.500104 -6.227279 31.110900 1.398939 0.254775 14.962544 -0.000008 0.000005 0.000012 -0.000000 0.000001 0.000004 -0.080767 -0.004867 -0.038063 2.384800 -6.017418 33.822335 -0.305297 1.288869 11.805850 -0.000001 0.000003 0.000018 -0.000001 0.000000 0.000006 0.045704 0.110147 -0.021608 -30.403522 -18.633292 7.648558 -51.192859 -1.279677 -75.453537 -0.221124 -125.427121 -0.180552 -10.143087 -2.887401 20.111600 0.024661 -0.015762 0.026817 -48.512351 13.157075 -3.971859 5.849524 14.755464 1.800825 0.026479 -0.015287 0.015288 -0.000007 0.000013 -0.000016 0.019989 -0.011541 0.011541 0.000000 -0.000001 0.000003 0.091093 -0.005180 0.022599 -8.053868 8.573581 -26.955545 0.740320 1.852081 -22.932452 0.000001 0.000001 -0.000001 0.000002 0.000001 -0.000002 0.095334 -0.000000 -0.000000 -0.697627 0.625146 -32.061772 -0.334581 -1.124255 -27.158313 0.000001 0.000001 0.000001 0.000002 0.000003 -0.000001 0.091045 -0.000430 -0.018651 -1.376012 1.579533 -35.064156 -0.336762 -0.826072 -21.997116 -0.000000 0.000002 -0.000002 0.000001 0.000002 -0.000001 0.080778 -0.004869 -0.038063 3.025525 -1.499680 -40.467409 -0.114745 -1.334792 -8.145105 -0.000011 -0.000011 -0.000014 -0.000001 0.000003 -0.000001 -0.082078 -0.067517 -0.015995 -32.188988 4.559004 -11.403354 35.832412 0.276945 1.410384 -7.845912 -6.253380 2.558876 -0.468285 2.308138 -0.336425 -0.000000 -0.000000 -0.000000 0.082078 -0.067517 -0.015995 -15.844476 26.675135 3.229023 29.323136 -0.334217 -1.041642 -17.465624 -7.480942 -3.002096 -0.846717 4.584250 -2.608249 -0.000000 -0.000001 -0.000000 
-0.002296 0.989425 0.004619 4.809674 -4.614304 8.665816 0.000000 0.101816 0.001315 5.675839 -1.785393 2.139319 11.460415 -3.075228 5.463361 11.460418 -3.075231 5.463346 0.000000 0.167404 -0.020490 9.438746 -9.981624 6.811086 -0.000000 0.096179 0.016850 12.647295 -8.613069 -4.462115 -0.000000 0.220374 0.075011 0.000002 -0.000001 -0.000002 -0.045700 0.110149 -0.021608 -30.970786 21.482454 -9.446361 -59.295413 -5.102733 45.934269 6.588018 123.193841 -5.520403 -26.660709 1.964476 -5.609553 -0.024648 -0.015740 0.026819 -28.609560 -10.644842 0.170629 0.941268 -1.290257 0.235478 -0.026463 -0.015278 0.015278 -0.000005 0.000006 -0.000005 -0.019946 -0.011516 0.011516 0.000001 0.000000 0.000001 -0.091083 -0.005179 0.022598 -3.993863 -6.999526 18.566607 0.402632 -1.732421 30.432140 -0.000002 0.000002 -0.000003 0.000001 0.000001 0.000001 -0.095325 0.000000 -0.000000 1.179057 -4.694142 25.563339 -0.268827 1.048408 19.743929 -0.000000 -0.000001 0.000003 -0.000001 -0.000001 0.000004 -0.091036 -0.000431 -0.018651 -0.500096 -6.227284 31.110876 1.398933 0.254779 14.962549 -0.000007 0.000006 0.000013 -0.000000 -0.000001 0.000005 -0.080767 -0.004867 -0.038063 2.384804 -6.017420 33.822335 -0.305304 1.288877 11.805840 -0.000002 0.000003 0.000014 -0.000000 -0.000001 -0.000001 0.045704 0.110147 -0.021608 -30.066462 -18.589963 7.384476 -51.649197 -1.618686 -75.212978 -0.247552 -125.428706 -0.202090 -10.126132 -2.756604 20.148628 0.024661 -0.015762 0.026817 -48.512368 13.157077 -3.971852 5.849518 14.755447 1.800849 0.026479 -0.015287 0.015288 -0.000007 0.000013 -0.000011 0.019989 -0.011541 0.011541 0.000000 0.000005 0.000003 0.091093 -0.005180 0.022599 -8.053852 8.573582 -26.955545 0.740326 1.852100 -22.932446 0.000001 0.000001 0.000001 -0.000001 -0.000001 0.000000 0.095334 -0.000000 -0.000000 -0.697602 0.625149 -32.061758 -0.334583 -1.124273 -27.158311 -0.000001 -0.000001 -0.000000 -0.000002 -0.000001 -0.000002 0.091045 -0.000430 -0.018651 -1.376014 1.579531 -35.064159 -0.336756 -0.826062 -21.997121 0.000001 0.000000 -0.000000 0.000002 0.000006 0.000000 0.080778 -0.004869 -0.038063 3.025521 -1.499681 -40.467385 -0.114731 -1.334788 -8.145116 -0.000009 -0.000014 -0.000012 0.000002 0.000004 -0.000001 -0.082078 -0.067517 -0.015995 -32.205039 4.604061 -11.373773 35.917506 0.281312 1.413503 -7.884177 -6.052351 2.527338 -0.403232 2.075639 -0.289828 0.000000 0.000001 0.000000 0.082078 -0.067517 -0.015995 -15.756657 26.675044 3.198276 29.376855 -0.336083 -1.043424 -17.534786 -7.231600 -3.002335 -0.841657 4.343430 -2.475823 -0.000000 -0.000001 0.000000 
-0.002498 0.989189 0.004855 4.772822 -4.876396 8.708926 0.000000 0.101816 0.001315 5.579364 -1.769964 2.119136 11.266109 -3.053470 5.422757 11.266103 -3.053471 5.422757 0.000000 0.167404 -0.020490 9.313224 -9.989832 6.661394 -0.000000 0.096179 0.016850 12.751234 -8.595220 -4.368429 0.000000 0.220374 0.075010 0.000002 -0.000002 -0.000001 -0.045700 0.110149 -0.021608 -31.179346 21.290944 -8.912695 -59.303459 -4.355720 45.878125 6.604594 122.969223 -5.548661 -26.653876 1.968230 -5.654092 -0.024648 -0.015740 0.026819 -28.609548 -10.644834 0.170615 0.941265 -1.290247 0.235497 -0.026463 -0.015278 0.015278 -0.000007 0.000006 -0.000005 -0.019946 -0.011516 0.011516 0.000003 -0.000001 -0.000000 -0.091083 -0.005179 0.022598 -3.993868 -6.999527 18.566609 0.402649 -1.732419 30.432137 -0.000003 0.000002 -0.000000 0.000001 0.000001 0.000004 -0.095325 0.000000 0.000000 1.179060 -4.694140 25.563340 -0.268807 1.048400 19.743934 -0.000000 -0.000002 0.000002 -0.000000 -0.000002 0.000004 -0.091036 -0.000431 -0.018651 -0.500091 -6.227273 31.110911 1.398950 0.254775 14.962528 -0.000008 0.000005 0.000010 0.000000 -0.000000 0.000002 -0.080767 -0.004867 -0.038063 2.384804 -6.017409 33.822339 -0.305295 1.288868 11.805848 -0.000001 0.000003 0.000015 0.000000 0.000000 0.000001 0.045704 0.110147 -0.021608 -29.719461 -18.566961 7.084498 -52.106670 -1.979855 -74.923268 -0.279766 -125.437708 -0.228312 -10.122414 -2.636376 20.222785 0.024661 -0.015762 0.026817 -48.512341 13.157107 -3.971855 5.849522 14.755456 1.800830 0.026479 -0.015287 0.015287 -0.000007 0.000016 -0.000012 0.019989 -0.011541 0.011541 0.000002 -0.000001 -0.000000 0.091093 -0.005180 0.022599 -8.053846 8.573597 -26.955550 0.740314 1.852079 -22.932457 -0.000002 0.000003 -0.000000 -0.000004 0.000002 0.000000 0.095334 0.000000 -0.000000 -0.697598 0.625152 -32.061758 -0.334587 -1.124253 -27.158314 0.000000 0.000002 0.000000 -0.000001 -0.000001 -0.000001 0.091045 -0.000430 -0.018651 -1.376002 1.579540 -35.064173 -0.336759 -0.826073 -21.997109 0.000000 0.000003 -0.000000 0.000001 0.000003 -0.000000 0.080778 -0.004869 -0.038063 3.025549 -1.499674 -40.467392 -0.114749 -1.334813 -8.145141 -0.000011 -0.000013 -0.000013 -0.000001 0.000001 -0.000003 -0.082078 -0.067517 -0.015995 -32.229122 4.656404 -11.342047 36.020519 0.286791 1.417299 -7.932346 -5.844607 2.491566 -0.336588 1.834157 -0.241565 -0.000000 0.000001 0.000000 0.082078 -0.067517 -0.015995 -15.668959 26.664618 3.163908 29.441431 -0.337821 -1.045543 -17.611626 -6.959519 -3.004968 -0.839916 4.104571 -2.342474 -0.000000 0.000001 0.000000 
-0.002741 0.988928 0.005133 4.729039 -5.146731 8.757733 0.000000 0.101816 0.001315 5.481548 -1.752546 2.096144 11.068938 -3.028049 5.377189 11.068938 -3.028050 5.377186 0.000000 0.167404 -0.020490 9.170570 -10.003156 6.471025 0.000000 0.096179 0.016850 12.864202 -8.585351 -4.246604 0.000000 0.220374 0.075011 0.000002 0.000000 -0.000003 -0.045700 0.110149 -0.021608 -31.390907 21.087521 -8.381644 -59.313677 -3.596174 45.837666 6.619139 122.735453 -5.575826 -26.639985 1.970618 -5.676267 -0.024648 -0.015740 0.026819 -28.609559 -10.644833 0.170628 0.941273 -1.290242 0.235487 -0.026463 -0.015278 0.015278 -0.000006 0.000010 -0.000002 -0.019946 -0.011516 0.011516 0.000001 -0.000003 0.000001 -0.091083 -0.005179 0.022598 -3.993860 -6.999525 18.566607 0.402651 -1.732414 30.432123 -0.000003 0.000002 -0.000004 -0.000002 -0.000001 -0.000001 -0.095325 0.000000 -0.000000 1.179053 -4.694136 25.563332 -0.268813 1.048402 19.743961 -0.000001 0.000000 -0.000001 0.000000 -0.000000 0.000003 -0.091036 -0.000431 -0.018651 -0.500089 -6.227279 31.110904 1.398937 0.254784 14.962549 -0.000007 0.000005 0.000015 -0.000001 -0.000001 0.000004 -0.080767 -0.004867 -0.038063 2.384813 -6.017418 33.822315 -0.305294 1.288880 11.805865 -0.000002 0.000003 0.000016 -0.000001 0.000002 0.000000 0.045704 0.110147 -0.021608 -29.363762 -18.559362 6.756063 -52.568227 -2.362129 -74.599791 -0.317217 -125.449798 -0.258799 -10.126952 -2.528578 20.322239 0.024661 -0.015762 0.026817 -48.512351 13.157086 -3.971864 5.849532 14.755456 1.800832 0.026479 -0.015288 0.015288 -0.000006 0.000016 -0.000013 0.019989 -0.011541 0.011541 -0.000002 -0.000000 -0.000002 0.091093 -0.005180 0.022599 -8.053839 8.573601 -26.955543 0.740326 1.852064 -22.932451 0.000000 -0.000001 -0.000000 -0.000001 -0.000004 -0.000002 0.095334 0.000000 0.000000 -0.697592 0.625159 -32.061758 -0.334584 -1.124273 -27.158304 0.000000 0.000001 -0.000000 -0.000000 0.000000 -0.000002 0.091045 -0.000430 -0.018651 -1.375992 1.579532 -35.064152 -0.336764 -0.826061 -21.997133 0.000000 0.000001 -0.000001 0.000000 0.000002 -0.000002 0.080778 -0.004869 -0.038063 3.025540 -1.499676 -40.467378 -0.114741 -1.334796 -8.145134 -0.000011 -0.000013 -0.000014 0.000000 -0.000003 0.000001 -0.082078 -0.067517 -0.015995 -32.251959 4.707867 -11.314384 36.139337 0.292957 1.421643 -7.991266 -5.625343 2.452272 -0.269162 1.585503 -0.192209 0.000000 -0.000000 -0.000000 0.082078 -0.067517 -0.015995 -15.568653 26.643892 3.121522 29.510464 -0.339111 -1.047774 -17.694537 -6.669092 -3.009504 -0.832315 3.867021 -2.210102 -0.000000 0.000001 0.000000 
-0.003002 0.988660 0.005473 4.666277 -5.420599 8.813859 0.000000 0.101815 0.001315 5.384841 -1.734218 2.070975 10.873973 -3.000997 5.328643 10.873962 -3.000998 5.328638 0.000000 0.167404 -0.020490 9.013739 -10.025551 6.239871 -0.000000 0.096178 0.016850 12.979937 -8.588857 -4.097035 0.000000 0.220374 0.075011 -0.000002 -0.000003 0.000001 -0.045700 0.110149 -0.021608 -31.604207 20.868050 -7.862192 -59.330206 -2.830921 45.819542 6.632132 122.492216 -5.602304 -26.616243 1.968226 -5.666167 -0.024648 -0.015740 0.026819 -28.609557 -10.644829 0.170621 0.941262 -1.290257 0.235494 -0.026463 -0.015278 0.015278 -0.000008 0.000008 -0.000008 -0.019946 -0.011516 0.011516 0.000001 0.000000 0.000001 -0.091083 -0.005179 0.022598 -3.993863 -6.999528 18.566609 0.402644 -1.732417 30.432113 -0.000002 0.000001 -0.000005 -0.000000 -0.000001 0.000001 -0.095325 0.000000 -0.000000 1.179061 -4.694147 25.563334 -0.268820 1.048418 19.743946 0.000000 -0.000001 0.000001 0.000000 -0.000000 0.000002 -0.091036 -0.000431 -0.018651 -0.500106 -6.227273 31.110883 1.398946 0.254771 14.962542 -0.000007 0.000006 0.000014 0.000000 0.000002 0.000005 -0.080767 -0.004867 -0.038063 2.384806 -6.017415 33.822325 -0.305304 1.288878 11.805840 -0.000001 0.000003 0.000016 0.000001 0.000001 0.000007 0.045704 0.110147 -0.021608 -29.000450 -18.571274 6.395025 -53.032778 -2.767595 -74.243678 -0.359263 -125.463021 -0.293003 -10.139127 -2.439837 20.450413 0.024661 -0.015762 0.026817 -48.512347 13.157079 -3.971866 5.849515 14.755459 1.800844 0.026479 -0.015288 0.015287 -0.000005 0.000013 -0.000014 0.019989 -0.011541 0.011541 -0.000004 0.000000 0.000003 0.091093 -0.005180 0.022599 -8.053868 8.573582 -26.955531 0.740335 1.852089 -22.932463 -0.000003 0.000001 0.000000 -0.000003 0.000000 -0.000001 0.095334 0.000000 0.000000 -0.697610 0.625151 -32.061751 -0.334581 -1.124272 -27.158316 -0.000001 -0.000000 0.000000 -0.000000 -0.000001 0.000000 0.091045 -0.000430 -0.018651 -1.376011 1.579531 -35.064149 -0.336762 -0.826064 -21.997128 -0.000001 -0.000001 -0.000000 0.000001 0.000004 -0.000000 0.080778 -0.004869 -0.038063 3.025538 -1.499677 -40.467382 -0.114751 -1.334802 -8.145128 -0.000012 -0.000014 -0.000014 0.000002 0.000004 -0.000002 -0.082078 -0.067517 -0.015995 -32.258888 4.748461 -11.300888 36.271549 0.299533 1.426451 -8.062319 -5.388063 2.410544 -0.201464 1.331040 -0.142103 -0.000000 -0.000001 -0.000000 0.082078 -0.067517 -0.015995 -15.434785 26.608114 3.061564 29.574388 -0.339958 -1.049790 -17.780109 -6.360410 -3.015752 -0.814311 3.634949 -2.082051 -0.000000 -0.000001 0.000000 
-0.003287 0.988380 0.005867 4.592907 -5.698797 8.873930 0.000000 0.101815 0.001315 5.288826 -1.714128 2.042568 10.680205 -2.970716 5.274370 10.680211 -2.970725 5.274368 0.000000 0.167404 -0.020490 8.843244 -10.050796 5.996880 -0.000000 0.096179 0.016850 13.097123 -8.590261 -3.934371 0.000000 0.220374 0.075011 0.000000 0.000000 -0.000001 -0.045700 0.110149 -0.021609 -31.820267 20.645194 -7.335959 -59.344187 -2.058129 45.788393 6.642114 122.248788 -5.626195 -26.596267 1.976774 -5.658186 -0.024648 -0.015740 0.026819 -28.609550 -10.644836 0.170613 0.941253 -1.290257 0.235500 -0.026463 -0.015278 0.015278 -0.000010 0.000010 -0.000002 -0.019946 -0.011516 0.011516 0.000003 -0.000006 -0.000000 -0.091083 -0.005179 0.022598 -3.993867 -6.999524 18.566611 0.402642 -1.732406 30.432126 -0.000003 0.000001 -0.000001 -0.000000 -0.000001 0.000003 -0.095325 0.000000 0.000000 1.179040 -4.694131 25.563356 -0.268808 1.048396 19.743932 -0.000000 0.000000 0.000002 -0.000000 -0.000000 0.000001 -0.091036 -0.000431 -0.018651 -0.500104 -6.227266 31.110907 1.398947 0.254771 14.962550 -0.000007 0.000006 0.000013 0.000000 0.000000 0.000002 -0.080767 -0.004867 -0.038063 2.384809 -6.017411 33.822342 -0.305307 1.288888 11.805856 -0.000002 0.000002 0.000014 -0.000000 0.000000 0.000003 0.045704 0.110147 -0.021608 -28.630372 -18.585662 6.025005 -53.506725 -3.189184 -73.884977 -0.405784 -125.471572 -0.330862 -10.151187 -2.364141 20.578325 0.024661 -0.015762 0.026817 -48.512351 13.157093 -3.971864 5.849522 14.755452 1.800827 0.026479 -0.015287 0.015288 -0.000009 0.000011 -0.000012 0.019989 -0.011541 0.011541 0.000001 -0.000003 0.000001 0.091093 -0.005180 0.022599 -8.053860 8.573585 -26.955560 0.740319 1.852076 -22.932447 -0.000002 0.000001 0.000000 -0.000002 0.000004 -0.000002 0.095334 0.000000 0.000000 -0.697620 0.625147 -32.061751 -0.334587 -1.124256 -27.158314 0.000000 0.000000 0.000002 -0.000001 -0.000001 0.000001 0.091045 -0.000430 -0.018651 -1.376024 1.579521 -35.064173 -0.336748 -0.826043 -21.997107 0.000001 0.000003 -0.000000 0.000001 0.000007 -0.000000 0.080778 -0.004869 -0.038063 3.025522 -1.499684 -40.467399 -0.114740 -1.334791 -8.145094 -0.000008 -0.000013 -0.000012 -0.000000 -0.000000 0.000000 -0.082078 -0.067517 -0.015995 -32.258386 4.779152 -11.295751 36.414925 0.306123 1.431615 -8.143017 -5.134486 2.365903 -0.134085 1.072413 -0.091640 0.000000 0.000001 0.000000 0.082078 -0.067517 -0.015995 -15.281508 26.562643 2.992177 29.637318 -0.340293 -1.051740 -17.869653 -6.038494 -3.023662 -0.775439 3.399799 -1.955805 -0.000000 -0.000001 0.000000 
-0.003593 0.988095 0.006318 4.510677 -5.980093 8.935902 -0.000000 0.101815 0.001315 5.193970 -1.691884 2.010050 10.488576 -2.936482 5.212432 10.488581 -2.936480 5.212435 -0.000000 0.167403 -0.020490 8.661529 -10.075463 5.768238 0.000000 0.096178 0.016850 13.210341 -8.578131 -3.771416 -0.000000 0.220374 0.075011 -0.000000 -0.000002 0.000002 -0.045700 0.110149 -0.021608 -32.039389 20.427801 -6.789671 -59.349645 -1.278649 45.714856 6.647701 122.013297 -5.645834 -26.590874 2.010162 -5.679617 -0.024648 -0.015740 0.026819 -28.609542 -10.644830 0.170626 0.941270 -1.290257 0.235478 -0.026463 -0.015278 0.015278 -0.000009 0.000008 -0.000007 -0.019946 -0.011516 0.011516 0.000001 -0.000006 -0.000002 -0.091083 -0.005179 0.022598 -3.993861 -6.999530 18.566611 0.402646 -1.732410 30.432120 -0.000003 0.000001 -0.000003 -0.000000 -0.000001 0.000002 -0.095325 0.000000 0.000000 1.179064 -4.694147 25.563332 -0.268821 1.048411 19.743937 -0.000000 0.000001 0.000001 0.000000 -0.000000 0.000004 -0.091036 -0.000431 -0.018651 -0.500094 -6.227279 31.110904 1.398938 0.254780 14.962533 -0.000007 0.000005 0.000010 0.000000 0.000001 0.000005 -0.080767 -0.004867 -0.038063 2.384812 -6.017409 33.822322 -0.305306 1.288870 11.805864 -0.000001 0.000004 0.000018 0.000001 0.000001 0.000004 0.045704 0.110147 -0.021608 -28.254025 -18.589463 5.664914 -53.996416 -3.622672 -73.551493 -0.456548 -125.468717 -0.372231 -10.155347 -2.299837 20.680083 0.024661 -0.015762 0.026817 -48.512354 13.157080 -3.971853 5.849520 14.755466 1.800836 0.026479 -0.015288 0.015288 -0.000007 0.000008 -0.000013 0.019989 -0.011541 0.011541 0.000000 -0.000001 0.000001 0.091093 -0.005180 0.022599 -8.053859 8.573583 -26.955545 0.740329 1.852092 -22.932444 -0.000001 0.000002 -0.000000 -0.000001 0.000001 -0.000001 0.095334 0.000000 0.000000 -0.697602 0.625154 -32.061748 -0.334592 -1.124280 -27.158318 -0.000001 0.000001 -0.000001 -0.000002 0.000001 0.000000 0.091045 -0.000430 -0.018651 -1.376008 1.579529 -35.064152 -0.336756 -0.826064 -21.997107 -0.000001 0.000002 -0.000001 -0.000001 0.000005 -0.000000 0.080778 -0.004869 -0.038063 3.025533 -1.499680 -40.467378 -0.114737 -1.334788 -8.145124 -0.000012 -0.000015 -0.000012 -0.000001 -0.000002 -0.000000 -0.082078 -0.067517 -0.015995 -32.250743 4.796176 -11.298489 36.566155 0.312245 1.436982 -8.232045 -4.862928 2.318361 -0.065550 0.816124 -0.039343 0.000000 0.000000 0.000000 0.082078 -0.067517 -0.015995 -15.111109 26.511465 2.916434 29.697803 -0.340333 -1.053570 -17.962380 -5.708752 -3.033518 -0.699440 3.153677 -1.830236 -0.000000 0.000001 0.000000 
-0.003928 0.987794 0.006806 4.427407 -6.265808 8.997751 -0.000000 0.101816 0.001315 5.099800 -1.667095 1.973413 10.298065 -2.897511 5.142256 10.298067 -2.897515 5.142262 -0.000000 0.167404 -0.020490 8.466892 -10.096528 5.562777 0.000000 0.096178 0.016850 13.325107 -8.546232 -3.614368 -0.000000 0.220374 0.075011 0.000003 -0.000003 0.000001 -0.045700 0.110149 -0.021608 -32.261780 20.222201 -6.216045 -59.342084 -0.491626 45.587838 6.648520 121.788516 -5.660739 -26.605643 2.070584 -5.741866 -0.024648 -0.015740 0.026819 -28.609557 -10.644836 0.170624 0.941256 -1.290256 0.235498 -0.026462 -0.015278 0.015278 -0.000009 0.000008 -0.000005 -0.019946 -0.011516 0.011516 0.000002 -0.000001 0.000001 -0.091083 -0.005179 0.022598 -3.993848 -6.999530 18.566616 0.402646 -1.732409 30.432126 -0.000003 0.000002 -0.000004 -0.000000 -0.000001 0.000002 -0.095325 0.000000 -0.000000 1.179066 -4.694138 25.563354 -0.268813 1.048406 19.743922 -0.000000 -0.000000 0.000003 0.000000 -0.000001 0.000002 -0.091036 -0.000431 -0.018651 -0.500082 -6.227279 31.110900 1.398947 0.254772 14.962542 -0.000007 0.000006 0.000013 -0.000000 0.000001 0.000011 -0.080767 -0.004867 -0.038063 2.384823 -6.017412 33.822342 -0.305303 1.288883 11.805864 -0.000001 0.000003 0.000014 0.000001 0.000001 0.000006 0.045704 0.110147 -0.021608 -27.872221 -18.575963 5.325597 -54.500945 -4.062363 -73.250924 -0.511339 -125.455344 -0.416905 -10.150897 -2.240520 20.749679 0.024661 -0.015762 0.026817 -48.512358 13.157075 -3.971861 5.849514 14.755459 1.800848 0.026479 -0.015287 0.015288 -0.000007 0.000006 -0.000014 0.019989 -0.011541 0.011541 -0.000001 0.000006 0.000003 0.091093 -0.005180 0.022599 -8.053847 8.573588 -26.955553 0.740327 1.852077 -22.932451 -0.000003 -0.000002 0.000000 -0.000004 -0.000002 0.000001 0.095334 0.000000 -0.000000 -0.697604 0.625155 -32.061755 -0.334593 -1.124285 -27.158316 -0.000000 0.000001 0.000003 -0.000000 0.000002 0.000003 0.091045 -0.000430 -0.018651 -1.376002 1.579527 -35.064169 -0.336764 -0.826069 -21.997118 -0.000002 0.000003 -0.000002 -0.000000 0.000004 -0.000002 0.080778 -0.004869 -0.038063 3.025536 -1.499683 -40.467402 -0.114737 -1.334783 -8.145104 -0.000011 -0.000016 -0.000013 -0.000000 -0.000001 -0.000003 -0.082078 -0.067517 -0.015995 -32.245381 4.803496 -11.303284 36.725476 0.317940 1.442553 -8.327412 -4.576948 2.267481 -0.011139 0.549021 0.000107 -0.000000 -0.000000 -0.000000 0.082078 -0.067517 -0.015995 -14.937719 26.454098 2.839849 29.761634 -0.339281 -1.055425 -18.059703 -5.370078 -3.045083 -0.598636 2.899201 -1.703530 -0.000000 0.000000 0.000000 
-0.004301 0.987470 0.007318 4.351849 -6.557080 9.056616 0.000000 0.101816 0.001315 5.005753 -1.639025 1.931821 10.107489 -2.852305 5.061732 10.107483 -2.852306 5.061720 0.000000 0.167404 -0.020490 8.258869 -10.108830 5.402264 0.000000 0.096179 0.016850 13.443444 -8.481784 -3.474942 -0.000000 0.220374 0.075011 0.000000 -0.000002 0.000001 -0.045700 0.110149 -0.021609 -32.487897 20.039345 -5.599157 -59.314251 0.304808 45.380467 6.643339 121.581315 -5.669375 -26.651560 2.168727 -5.871590 -0.024648 -0.015740 0.026819 -28.609533 -10.644852 0.170612 0.941261 -1.290247 0.235514 -0.026463 -0.015278 0.015278 -0.000006 0.000008 -0.000008 -0.019946 -0.011516 0.011516 0.000002 -0.000003 -0.000000 -0.091083 -0.005179 0.022598 -3.993854 -6.999529 18.566630 0.402649 -1.732427 30.432109 -0.000002 0.000001 -0.000003 0.000000 0.000000 -0.000001 -0.095325 0.000000 -0.000000 1.179067 -4.694142 25.563347 -0.268808 1.048396 19.743941 0.000000 0.000001 0.000003 0.000000 0.000000 0.000002 -0.091036 -0.000431 -0.018651 -0.500078 -6.227288 31.110907 1.398931 0.254786 14.962544 -0.000006 0.000006 0.000011 0.000000 0.000001 0.000005 -0.080767 -0.004867 -0.038063 2.384817 -6.017423 33.822325 -0.305288 1.288876 11.805861 -0.000001 0.000003 0.000013 0.000000 0.000001 0.000000 0.045704 0.110147 -0.021608 -27.485193 -18.531666 5.027348 -55.024011 -4.501119 -73.004866 -0.569997 -125.428624 -0.464834 -10.132937 -2.179017 20.766326 0.024661 -0.015762 0.026817 -48.512371 13.157081 -3.971862 5.849507 14.755459 1.800831 0.026479 -0.015287 0.015288 -0.000006 0.000013 -0.000012 0.019989 -0.011541 0.011541 0.000001 -0.000002 0.000003 0.091093 -0.005180 0.022599 -8.053866 8.573582 -26.955545 0.740336 1.852083 -22.932452 0.000000 0.000003 0.000002 -0.000001 0.000001 0.000000 0.095334 0.000000 0.000000 -0.697614 0.625147 -32.061772 -0.334578 -1.124265 -27.158314 -0.000000 0.000002 0.000001 -0.000001 0.000002 0.000002 0.091045 -0.000430 -0.018651 -1.376019 1.579529 -35.064163 -0.336764 -0.826067 -21.997118 -0.000002 0.000002 -0.000000 -0.000001 0.000003 -0.000001 0.080778 -0.004869 -0.038063 3.025518 -1.499679 -40.467392 -0.114736 -1.334772 -8.145127 -0.000013 -0.000014 -0.000012 -0.000001 -0.000002 0.000000 -0.082078 -0.067517 -0.015995 -32.251576 4.802895 -11.303779 36.890921 0.322993 1.448259 -8.426432 -4.278760 2.212583 -0.000002 0.244778 -0.000001 -0.000000 0.000000 0.000000 0.082078 -0.067517 -0.015995 -14.776752 26.392922 2.770137 29.834109 -0.337174 -1.057477 -18.162492 -5.023744 -3.058824 -0.473377 2.633013 -1.573308 -0.000000 -0.000003 0.000000 
-0.004708 0.987123 0.007846 4.282961 -6.852886 9.113877 -0.000000 0.101815 0.001315 4.912305 -1.608364 1.886477 9.917839 -2.802075 4.973327 9.917840 -2.802080 4.973331 0.000000 0.167404 -0.020490 8.037481 -10.116673 5.274601 0.000000 0.096179 0.016850 13.570151 -8.393155 -3.349730 0.000000 0.220374 0.075010 -0.000001 -0.000000 -0.000003 -0.045700 0.110149 -0.021608 -32.716524 19.872972 -4.950740 -59.269158 1.106516 45.111497 6.633098 121.387529 -5.672824 -26.723327 2.293091 -6.050345 -0.024648 -0.015740 0.026819 -28.609552 -10.644838 0.170620 0.941269 -1.290244 0.235488 -0.026463 -0.015278 0.015278 -0.000005 0.000006 -0.000006 -0.019946 -0.011516 0.011516 0.000002 -0.000000 0.000003 -0.091083 -0.005179 0.022598 -3.993860 -6.999521 18.566611 0.402650 -1.732415 30.432123 -0.000003 0.000002 -0.000002 -0.000000 -0.000001 -0.000001 -0.095325 -0.000000 -0.000000 1.179073 -4.694137 25.563329 -0.268822 1.048410 19.743960 0.000000 -0.000000 -0.000002 -0.000000 0.000001 -0.000000 -0.091036 -0.000431 -0.018651 -0.500094 -6.227269 31.110890 1.398942 0.254772 14.962545 -0.000006 0.000006 0.000012 -0.000000 0.000001 0.000005 -0.080767 -0.004867 -0.038063 2.384823 -6.017405 33.822342 -0.305307 1.288874 11.805843 -0.000001 0.000003 0.000016 0.000000 0.000001 0.000002 0.045704 0.110147 -0.021608 -27.093930 -18.464535 4.761488 -55.557804 -4.939260 -72.799715 -0.632201 -125.393216 -0.515761 -10.106313 -2.116140 20.748351 0.024661 -0.015762 0.026817 -48.512354 13.157082 -3.971851 5.849542 14.755478 1.800811 0.026479 -0.015287 0.015288 -0.000008 0.000011 -0.000012 0.019989 -0.011541 0.011541 -0.000000 0.000004 0.000001 0.091093 -0.005180 0.022599 -8.053846 8.573575 -26.955528 0.740322 1.852093 -22.932446 -0.000002 -0.000000 -0.000003 -0.000001 -0.000002 -0.000002 0.095334 0.000000 0.000000 -0.697589 0.625152 -32.061751 -0.334590 -1.124280 -27.158326 0.000003 -0.000000 0.000000 0.000002 -0.000001 0.000000 0.091045 -0.000430 -0.018651 -1.376002 1.579523 -35.064149 -0.336761 -0.826064 -21.997113 -0.000003 0.000002 0.000001 -0.000002 0.000003 0.000001 0.080778 -0.004869 -0.038063 3.025530 -1.499686 -40.467378 -0.114743 -1.334785 -8.145125 -0.000011 -0.000013 -0.000015 -0.000002 -0.000001 -0.000000 -0.082078 -0.067517 -0.015995 -32.268460 4.796916 -11.301246 37.063318 0.327561 1.454131 -8.529117 -3.970929 2.154403 -0.084670 -0.051420 0.092473 -0.000000 -0.000001 -0.000000 0.082078 -0.067517 -0.015995 -14.626309 26.323824 2.703771 29.914610 -0.332606 -1.059593 -18.269940 -4.667453 -3.074757 -0.343130 2.364628 -1.440568 -0.000000 0.000000 0.000000 
-0.005151 0.986749 0.008377 4.223268 -7.153245 9.169384 -0.000000 0.101816 0.001315 4.819630 -1.575317 1.837732 9.729541 -2.747105 4.877842 9.729542 -2.747110 4.877844 0.000000 0.167404 -0.020490 7.800607 -10.121140 5.179237 -0.000000 0.096178 0.016850 13.711691 -8.281356 -3.240620 -0.000000 0.220374 0.075011 0.000001 -0.000003 0.000002 -0.045700 0.110149 -0.021608 -32.947265 19.724012 -4.271294 -59.207181 1.911912 44.783136 6.618145 121.206939 -5.671360 -26.821431 2.437760 -6.274764 -0.024648 -0.015740 0.026819 -28.609548 -10.644842 0.170611 0.941258 -1.290257 0.235505 -0.026463 -0.015278 0.015278 -0.000007 0.000011 -0.000006 -0.019946 -0.011516 0.011516 0.000001 -0.000003 -0.000000 -0.091083 -0.005179 0.022598 -3.993852 -6.999530 18.566585 0.402648 -1.732423 30.432140 -0.000002 0.000001 -0.000006 0.000000 -0.000000 -0.000001 -0.095325 -0.000000 -0.000000 1.179079 -4.694145 25.563340 -0.268823 1.048410 19.743936 -0.000001 -0.000000 0.000004 -0.000001 0.000000 0.000004 -0.091036 -0.000431 -0.018651 -0.500088 -6.227270 31.110890 1.398936 0.254765 14.962547 -0.000007 0.000005 0.000013 -0.000000 0.000001 0.000005 -0.080767 -0.004867 -0.038063 2.384825 -6.017414 33.822304 -0.305310 1.288878 11.805855 -0.000002 0.000003 0.000016 -0.000000 0.000000 0.000004 0.045704 0.110147 -0.021608 -26.699220 -18.374577 4.530461 -56.098229 -5.373976 -72.633748 -0.697654 -125.351566 -0.569409 -10.073285 -2.049354 20.701711 0.024661 -0.015762 0.026817 -48.512354 13.157087 -3.971856 5.849533 14.755469 1.800819 0.026479 -0.015288 0.015288 -0.000006 0.000013 -0.000009 0.019989 -0.011541 0.011541 0.000001 -0.000001 0.000005 0.091093 -0.005180 0.022599 -8.053852 8.573600 -26.955541 0.740328 1.852074 -22.932463 -0.000000 -0.000001 0.000001 0.000002 0.000002 0.000001 0.095334 0.000000 0.000000 -0.697603 0.625158 -32.061775 -0.334583 -1.124270 -27.158304 0.000001 0.000001 -0.000001 -0.000000 0.000000 -0.000001 0.091045 -0.000430 -0.018651 -1.376022 1.579526 -35.064156 -0.336750 -0.826047 -21.997111 -0.000000 0.000005 -0.000000 -0.000000 0.000004 -0.000001 0.080778 -0.004869 -0.038063 3.025536 -1.499678 -40.467389 -0.114737 -1.334799 -8.145112 -0.000010 -0.000012 -0.000018 0.000002 0.000001 -0.000001 -0.082078 -0.067517 -0.015995 -32.299244 4.787960 -11.293793 37.242658 0.331709 1.460174 -8.634443 -3.655839 2.092938 -0.178935 -0.284541 0.194988 -0.000000 0.000001 0.000000 0.082078 -0.067517 -0.015995 -14.490859 26.242695 2.640679 30.004710 -0.323588 -1.061663 -18.382430 -4.298419 -3.092292 -0.229571 2.101218 -1.305132 0.000000 0.000000 0.000000 
-0.005618 0.986355 0.008915 4.170817 -7.456131 9.225203 0.000000 0.101816 0.001315 4.728032 -1.540674 1.786948 9.543294 -2.688820 4.778250 9.543296 -2.688825 4.778253 -0.000000 0.167403 -0.020490 7.553679 -10.126618 5.102962 0.000000 0.096179 0.016850 13.865427 -8.155572 -3.143480 -0.000000 0.220374 0.075011 0.000000 -0.000001 -0.000001 -0.045700 0.110149 -0.021608 -33.178802 19.582103 -3.578090 -59.128982 2.715266 44.418438 6.599604 121.034627 -5.666249 -26.939738 2.596917 -6.526237 -0.024648 -0.015740 0.026819 -28.609554 -10.644834 0.170615 0.941267 -1.290256 0.235498 -0.026463 -0.015278 0.015278 -0.000007 0.000011 -0.000006 -0.019946 -0.011516 0.011516 0.000004 0.000001 -0.000000 -0.091083 -0.005179 0.022598 -3.993849 -6.999529 18.566604 0.402639 -1.732414 30.432137 -0.000003 0.000002 -0.000003 -0.000000 -0.000000 -0.000000 -0.095325 0.000000 -0.000000 1.179059 -4.694138 25.563329 -0.268821 1.048405 19.743954 -0.000001 0.000000 -0.000001 -0.000000 0.000000 0.000002 -0.091036 -0.000431 -0.018651 -0.500076 -6.227276 31.110894 1.398922 0.254785 14.962561 -0.000007 0.000006 0.000013 0.000000 0.000001 0.000006 -0.080767 -0.004867 -0.038063 2.384819 -6.017413 33.822335 -0.305304 1.288879 11.805859 -0.000001 0.000003 0.000016 -0.000001 0.000000 0.000001 0.045704 0.110147 -0.021608 -26.302599 -18.271863 4.321110 -56.637066 -5.807366 -72.492841 -0.765994 -125.307593 -0.625492 -10.036417 -1.981458 20.642814 0.024661 -0.015762 0.026817 -48.512351 13.157081 -3.971858 5.849541 14.755442 1.800815 0.026479 -0.015287 0.015288 -0.000007 0.000008 -0.000013 0.019989 -0.011541 0.011541 0.000002 0.000000 0.000005 0.091093 -0.005180 0.022599 -8.053844 8.573592 -26.955536 0.740327 1.852081 -22.932439 -0.000002 0.000001 0.000001 -0.000002 0.000001 -0.000001 0.095334 0.000000 0.000000 -0.697607 0.625149 -32.061751 -0.334575 -1.124262 -27.158311 0.000001 0.000002 0.000002 -0.000001 0.000001 -0.000001 0.091045 -0.000430 -0.018651 -1.375991 1.579535 -35.064159 -0.336760 -0.826073 -21.997125 -0.000001 0.000004 -0.000002 -0.000001 0.000003 -0.000004 0.080778 -0.004869 -0.038063 3.025549 -1.499685 -40.467399 -0.114747 -1.334797 -8.145129 -0.000012 -0.000015 -0.000015 -0.000002 0.000001 -0.000000 -0.082078 -0.067517 -0.015995 -32.340211 4.778011 -11.284650 37.427470 0.335566 1.466351 -8.742017 -3.336326 2.029687 -0.272093 -0.508828 0.295850 0.000000 -0.000000 -0.000000 0.082078 -0.067517 -0.015995 -14.365201 26.152376 2.577043 30.100883 -0.311007 -1.063664 -18.498428 -3.920093 -3.110630 -0.127001 1.845371 -1.169974 -0.000000 -0.000001 0.000000 
-0.006098 0.985944 0.009460 4.124079 -7.760201 9.282981 -0.000000 0.101815 0.001315 4.637920 -1.505164 1.735327 9.359990 -2.628501 4.677305 9.359991 -2.628508 4.677312 -0.000000 0.167404 -0.020490 7.299786 -10.138012 5.033445 -0.000000 0.096178 0.016850 14.033041 -8.025189 -3.054933 -0.000000 0.220374 0.075011 -0.000000 -0.000002 -0.000000 -0.045700 0.110149 -0.021608 -33.410096 19.438913 -2.885485 -59.035757 3.511575 44.037740 6.578551 120.866399 -5.658650 -27.073224 2.761051 -6.785933 -0.024648 -0.015740 0.026819 -28.609554 -10.644836 0.170612 0.941263 -1.290249 0.235489 -0.026463 -0.015278 0.015278 -0.000007 0.000011 -0.000005 -0.019946 -0.011516 0.011516 0.000001 -0.000002 0.000001 -0.091083 -0.005179 0.022598 -3.993858 -6.999537 18.566589 0.402644 -1.732419 30.432123 -0.000003 0.000002 -0.000003 -0.000000 -0.000001 0.000003 -0.095325 0.000000 -0.000000 1.179058 -4.694147 25.563322 -0.268824 1.048409 19.743946 0.000000 0.000000 0.000003 0.000001 0.000000 0.000001 -0.091036 -0.000431 -0.018651 -0.500096 -6.227285 31.110890 1.398940 0.254775 14.962545 -0.000007 0.000005 0.000008 0.000000 0.000000 0.000003 -0.080767 -0.004867 -0.038063 2.384810 -6.017411 33.822311 -0.305317 1.288885 11.805860 -0.000001 0.000003 0.000015 -0.000000 -0.000000 -0.000000 0.045704 0.110147 -0.021608 -25.905557 -18.165035 4.122918 -57.164865 -6.240396 -72.364263 -0.836647 -125.265546 -0.683508 -9.999490 -1.915142 20.589865 0.024661 -0.015762 0.026817 -48.512365 13.157085 -3.971863 5.849538 14.755456 1.800821 0.026479 -0.015287 0.015288 -0.000007 0.000011 -0.000014 0.019989 -0.011541 0.011541 -0.000000 0.000003 0.000001 0.091093 -0.005180 0.022599 -8.053862 8.573587 -26.955545 0.740326 1.852088 -22.932459 -0.000001 0.000001 -0.000000 -0.000001 -0.000001 -0.000002 0.095334 0.000000 0.000000 -0.697600 0.625156 -32.061751 -0.334578 -1.124262 -27.158318 0.000000 -0.000002 0.000000 -0.000001 -0.000004 0.000000 0.091045 -0.000430 -0.018651 -1.376003 1.579532 -35.064146 -0.336764 -0.826075 -21.997113 -0.000001 0.000005 0.000000 -0.000001 0.000003 -0.000000 0.080778 -0.004869 -0.038063 3.025520 -1.499681 -40.467396 -0.114741 -1.334799 -8.145116 -0.000011 -0.000014 -0.000015 -0.000001 -0.000001 -0.000001 -0.082078 -0.067517 -0.015995 -32.389143 4.769474 -11.275988 37.617489 0.339285 1.472670 -8.851746 -3.015063 1.965791 -0.371583 -0.769951 0.402958 0.000000 0.000001 0.000000 0.082078 -0.067517 -0.015995 -14.245513 26.051323 2.508945 30.200726 -0.294258 -1.065442 -18.616447 -3.532300 -3.129843 -0.044381 1.598828 -1.034750 -0.000000 -0.000001 0.000000 
-0.006581 0.985523 0.010012 4.084288 -8.063431 9.343646 0.000000 0.101816 0.001315 4.549185 -1.469324 1.683587 9.179487 -2.567133 4.576480 9.179492 -2.567131 4.576480 0.000000 0.167404 -0.020490 7.043444 -10.154180 4.966867 0.000000 0.096178 0.016850 14.208455 -7.890549 -2.974175 -0.000000 0.220374 0.075011 0.000005 -0.000001 -0.000002 -0.045700 0.110149 -0.021608 -33.639983 19.290006 -2.202616 -58.926016 4.297381 43.651701 6.555528 120.700002 -5.649160 -27.219040 2.935688 -7.050604 -0.024648 -0.015740 0.026819 -28.609554 -10.644840 0.170605 0.941261 -1.290242 0.235460 -0.026463 -0.015278 0.015278 -0.000003 0.000010 -0.000008 -0.019946 -0.011516 0.011516 0.000000 -0.000002 -0.000004 -0.091083 -0.005179 0.022598 -3.993851 -6.999532 18.566594 0.402640 -1.732410 30.432143 -0.000003 0.000002 -0.000004 -0.000000 -0.000000 -0.000002 -0.095325 0.000000 0.000000 1.179065 -4.694138 25.563325 -0.268815 1.048410 19.743936 -0.000001 0.000000 0.000001 -0.000001 -0.000000 0.000001 -0.091036 -0.000431 -0.018651 -0.500084 -6.227276 31.110894 1.398944 0.254770 14.962545 -0.000007 0.000005 0.000014 -0.000000 0.000000 0.000010 -0.080767 -0.004867 -0.038063 2.384815 -6.017413 33.822318 -0.305307 1.288887 11.805865 -0.000001 0.000003 0.000014 -0.000000 -0.000000 0.000001 0.045704 0.110147 -0.021608 -25.509652 -18.058294 3.929424 -57.680948 -6.673155 -72.241743 -0.909173 -125.226970 -0.743079 -9.960816 -1.848406 20.543035 0.024661 -0.015762 0.026817 -48.512351 13.157070 -3.971854 5.849529 14.755459 1.800809 0.026479 -0.015287 0.015288 -0.000007 0.000009 -0.000015 0.019989 -0.011541 0.011541 0.000001 0.000002 0.000005 0.091093 -0.005180 0.022599 -8.053861 8.573580 -26.955536 0.740326 1.852078 -22.932466 0.000000 -0.000002 0.000002 0.000002 -0.000002 0.000002 0.095334 0.000000 -0.000000 -0.697607 0.625149 -32.061751 -0.334590 -1.124268 -27.158314 0.000000 -0.000003 0.000000 -0.000000 -0.000005 0.000000 0.091045 -0.000430 -0.018651 -1.375991 1.579539 -35.064163 -0.336758 -0.826084 -21.997128 0.000000 0.000004 -0.000000 0.000003 0.000007 0.000000 0.080778 -0.004869 -0.038063 3.025527 -1.499688 -40.467382 -0.114748 -1.334796 -8.145121 -0.000011 -0.000015 -0.000016 -0.000001 0.000001 -0.000002 -0.082078 -0.067517 -0.015995 -32.445598 4.763776 -11.269191 37.810052 0.342919 1.479052 -8.962353 -2.694943 1.902467 -0.472058 -1.039358 0.510480 -0.000000 -0.000001 0.000000 0.082078 -0.067517 -0.015995 -14.131480 25.948561 2.436768 30.301113 -0.276281 -1.067149 -18.734857 -3.143026 -3.148848 0.040234 1.371218 -0.909417 0.000000 -0.000001 0.000000 
-0.007053 0.985097 0.010572 4.051675 -8.364553 9.408267 -0.000000 0.101815 0.001315 4.461912 -1.433702 1.632854 9.001996 -2.505652 4.478287 9.002001 -2.505656 4.478280 0.000000 0.167404 -0.020490 6.791295 -10.176734 4.894946 -0.000000 0.096179 0.016850 14.386533 -7.755677 -2.900530 0.000000 0.220374 0.075011 0.000004 -0.000001 -0.000002 -0.045700 0.110149 -0.021608 -33.867264 19.126500 -1.545105 -58.796693 5.067051 43.280160 6.531513 120.531337 -5.638806 -27.373399 3.123322 -7.309007 -0.024648 -0.015740 0.026819 -28.609569 -10.644840 0.170605 0.941253 -1.290252 0.235479 -0.026463 -0.015278 0.015278 -0.000006 0.000011 -0.000007 -0.019946 -0.011516 0.011516 0.000006 -0.000004 0.000003 -0.091083 -0.005179 0.022598 -3.993866 -6.999532 18.566599 0.402647 -1.732422 30.432133 -0.000002 0.000003 -0.000000 0.000000 -0.000000 0.000003 -0.095325 0.000000 0.000000 1.179052 -4.694144 25.563332 -0.268816 1.048407 19.743953 0.000001 0.000000 0.000001 0.000001 0.000000 0.000004 -0.091036 -0.000431 -0.018651 -0.500106 -6.227280 31.110890 1.398942 0.254777 14.962537 -0.000007 0.000005 0.000012 0.000001 0.000000 0.000008 -0.080767 -0.004867 -0.038063 2.384815 -6.017417 33.822328 -0.305306 1.288883 11.805852 -0.000002 0.000003 0.000017 -0.000001 0.000001 0.000004 0.045704 0.110147 -0.021608 -25.116730 -17.958864 3.730210 -58.179203 -7.106376 -72.114503 -0.983200 -125.195578 -0.803869 -9.919778 -1.780566 20.511504 0.024661 -0.015762 0.026817 -48.512354 13.157091 -3.971860 5.849539 14.755432 1.800817 0.026479 -0.015287 0.015288 -0.000007 0.000013 -0.000016 0.019989 -0.011541 0.011541 -0.000002 -0.000002 0.000003 0.091093 -0.005180 0.022599 -8.053863 8.573574 -26.955546 0.740327 1.852075 -22.932451 -0.000001 0.000002 0.000000 0.000001 0.000002 -0.000002 0.095334 0.000000 -0.000000 -0.697613 0.625147 -32.061772 -0.334572 -1.124253 -27.158316 0.000000 -0.000002 0.000000 -0.000001 -0.000004 -0.000001 0.091045 -0.000430 -0.018651 -1.376005 1.579525 -35.064183 -0.336769 -0.826069 -21.997113 -0.000001 0.000000 -0.000001 -0.000001 -0.000001 0.000001 0.080778 -0.004869 -0.038063 3.025544 -1.499684 -40.467409 -0.114755 -1.334799 -8.145134 -0.000010 -0.000012 -0.000014 0.000001 0.000000 -0.000002 -0.082078 -0.067517 -0.015995 -32.508753 4.763857 -11.265416 38.004422 0.346567 1.485477 -9.073411 -2.379602 1.841148 -0.570769 -1.302374 0.615532 0.000000 -0.000000 -0.000000 0.082078 -0.067517 -0.015995 -14.021793 25.852012 2.360188 30.399748 -0.258869 -1.068833 -18.853001 -2.759464 -3.166186 0.185370 1.172947 -0.803222 0.000000 0.000001 0.000000 
-0.007509 0.984667 0.011139 4.027724 -8.659874 9.478277 -0.000000 0.101815 0.001315 4.376057 -1.399116 1.582944 8.827476 -2.445680 4.382399 8.827477 -2.445678 4.382393 0.000000 0.167404 -0.020490 6.539341 -10.201650 4.818279 -0.000000 0.096178 0.016850 14.566241 -7.618949 -2.829871 -0.000000 0.220374 0.075011 0.000004 -0.000001 -0.000001 -0.045700 0.110149 -0.021609 -34.091315 18.954234 -0.908086 -58.653307 5.822275 42.916271 6.506392 120.362236 -5.627399 -27.533934 3.323982 -7.566089 -0.024648 -0.015740 0.026819 -28.609543 -10.644840 0.170607 0.941256 -1.290252 0.235479 -0.026463 -0.015278 0.015278 -0.000007 0.000010 -0.000008 -0.019946 -0.011516 0.011516 0.000003 -0.000003 -0.000000 -0.091083 -0.005179 0.022598 -3.993848 -6.999533 18.566597 0.402642 -1.732415 30.432137 -0.000002 0.000003 -0.000004 -0.000000 -0.000000 0.000000 -0.095325 -0.000000 0.000000 1.179068 -4.694147 25.563329 -0.268806 1.048404 19.743949 0.000000 0.000001 0.000003 -0.000000 0.000002 0.000005 -0.091036 -0.000431 -0.018651 -0.500081 -6.227277 31.110900 1.398933 0.254774 14.962568 -0.000007 0.000006 0.000011 0.000001 -0.000000 0.000004 -0.080767 -0.004867 -0.038063 2.384816 -6.017416 33.822332 -0.305298 1.288877 11.805850 -0.000001 0.000003 0.000014 -0.000000 0.000001 0.000004 0.045704 0.110147 -0.021608 -24.728150 -17.865637 3.526177 -58.666694 -7.539265 -71.984013 -1.058157 -125.168503 -0.865418 -9.876869 -1.710513 20.486164 0.024661 -0.015762 0.026817 -48.512351 13.157081 -3.971852 5.849520 14.755454 1.800827 0.026479 -0.015287 0.015288 -0.000006 0.000013 -0.000016 0.019989 -0.011541 0.011541 -0.000003 0.000000 0.000003 0.091093 -0.005180 0.022599 -8.053837 8.573604 -26.955541 0.740331 1.852078 -22.932451 0.000001 0.000001 -0.000000 0.000000 -0.000003 -0.000002 0.095334 0.000000 0.000000 -0.697603 0.625155 -32.061758 -0.334580 -1.124267 -27.158318 -0.000001 0.000002 0.000001 -0.000001 0.000002 0.000000 0.091045 -0.000430 -0.018651 -1.376006 1.579525 -35.064152 -0.336762 -0.826062 -21.997121 0.000000 0.000000 -0.000000 0.000001 0.000000 -0.000000 0.080778 -0.004869 -0.038063 3.025529 -1.499678 -40.467382 -0.114739 -1.334795 -8.145120 -0.000010 -0.000013 -0.000016 0.000000 0.000000 -0.000004 -0.082078 -0.067517 -0.015995 -32.579722 4.768362 -11.267434 38.199459 0.350167 1.491907 -9.184479 -2.069606 1.782334 -0.667896 -1.562710 0.718290 -0.000000 -0.000001 0.000000 0.082078 -0.067517 -0.015995 -13.917530 25.763436 2.278125 30.495162 -0.244618 -1.070658 -18.968876 -2.384181 -3.181859 0.335137 1.004045 -0.716897 0.000000 -0.000001 -0.000000 
-0.007939 0.984235 0.011712 4.014603 -8.946641 9.554550 -0.000000 0.101816 0.001315 4.291465 -1.366317 1.534314 8.655661 -2.388598 4.289967 8.655659 -2.388602 4.289957 -0.000000 0.167404 -0.020490 6.287168 -10.225656 4.733224 -0.000000 0.096178 0.016850 14.744340 -7.479172 -2.759429 0.000000 0.220374 0.075011 0.000002 0.000000 -0.000000 -0.045700 0.110149 -0.021608 -34.311353 18.772888 -0.295272 -58.497538 6.562511 42.565322 6.480548 120.191194 -5.615410 -27.697554 3.542077 -7.821763 -0.024648 -0.015740 0.026819 -28.609548 -10.644831 0.170620 0.941266 -1.290252 0.235477 -0.026463 -0.015278 0.015278 -0.000010 0.000011 -0.000003 -0.019946 -0.011516 0.011516 0.000003 -0.000002 0.000001 -0.091083 -0.005179 0.022598 -3.993847 -6.999534 18.566590 0.402652 -1.732420 30.432143 -0.000002 0.000002 -0.000002 0.000000 -0.000000 0.000004 -0.095325 0.000000 0.000000 1.179073 -4.694142 25.563344 -0.268818 1.048410 19.743956 0.000001 0.000000 0.000000 0.000000 -0.000000 0.000000 -0.091036 -0.000431 -0.018651 -0.500074 -6.227280 31.110897 1.398938 0.254778 14.962559 -0.000007 0.000007 0.000010 -0.000001 0.000001 0.000003 -0.080767 -0.004867 -0.038063 2.384812 -6.017407 33.822318 -0.305311 1.288880 11.805864 -0.000002 0.000003 0.000017 0.000000 0.000001 0.000005 0.045704 0.110147 -0.021608 -24.345753 -17.781356 3.312216 -59.147225 -7.971690 -71.845032 -1.133785 -125.146032 -0.927506 -9.831217 -1.634510 20.462962 0.024661 -0.015762 0.026817 -48.512337 13.157086 -3.971867 5.849520 14.755449 1.800834 0.026479 -0.015287 0.015288 -0.000008 0.000006 -0.000013 0.019989 -0.011541 0.011541 0.000001 -0.000001 0.000005 0.091093 -0.005180 0.022599 -8.053850 8.573588 -26.955543 0.740328 1.852083 -22.932449 0.000000 0.000003 0.000000 0.000001 0.000002 -0.000001 0.095334 0.000000 -0.000000 -0.697601 0.625158 -32.061748 -0.334595 -1.124282 -27.158336 0.000000 0.000002 -0.000001 0.000000 0.000000 0.000000 0.091045 -0.000430 -0.018651 -1.375996 1.579534 -35.064149 -0.336766 -0.826077 -21.997116 -0.000001 0.000003 -0.000001 -0.000000 0.000003 0.000000 0.080778 -0.004869 -0.038063 3.025529 -1.499683 -40.467402 -0.114734 -1.334778 -8.145114 -0.000010 -0.000012 -0.000014 0.000000 0.000005 -0.000004 -0.082078 -0.067517 -0.015995 -32.660342 4.777973 -11.276614 38.394471 0.353660 1.498314 -9.294986 -1.767312 1.727052 -0.762290 -1.818739 0.817550 0.000000 0.000001 -0.000000 0.082078 -0.067517 -0.015995 -13.820801 25.689274 2.191215 30.586093 -0.236957 -1.072868 -19.081913 -2.022679 -3.193909 0.492280 0.876582 -0.660532 0.000000 0.000001 0.000000 
-0.008347 0.983803 0.012292 4.010429 -9.220574 9.640056 -0.000000 0.101815 0.001315 4.208567 -1.336135 1.485770 8.487469 -2.336100 4.199057 8.487475 -2.336107 4.199061 -0.000000 0.167404 -0.020490 6.030419 -10.247883 4.644424 -0.000000 0.096178 0.016850 14.922152 -7.338978 -2.684392 0.000000 0.220374 0.075011 0.000001 -0.000002 -0.000000 -0.045700 0.110149 -0.021608 -34.527238 18.591997 0.303968 -58.337807 7.288890 42.210965 6.453436 120.023923 -5.601983 -27.862534 3.766892 -8.079865 -0.024648 -0.015740 0.026819 -28.609540 -10.644843 0.170604 0.941250 -1.290249 0.235508 -0.026463 -0.015278 0.015278 -0.000005 0.000011 -0.000006 -0.019946 -0.011516 0.011516 -0.000001 0.000001 0.000003 -0.091083 -0.005179 0.022598 -3.993852 -6.999527 18.566595 0.402638 -1.732419 30.432137 -0.000003 0.000002 -0.000004 0.000001 0.000000 -0.000001 -0.095325 -0.000000 0.000000 1.179072 -4.694143 25.563329 -0.268803 1.048397 19.743939 0.000000 0.000000 0.000001 0.000000 0.000000 0.000002 -0.091036 -0.000431 -0.018651 -0.500079 -6.227282 31.110890 1.398945 0.254769 14.962554 -0.000005 0.000006 0.000010 0.000001 0.000000 0.000006 -0.080767 -0.004867 -0.038063 2.384824 -6.017415 33.822322 -0.305301 1.288862 11.805843 -0.000001 0.000003 0.000015 0.000000 0.000002 0.000004 0.045704 0.110147 -0.021608 -23.970289 -17.701460 3.096392 -59.624744 -8.402097 -71.707404 -1.209763 -125.122440 -0.989906 -9.786565 -1.559626 20.435972 0.024661 -0.015762 0.026817 -48.512351 13.157086 -3.971865 5.849523 14.755457 1.800813 0.026479 -0.015287 0.015288 -0.000007 0.000011 -0.000009 0.019989 -0.011541 0.011541 -0.000003 0.000001 0.000001 0.091093 -0.005180 0.022599 -8.053846 8.573599 -26.955553 0.740323 1.852066 -22.932451 0.000000 -0.000000 0.000001 -0.000001 -0.000003 0.000002 0.095334 0.000000 -0.000000 -0.697605 0.625143 -32.061758 -0.334588 -1.124268 -27.158316 0.000001 0.000000 -0.000002 0.000000 0.000001 -0.000000 0.091045 -0.000430 -0.018651 -1.376010 1.579525 -35.064159 -0.336756 -0.826073 -21.997111 -0.000001 0.000005 0.000000 -0.000001 0.000004 0.000000 0.080778 -0.004869 -0.038063 3.025545 -1.499683 -40.467402 -0.114754 -1.334808 -8.145128 -0.000009 -0.000012 -0.000016 -0.000002 -0.000001 0.000000 -0.082078 -0.067517 -0.015995 -32.749398 4.790151 -11.298319 38.591231 0.357109 1.504754 -9.406513 -1.471169 1.675258 -0.855222 -2.071641 0.914717 0.000000 -0.000001 -0.000000 0.082078 -0.067517 -0.015995 -13.727550 25.623610 2.093789 30.670538 -0.234302 -1.075239 -19.190940 -1.674086 -3.202617 0.654361 0.764623 -0.615320 0.000000 0.000000 0.000000 
-0.008730 0.983373 0.012879 4.014642 -9.476455 9.738075 -0.000000 0.101815 0.001315 4.127572 -1.309773 1.436444 8.323356 -2.290610 4.108302 8.323361 -2.290609 4.108309 0.000000 0.167403 -0.020490 5.764155 -10.265560 4.552765 -0.000000 0.096178 0.016850 15.100471 -7.199955 -2.597430 -0.000000 0.220374 0.075011 0.000004 0.000001 -0.000001 -0.045700 0.110149 -0.021608 -34.738619 18.420718 0.899532 -58.183103 8.003868 41.840274 6.424825 119.864574 -5.586678 -28.025543 3.989905 -8.343867 -0.024648 -0.015740 0.026819 -28.609557 -10.644844 0.170617 0.941262 -1.290257 0.235500 -0.026463 -0.015278 0.015278 -0.000003 0.000011 -0.000007 -0.019946 -0.011516 0.011516 -0.000000 -0.000002 0.000001 -0.091083 -0.005179 0.022598 -3.993854 -6.999534 18.566614 0.402638 -1.732416 30.432140 -0.000002 0.000003 0.000001 0.000001 -0.000001 0.000007 -0.095325 -0.000000 0.000000 1.179069 -4.694151 25.563335 -0.268807 1.048414 19.743942 -0.000000 0.000000 0.000001 -0.000001 0.000000 -0.000001 -0.091036 -0.000431 -0.018651 -0.500082 -6.227287 31.110914 1.398940 0.254774 14.962535 -0.000007 0.000006 0.000010 -0.000000 0.000001 0.000001 -0.080767 -0.004867 -0.038063 2.384813 -6.017426 33.822335 -0.305294 1.288875 11.805856 -0.000002 0.000003 0.000016 0.000001 0.000000 -0.000002 0.045704 0.110147 -0.021608 -23.602777 -17.623169 2.883128 -60.105316 -8.829211 -71.577090 -1.285842 -125.092743 -1.052516 -9.746421 -1.490098 20.397513 0.024661 -0.015762 0.026817 -48.512341 13.157084 -3.971862 5.849515 14.755468 1.800830 0.026479 -0.015287 0.015287 -0.000007 0.000007 -0.000008 0.019989 -0.011541 0.011541 0.000002 0.000002 0.000001 0.091093 -0.005180 0.022599 -8.053855 8.573581 -26.955553 0.740322 1.852083 -22.932435 0.000000 0.000001 0.000001 0.000001 0.000002 0.000002 0.095334 0.000000 0.000000 -0.697613 0.625144 -32.061758 -0.334577 -1.124259 -27.158321 -0.000000 0.000003 -0.000001 -0.000000 0.000003 -0.000001 0.091045 -0.000430 -0.018651 -1.376002 1.579524 -35.064156 -0.336760 -0.826065 -21.997111 -0.000000 0.000003 -0.000001 0.000001 0.000003 -0.000000 0.080778 -0.004869 -0.038063 3.025529 -1.499677 -40.467399 -0.114741 -1.334804 -8.145122 -0.000011 -0.000014 -0.000013 0.000001 0.000001 -0.000001 -0.082078 -0.067517 -0.015995 -32.846766 4.801844 -11.338893 38.790434 0.360424 1.511244 -9.519990 -1.179505 1.627401 -0.947311 -2.321656 1.010451 0.000000 -0.000001 -0.000000 0.082078 -0.067517 -0.015995 -13.634736 25.562736 1.980102 30.745383 -0.237346 -1.077731 -19.293864 -1.338174 -3.207745 0.818059 0.651187 -0.569326 0.000000 -0.000000 -0.000000 
-0.009098 0.982948 0.013473 4.025375 -9.714359 9.848268 -0.000000 0.101816 0.001315 4.048962 -1.286759 1.385984 8.164253 -2.251140 4.017016 8.164249 -2.251141 4.017014 -0.000000 0.167404 -0.020490 5.490451 -10.281745 4.466541 -0.000000 0.096178 0.016850 15.277590 -7.063788 -2.503430 -0.000000 0.220374 0.075011 0.000001 -0.000002 -0.000000 -0.045700 0.110149 -0.021608 -34.945030 18.259234 1.490565 -58.033638 8.702895 41.448470 6.394407 119.716127 -5.569031 -28.188266 4.208768 -8.614569 -0.024648 -0.015740 0.026819 -28.609566 -10.644833 0.170600 0.941252 -1.290244 0.235491 -0.026463 -0.015278 0.015278 -0.000006 0.000010 -0.000006 -0.019946 -0.011516 0.011516 0.000001 -0.000004 -0.000002 -0.091083 -0.005179 0.022598 -3.993873 -6.999515 18.566606 0.402649 -1.732430 30.432143 -0.000003 0.000002 -0.000006 0.000000 0.000000 0.000003 -0.095325 0.000000 -0.000000 1.179064 -4.694136 25.563340 -0.268821 1.048415 19.743951 -0.000001 0.000000 0.000002 -0.000001 0.000000 0.000001 -0.091036 -0.000431 -0.018651 -0.500107 -6.227267 31.110883 1.398962 0.254760 14.962550 -0.000005 0.000006 0.000008 0.000001 0.000001 0.000005 -0.080767 -0.004867 -0.038063 2.384808 -6.017402 33.822325 -0.305311 1.288874 11.805857 -0.000001 0.000004 0.000015 -0.000000 0.000001 0.000000 0.045704 0.110147 -0.021608 -23.243682 -17.544386 2.678127 -60.586838 -9.252179 -71.460868 -1.361738 -125.055040 -1.115172 -9.710610 -1.430541 20.348759 0.024661 -0.015762 0.026817 -48.512351 13.157087 -3.971848 5.849551 14.755457 1.800809 0.026479 -0.015288 0.015287 -0.000007 0.000014 -0.000016 0.019989 -0.011541 0.011541 -0.000002 0.000003 -0.000000 0.091093 -0.005180 0.022599 -8.053841 8.573589 -26.955552 0.740330 1.852081 -22.932449 0.000001 0.000003 0.000001 -0.000000 0.000001 0.000000 0.095334 0.000000 -0.000000 -0.697592 0.625148 -32.061758 -0.334588 -1.124268 -27.158319 0.000001 0.000003 -0.000001 0.000001 0.000005 -0.000000 0.091045 -0.000430 -0.018651 -1.375988 1.579521 -35.064156 -0.336767 -0.826070 -21.997106 0.000000 0.000003 0.000002 0.000000 0.000005 0.000003 0.080778 -0.004869 -0.038063 3.025534 -1.499688 -40.467389 -0.114740 -1.334789 -8.145123 -0.000011 -0.000012 -0.000015 -0.000001 -0.000003 -0.000003 -0.082078 -0.067517 -0.015995 -32.949987 4.815172 -11.396776 38.991880 0.364074 1.517821 -9.635575 -0.895022 1.583082 -1.039423 -2.570195 1.105709 0.000000 -0.000002 0.000000 0.082078 -0.067517 -0.015995 -13.540385 25.506517 1.850940 30.809730 -0.243184 -1.080072 -19.390041 -1.017932 -3.211216 0.979721 0.521875 -0.511710 -0.000000 -0.000001 0.000000 
-0.009457 0.982532 0.014075 4.039401 -9.930952 9.973199 -0.000000 0.101815 0.001315 3.973543 -1.267662 1.333178 8.011801 -2.218899 3.923330 8.011804 -2.218899 3.923328 -0.000000 0.167404 -0.020490 5.207796 -10.298026 4.392321 -0.000000 0.096179 0.016850 15.451949 -6.934207 -2.400332 -0.000000 0.220374 0.075011 0.000001 0.000000 -0.000000 -0.045700 0.110148 -0.021608 -35.146480 18.113134 2.082944 -57.895955 9.383642 41.024438 6.361963 119.583840 -5.548679 -28.348823 4.414237 -8.892574 -0.024648 -0.015740 0.026819 -28.609559 -10.644850 0.170613 0.941265 -1.290242 0.235472 -0.026463 -0.015278 0.015278 -0.000006 0.000011 -0.000002 -0.019946 -0.011516 0.011516 -0.000001 -0.000001 -0.000002 -0.091083 -0.005179 0.022598 -3.993873 -6.999524 18.566616 0.402640 -1.732420 30.432137 -0.000003 0.000003 -0.000000 0.000000 0.000001 0.000004 -0.095325 0.000000 -0.000000 1.179056 -4.694132 25.563359 -0.268820 1.048401 19.743954 -0.000001 0.000001 0.000003 -0.000001 0.000000 -0.000000 -0.091036 -0.000431 -0.018651 -0.500105 -6.227276 31.110904 1.398944 0.254772 14.962532 -0.000006 0.000006 0.000013 0.000001 0.000001 0.000006 -0.080767 -0.004867 -0.038063 2.384796 -6.017411 33.822335 -0.305297 1.288860 11.805862 -0.000001 0.000003 0.000015 -0.000000 0.000001 0.000003 0.045704 0.110147 -0.021608 -22.893879 -17.460795 2.489294 -61.070777 -9.670405 -71.368490 -1.437428 -125.003704 -1.177885 -9.682424 -1.390916 20.287740 0.024661 -0.015762 0.026817 -48.512358 13.157086 -3.971849 5.849532 14.755454 1.800820 0.026479 -0.015287 0.015287 -0.000008 0.000013 -0.000016 0.019989 -0.011541 0.011541 -0.000002 0.000002 -0.000000 0.091093 -0.005180 0.022599 -8.053851 8.573599 -26.955543 0.740327 1.852075 -22.932446 -0.000002 0.000003 0.000002 -0.000003 0.000002 0.000000 0.095334 0.000000 -0.000000 -0.697599 0.625162 -32.061758 -0.334593 -1.124279 -27.158313 0.000000 0.000001 0.000000 0.000001 0.000002 0.000000 0.091045 -0.000430 -0.018651 -1.376001 1.579532 -35.064152 -0.336765 -0.826076 -21.997130 0.000000 -0.000000 -0.000002 0.000001 0.000001 -0.000001 0.080778 -0.004869 -0.038063 3.025527 -1.499669 -40.467389 -0.114742 -1.334791 -8.145126 -0.000013 -0.000013 -0.000015 -0.000002 -0.000001 -0.000002 -0.082078 -0.067517 -0.015995 -33.055732 4.828942 -11.476512 39.196536 0.368454 1.524535 -9.754612 -0.617177 1.542257 -1.133266 -2.819642 1.202255 -0.000000 -0.000001 0.000000 0.082078 -0.067517 -0.015995 -13.438383 25.453101 1.701852 30.860123 -0.249399 -1.081958 -19.477372 -0.716745 -3.214649 1.135708 0.351500 -0.424094 0.000000 -0.000002 0.000000 
-0.009818 0.982126 0.014678 4.060223 -10.131319 10.107229 0.000000 0.101816 0.001315 3.900772 -1.250440 1.279849 7.864755 -2.189785 3.829685 7.864755 -2.189792 3.829686 0.000000 0.167404 -0.020490 4.920746 -10.316488 4.335470 0.000000 0.096178 0.016850 15.624090 -6.806744 -2.301448 -0.000000 0.220374 0.075011 -0.000005 0.000001 -0.000001 -0.045700 0.110149 -0.021608 -35.342121 17.976003 2.665973 -57.759939 10.042099 40.574397 6.327999 119.464680 -5.526105 -28.514587 4.618617 -9.182050 -0.024648 -0.015740 0.026819 -28.609545 -10.644839 0.170597 0.941253 -1.290249 0.235502 -0.026463 -0.015278 0.015278 -0.000002 0.000010 -0.000006 -0.019946 -0.011516 0.011516 -0.000000 -0.000007 0.000003 -0.091083 -0.005179 0.022598 -3.993852 -6.999533 18.566589 0.402645 -1.732421 30.432157 -0.000002 0.000002 -0.000004 0.000000 -0.000000 0.000005 -0.095325 0.000000 -0.000000 1.179075 -4.694149 25.563332 -0.268818 1.048413 19.743965 -0.000000 0.000000 0.000001 -0.000001 0.000000 0.000001 -0.091036 -0.000431 -0.018651 -0.500083 -6.227286 31.110880 1.398949 0.254779 14.962554 -0.000007 0.000005 0.000012 -0.000002 0.000001 0.000003 -0.080767 -0.004867 -0.038063 2.384807 -6.017417 33.822318 -0.305299 1.288874 11.805864 -0.000002 0.000003 0.000015 -0.000001 -0.000000 -0.000002 0.045704 0.110147 -0.021608 -22.554384 -17.375685 2.313552 -61.552674 -10.082147 -71.297100 -1.512474 -124.944323 -1.240247 -9.654925 -1.359820 20.216014 0.024661 -0.015762 0.026817 -48.512361 13.157072 -3.971866 5.849526 14.755481 1.800820 0.026479 -0.015287 0.015287 -0.000007 0.000008 -0.000015 0.019989 -0.011541 0.011541 -0.000003 0.000003 0.000003 0.091093 -0.005180 0.022599 -8.053860 8.573580 -26.955545 0.740323 1.852087 -22.932439 0.000000 0.000001 0.000000 -0.000003 -0.000003 0.000001 0.095334 0.000000 0.000000 -0.697609 0.625148 -32.061758 -0.334580 -1.124263 -27.158302 0.000001 0.000002 0.000000 0.000001 0.000004 -0.000001 0.091045 -0.000430 -0.018651 -1.376001 1.579527 -35.064152 -0.336767 -0.826071 -21.997130 -0.000001 0.000002 0.000000 0.000000 0.000004 0.000000 0.080778 -0.004869 -0.038063 3.025533 -1.499678 -40.467378 -0.114736 -1.334781 -8.145135 -0.000012 -0.000013 -0.000014 -0.000001 -0.000000 0.000003 -0.082078 -0.067517 -0.015995 -33.165233 4.849822 -11.565996 39.400127 0.373758 1.531275 -9.874074 -0.353992 1.504313 -1.227001 -3.067465 1.298155 -0.000000 -0.000000 -0.000000 0.082078 -0.067517 -0.015995 -13.337162 25.403842 1.542516 30.899813 -0.254907 -1.083374 -19.557371 -0.433269 -3.218865 1.282736 0.156266 -0.316881 -0.000000 -0.000001 -0.000000 
-0.010195 0.981733 0.015276 4.089478 -10.317923 10.246996 0.000000 0.101816 0.001315 3.830481 -1.233676 1.226841 7.722743 -2.161074 3.737364 7.722745 -2.161076 3.737361 -0.000000 0.167404 -0.020490 4.630691 -10.340912 4.304086 -0.000000 0.096179 0.016850 15.793346 -6.679753 -2.218011 0.000000 0.220374 0.075011 -0.000002 0.000003 0.000000 -0.045700 0.110149 -0.021608 -35.531488 17.843618 3.232450 -57.621716 10.673751 40.100368 6.292916 119.357952 -5.501815 -28.690438 4.828376 -9.484864 -0.024648 -0.015740 0.026819 -28.609555 -10.644837 0.170604 0.941259 -1.290249 0.235482 -0.026463 -0.015278 0.015278 -0.000003 0.000011 -0.000004 -0.019946 -0.011516 0.011516 0.000002 -0.000003 -0.000000 -0.091083 -0.005179 0.022598 -3.993866 -6.999533 18.566592 0.402648 -1.732421 30.432130 -0.000002 0.000003 -0.000002 0.000001 -0.000000 0.000000 -0.095325 0.000000 0.000000 1.179058 -4.694144 25.563337 -0.268804 1.048399 19.743937 0.000000 -0.000000 -0.000002 -0.000000 -0.000000 -0.000002 -0.091036 -0.000431 -0.018651 -0.500094 -6.227281 31.110876 1.398942 0.254768 14.962542 -0.000006 0.000007 0.000011 -0.000000 0.000002 0.000007 -0.080767 -0.004867 -0.038063 2.384819 -6.017416 33.822318 -0.305311 1.288874 11.805868 -0.000002 0.000003 0.000015 -0.000001 -0.000000 -0.000001 0.045704 0.110147 -0.021608 -22.226354 -17.290600 2.149944 -62.031320 -10.488477 -71.247103 -1.586580 -124.878466 -1.302082 -9.623870 -1.333137 20.135597 0.024661 -0.015762 0.026817 -48.512365 13.157091 -3.971857 5.849527 14.755466 1.800833 0.026479 -0.015288 0.015287 -0.000007 0.000009 -0.000012 0.019989 -0.011541 0.011541 -0.000001 -0.000003 -0.000000 0.091093 -0.005180 0.022599 -8.053851 8.573584 -26.955546 0.740316 1.852087 -22.932449 -0.000001 -0.000001 0.000000 -0.000003 -0.000003 0.000000 0.095334 0.000000 -0.000000 -0.697591 0.625163 -32.061775 -0.334584 -1.124275 -27.158311 0.000000 0.000001 -0.000000 0.000001 0.000003 -0.000000 0.091045 -0.000430 -0.018651 -1.376013 1.579526 -35.064156 -0.336753 -0.826055 -21.997135 -0.000000 0.000003 -0.000000 -0.000001 0.000003 -0.000001 0.080778 -0.004869 -0.038063 3.025536 -1.499678 -40.467378 -0.114740 -1.334805 -8.145128 -0.000011 -0.000014 -0.000014 0.000000 0.000004 -0.000001 -0.082078 -0.067517 -0.015995 -33.277593 4.883920 -11.656755 39.599203 0.380516 1.537975 -9.992012 -0.113275 1.468803 -1.320402 -3.313865 1.393192 -0.000000 0.000001 0.000000 0.082078 -0.067517 -0.015995 -13.240929 25.362220 1.379832 30.929607 -0.257891 -1.084258 -19.629805 -0.171202 -3.225984 1.418459 -0.062763 -0.190683 0.000000 0.000001 0.000000 
-0.010587 0.981352 0.015865 4.129581 -10.494953 10.388477 0.000000 0.101816 0.001315 3.762228 -1.215988 1.175465 7.584783 -2.129948 3.648189 7.584784 -2.129948 3.648183 -0.000000 0.167404 -0.020490 4.345870 -10.368542 4.296397 0.000000 0.096179 0.016850 15.961869 -6.548955 -2.154385 0.000000 0.220374 0.075011 -0.000000 -0.000001 0.000002 -0.045700 0.110149 -0.021608 -35.713430 17.715091 3.777316 -57.468816 11.277661 39.603957 6.256628 119.261988 -5.475805 -28.881684 5.052098 -9.808508 -0.024648 -0.015740 0.026819 -28.609548 -10.644838 0.170604 0.941247 -1.290249 0.235498 -0.026463 -0.015278 0.015278 -0.000003 0.000008 -0.000009 -0.019946 -0.011516 0.011516 0.000000 -0.000003 -0.000002 -0.091083 -0.005179 0.022598 -3.993859 -6.999529 18.566592 0.402640 -1.732424 30.432120 -0.000002 0.000003 -0.000004 0.000001 -0.000000 0.000002 -0.095325 -0.000000 -0.000000 1.179061 -4.694140 25.563339 -0.268815 1.048403 19.743931 0.000000 0.000000 0.000004 -0.000000 0.000001 0.000006 -0.091036 -0.000431 -0.018651 -0.500098 -6.227279 31.110894 1.398948 0.254775 14.962554 -0.000006 0.000007 0.000014 0.000000 0.000002 0.000010 -0.080767 -0.004867 -0.038063 2.384818 -6.017420 33.822328 -0.305313 1.288887 11.805850 0.000001 0.000003 0.000014 0.000001 0.000000 0.000002 0.045704 0.110147 -0.021608 -21.910439 -17.206466 1.999867 -62.498102 -10.880065 -71.218751 -1.659172 -124.813046 -1.362699 -9.584436 -1.299342 20.043117 0.024661 -0.015762 0.026817 -48.512347 13.157085 -3.971861 5.849511 14.755457 1.800837 0.026479 -0.015288 0.015287 -0.000007 0.000011 -0.000007 0.019989 -0.011541 0.011541 -0.000001 -0.000000 -0.000002 0.091093 -0.005180 0.022599 -8.053855 8.573576 -26.955536 0.740321 1.852071 -22.932459 0.000000 0.000002 -0.000001 -0.000000 0.000004 0.000001 0.095334 0.000000 0.000000 -0.697600 0.625151 -32.061751 -0.334594 -1.124289 -27.158323 0.000000 -0.000001 0.000000 0.000000 -0.000003 0.000000 0.091045 -0.000430 -0.018651 -1.376018 1.579519 -35.064152 -0.336765 -0.826067 -21.997113 -0.000001 0.000001 -0.000002 0.000000 0.000003 -0.000001 0.080778 -0.004869 -0.038063 3.025533 -1.499685 -40.467396 -0.114736 -1.334784 -8.145123 -0.000011 -0.000014 -0.000017 -0.000001 -0.000001 -0.000001 -0.082078 -0.067517 -0.015995 -33.395035 4.931157 -11.742260 39.791948 0.388066 1.544526 -10.106604 0.104800 1.435108 -1.410381 -3.552924 1.484161 0.000000 0.000000 -0.000000 0.082078 -0.067517 -0.015995 -13.155421 25.320273 1.217375 30.952597 -0.258873 -1.084776 -19.696256 0.081606 -3.234792 1.541676 -0.288299 -0.057148 0.000000 0.000000 0.000000 
-0.011004 0.980984 0.016439 4.185627 -10.667182 10.526936 -0.000000 0.101815 0.001315 3.694846 -1.195211 1.127333 7.448433 -2.092097 3.564529 7.448431 -2.092100 3.564529 -0.000000 0.167404 -0.020490 4.073091 -10.398924 4.317610 0.000000 0.096178 0.016850 16.131117 -6.406722 -2.124909 -0.000000 0.220374 0.075011 -0.000002 -0.000001 -0.000001 -0.045700 0.110149 -0.021609 -35.887269 17.586625 4.292181 -57.286347 11.851648 39.087233 6.219204 119.173632 -5.448317 -29.098088 5.306108 -10.162778 -0.024648 -0.015740 0.026819 -28.609545 -10.644836 0.170612 0.941268 -1.290249 0.235490 -0.026463 -0.015278 0.015278 -0.000004 0.000006 -0.000006 -0.019946 -0.011516 0.011516 0.000000 -0.000001 -0.000002 -0.091083 -0.005179 0.022598 -3.993858 -6.999527 18.566601 0.402649 -1.732423 30.432137 -0.000002 0.000003 -0.000001 0.000000 -0.000000 0.000003 -0.095325 -0.000000 0.000000 1.179069 -4.694136 25.563330 -0.268824 1.048411 19.743929 0.000001 0.000000 0.000003 -0.000000 0.000000 0.000004 -0.091036 -0.000431 -0.018651 -0.500090 -6.227273 31.110890 1.398944 0.254775 14.962540 -0.000006 0.000007 0.000012 0.000000 0.000002 0.000007 -0.080767 -0.004867 -0.038063 2.384812 -6.017412 33.822325 -0.305307 1.288877 11.805859 -0.000001 0.000003 0.000012 -0.000000 0.000000 0.000002 0.045704 0.110147 -0.021608 -21.607648 -17.124994 1.862961 -62.946880 -11.249294 -71.213656 -1.729430 -124.756424 -1.421393 -9.526323 -1.242114 19.933741 0.024661 -0.015762 0.026817 -48.512358 13.157060 -3.971871 5.849521 14.755473 1.800822 0.026479 -0.015287 0.015287 -0.000007 0.000008 -0.000017 0.019989 -0.011541 0.011541 -0.000000 0.000000 0.000005 0.091093 -0.005180 0.022599 -8.053857 8.573578 -26.955543 0.740318 1.852061 -22.932459 0.000000 0.000001 -0.000000 -0.000000 0.000001 0.000000 0.095334 0.000000 -0.000000 -0.697614 0.625140 -32.061748 -0.334587 -1.124271 -27.158318 -0.000000 -0.000003 -0.000000 0.000000 0.000000 0.000000 0.091045 -0.000430 -0.018651 -1.376015 1.579522 -35.064169 -0.336753 -0.826062 -21.997116 -0.000001 0.000003 -0.000001 -0.000001 0.000002 -0.000001 0.080778 -0.004869 -0.038063 3.025537 -1.499676 -40.467385 -0.114740 -1.334809 -8.145128 -0.000010 -0.000015 -0.000013 0.000001 0.000001 -0.000002 -0.082078 -0.067517 -0.015995 -33.520758 4.996949 -11.811356 39.974652 0.396195 1.550798 -10.214995 0.293371 1.402617 -1.493941 -3.779501 1.568054 0.000000 0.000000 0.000000 0.082078 -0.067517 -0.015995 -13.090736 25.274463 1.062582 30.973098 -0.257506 -1.085060 -19.758733 0.332601 -3.245055 1.652134 -0.503182 0.072247 0.000000 0.000000 0.000000 
-0.011430 0.980629 0.016997 4.251306 -10.835150 10.661386 -0.000000 0.101815 0.001315 3.630442 -1.172265 1.082372 7.317971 -2.049410 3.486354 7.317965 -2.049411 3.486356 -0.000000 0.167404 -0.020490 3.817581 -10.428518 4.354795 -0.000000 0.096178 0.016850 16.302482 -6.261813 -2.111284 -0.000000 0.220374 0.075011 0.000003 -0.000002 0.000003 -0.045700 0.110149 -0.021608 -36.052071 17.463108 4.779990 -57.077774 12.395044 38.551012 6.180210 119.096260 -5.418793 -29.330813 5.573759 -10.542336 -0.024648 -0.015740 0.026819 -28.609569 -10.644840 0.170640 0.941257 -1.290238 0.235465 -0.026463 -0.015278 0.015278 -0.000001 0.000008 -0.000005 -0.019946 -0.011516 0.011516 0.000001 -0.000002 0.000001 -0.091083 -0.005179 0.022598 -3.993874 -6.999535 18.566623 0.402649 -1.732412 30.432126 -0.000002 0.000002 -0.000002 -0.000000 0.000001 0.000004 -0.095325 0.000000 0.000000 1.179040 -4.694140 25.563349 -0.268810 1.048398 19.743937 0.000001 -0.000000 -0.000001 0.000001 -0.000001 -0.000001 -0.091036 -0.000431 -0.018651 -0.500105 -6.227284 31.110894 1.398937 0.254771 14.962552 -0.000007 0.000007 0.000011 -0.000001 -0.000001 0.000004 -0.080767 -0.004867 -0.038063 2.384809 -6.017418 33.822335 -0.305304 1.288877 11.805862 0.000000 0.000003 0.000011 0.000001 0.000001 0.000003 0.045704 0.110147 -0.021608 -21.318694 -17.044788 1.743158 -63.368726 -11.591739 -71.228129 -1.796945 -124.706796 -1.477790 -9.461518 -1.171806 19.814374 0.024661 -0.015762 0.026817 -48.512371 13.157072 -3.971866 5.849518 14.755447 1.800842 0.026479 -0.015287 0.015287 -0.000007 0.000009 -0.000011 0.019989 -0.011541 0.011541 0.000004 0.000002 -0.000002 0.091093 -0.005180 0.022599 -8.053860 8.573579 -26.955543 0.740325 1.852086 -22.932447 -0.000001 0.000002 0.000001 0.000001 0.000003 0.000002 0.095334 0.000000 0.000000 -0.697617 0.625138 -32.061775 -0.334581 -1.124259 -27.158302 -0.000000 0.000001 -0.000001 -0.000000 -0.000001 -0.000001 0.091045 -0.000430 -0.018651 -1.376017 1.579521 -35.064159 -0.336748 -0.826058 -21.997126 0.000001 0.000003 0.000000 0.000001 0.000001 0.000001 0.080778 -0.004869 -0.038063 3.025511 -1.499693 -40.467382 -0.114733 -1.334787 -8.145122 -0.000010 -0.000013 -0.000015 -0.000001 -0.000002 -0.000000 -0.082078 -0.067517 -0.015995 -33.650177 5.070369 -11.869441 40.147200 0.404020 1.556728 -10.317187 0.464550 1.370831 -1.570726 -3.991370 1.644605 0.000000 -0.000002 0.000000 0.082078 -0.067517 -0.015995 -13.039774 25.215482 0.911421 30.990788 -0.254547 -1.085156 -19.817598 0.591881 -3.255025 1.750349 -0.705723 0.196036 -0.000000 0.000000 0.000000 
-0.011858 0.980288 0.017538 4.324114 -11.001091 10.789861 -0.000000 0.101815 0.001315 3.569806 -1.146783 1.040934 7.194941 -2.001162 3.414178 7.194938 -2.001165 3.414180 -0.000000 0.167404 -0.020490 3.587431 -10.453273 4.401652 0.000000 0.096179 0.016850 16.478197 -6.116136 -2.106298 -0.000000 0.220374 0.075011 0.000000 0.000002 -0.000001 -0.045700 0.110149 -0.021608 -36.207086 17.347005 5.240088 -56.835845 12.906564 37.993224 6.139020 119.031769 -5.386636 -29.579148 5.851719 -10.951232 -0.024648 -0.015740 0.026819 -28.609542 -10.644830 0.170610 0.941265 -1.290250 0.235496 -0.026463 -0.015278 0.015278 -0.000002 0.000008 -0.000009 -0.019946 -0.011516 0.011516 -0.000004 -0.000000 -0.000004 -0.091083 -0.005179 0.022598 -3.993850 -6.999526 18.566599 0.402644 -1.732422 30.432130 -0.000000 0.000003 -0.000001 0.000001 0.000001 0.000003 -0.095325 0.000000 0.000000 1.179060 -4.694136 25.563334 -0.268814 1.048401 19.743934 0.000000 -0.000000 -0.000000 0.000000 -0.000001 0.000001 -0.091036 -0.000431 -0.018651 -0.500074 -6.227275 31.110890 1.398931 0.254785 14.962544 -0.000005 0.000006 0.000010 0.000001 -0.000000 0.000003 -0.080767 -0.004867 -0.038063 2.384823 -6.017408 33.822322 -0.305312 1.288871 11.805850 -0.000002 0.000002 0.000015 0.000000 0.000000 0.000005 0.045704 0.110147 -0.021608 -21.044235 -16.964295 1.645527 -63.753594 -11.897507 -71.264903 -1.861074 -124.667113 -1.531202 -9.392530 -1.087734 19.683739 0.024661 -0.015762 0.026817 -48.512341 13.157098 -3.971863 5.849538 14.755457 1.800826 0.026479 -0.015287 0.015287 -0.000007 0.000009 -0.000013 0.019989 -0.011541 0.011541 0.000002 0.000000 0.000001 0.091093 -0.005180 0.022599 -8.053844 8.573603 -26.955552 0.740321 1.852084 -22.932452 0.000000 -0.000000 0.000001 0.000001 -0.000000 0.000003 0.095334 0.000000 0.000000 -0.697601 0.625154 -32.061758 -0.334579 -1.124261 -27.158314 0.000000 -0.000000 0.000000 -0.000001 -0.000001 0.000002 0.091045 -0.000430 -0.018651 -1.375985 1.579536 -35.064166 -0.336762 -0.826071 -21.997118 0.000001 -0.000001 -0.000000 0.000002 -0.000001 0.000002 0.080778 -0.004869 -0.038063 3.025536 -1.499673 -40.467402 -0.114733 -1.334789 -8.145118 -0.000011 -0.000011 -0.000015 0.000000 0.000005 0.000000 -0.082078 -0.067517 -0.015995 -33.782300 5.144569 -11.917480 40.309908 0.410655 1.562238 -10.413069 0.625954 1.339175 -1.638615 -4.183535 1.711826 0.000000 0.000001 0.000000 0.082078 -0.067517 -0.015995 -13.000871 25.131198 0.761496 31.007140 -0.250277 -1.085137 -19.874194 0.873829 -3.262583 1.837342 -0.886871 0.308192 0.000000 -0.000001 0.000000 
-0.012282 0.979961 0.018052 4.397739 -11.164954 10.910306 0.000000 0.101816 0.001315 3.515846 -1.120565 1.003299 7.085281 -1.950945 3.348773 7.085287 -1.950951 3.348775 0.000000 0.167404 -0.020490 3.380040 -10.472820 4.443681 -0.000000 0.096178 0.016850 16.656968 -5.982053 -2.091020 -0.000000 0.220374 0.075011 -0.000002 -0.000001 0.000001 -0.045700 0.110149 -0.021608 -36.351824 17.242112 5.674857 -56.578261 13.386055 37.424755 6.096405 118.981240 -5.352416 -29.828727 6.116249 -11.370574 -0.024648 -0.015740 0.026819 -28.609560 -10.644833 0.170620 0.941263 -1.290249 0.235464 -0.026463 -0.015278 0.015278 -0.000009 0.000010 -0.000007 -0.019946 -0.011516 0.011516 -0.000000 -0.000005 -0.000000 -0.091083 -0.005179 0.022598 -3.993859 -6.999527 18.566609 0.402644 -1.732418 30.432130 -0.000002 0.000002 -0.000003 0.000001 0.000001 0.000004 -0.095325 0.000000 -0.000000 1.179051 -4.694142 25.563349 -0.268813 1.048401 19.743949 0.000000 0.000000 0.000001 0.000000 0.000000 0.000000 -0.091036 -0.000431 -0.018651 -0.500104 -6.227274 31.110890 1.398941 0.254773 14.962556 -0.000007 0.000006 0.000012 0.000000 0.000002 0.000004 -0.080767 -0.004867 -0.038063 2.384795 -6.017409 33.822318 -0.305297 1.288864 11.805846 -0.000000 0.000003 0.000016 0.000001 0.000001 0.000004 0.045704 0.110147 -0.021608 -20.786094 -16.885199 1.565847 -64.098641 -12.175302 -71.306068 -1.921747 -124.631486 -1.581831 -9.337549 -1.007057 19.561786 0.024661 -0.015762 0.026817 -48.512347 13.157080 -3.971850 5.849511 14.755478 1.800836 0.026479 -0.015287 0.015288 -0.000006 0.000011 -0.000017 0.019989 -0.011541 0.011541 0.000001 0.000002 -0.000002 0.091093 -0.005180 0.022599 -8.053839 8.573603 -26.955541 0.740312 1.852071 -22.932452 0.000000 0.000000 -0.000001 -0.000001 -0.000001 0.000000 0.095334 0.000000 -0.000000 -0.697596 0.625156 -32.061751 -0.334580 -1.124256 -27.158316 0.000000 -0.000000 -0.000001 -0.000001 -0.000000 -0.000001 0.091045 -0.000430 -0.018651 -1.375983 1.579534 -35.064159 -0.336758 -0.826060 -21.997113 0.000001 0.000001 0.000000 0.000001 0.000000 0.000000 0.080778 -0.004869 -0.038063 3.025553 -1.499676 -40.467375 -0.114756 -1.334797 -8.145143 -0.000011 -0.000016 -0.000012 0.000001 0.000001 0.000002 -0.082078 -0.067517 -0.015995 -33.912087 5.213191 -11.957477 40.462560 0.416023 1.567328 -10.502355 0.784116 1.307081 -1.699907 -4.359255 1.772122 -0.000000 0.000000 0.000000 0.082078 -0.067517 -0.015995 -12.970012 25.026356 0.615957 31.024444 -0.245393 -1.085126 -19.929730 1.172724 -3.267327 1.914243 -1.051456 0.410980 0.000000 0.000000 0.000000 
-0.012693 0.979650 0.018533 4.464478 -11.327821 11.019872 0.000000 0.101816 0.001315 3.471504 -1.095029 0.969782 6.994958 -1.901657 3.290539 6.994953 -1.901663 3.290532 0.000000 0.167404 -0.020490 3.193672 -10.484952 4.461965 0.000000 0.096179 0.016850 16.843769 -5.874905 -2.038654 0.000000 0.220374 0.075011 -0.000000 -0.000001 0.000000 -0.045700 0.110149 -0.021608 -36.485767 17.153028 6.087470 -56.318297 13.833010 36.850821 6.052619 118.948783 -5.316214 -30.065560 6.337873 -11.785836 -0.024648 -0.015740 0.026819 -28.609537 -10.644831 0.170620 0.941255 -1.290247 0.235504 -0.026463 -0.015278 0.015278 -0.000004 0.000006 -0.000005 -0.019946 -0.011516 0.011516 0.000000 0.000001 -0.000000 -0.091083 -0.005179 0.022598 -3.993840 -6.999527 18.566597 0.402632 -1.732419 30.432126 -0.000003 0.000003 -0.000000 -0.000001 0.000001 0.000004 -0.095325 0.000000 -0.000000 1.179063 -4.694133 25.563349 -0.268811 1.048391 19.743927 0.000001 0.000001 0.000002 0.000002 0.000001 -0.000000 -0.091036 -0.000431 -0.018651 -0.500082 -6.227268 31.110880 1.398925 0.254774 14.962569 -0.000006 0.000007 0.000012 -0.000001 0.000001 0.000003 -0.080767 -0.004867 -0.038063 2.384795 -6.017408 33.822325 -0.305289 1.288857 11.805836 0.000001 0.000003 0.000013 0.000001 -0.000001 -0.000002 0.045704 0.110147 -0.021608 -20.545942 -16.808059 1.502261 -64.396943 -12.430103 -71.338006 -1.979117 -124.593497 -1.629799 -9.318454 -0.947752 19.466748 0.024661 -0.015762 0.026817 -48.512358 13.157086 -3.971860 5.849529 14.755463 1.800828 0.026479 -0.015288 0.015287 -0.000007 0.000011 -0.000010 0.019989 -0.011541 0.011541 -0.000002 0.000002 0.000003 0.091093 -0.005180 0.022599 -8.053833 8.573594 -26.955545 0.740309 1.852075 -22.932446 -0.000001 0.000000 -0.000002 -0.000002 0.000000 -0.000002 0.095334 0.000000 -0.000000 -0.697604 0.625143 -32.061748 -0.334583 -1.124258 -27.158328 -0.000001 0.000003 0.000000 -0.000000 0.000004 0.000001 0.091045 -0.000430 -0.018651 -1.375993 1.579531 -35.064163 -0.336764 -0.826066 -21.997116 0.000000 -0.000000 -0.000000 -0.000000 -0.000002 0.000001 0.080778 -0.004869 -0.038063 3.025542 -1.499681 -40.467375 -0.114752 -1.334800 -8.145131 -0.000011 -0.000012 -0.000012 -0.000001 -0.000001 -0.000001 -0.082078 -0.067517 -0.015995 -34.033791 5.265839 -11.992722 40.605355 0.419553 1.571963 -10.585152 0.950331 1.273695 -1.755724 -4.519391 1.826795 -0.000000 -0.000001 -0.000000 0.082078 -0.067517 -0.015995 -12.940499 24.897711 0.475187 31.043568 -0.240501 -1.085184 -19.984572 1.491957 -3.268969 1.981950 -1.200716 0.504576 0.000000 -0.000000 -0.000000 
-0.013096 0.979352 0.018967 4.525957 -11.488984 11.118067 0.000000 0.101815 0.001315 3.437472 -1.070910 0.941087 6.925390 -1.854690 3.240926 6.925397 -1.854691 3.240927 -0.000000 0.167404 -0.020490 3.033663 -10.490172 4.463527 -0.000000 0.096178 0.016850 17.021579 -5.786457 -1.964718 -0.000000 0.220374 0.075011 -0.000001 -0.000001 0.000001 -0.045700 0.110149 -0.021608 -36.608001 17.079829 6.474892 -56.061598 14.246997 36.285633 6.009418 118.927677 -5.279915 -30.288283 6.530334 -12.187460 -0.024648 -0.015740 0.026819 -28.609566 -10.644834 0.170628 0.941262 -1.290239 0.235478 -0.026462 -0.015278 0.015278 -0.000008 0.000010 -0.000006 -0.019946 -0.011516 0.011516 -0.000004 0.000000 0.000003 -0.091083 -0.005179 0.022598 -3.993874 -6.999527 18.566611 0.402643 -1.732428 30.432133 -0.000002 0.000003 -0.000001 -0.000002 -0.000000 -0.000001 -0.095325 -0.000000 -0.000000 1.179042 -4.694141 25.563322 -0.268805 1.048400 19.743931 -0.000001 0.000001 0.000002 -0.000002 0.000001 0.000002 -0.091036 -0.000431 -0.018651 -0.500099 -6.227278 31.110883 1.398931 0.254781 14.962561 -0.000005 0.000006 0.000011 -0.000001 0.000001 0.000005 -0.080767 -0.004867 -0.038063 2.384794 -6.017415 33.822322 -0.305299 1.288875 11.805862 -0.000002 0.000002 0.000012 0.000002 -0.000000 -0.000000 0.045704 0.110147 -0.021608 -20.324944 -16.734643 1.452720 -64.650746 -12.663403 -71.350553 -2.032684 -124.557256 -1.674642 -9.326804 -0.907082 19.402225 0.024661 -0.015762 0.026817 -48.512368 13.157088 -3.971857 5.849538 14.755457 1.800824 0.026479 -0.015288 0.015288 -0.000005 0.000008 -0.000017 0.019989 -0.011541 0.011541 0.000000 0.000002 0.000005 0.091093 -0.005180 0.022599 -8.053849 8.573592 -26.955555 0.740316 1.852067 -22.932456 0.000001 0.000002 -0.000001 -0.000000 0.000001 -0.000002 0.095334 0.000000 0.000000 -0.697606 0.625142 -32.061751 -0.334587 -1.124267 -27.158325 -0.000001 0.000000 -0.000001 -0.000000 -0.000000 -0.000000 0.091045 -0.000430 -0.018651 -1.375997 1.579535 -35.064156 -0.336767 -0.826069 -21.997142 0.000000 -0.000002 -0.000002 0.000000 -0.000001 -0.000001 0.080778 -0.004869 -0.038063 3.025538 -1.499675 -40.467382 -0.114744 -1.334809 -8.145130 -0.000010 -0.000012 -0.000010 -0.000000 0.000004 0.000001 -0.082078 -0.067517 -0.015995 -34.149105 5.307617 -12.019968 40.738342 0.421870 1.576186 -10.660516 1.117944 1.239231 -1.807079 -4.666248 1.876908 0.000000 0.000000 -0.000000 0.082078 -0.067517 -0.015995 -12.917497 24.757216 0.345105 31.067860 -0.236645 -1.085493 -20.039403 1.819320 -3.267834 2.041019 -1.336195 0.589600 -0.000000 -0.000001 0.000000 
-0.013494 0.979064 0.019336 4.579966 -11.649794 11.202233 0.000000 0.101815 0.001315 3.415754 -1.049381 0.918068 6.880632 -1.812242 3.201493 6.880628 -1.812243 3.201496 -0.000000 0.167404 -0.020490 2.900291 -10.488358 4.442361 0.000000 0.096179 0.016850 17.180019 -5.719217 -1.866272 -0.000000 0.220374 0.075011 -0.000002 -0.000002 0.000005 -0.045700 0.110149 -0.021609 -36.717840 17.024105 6.835781 -55.822788 14.627933 35.746437 5.968608 118.914044 -5.245241 -30.487068 6.687823 -12.557176 -0.024648 -0.015740 0.026819 -28.609566 -10.644837 0.170617 0.941254 -1.290252 0.235498 -0.026463 -0.015278 0.015278 -0.000007 0.000006 -0.000009 -0.019946 -0.011516 0.011516 0.000002 -0.000003 0.000001 -0.091083 -0.005179 0.022598 -3.993880 -6.999523 18.566594 0.402648 -1.732426 30.432133 -0.000002 0.000003 -0.000004 -0.000001 0.000000 0.000004 -0.095325 0.000000 -0.000000 1.179031 -4.694134 25.563332 -0.268804 1.048399 19.743944 0.000001 0.000001 0.000003 -0.000000 0.000001 0.000003 -0.091036 -0.000431 -0.018651 -0.500106 -6.227261 31.110880 1.398940 0.254757 14.962569 -0.000006 0.000007 0.000013 0.000000 0.000002 0.000008 -0.080768 -0.004867 -0.038063 2.384797 -6.017407 33.822335 -0.305308 1.288876 11.805863 0.000001 0.000003 0.000015 0.000001 0.000000 0.000005 0.045704 0.110147 -0.021608 -20.124749 -16.666553 1.414072 -64.859832 -12.880772 -71.326422 -2.082491 -124.521998 -1.716400 -9.368952 -0.894305 19.383035 0.024661 -0.015762 0.026817 -48.512354 13.157072 -3.971857 5.849541 14.755452 1.800820 0.026479 -0.015288 0.015287 -0.000006 0.000011 -0.000010 0.019989 -0.011541 0.011541 0.000000 0.000002 0.000003 0.091093 -0.005180 0.022599 -8.053858 8.573592 -26.955538 0.740331 1.852083 -22.932464 -0.000002 -0.000001 0.000001 -0.000002 0.000001 0.000001 0.095334 0.000000 -0.000000 -0.697602 0.625146 -32.061738 -0.334593 -1.124272 -27.158313 -0.000000 -0.000001 -0.000001 -0.000000 -0.000000 -0.000001 0.091045 -0.000430 -0.018651 -1.375996 1.579542 -35.064173 -0.336763 -0.826068 -21.997111 0.000001 0.000003 0.000000 0.000001 0.000001 -0.000001 0.080778 -0.004869 -0.038063 3.025539 -1.499674 -40.467378 -0.114757 -1.334815 -8.145139 -0.000010 -0.000012 -0.000015 0.000002 0.000001 -0.000003 -0.082078 -0.067517 -0.015995 -34.256814 5.338551 -12.035983 40.861555 0.423349 1.580037 -10.727522 1.286342 1.203001 -1.855892 -4.803395 1.924440 0.000000 0.000000 -0.000000 0.082078 -0.067517 -0.015995 -12.902109 24.615047 0.232658 31.100006 -0.234856 -1.086220 -20.094504 2.145509 -3.265049 2.091543 -1.460638 0.667152 -0.000000 0.000001 0.000000 
-0.013876 0.978786 0.019636 4.630220 -11.805110 11.275945 0.000000 0.101815 0.001315 3.405517 -1.030714 0.900691 6.859062 -1.774859 3.172370 6.859064 -1.774862 3.172366 0.000000 0.167404 -0.020490 2.806499 -10.479265 4.418440 -0.000000 0.096179 0.016850 17.304689 -5.656935 -1.771624 0.000000 0.220374 0.075011 -0.000000 -0.000001 0.000000 -0.045700 0.110149 -0.021608 -36.814655 16.986607 7.167956 -55.588215 14.973815 35.229037 5.930322 118.903826 -5.212569 -30.673362 6.839683 -12.906441 -0.024648 -0.015740 0.026819 -28.609545 -10.644837 0.170612 0.941251 -1.290259 0.235495 -0.026463 -0.015278 0.015278 -0.000009 0.000010 -0.000009 -0.019946 -0.011516 0.011516 0.000001 -0.000005 -0.000000 -0.091083 -0.005179 0.022598 -3.993868 -6.999538 18.566607 0.402635 -1.732407 30.432126 -0.000002 0.000003 -0.000002 0.000000 -0.000001 -0.000002 -0.095325 0.000000 0.000000 1.179051 -4.694146 25.563344 -0.268812 1.048398 19.743934 -0.000000 0.000001 0.000001 0.000001 -0.000000 0.000001 -0.091036 -0.000431 -0.018651 -0.500100 -6.227276 31.110890 1.398942 0.254754 14.962557 -0.000007 0.000006 0.000012 0.000001 0.000003 0.000005 -0.080767 -0.004867 -0.038063 2.384818 -6.017430 33.822332 -0.305308 1.288897 11.805864 -0.000001 0.000002 0.000012 0.000001 0.000002 0.000004 0.045704 0.110147 -0.021608 -19.946186 -16.604550 1.387845 -65.024398 -13.074824 -71.272997 -2.127607 -124.495634 -1.754159 -9.422433 -0.891254 19.393456 0.024661 -0.015762 0.026817 -48.512341 13.157090 -3.971875 5.849517 14.755468 1.800835 0.026479 -0.015287 0.015287 -0.000004 0.000011 -0.000015 0.019989 -0.011541 0.011541 -0.000001 0.000002 0.000003 0.091093 -0.005180 0.022599 -8.053836 8.573597 -26.955546 0.740317 1.852075 -22.932454 -0.000000 0.000001 -0.000001 -0.000002 -0.000002 -0.000001 0.095334 0.000000 -0.000000 -0.697586 0.625151 -32.061751 -0.334586 -1.124256 -27.158325 0.000000 0.000001 0.000000 0.000001 0.000000 0.000000 0.091045 -0.000430 -0.018651 -1.375994 1.579529 -35.064156 -0.336765 -0.826066 -21.997125 0.000000 0.000002 0.000000 0.000001 0.000004 0.000000 0.080778 -0.004869 -0.038063 3.025552 -1.499676 -40.467396 -0.114745 -1.334783 -8.145129 -0.000009 -0.000017 -0.000013 -0.000001 -0.000004 0.000003 -0.082078 -0.067517 -0.015995 -34.360288 5.363379 -12.043837 40.975210 0.424231 1.583547 -10.785946 1.448591 1.166679 -1.900439 -4.927980 1.967691 0.000000 0.000001 -0.000000 0.082078 -0.067517 -0.015995 -12.897409 24.473343 0.134306 31.138928 -0.235958 -1.087418 -20.148518 2.465632 -3.259667 2.133349 -1.571550 0.736191 0.000000 -0.000000 0.000000 
-0.014238 0.978514 0.019855 4.679028 -11.952751 11.340476 -0.000000 0.101815 0.001315 3.406902 -1.015370 0.889433 6.860968 -1.743234 3.154599 6.860971 -1.743240 3.154594 -0.000000 0.167404 -0.020490 2.763817 -10.463268 4.408399 0.000000 0.096179 0.016850 17.374715 -5.583915 -1.708936 -0.000000 0.220374 0.075011 0.000001 0.000002 0.000001 -0.045700 0.110149 -0.021608 -36.897508 16.967950 7.468598 -55.353363 15.284268 34.740220 5.895767 118.889456 -5.183377 -30.853197 7.014296 -13.235712 -0.024648 -0.015740 0.026819 -28.609560 -10.644831 0.170608 0.941250 -1.290245 0.235513 -0.026463 -0.015278 0.015278 -0.000007 0.000006 -0.000007 -0.019946 -0.011516 0.011516 -0.000003 -0.000003 -0.000000 -0.091083 -0.005179 0.022598 -3.993879 -6.999514 18.566594 0.402639 -1.732416 30.432150 -0.000002 0.000004 0.000001 0.000001 0.000000 0.000002 -0.095325 0.000000 -0.000000 1.179040 -4.694126 25.563340 -0.268806 1.048405 19.743949 0.000001 0.000000 0.000002 0.000003 0.000000 0.000002 -0.091036 -0.000431 -0.018651 -0.500100 -6.227259 31.110887 1.398940 0.254765 14.962542 -0.000007 0.000006 0.000009 -0.000002 0.000001 0.000006 -0.080767 -0.004867 -0.038063 2.384808 -6.017398 33.822325 -0.305318 1.288884 11.805864 -0.000000 0.000003 0.000014 0.000001 0.000001 0.000003 0.045704 0.110147 -0.021608 -19.789920 -16.548981 1.375790 -65.145894 -13.240635 -71.188815 -2.167141 -124.486440 -1.786937 -9.467408 -0.886033 19.426542 0.024661 -0.015762 0.026817 -48.512341 13.157086 -3.971864 5.849520 14.755456 1.800827 0.026479 -0.015287 0.015288 -0.000006 0.000009 -0.000015 0.019989 -0.011541 0.011541 0.000004 0.000004 -0.000000 0.091093 -0.005180 0.022599 -8.053841 8.573595 -26.955545 0.740314 1.852066 -22.932451 -0.000001 0.000000 0.000002 -0.000001 0.000000 0.000003 0.095334 0.000000 0.000000 -0.697597 0.625154 -32.061755 -0.334580 -1.124255 -27.158323 0.000000 0.000002 -0.000001 -0.000000 0.000002 -0.000000 0.091045 -0.000430 -0.018651 -1.376000 1.579532 -35.064173 -0.336766 -0.826063 -21.997125 -0.000000 0.000003 -0.000002 0.000001 0.000003 -0.000002 0.080778 -0.004869 -0.038063 3.025536 -1.499678 -40.467378 -0.114743 -1.334794 -8.145120 -0.000010 -0.000012 -0.000014 -0.000001 -0.000000 0.000000 -0.082078 -0.067517 -0.015995 -34.462235 5.387443 -12.042848 41.080227 0.425124 1.586779 -10.835459 1.597727 1.131142 -1.940916 -5.041010 2.006866 -0.000000 -0.000001 -0.000000 0.082078 -0.067517 -0.015995 -12.907007 24.339111 0.051412 31.185711 -0.241822 -1.089267 -20.201089 2.772658 -3.251118 2.166143 -1.668089 0.796292 -0.000000 0.000000 0.000000 
-0.014565 0.978252 0.019995 4.728338 -12.084901 11.400755 -0.000000 0.101815 0.001315 3.418990 -1.004152 0.883317 6.884543 -1.718951 3.146854 6.884537 -1.718955 3.146850 0.000000 0.167404 -0.020490 2.777497 -10.439434 4.416458 0.000000 0.096178 0.016850 17.399132 -5.502299 -1.676047 0.000000 0.220374 0.075011 -0.000001 0.000000 0.000001 -0.045700 0.110149 -0.021608 -36.966111 16.969948 7.737984 -55.106021 15.554342 34.264747 5.863270 118.877721 -5.155778 -31.032531 7.208569 -13.560063 -0.024648 -0.015740 0.026819 -28.609535 -10.644847 0.170612 0.941263 -1.290249 0.235494 -0.026463 -0.015278 0.015278 -0.000004 0.000004 -0.000003 -0.019946 -0.011516 0.011516 0.000000 0.000000 0.000001 -0.091083 -0.005179 0.022598 -3.993852 -6.999536 18.566614 0.402641 -1.732413 30.432137 -0.000001 0.000003 -0.000004 0.000000 0.000001 0.000003 -0.095325 -0.000000 0.000000 1.179058 -4.694140 25.563330 -0.268804 1.048395 19.743948 0.000001 -0.000000 0.000002 0.000003 -0.000001 0.000000 -0.091036 -0.000431 -0.018651 -0.500098 -6.227278 31.110883 1.398946 0.254766 14.962549 -0.000008 0.000005 0.000009 -0.000001 0.000001 0.000001 -0.080767 -0.004867 -0.038063 2.384824 -6.017418 33.822325 -0.305312 1.288878 11.805833 -0.000003 0.000003 0.000012 0.000000 0.000001 0.000002 0.045704 0.110147 -0.021608 -19.657402 -16.502734 1.374321 -65.220780 -13.376810 -71.083534 -2.200472 -124.492560 -1.814287 -9.502567 -0.869181 19.470402 0.024661 -0.015762 0.026817 -48.512351 13.157105 -3.971851 5.849517 14.755451 1.800826 0.026479 -0.015288 0.015287 -0.000004 0.000009 -0.000017 0.019989 -0.011541 0.011541 -0.000001 -0.000002 0.000007 0.091093 -0.005180 0.022599 -8.053841 8.573598 -26.955550 0.740325 1.852067 -22.932452 -0.000002 0.000001 -0.000000 -0.000002 0.000000 0.000001 0.095334 0.000000 0.000000 -0.697604 0.625144 -32.061755 -0.334590 -1.124267 -27.158318 0.000000 0.000004 -0.000000 -0.000000 0.000003 -0.000001 0.091045 -0.000430 -0.018651 -1.375990 1.579532 -35.064152 -0.336765 -0.826071 -21.997121 0.000001 -0.000001 0.000000 0.000000 -0.000001 -0.000000 0.080778 -0.004869 -0.038063 3.025543 -1.499682 -40.467402 -0.114746 -1.334789 -8.145124 -0.000010 -0.000014 -0.000016 0.000001 0.000001 -0.000003 -0.082078 -0.067517 -0.015995 -34.564954 5.409389 -12.041584 41.177213 0.425821 1.589740 -10.876753 1.733258 1.098022 -1.973537 -5.134450 2.038267 0.000000 -0.000000 -0.000000 0.082078 -0.067517 -0.015995 -12.930015 24.208053 -0.024265 31.236449 -0.250899 -1.091528 -20.249014 3.063697 -3.239831 2.189933 -1.748179 0.846518 -0.000000 -0.000000 0.000000 
-0.014841 0.978001 0.020058 4.779611 -12.193490 11.461701 0.000000 0.101816 0.001315 3.440984 -0.997903 0.881513 6.928251 -1.703541 3.147983 6.928245 -1.703542 3.147973 0.000000 0.167404 -0.020490 2.860364 -10.406557 4.457899 -0.000000 0.096179 0.016850 17.374620 -5.403185 -1.688384 -0.000000 0.220374 0.075011 -0.000001 -0.000001 0.000004 -0.045700 0.110149 -0.021608 -37.019902 16.995642 7.977303 -54.829098 15.779993 33.787139 5.831623 118.871178 -5.128717 -31.222485 7.437726 -13.897420 -0.024648 -0.015740 0.026819 -28.609557 -10.644836 0.170623 0.941257 -1.290255 0.235503 -0.026463 -0.015278 0.015278 -0.000007 0.000008 -0.000008 -0.019946 -0.011516 0.011516 -0.000000 0.000003 0.000004 -0.091083 -0.005179 0.022598 -3.993863 -6.999542 18.566607 0.402647 -1.732407 30.432130 -0.000002 0.000002 -0.000006 -0.000001 0.000001 0.000001 -0.095325 0.000000 -0.000000 1.179058 -4.694146 25.563335 -0.268807 1.048403 19.743960 0.000001 0.000000 0.000003 0.000001 -0.000000 0.000001 -0.091036 -0.000431 -0.018651 -0.500097 -6.227290 31.110890 1.398936 0.254778 14.962550 -0.000006 0.000006 0.000013 -0.000001 0.000000 0.000005 -0.080767 -0.004867 -0.038063 2.384807 -6.017412 33.822339 -0.305313 1.288881 11.805865 0.000001 0.000003 0.000013 0.000002 -0.000001 0.000001 0.045704 0.110147 -0.021608 -19.549518 -16.467728 1.382714 -65.246017 -13.479899 -70.964682 -2.226670 -124.517449 -1.835330 -9.515337 -0.824033 19.510341 0.024661 -0.015762 0.026817 -48.512351 13.157077 -3.971861 5.849530 14.755437 1.800825 0.026479 -0.015287 0.015287 -0.000004 0.000009 -0.000017 0.019989 -0.011541 0.011541 0.000001 -0.000001 0.000001 0.091093 -0.005180 0.022599 -8.053855 8.573581 -26.955546 0.740322 1.852087 -22.932449 -0.000001 0.000001 -0.000000 -0.000001 0.000000 -0.000001 0.095334 0.000000 -0.000000 -0.697601 0.625150 -32.061755 -0.334591 -1.124275 -27.158318 0.000000 0.000001 0.000000 -0.000001 0.000000 -0.000000 0.091045 -0.000430 -0.018651 -1.376005 1.579531 -35.064159 -0.336761 -0.826072 -21.997113 0.000000 0.000001 0.000001 -0.000001 -0.000001 0.000001 0.080778 -0.004869 -0.038063 3.025536 -1.499685 -40.467382 -0.114750 -1.334795 -8.145128 -0.000011 -0.000010 -0.000012 -0.000000 0.000003 -0.000000 -0.082078 -0.067517 -0.015995 -34.670290 5.429489 -12.048339 41.267525 0.426333 1.592484 -10.910946 1.852769 1.069280 -1.994940 -5.201651 2.058586 0.000000 -0.000001 0.000000 0.082078 -0.067517 -0.015995 -12.965396 24.077902 -0.100601 31.287881 -0.263677 -1.094130 -20.290627 3.335389 -3.223886 2.205339 -1.810666 0.886641 0.000000 0.000000 0.000000 
-0.015068 0.977763 0.020035 4.836541 -12.276883 11.524474 0.000000 0.101815 0.001315 3.472505 -0.997008 0.884190 6.991328 -1.697663 3.158474 6.991330 -1.697668 3.158484 -0.000000 0.167404 -0.020490 3.001717 -10.365324 4.516144 -0.000000 0.096178 0.016850 17.317492 -5.303182 -1.721257 -0.000000 0.220374 0.075011 -0.000001 0.000000 -0.000000 -0.045700 0.110149 -0.021608 -37.058533 17.041397 8.181189 -54.532985 15.958273 33.315115 5.800986 118.874907 -5.101958 -31.413676 7.674526 -14.240091 -0.024648 -0.015740 0.026819 -28.609547 -10.644846 0.170605 0.941259 -1.290238 0.235490 -0.026463 -0.015278 0.015278 -0.000006 0.000004 -0.000005 -0.019946 -0.011516 0.011516 -0.000003 0.000001 -0.000000 -0.091083 -0.005179 0.022598 -3.993853 -6.999533 18.566595 0.402641 -1.732416 30.432123 -0.000003 0.000003 0.000001 -0.000001 0.000000 0.000002 -0.095325 0.000000 -0.000000 1.179064 -4.694147 25.563322 -0.268819 1.048395 19.743937 0.000001 0.000000 0.000000 0.000002 -0.000000 -0.000002 -0.091036 -0.000431 -0.018651 -0.500086 -6.227277 31.110900 1.398928 0.254776 14.962554 -0.000007 0.000006 0.000010 0.000000 0.000001 0.000004 -0.080767 -0.004867 -0.038063 2.384834 -6.017416 33.822322 -0.305321 1.288881 11.805857 -0.000002 0.000003 0.000016 0.000001 0.000001 0.000002 0.045704 0.110147 -0.021608 -19.467752 -16.447794 1.395130 -65.221893 -13.551246 -70.837333 -2.245337 -124.553636 -1.849909 -9.519387 -0.760344 19.547267 0.024661 -0.015762 0.026817 -48.512351 13.157086 -3.971835 5.849512 14.755454 1.800828 0.026479 -0.015288 0.015287 -0.000005 0.000011 -0.000009 0.019989 -0.011541 0.011541 -0.000003 -0.000001 -0.000000 0.091093 -0.005180 0.022599 -8.053844 8.573596 -26.955535 0.740317 1.852071 -22.932447 -0.000000 0.000001 -0.000001 -0.000001 -0.000002 0.000000 0.095334 -0.000000 -0.000000 -0.697593 0.625156 -32.061741 -0.334579 -1.124261 -27.158316 0.000001 0.000002 0.000000 0.000001 0.000001 -0.000000 0.091045 -0.000430 -0.018651 -1.376012 1.579532 -35.064159 -0.336760 -0.826059 -21.997113 -0.000000 0.000002 -0.000001 0.000000 0.000002 -0.000000 0.080778 -0.004869 -0.038063 3.025537 -1.499673 -40.467382 -0.114746 -1.334787 -8.145132 -0.000011 -0.000013 -0.000015 0.000002 0.000002 -0.000002 -0.082078 -0.067517 -0.015995 -34.782438 5.448436 -12.063192 41.350515 0.426491 1.594963 -10.936905 1.955089 1.044878 -2.004182 -5.239574 2.067027 0.000000 -0.000000 0.000000 0.082078 -0.067517 -0.015995 -13.017786 23.949884 -0.177331 31.339981 -0.274997 -1.096654 -20.324609 3.581023 -3.205698 2.213664 -1.852148 0.914027 -0.000000 0.000001 0.000000 
-0.015231 0.977542 0.019912 4.902073 -12.326070 11.592637 -0.000000 0.101816 0.001315 3.513623 -1.002755 0.891484 7.074013 -1.703709 3.178889 7.074012 -1.703718 3.178891 0.000000 0.167404 -0.020490 3.205210 -10.314332 4.586002 0.000000 0.096178 0.016850 17.238484 -5.214384 -1.759443 0.000000 0.220374 0.075011 -0.000001 -0.000004 0.000003 -0.045700 0.110149 -0.021608 -37.079529 17.109349 8.341860 -54.216669 16.076618 32.845768 5.770671 118.898690 -5.074437 -31.602517 7.899080 -14.592327 -0.024648 -0.015740 0.026819 -28.609557 -10.644840 0.170623 0.941261 -1.290249 0.235495 -0.026463 -0.015278 0.015278 -0.000009 0.000011 -0.000006 -0.019946 -0.011516 0.011516 0.000000 -0.000002 0.000001 -0.091083 -0.005179 0.022598 -3.993875 -6.999534 18.566601 0.402657 -1.732414 30.432140 -0.000002 0.000003 -0.000003 -0.000000 0.000001 0.000002 -0.095325 0.000000 0.000000 1.179056 -4.694151 25.563344 -0.268820 1.048411 19.743937 -0.000000 0.000000 0.000002 -0.000001 0.000002 0.000002 -0.091036 -0.000431 -0.018651 -0.500101 -6.227283 31.110907 1.398938 0.254766 14.962527 -0.000007 0.000006 0.000010 -0.000001 0.000001 0.000004 -0.080767 -0.004867 -0.038063 2.384815 -6.017405 33.822318 -0.305320 1.288874 11.805858 -0.000003 0.000004 0.000017 -0.000003 0.000001 -0.000000 0.045704 0.110147 -0.021608 -19.417321 -16.449404 1.406438 -65.140709 -13.590182 -70.704698 -2.255102 -124.595437 -1.857026 -9.524644 -0.677898 19.577750 0.024661 -0.015762 0.026817 -48.512347 13.157087 -3.971839 5.849520 14.755459 1.800823 0.026479 -0.015288 0.015287 -0.000007 0.000011 -0.000007 0.019989 -0.011541 0.011541 -0.000001 0.000002 -0.000002 0.091093 -0.005180 0.022599 -8.053840 8.573600 -26.955540 0.740328 1.852082 -22.932452 0.000001 0.000003 -0.000000 0.000001 0.000002 0.000000 0.095334 0.000000 0.000000 -0.697593 0.625154 -32.061748 -0.334586 -1.124278 -27.158313 0.000000 0.000002 0.000001 0.000000 0.000001 0.000001 0.091045 -0.000430 -0.018651 -1.375985 1.579537 -35.064149 -0.336768 -0.826077 -21.997131 -0.000000 0.000004 0.000000 -0.000001 0.000001 0.000000 0.080778 -0.004869 -0.038063 3.025541 -1.499672 -40.467385 -0.114733 -1.334793 -8.145126 -0.000010 -0.000013 -0.000015 0.000001 0.000002 -0.000000 -0.082078 -0.067517 -0.015995 -34.904227 5.465404 -12.092544 41.424595 0.426072 1.597121 -10.953389 2.036865 1.026371 -1.994418 -5.233325 2.056825 0.000000 0.000000 -0.000000 0.082078 -0.067517 -0.015995 -13.089655 23.822715 -0.259493 31.389302 -0.280387 -1.098615 -20.347089 3.790725 -3.186574 2.217136 -1.867011 0.924996 0.000000 -0.000000 0.000000 
-0.015360 0.977321 0.019700 4.979885 -12.355057 11.663550 0.000000 0.101815 0.001315 3.562196 -1.013202 0.903096 7.171894 -1.717945 3.208083 7.171887 -1.717936 3.208076 0.000000 0.167404 -0.020490 3.440471 -10.258623 4.648549 -0.000000 0.096178 0.016850 17.150639 -5.141228 -1.790627 0.000000 0.220374 0.075011 0.000002 0.000000 0.000001 -0.045700 0.110149 -0.021608 -37.089191 17.185162 8.467668 -53.897610 16.159941 32.395498 5.742213 118.930956 -5.048137 -31.783022 8.104414 -14.936336 -0.024648 -0.015740 0.026819 -28.609560 -10.644858 0.170618 0.941255 -1.290245 0.235506 -0.026463 -0.015278 0.015278 -0.000007 0.000013 -0.000006 -0.019946 -0.011516 0.011516 0.000001 -0.000005 0.000001 -0.091083 -0.005179 0.022598 -3.993857 -6.999542 18.566607 0.402644 -1.732406 30.432120 -0.000002 0.000002 -0.000003 0.000002 0.000000 -0.000001 -0.095325 0.000000 -0.000000 1.179050 -4.694158 25.563347 -0.268818 1.048419 19.743954 -0.000001 0.000002 0.000005 -0.000002 0.000001 0.000003 -0.091036 -0.000431 -0.018651 -0.500106 -6.227284 31.110907 1.398942 0.254763 14.962544 -0.000007 0.000005 0.000008 -0.000001 0.000001 0.000004 -0.080767 -0.004867 -0.038063 2.384799 -6.017416 33.822335 -0.305295 1.288857 11.805835 -0.000002 0.000004 0.000015 0.000001 0.000001 0.000007 0.045704 0.110147 -0.021608 -19.387830 -16.466746 1.415228 -65.023353 -13.599306 -70.579917 -2.258113 -124.640816 -1.858510 -9.529473 -0.589939 19.600059 0.024661 -0.015762 0.026817 -48.512358 13.157090 -3.971855 5.849529 14.755466 1.800821 0.026479 -0.015287 0.015287 -0.000008 0.000013 -0.000012 0.019989 -0.011541 0.011541 0.000001 0.000001 0.000001 0.091093 -0.005180 0.022599 -8.053835 8.573581 -26.955550 0.740332 1.852090 -22.932449 0.000000 0.000003 -0.000000 -0.000002 0.000003 0.000000 0.095334 0.000000 -0.000000 -0.697591 0.625152 -32.061755 -0.334589 -1.124266 -27.158323 0.000000 0.000000 0.000001 -0.000000 -0.000001 0.000001 0.091045 -0.000430 -0.018651 -1.376000 1.579532 -35.064176 -0.336751 -0.826052 -21.997121 0.000000 0.000004 0.000000 -0.000000 0.000003 0.000001 0.080778 -0.004869 -0.038063 3.025544 -1.499685 -40.467399 -0.114734 -1.334795 -8.145119 -0.000012 -0.000013 -0.000013 -0.000000 0.000001 -0.000003 -0.082078 -0.067517 -0.015995 -35.040950 5.485022 -12.125426 41.493030 0.425204 1.599067 -10.961281 2.102109 1.010958 -1.980075 -5.211656 2.042325 0.000000 -0.000001 -0.000000 0.082078 -0.067517 -0.015995 -13.186932 23.701661 -0.338716 31.442854 -0.278341 -1.100119 -20.362942 3.970828 -3.168903 2.218549 -1.860760 0.922677 -0.000000 -0.000001 -0.000000 
-0.015472 0.977088 0.019395 5.075634 -12.372505 11.736840 -0.000000 0.101816 0.001315 3.616453 -1.027243 0.919037 7.281387 -1.738158 3.245710 7.281387 -1.738156 3.245707 0.000000 0.167404 -0.020490 3.680920 -10.201598 4.680682 -0.000000 0.096178 0.016850 17.070431 -5.096465 -1.791101 0.000000 0.220374 0.075011 -0.000001 -0.000001 0.000003 -0.045700 0.110149 -0.021608 -37.091691 17.258430 8.561792 -53.595791 16.222961 31.980920 5.716918 118.967060 -5.024422 -31.944187 8.269055 -15.254263 -0.024648 -0.015740 0.026819 -28.609560 -10.644835 0.170613 0.941260 -1.290245 0.235497 -0.026463 -0.015278 0.015278 -0.000011 0.000013 -0.000003 -0.019946 -0.011516 0.011516 0.000003 -0.000003 0.000001 -0.091083 -0.005179 0.022598 -3.993862 -6.999532 18.566611 0.402651 -1.732419 30.432130 -0.000003 0.000002 -0.000005 -0.000000 0.000000 0.000004 -0.095325 0.000000 0.000000 1.179040 -4.694145 25.563352 -0.268803 1.048399 19.743925 0.000000 0.000000 -0.000000 -0.000001 -0.000001 -0.000003 -0.091036 -0.000431 -0.018651 -0.500101 -6.227279 31.110900 1.398941 0.254776 14.962556 -0.000006 0.000007 0.000011 -0.000001 0.000002 0.000006 -0.080767 -0.004867 -0.038063 2.384814 -6.017420 33.822322 -0.305309 1.288888 11.805850 -0.000000 0.000003 0.000015 -0.000000 -0.000000 0.000000 0.045704 0.110147 -0.021608 -19.373558 -16.499145 1.416485 -64.885117 -13.581619 -70.473086 -2.255537 -124.683696 -1.855431 -9.540984 -0.511270 19.612948 0.024661 -0.015762 0.026817 -48.512361 13.157085 -3.971868 5.849516 14.755461 1.800831 0.026479 -0.015287 0.015288 -0.000009 0.000014 -0.000015 0.019989 -0.011541 0.011541 -0.000001 0.000001 -0.000002 0.091093 -0.005180 0.022599 -8.053859 8.573583 -26.955552 0.740321 1.852075 -22.932439 -0.000002 0.000003 -0.000000 -0.000002 -0.000001 0.000000 0.095334 0.000000 0.000000 -0.697602 0.625141 -32.061751 -0.334590 -1.124265 -27.158316 -0.000001 0.000002 0.000002 -0.000001 0.000000 0.000001 0.091045 -0.000430 -0.018651 -1.375995 1.579534 -35.064159 -0.336768 -0.826072 -21.997128 -0.000000 0.000001 -0.000000 -0.000000 0.000001 -0.000000 0.080778 -0.004869 -0.038063 3.025539 -1.499676 -40.467378 -0.114743 -1.334797 -8.145124 -0.000010 -0.000014 -0.000016 0.000001 -0.000001 -0.000001 -0.082078 -0.067517 -0.015995 -35.199725 5.511960 -12.154379 41.558190 0.423917 1.600878 -10.960461 2.152281 0.996826 -1.967460 -5.187132 2.029765 0.000000 -0.000000 -0.000000 0.082078 -0.067517 -0.015995 -13.317744 23.592073 -0.409377 31.506560 -0.263124 -1.100893 -20.375436 4.119649 -3.155729 2.220920 -1.832602 0.906125 0.000000 -0.000000 0.000000 
-0.015580 0.976840 0.019020 5.186444 -12.385304 11.809622 -0.000000 0.101815 0.001315 3.675416 -1.043644 0.938613 7.400448 -1.762179 3.290045 7.400445 -1.762180 3.290051 -0.000000 0.167404 -0.020490 3.918751 -10.148312 4.690213 -0.000000 0.096179 0.016850 16.998039 -5.067690 -1.780595 0.000000 0.220374 0.075011 0.000001 -0.000002 0.000001 -0.045700 0.110149 -0.021608 -37.091404 17.319604 8.631678 -53.303373 16.283178 31.598545 5.694809 118.996211 -5.003835 -32.097385 8.416754 -15.549933 -0.024648 -0.015740 0.026819 -28.609552 -10.644853 0.170615 0.941251 -1.290238 0.235508 -0.026463 -0.015278 0.015278 -0.000007 0.000013 -0.000003 -0.019946 -0.011516 0.011516 -0.000001 -0.000002 0.000001 -0.091083 -0.005179 0.022598 -3.993855 -6.999535 18.566618 0.402639 -1.732409 30.432126 -0.000003 0.000003 -0.000004 -0.000000 -0.000000 0.000003 -0.095325 -0.000000 0.000000 1.179053 -4.694145 25.563349 -0.268808 1.048400 19.743936 0.000000 0.000000 0.000002 0.000001 0.000001 0.000002 -0.091036 -0.000431 -0.018651 -0.500086 -6.227274 31.110904 1.398938 0.254762 14.962540 -0.000007 0.000006 0.000010 -0.000001 0.000001 0.000006 -0.080767 -0.004867 -0.038063 2.384814 -6.017418 33.822318 -0.305297 1.288893 11.805868 -0.000001 0.000002 0.000013 -0.000000 -0.000001 -0.000002 0.045704 0.110147 -0.021608 -19.366245 -16.537696 1.416666 -64.735167 -13.535236 -70.396649 -2.248914 -124.730114 -1.848933 -9.542984 -0.437230 19.611585 0.024661 -0.015762 0.026817 -48.512351 13.157092 -3.971849 5.849533 14.755444 1.800827 0.026479 -0.015287 0.015287 -0.000006 0.000013 -0.000013 0.019989 -0.011541 0.011541 0.000000 0.000003 -0.000002 0.091093 -0.005180 0.022599 -8.053836 8.573588 -26.955560 0.740315 1.852073 -22.932446 -0.000000 0.000000 -0.000000 -0.000001 -0.000000 0.000001 0.095334 0.000000 -0.000000 -0.697588 0.625155 -32.061745 -0.334585 -1.124275 -27.158321 -0.000001 0.000002 -0.000001 -0.000000 0.000003 -0.000002 0.091045 -0.000430 -0.018651 -1.375974 1.579535 -35.064146 -0.336769 -0.826083 -21.997143 -0.000000 0.000001 -0.000001 0.000000 0.000001 -0.000001 0.080778 -0.004869 -0.038063 3.025554 -1.499671 -40.467402 -0.114746 -1.334804 -8.145118 -0.000010 -0.000014 -0.000015 -0.000000 -0.000000 -0.000003 -0.082078 -0.067517 -0.015995 -35.376985 5.545014 -12.175378 41.620943 0.422282 1.602587 -10.952692 2.191716 0.982684 -1.974101 -5.193471 2.036624 -0.000000 -0.000001 -0.000000 0.082078 -0.067517 -0.015995 -13.477577 23.492601 -0.468842 31.581179 -0.242727 -1.101613 -20.387228 4.251236 -3.144877 2.226880 -1.795680 0.883965 -0.000000 0.000000 0.000000 
-0.015704 0.976564 0.018596 5.312932 -12.406962 11.878201 -0.000000 0.101816 0.001315 3.737645 -1.060785 0.961704 7.526104 -1.787009 3.340233 7.526104 -1.787011 3.340229 0.000000 0.167404 -0.020490 4.128522 -10.105198 4.668067 -0.000000 0.096178 0.016850 16.941953 -5.050488 -1.762926 0.000000 0.220374 0.075011 -0.000001 -0.000002 -0.000001 -0.045700 0.110149 -0.021608 -37.095184 17.353547 8.686577 -53.028714 16.368338 31.258972 5.676982 119.003165 -4.988042 -32.245207 8.556774 -15.812216 -0.024648 -0.015740 0.026819 -28.609550 -10.644832 0.170598 0.941251 -1.290255 0.235478 -0.026463 -0.015278 0.015278 -0.000005 0.000010 -0.000008 -0.019946 -0.011516 0.011516 0.000002 -0.000002 0.000003 -0.091083 -0.005179 0.022598 -3.993861 -6.999535 18.566597 0.402657 -1.732407 30.432133 -0.000002 0.000002 -0.000004 -0.000000 0.000000 0.000001 -0.095325 0.000000 0.000000 1.179055 -4.694151 25.563332 -0.268799 1.048404 19.743942 -0.000000 -0.000001 -0.000001 0.000001 -0.000001 -0.000002 -0.091036 -0.000431 -0.018651 -0.500079 -6.227279 31.110887 1.398930 0.254781 14.962550 -0.000007 0.000006 0.000014 -0.000001 0.000001 0.000003 -0.080767 -0.004867 -0.038063 2.384816 -6.017413 33.822318 -0.305306 1.288878 11.805868 -0.000002 0.000004 0.000016 0.000001 0.000002 0.000005 0.045704 0.110147 -0.021608 -19.354751 -16.573196 1.419990 -64.592792 -13.456780 -70.370879 -2.240105 -124.783035 -1.840499 -9.522130 -0.373679 19.588796 0.024661 -0.015762 0.026817 -48.512347 13.157073 -3.971869 5.849535 14.755451 1.800815 0.026479 -0.015287 0.015288 -0.000008 0.000014 -0.000013 0.019989 -0.011541 0.011541 -0.000003 0.000004 -0.000000 0.091093 -0.005180 0.022599 -8.053840 8.573579 -26.955536 0.740315 1.852068 -22.932459 0.000000 0.000002 0.000000 -0.000001 0.000001 0.000002 0.095334 0.000000 -0.000000 -0.697604 0.625139 -32.061748 -0.334585 -1.124269 -27.158348 -0.000000 0.000006 -0.000001 -0.000000 0.000006 0.000000 0.091045 -0.000430 -0.018651 -1.376000 1.579516 -35.064159 -0.336768 -0.826082 -21.997126 0.000000 0.000003 -0.000000 -0.000000 0.000003 -0.000002 0.080778 -0.004869 -0.038063 3.025531 -1.499687 -40.467385 -0.114739 -1.334795 -8.145126 -0.000010 -0.000014 -0.000015 0.000001 -0.000001 -0.000000 -0.082078 -0.067517 -0.015995 -35.573985 5.586171 -12.178730 41.684433 0.420393 1.604290 -10.939823 2.225973 0.966137 -2.025582 -5.279407 2.088350 -0.000000 0.000000 -0.000000 0.082078 -0.067517 -0.015995 -13.667881 23.406418 -0.509693 31.672711 -0.220731 -1.102761 -20.404468 4.377538 -3.135365 2.238057 -1.760147 0.862980 0.000000 -0.000000 -0.000000 
-0.015837 0.976274 0.018133 5.450395 -12.426329 11.944886 -0.000000 0.101815 0.001315 3.802925 -1.078826 0.986647 7.657922 -1.813095 3.393534 7.657923 -1.813104 3.393530 -0.000000 0.167404 -0.020490 4.335349 -10.071017 4.641839 0.000000 0.096178 0.016850 16.893843 -5.033188 -1.762028 0.000000 0.220374 0.075011 0.000001 -0.000004 0.000001 -0.045700 0.110149 -0.021609 -37.100730 17.366973 8.724295 -52.743540 16.462580 30.936789 5.660935 118.996430 -4.974498 -32.402834 8.711209 -16.068437 -0.024648 -0.015740 0.026819 -28.609550 -10.644850 0.170614 0.941254 -1.290249 0.235506 -0.026463 -0.015278 0.015278 -0.000007 0.000011 -0.000009 -0.019946 -0.011516 0.011516 0.000001 -0.000005 0.000001 -0.091083 -0.005179 0.022598 -3.993853 -6.999533 18.566607 0.402630 -1.732412 30.432130 -0.000003 0.000002 -0.000003 0.000000 -0.000000 0.000001 -0.095325 0.000000 0.000000 1.179050 -4.694148 25.563340 -0.268795 1.048405 19.743925 0.000001 0.000000 0.000001 0.000000 0.000001 0.000001 -0.091036 -0.000431 -0.018651 -0.500093 -6.227273 31.110890 1.398939 0.254765 14.962550 -0.000007 0.000006 0.000014 -0.000001 -0.000000 0.000002 -0.080767 -0.004867 -0.038063 2.384814 -6.017413 33.822356 -0.305306 1.288881 11.805847 -0.000001 0.000003 0.000014 0.000000 0.000001 0.000001 0.045704 0.110147 -0.021608 -19.343115 -16.605607 1.428279 -64.443272 -13.353674 -70.382408 -2.229041 -124.845531 -1.830042 -9.476740 -0.304068 19.550455 0.024661 -0.015762 0.026817 -48.512351 13.157084 -3.971851 5.849532 14.755463 1.800820 0.026479 -0.015287 0.015288 -0.000009 0.000014 -0.000013 0.019989 -0.011541 0.011541 -0.000002 0.000001 -0.000002 0.091093 -0.005180 0.022599 -8.053837 8.573594 -26.955543 0.740322 1.852075 -22.932461 -0.000001 0.000003 -0.000002 -0.000001 0.000001 -0.000000 0.095334 -0.000000 0.000000 -0.697599 0.625152 -32.061758 -0.334587 -1.124268 -27.158313 -0.000001 0.000001 0.000000 -0.000001 -0.000000 0.000001 0.091045 -0.000430 -0.018651 -1.375999 1.579540 -35.064149 -0.336760 -0.826082 -21.997125 -0.000001 0.000003 -0.000002 -0.000000 0.000002 -0.000001 0.080778 -0.004869 -0.038063 3.025541 -1.499666 -40.467382 -0.114737 -1.334805 -8.145118 -0.000011 -0.000012 -0.000015 -0.000000 0.000001 -0.000003 -0.082078 -0.067517 -0.015995 -35.784034 5.630370 -12.173956 41.746594 0.418246 1.605926 -10.922877 2.252905 0.948672 -2.103833 -5.412686 2.166728 -0.000000 -0.000002 -0.000000 0.082078 -0.067517 -0.015995 -13.879127 23.325190 -0.540613 31.772046 -0.204113 -1.104625 -20.422494 4.502765 -3.123881 2.254489 -1.734104 0.847705 0.000000 0.000002 0.000000 
-0.015974 0.975984 0.017645 5.592990 -12.439892 12.008228 0.000000 0.101815 0.001315 3.871763 -1.097558 1.012661 7.796912 -1.840115 3.448521 7.796913 -1.840123 3.448527 0.000000 0.167404 -0.020490 4.553676 -10.047972 4.634619 0.000000 0.096178 0.016850 16.849225 -5.002201 -1.806162 -0.000000 0.220374 0.075011 0.000002 -0.000001 -0.000001 -0.045700 0.110149 -0.021609 -37.107694 17.358839 8.743776 -52.423795 16.562676 30.613468 5.645140 118.976035 -4.961828 -32.588233 8.906959 -16.339648 -0.024648 -0.015740 0.026819 -28.609542 -10.644842 0.170624 0.941252 -1.290242 0.235489 -0.026463 -0.015278 0.015278 -0.000006 0.000010 -0.000003 -0.019946 -0.011516 0.011516 0.000002 -0.000001 -0.000002 -0.091083 -0.005179 0.022598 -3.993857 -6.999536 18.566609 0.402651 -1.732413 30.432140 -0.000003 0.000002 -0.000003 -0.000000 -0.000000 -0.000000 -0.095325 -0.000000 -0.000000 1.179066 -4.694147 25.563334 -0.268801 1.048410 19.743934 -0.000002 0.000000 0.000003 -0.000001 0.000000 0.000001 -0.091036 -0.000431 -0.018651 -0.500086 -6.227278 31.110883 1.398938 0.254762 14.962540 -0.000007 0.000006 0.000011 -0.000002 0.000002 0.000006 -0.080767 -0.004867 -0.038063 2.384818 -6.017418 33.822315 -0.305296 1.288876 11.805853 -0.000002 0.000004 0.000017 0.000002 -0.000002 0.000000 0.045704 0.110147 -0.021608 -19.330962 -16.631640 1.446411 -64.278924 -13.225914 -70.433198 -2.215665 -124.923709 -1.817328 -9.394549 -0.212803 19.495045 0.024661 -0.015762 0.026817 -48.512351 13.157083 -3.971864 5.849529 14.755459 1.800813 0.026479 -0.015287 0.015287 -0.000009 0.000013 -0.000016 0.019989 -0.011541 0.011541 0.000001 -0.000003 0.000002 0.091093 -0.005180 0.022599 -8.053847 8.573592 -26.955553 0.740323 1.852068 -22.932456 0.000000 0.000003 0.000002 -0.000001 0.000002 0.000001 0.095334 0.000000 0.000000 -0.697601 0.625146 -32.061758 -0.334587 -1.124281 -27.158316 -0.000001 0.000002 0.000000 -0.000002 0.000000 -0.000001 0.091045 -0.000430 -0.018651 -1.376001 1.579532 -35.064173 -0.336767 -0.826059 -21.997128 -0.000001 0.000003 -0.000001 -0.000000 0.000006 -0.000001 0.080778 -0.004869 -0.038063 3.025537 -1.499683 -40.467385 -0.114727 -1.334789 -8.145116 -0.000011 -0.000011 -0.000014 0.000000 -0.000000 -0.000003 -0.082078 -0.067517 -0.015995 -35.999171 5.673621 -12.164108 41.805611 0.415785 1.607446 -10.902870 2.272586 0.930792 -2.214472 -5.603475 2.277143 0.000000 0.000001 -0.000000 0.082078 -0.067517 -0.015995 -14.102888 23.244069 -0.563892 31.875000 -0.202956 -1.107868 -20.440010 4.636312 -3.107110 2.274131 -1.730327 0.846001 0.000000 0.000001 -0.000000 
-0.016121 0.975690 0.017135 5.744666 -12.438323 12.075682 -0.000000 0.101816 0.001315 3.940211 -1.116569 1.036872 7.935134 -1.867439 3.500151 7.935135 -1.867438 3.500156 0.000000 0.167404 -0.020490 4.791455 -10.031164 4.651412 -0.000000 0.096178 0.016850 16.804753 -4.958322 -1.886157 -0.000000 0.220374 0.075011 -0.000000 -0.000002 0.000001 -0.045700 0.110149 -0.021608 -37.115671 17.336398 8.751265 -52.065630 16.658855 30.279328 5.627561 118.952157 -4.947778 -32.795894 9.138689 -16.633980 -0.024648 -0.015740 0.026819 -28.609564 -10.644845 0.170600 0.941257 -1.290245 0.235500 -0.026463 -0.015278 0.015278 -0.000005 0.000010 -0.000004 -0.019946 -0.011516 0.011516 0.000002 -0.000001 -0.000002 -0.091083 -0.005179 0.022598 -3.993872 -6.999530 18.566594 0.402634 -1.732414 30.432143 -0.000003 0.000003 -0.000002 -0.000000 0.000001 0.000001 -0.095325 0.000000 -0.000000 1.179045 -4.694144 25.563334 -0.268812 1.048405 19.743922 0.000001 -0.000000 -0.000001 0.000001 -0.000000 -0.000003 -0.091036 -0.000431 -0.018651 -0.500106 -6.227283 31.110883 1.398938 0.254769 14.962552 -0.000007 0.000006 0.000014 -0.000001 0.000000 0.000003 -0.080767 -0.004867 -0.038063 2.384804 -6.017423 33.822308 -0.305300 1.288882 11.805845 -0.000002 0.000003 0.000015 -0.000002 -0.000000 0.000002 0.045704 0.110147 -0.021608 -19.318989 -16.652474 1.470078 -64.097623 -13.092528 -70.497039 -2.201596 -125.011600 -1.803847 -9.293924 -0.102601 19.437421 0.024661 -0.015762 0.026817 -48.512365 13.157073 -3.971863 5.849538 14.755457 1.800819 0.026479 -0.015287 0.015288 -0.000005 0.000013 -0.000015 0.019989 -0.011541 0.011541 0.000001 -0.000002 -0.000000 0.091093 -0.005180 0.022599 -8.053859 8.573594 -26.955541 0.740326 1.852066 -22.932461 0.000002 -0.000000 0.000001 0.000002 -0.000003 0.000001 0.095334 0.000000 0.000000 -0.697627 0.625146 -32.061758 -0.334577 -1.124259 -27.158296 0.000000 0.000002 -0.000001 0.000000 0.000002 -0.000002 0.091045 -0.000430 -0.018651 -1.376008 1.579531 -35.064149 -0.336764 -0.826068 -21.997130 -0.000000 0.000005 0.000000 -0.000000 0.000004 0.000000 0.080778 -0.004869 -0.038063 3.025523 -1.499674 -40.467402 -0.114740 -1.334792 -8.145114 -0.000011 -0.000014 -0.000012 0.000001 -0.000001 -0.000003 -0.082078 -0.067517 -0.015995 -36.224929 5.715158 -12.159108 41.864931 0.413332 1.608973 -10.882082 2.283978 0.912982 -2.311897 -5.773375 2.373989 -0.000000 0.000000 0.000000 0.082078 -0.067517 -0.015995 -14.339709 23.155791 -0.590281 31.976921 -0.212432 -1.111947 -20.454035 4.774969 -3.085928 2.287903 -1.744922 0.845718 0.000000 -0.000001 -0.000000 
-0.016282 0.975398 0.016612 5.904735 -12.410915 12.154203 0.000000 0.101815 0.001315 4.005328 -1.135271 1.055713 8.066599 -1.893912 3.542179 8.066604 -1.893922 3.542185 0.000000 0.167404 -0.020490 5.066298 -10.016437 4.711899 0.000000 0.096178 0.016850 16.757511 -4.893600 -2.010590 0.000000 0.220374 0.075011 0.000000 -0.000001 -0.000001 -0.045700 0.110149 -0.021608 -37.124397 17.304592 8.750516 -51.645178 16.738270 29.911478 5.604879 118.935710 -4.928917 -33.033551 9.419922 -16.977438 -0.024648 -0.015740 0.026819 -28.609572 -10.644849 0.170601 0.941267 -1.290240 0.235500 -0.026463 -0.015278 0.015278 -0.000009 0.000010 -0.000003 -0.019946 -0.011516 0.011516 0.000002 -0.000004 0.000003 -0.091083 -0.005179 0.022598 -3.993851 -6.999539 18.566613 0.402632 -1.732411 30.432137 -0.000002 0.000002 -0.000001 0.000000 -0.000001 0.000005 -0.095325 -0.000000 -0.000000 1.179046 -4.694149 25.563337 -0.268796 1.048396 19.743932 -0.000002 0.000000 0.000001 -0.000002 0.000000 0.000002 -0.091036 -0.000431 -0.018651 -0.500090 -6.227283 31.110890 1.398931 0.254787 14.962537 -0.000007 0.000006 0.000011 0.000000 0.000001 0.000003 -0.080767 -0.004867 -0.038063 2.384800 -6.017423 33.822328 -0.305294 1.288884 11.805842 0.000000 0.000003 0.000014 0.000001 0.000001 -0.000001 0.045704 0.110147 -0.021608 -19.308019 -16.668213 1.496398 -63.891768 -12.971892 -70.551271 -2.188237 -125.107305 -1.790793 -9.184231 0.037613 19.387777 0.024661 -0.015762 0.026817 -48.512347 13.157090 -3.971861 5.849532 14.755454 1.800825 0.026479 -0.015288 0.015287 -0.000007 0.000013 -0.000014 0.019989 -0.011541 0.011541 0.000001 -0.000002 0.000005 0.091093 -0.005180 0.022599 -8.053855 8.573581 -26.955546 0.740328 1.852089 -22.932444 0.000000 0.000002 -0.000001 -0.000002 0.000000 -0.000001 0.095334 0.000000 -0.000000 -0.697600 0.625150 -32.061751 -0.334597 -1.124270 -27.158318 0.000000 0.000002 -0.000000 -0.000000 0.000000 -0.000001 0.091045 -0.000430 -0.018651 -1.376003 1.579536 -35.064169 -0.336755 -0.826079 -21.997123 0.000000 0.000006 -0.000001 -0.000000 0.000008 -0.000002 0.080778 -0.004869 -0.038063 3.025536 -1.499679 -40.467385 -0.114742 -1.334799 -8.145135 -0.000011 -0.000010 -0.000014 0.000000 0.000001 -0.000002 -0.082078 -0.067517 -0.015995 -36.461035 5.752415 -12.171178 41.926563 0.411027 1.610593 -10.863023 2.286780 0.896030 -2.350831 -5.842678 2.412545 0.000000 0.000001 -0.000000 0.082078 -0.067517 -0.015995 -14.583786 23.051911 -0.632057 32.070590 -0.234904 -1.116814 -20.460247 4.921106 -3.059597 2.289064 -1.782785 0.847354 0.000000 -0.000001 -0.000000 
-0.016458 0.975105 0.016074 6.081100 -12.358078 12.243620 -0.000000 0.101816 0.001315 4.064638 -1.154361 1.070285 8.186456 -1.920990 3.576567 8.186459 -1.920988 3.576580 0.000000 0.167404 -0.020490 5.363688 -10.002760 4.794821 -0.000000 0.096178 0.016850 16.701911 -4.820651 -2.154395 -0.000000 0.220374 0.075011 0.000001 -0.000003 0.000005 -0.045700 0.110149 -0.021608 -37.133508 17.269363 8.748209 -51.198634 16.807169 29.531136 5.579756 118.924508 -4.907696 -33.279786 9.720650 -17.337892 -0.024648 -0.015740 0.026819 -28.609550 -10.644830 0.170620 0.941258 -1.290250 0.235478 -0.026463 -0.015278 0.015278 -0.000008 0.000008 -0.000006 -0.019946 -0.011516 0.011516 0.000002 -0.000003 -0.000000 -0.091083 -0.005179 0.022598 -3.993855 -6.999526 18.566595 0.402651 -1.732420 30.432130 -0.000003 0.000002 -0.000004 0.000000 0.000001 0.000002 -0.095325 -0.000000 0.000000 1.179072 -4.694143 25.563329 -0.268816 1.048410 19.743934 -0.000001 0.000001 0.000001 -0.000000 0.000000 0.000001 -0.091036 -0.000431 -0.018651 -0.500082 -6.227273 31.110890 1.398938 0.254772 14.962530 -0.000006 0.000005 0.000012 0.000001 0.000000 0.000002 -0.080767 -0.004867 -0.038063 2.384813 -6.017408 33.822308 -0.305295 1.288870 11.805852 -0.000001 0.000003 0.000015 0.000000 0.000000 0.000004 0.045704 0.110147 -0.021608 -19.297646 -16.678805 1.526069 -63.669842 -12.865761 -70.587375 -2.176249 -125.204635 -1.778863 -9.080281 0.182143 19.358494 0.024661 -0.015762 0.026817 -48.512344 13.157081 -3.971879 5.849514 14.755463 1.800825 0.026479 -0.015287 0.015288 -0.000005 0.000011 -0.000012 0.019989 -0.011541 0.011541 0.000003 0.000002 0.000005 0.091093 -0.005180 0.022599 -8.053846 8.573591 -26.955545 0.740325 1.852079 -22.932466 -0.000000 0.000001 0.000000 -0.000001 -0.000003 -0.000002 0.095334 -0.000000 -0.000000 -0.697595 0.625152 -32.061758 -0.334588 -1.124261 -27.158302 0.000000 0.000002 -0.000001 0.000001 0.000005 -0.000002 0.091045 -0.000430 -0.018651 -1.376012 1.579524 -35.064156 -0.336753 -0.826065 -21.997119 0.000000 0.000004 0.000000 0.000001 0.000004 -0.000001 0.080778 -0.004869 -0.038063 3.025542 -1.499673 -40.467378 -0.114740 -1.334801 -8.145118 -0.000011 -0.000013 -0.000013 0.000001 0.000001 -0.000001 -0.082078 -0.067517 -0.015995 -36.715556 5.787389 -12.196696 41.989947 0.409172 1.612306 -10.844528 2.278894 0.879615 -2.338194 -5.823799 2.399875 -0.000000 0.000000 0.000000 0.082078 -0.067517 -0.015995 -14.845192 22.931754 -0.686984 32.157866 -0.260108 -1.121696 -20.458344 5.067899 -3.032716 2.281240 -1.829736 0.861983 0.000000 -0.000000 -0.000000 
-0.016652 0.974809 0.015521 6.282256 -12.272486 12.349355 -0.000000 0.101816 0.001315 4.114008 -1.174757 1.079441 8.286438 -1.950371 3.601376 8.286426 -1.950369 3.601370 0.000000 0.167404 -0.020490 5.678654 -9.987522 4.890187 0.000000 0.096179 0.016850 16.630650 -4.747737 -2.298036 -0.000000 0.220374 0.075011 0.000002 -0.000001 -0.000002 -0.045700 0.110149 -0.021608 -37.143211 17.236069 8.750055 -50.746946 16.864143 29.149915 5.553056 118.921831 -4.884719 -33.517033 10.021230 -17.698268 -0.024648 -0.015740 0.026819 -28.609545 -10.644845 0.170622 0.941254 -1.290262 0.235492 -0.026463 -0.015278 0.015278 -0.000011 0.000006 -0.000001 -0.019946 -0.011516 0.011516 -0.000001 -0.000005 -0.000000 -0.091083 -0.005179 0.022598 -3.993844 -6.999535 18.566616 0.402649 -1.732417 30.432130 -0.000002 0.000002 -0.000001 0.000001 -0.000000 -0.000000 -0.095325 -0.000000 -0.000000 1.179065 -4.694145 25.563344 -0.268800 1.048404 19.743944 0.000001 0.000000 0.000001 0.000001 0.000001 0.000002 -0.091036 -0.000431 -0.018651 -0.500086 -6.227275 31.110900 1.398955 0.254759 14.962552 -0.000007 0.000005 0.000012 0.000000 -0.000000 0.000003 -0.080767 -0.004867 -0.038063 2.384842 -6.017409 33.822352 -0.305317 1.288884 11.805847 -0.000000 0.000003 0.000017 0.000000 -0.000000 0.000006 0.045704 0.110147 -0.021608 -19.288468 -16.683560 1.558434 -63.435621 -12.786071 -70.585340 -2.167027 -125.296351 -1.769311 -9.001651 0.311438 19.367478 0.024661 -0.015762 0.026817 -48.512337 13.157079 -3.971861 5.849526 14.755456 1.800820 0.026479 -0.015287 0.015288 -0.000007 0.000016 -0.000017 0.019989 -0.011541 0.011541 0.000000 -0.000001 -0.000000 0.091093 -0.005180 0.022599 -8.053853 8.573592 -26.955540 0.740322 1.852067 -22.932457 0.000001 0.000002 0.000001 -0.000000 0.000001 0.000002 0.095334 0.000000 0.000000 -0.697600 0.625146 -32.061751 -0.334585 -1.124262 -27.158323 -0.000001 0.000003 0.000000 0.000000 0.000005 0.000000 0.091045 -0.000430 -0.018651 -1.376011 1.579532 -35.064159 -0.336763 -0.826088 -21.997113 0.000000 0.000002 0.000000 0.000000 0.000001 -0.000001 0.080778 -0.004869 -0.038063 3.025541 -1.499678 -40.467382 -0.114749 -1.334799 -8.145135 -0.000010 -0.000011 -0.000012 0.000001 0.000005 -0.000001 -0.082078 -0.067517 -0.015995 -36.997516 5.820302 -12.241284 42.055370 0.408006 1.614146 -10.826654 2.258253 0.864127 -2.248163 -5.673499 2.310174 -0.000000 -0.000000 -0.000000 0.082078 -0.067517 -0.015995 -15.131050 22.787169 -0.762660 32.235436 -0.278817 -1.125742 -20.445608 5.211521 -3.007912 2.263378 -1.875557 0.893421 0.000000 -0.000001 -0.000000 
-0.016870 0.974513 0.014954 6.505523 -12.166173 12.461293 -0.000000 0.101815 0.001315 4.155797 -1.195528 1.086520 8.371250 -1.980200 3.622203 8.371250 -1.980211 3.622217 -0.000000 0.167404 -0.020490 5.998754 -9.972069 4.983122 0.000000 0.096179 0.016850 16.545307 -4.680070 -2.433473 -0.000000 0.220374 0.075011 0.000002 -0.000002 -0.000000 -0.045700 0.110149 -0.021608 -37.152985 17.211986 8.762807 -50.311979 16.918954 28.773254 5.527129 118.922404 -4.862255 -33.741230 10.304447 -18.039308 -0.024648 -0.015740 0.026819 -28.609547 -10.644835 0.170612 0.941258 -1.290252 0.235497 -0.026463 -0.015278 0.015278 -0.000010 0.000010 -0.000003 -0.019946 -0.011516 0.011516 0.000004 -0.000003 0.000006 -0.091083 -0.005179 0.022598 -3.993855 -6.999530 18.566601 0.402657 -1.732427 30.432133 -0.000002 0.000002 -0.000004 -0.000001 -0.000001 0.000001 -0.095325 0.000000 -0.000000 1.179058 -4.694136 25.563347 -0.268804 1.048397 19.743942 0.000000 0.000001 0.000003 0.000000 0.000001 0.000005 -0.091036 -0.000431 -0.018651 -0.500082 -6.227281 31.110904 1.398936 0.254783 14.962556 -0.000006 0.000005 0.000010 0.000001 -0.000000 0.000005 -0.080767 -0.004867 -0.038063 2.384826 -6.017416 33.822342 -0.305299 1.288884 11.805856 -0.000001 0.000004 0.000018 0.000000 0.000001 0.000002 0.045704 0.110147 -0.021608 -19.279631 -16.684129 1.594563 -63.195383 -12.720710 -70.557111 -2.159732 -125.383791 -1.761478 -8.943270 0.418382 19.408210 0.024661 -0.015762 0.026817 -48.512344 13.157085 -3.971849 5.849536 14.755473 1.800823 0.026479 -0.015287 0.015288 -0.000007 0.000019 -0.000019 0.019989 -0.011541 0.011541 0.000001 -0.000003 0.000001 0.091093 -0.005180 0.022599 -8.053845 8.573588 -26.955529 0.740330 1.852095 -22.932459 0.000000 -0.000000 -0.000001 -0.000001 -0.000003 0.000001 0.095334 0.000000 0.000000 -0.697593 0.625158 -32.061751 -0.334590 -1.124268 -27.158316 0.000001 0.000001 -0.000002 0.000002 0.000001 -0.000002 0.091045 -0.000430 -0.018651 -1.375997 1.579535 -35.064156 -0.336755 -0.826055 -21.997106 0.000000 0.000001 -0.000001 -0.000001 0.000001 0.000000 0.080778 -0.004869 -0.038063 3.025537 -1.499676 -40.467378 -0.114742 -1.334779 -8.145126 -0.000010 -0.000012 -0.000013 0.000001 0.000003 0.000001 -0.082078 -0.067517 -0.015995 -37.301511 5.853770 -12.289781 42.117822 0.407556 1.615966 -10.806374 2.224574 0.848494 -2.132054 -5.480307 2.194143 -0.000000 -0.000002 -0.000000 0.082078 -0.067517 -0.015995 -15.442846 22.632354 -0.842647 32.308567 -0.289564 -1.129002 -20.425664 5.344531 -2.987279 2.232368 -1.913384 0.944761 0.000000 -0.000000 0.000000 
-0.017115 0.974221 0.014372 6.755169 -12.046725 12.573003 0.000000 0.101815 0.001315 4.189714 -1.216773 1.094345 8.440349 -2.010797 3.643636 8.440353 -2.010800 3.643639 -0.000000 0.167404 -0.020490 6.310462 -9.958080 5.054079 0.000000 0.096179 0.016850 16.438211 -4.627033 -2.544868 -0.000000 0.220374 0.075011 0.000000 -0.000001 0.000001 -0.045700 0.110149 -0.021608 -37.162516 17.206298 8.795696 -49.927826 16.982745 28.415498 5.501701 118.921216 -4.840194 -33.938343 10.544496 -18.328770 -0.024648 -0.015740 0.026819 -28.609550 -10.644834 0.170614 0.941261 -1.290249 0.235492 -0.026463 -0.015278 0.015278 -0.000009 0.000011 -0.000005 -0.019946 -0.011516 0.011516 -0.000004 -0.000002 -0.000002 -0.091083 -0.005179 0.022598 -3.993867 -6.999530 18.566613 0.402647 -1.732414 30.432143 -0.000003 0.000003 -0.000004 -0.000000 0.000000 -0.000004 -0.095325 0.000000 0.000000 1.179077 -4.694141 25.563342 -0.268820 1.048413 19.743949 0.000000 0.000000 -0.000000 -0.000000 0.000001 -0.000000 -0.091036 -0.000431 -0.018651 -0.500084 -6.227279 31.110904 1.398934 0.254778 14.962554 -0.000007 0.000006 0.000012 -0.000000 0.000000 0.000002 -0.080767 -0.004867 -0.038063 2.384809 -6.017413 33.822325 -0.305300 1.288878 11.805848 0.000000 0.000002 0.000015 0.000001 -0.000000 0.000001 0.045704 0.110147 -0.021608 -19.270612 -16.681106 1.636062 -62.956374 -12.665198 -70.500489 -2.154445 -125.464988 -1.755406 -8.910647 0.481890 19.488871 0.024661 -0.015762 0.026817 -48.512392 13.157089 -3.971868 5.849543 14.755444 1.800835 0.026479 -0.015287 0.015288 -0.000007 0.000011 -0.000012 0.019989 -0.011541 0.011541 -0.000001 -0.000003 0.000002 0.091093 -0.005180 0.022599 -8.053851 8.573592 -26.955541 0.740339 1.852069 -22.932452 0.000000 -0.000003 0.000000 -0.000000 -0.000003 -0.000001 0.095334 0.000000 0.000000 -0.697618 0.625139 -32.061751 -0.334576 -1.124252 -27.158316 -0.000000 -0.000002 -0.000000 -0.000000 -0.000003 -0.000000 0.091045 -0.000430 -0.018651 -1.376016 1.579523 -35.064152 -0.336762 -0.826079 -21.997125 0.000002 0.000002 -0.000002 0.000003 0.000004 -0.000001 0.080778 -0.004869 -0.038063 3.025514 -1.499687 -40.467385 -0.114736 -1.334780 -8.145126 -0.000010 -0.000009 -0.000016 0.000000 0.000004 0.000000 -0.082078 -0.067517 -0.015995 -37.629080 5.891439 -12.329785 42.172518 0.408066 1.617625 -10.780643 2.174722 0.832102 -2.030530 -5.314395 2.092279 0.000000 0.000002 -0.000000 0.082078 -0.067517 -0.015995 -15.787639 22.474107 -0.915799 32.379632 -0.285445 -1.131021 -20.399454 5.459888 -2.974927 2.154987 -1.932912 0.958011 -0.000000 -0.000000 0.000000 
-0.017388 0.973934 0.013774 7.019159 -11.920607 12.678814 0.000000 0.101815 0.001315 4.219655 -1.236033 1.103757 8.501372 -2.037355 3.666919 8.501366 -2.037352 3.666914 -0.000000 0.167403 -0.020490 6.612164 -9.943949 5.107154 0.000000 0.096178 0.016850 16.329179 -4.584788 -2.636298 0.000000 0.220374 0.075011 0.000001 -0.000001 0.000001 -0.045700 0.110149 -0.021608 -37.171392 17.218567 8.846704 -49.575040 17.051912 28.062222 5.471476 118.922719 -4.813791 -34.121132 10.747207 -18.587581 -0.024648 -0.015740 0.026819 -28.609548 -10.644840 0.170621 0.941267 -1.290266 0.235489 -0.026463 -0.015278 0.015278 -0.000012 0.000008 -0.000006 -0.019946 -0.011516 0.011516 -0.000002 -0.000000 0.000004 -0.091083 -0.005179 0.022598 -3.993848 -6.999538 18.566614 0.402653 -1.732421 30.432126 -0.000003 0.000003 -0.000001 -0.000000 0.000000 0.000003 -0.095325 0.000000 -0.000000 1.179059 -4.694143 25.563346 -0.268804 1.048395 19.743951 0.000001 0.000002 0.000002 0.000000 0.000002 0.000001 -0.091036 -0.000431 -0.018651 -0.500085 -6.227287 31.110900 1.398955 0.254766 14.962544 -0.000007 0.000006 0.000015 -0.000000 0.000001 0.000004 -0.080767 -0.004867 -0.038063 2.384811 -6.017424 33.822328 -0.305291 1.288878 11.805852 -0.000002 0.000004 0.000016 -0.000001 0.000002 0.000001 0.045704 0.110147 -0.021608 -19.261029 -16.676796 1.681288 -62.718970 -12.608871 -70.437849 -2.149828 -125.542784 -1.749946 -8.891662 0.524322 19.583201 0.024661 -0.015762 0.026817 -48.512351 13.157086 -3.971857 5.849523 14.755468 1.800839 0.026479 -0.015287 0.015288 -0.000007 0.000011 -0.000012 0.019989 -0.011541 0.011541 -0.000001 0.000006 0.000005 0.091093 -0.005180 0.022599 -8.053859 8.573588 -26.955546 0.740320 1.852087 -22.932446 0.000001 -0.000001 -0.000001 0.000000 -0.000002 -0.000002 0.095334 0.000000 -0.000000 -0.697608 0.625156 -32.061751 -0.334585 -1.124274 -27.158330 -0.000000 0.000001 -0.000000 -0.000000 0.000000 0.000000 0.091045 -0.000430 -0.018651 -1.376015 1.579532 -35.064152 -0.336760 -0.826074 -21.997121 0.000001 0.000005 0.000000 0.000001 0.000007 -0.000001 0.080778 -0.004869 -0.038063 3.025533 -1.499676 -40.467385 -0.114744 -1.334790 -8.145132 -0.000009 -0.000015 -0.000012 0.000001 0.000000 -0.000000 -0.082078 -0.067517 -0.015995 -37.968151 5.929143 -12.358556 42.219090 0.409265 1.619095 -10.749739 2.114991 0.813981 -1.951540 -5.186310 2.012791 0.000000 -0.000001 -0.000000 0.082078 -0.067517 -0.015995 -16.154075 22.325561 -0.973837 32.451219 -0.273570 -1.132436 -20.369506 5.553024 -2.969526 2.049417 -1.935862 0.966468 0.000000 0.000001 -0.000000 
-0.017698 0.973656 0.013154 7.289959 -11.799695 12.769571 -0.000000 0.101815 0.001315 4.249097 -1.250506 1.117162 8.561109 -2.054395 3.695817 8.561108 -2.054395 3.695813 -0.000000 0.167404 -0.020490 6.897640 -9.928842 5.138239 -0.000000 0.096179 0.016850 16.229848 -4.553384 -2.705756 -0.000000 0.220373 0.075011 0.000000 0.000001 -0.000001 -0.045700 0.110149 -0.021608 -37.179363 17.254371 8.920523 -49.251220 17.129623 27.699591 5.436408 118.927773 -4.782968 -34.296784 10.909056 -18.823361 -0.024648 -0.015740 0.026819 -28.609564 -10.644833 0.170629 0.941262 -1.290268 0.235482 -0.026463 -0.015278 0.015278 -0.000012 0.000013 0.000001 -0.019946 -0.011516 0.011516 0.000001 -0.000003 -0.000000 -0.091083 -0.005179 0.022598 -3.993888 -6.999522 18.566606 0.402657 -1.732425 30.432126 -0.000003 0.000004 -0.000001 -0.000001 0.000001 0.000002 -0.095325 0.000000 0.000000 1.179045 -4.694139 25.563337 -0.268823 1.048409 19.743961 -0.000001 0.000000 0.000001 -0.000000 0.000001 0.000000 -0.091036 -0.000431 -0.018651 -0.500113 -6.227272 31.110876 1.398952 0.254766 14.962557 -0.000006 0.000005 0.000012 0.000001 -0.000000 0.000003 -0.080767 -0.004867 -0.038063 2.384809 -6.017414 33.822349 -0.305307 1.288898 11.805869 -0.000003 0.000003 0.000017 -0.000002 0.000001 0.000002 0.045704 0.110147 -0.021608 -19.250431 -16.672727 1.730645 -62.486286 -12.540150 -70.386916 -2.144855 -125.619268 -1.744229 -8.877713 0.555157 19.672929 0.024661 -0.015762 0.026817 -48.512341 13.157080 -3.971875 5.849526 14.755454 1.800842 0.026479 -0.015287 0.015288 -0.000007 0.000018 -0.000012 0.019989 -0.011541 0.011541 0.000004 0.000003 0.000003 0.091093 -0.005180 0.022599 -8.053842 8.573587 -26.955550 0.740334 1.852083 -22.932452 -0.000000 0.000001 -0.000002 -0.000003 -0.000002 -0.000002 0.095334 0.000000 -0.000000 -0.697607 0.625145 -32.061748 -0.334572 -1.124255 -27.158323 -0.000001 -0.000000 0.000000 -0.000001 0.000002 0.000001 0.091045 -0.000430 -0.018651 -1.376008 1.579517 -35.064152 -0.336761 -0.826071 -21.997111 0.000000 0.000002 0.000000 0.000002 0.000003 0.000000 0.080778 -0.004869 -0.038063 3.025549 -1.499681 -40.467389 -0.114745 -1.334806 -8.145123 -0.000010 -0.000014 -0.000012 -0.000000 0.000001 -0.000001 -0.082078 -0.067517 -0.015995 -38.309083 5.967511 -12.363864 42.254374 0.411173 1.620276 -10.712054 2.047381 0.792858 -1.924924 -5.143881 1.985956 0.000000 0.000000 -0.000000 0.082078 -0.067517 -0.015995 -16.536675 22.206506 -1.000458 32.527058 -0.256972 -1.133633 -20.339009 5.613292 -2.971723 1.920407 -1.918451 0.971483 0.000000 0.000000 0.000000 
-0.018031 0.973388 0.012519 7.558783 -11.676103 12.849853 0.000000 0.101815 0.001315 4.279110 -1.261303 1.132605 8.621810 -2.064229 3.727496 8.621812 -2.064233 3.727482 0.000000 0.167404 -0.020490 7.166696 -9.912083 5.151942 -0.000000 0.096178 0.016850 16.157347 -4.531145 -2.755640 0.000000 0.220374 0.075011 0.000006 -0.000000 -0.000002 -0.045700 0.110149 -0.021608 -37.186033 17.304885 9.006327 -48.943005 17.204622 27.339354 5.395154 118.940163 -4.746319 -34.467682 11.032401 -19.044731 -0.024648 -0.015740 0.026819 -28.609554 -10.644842 0.170622 0.941263 -1.290264 0.235468 -0.026463 -0.015278 0.015278 -0.000007 0.000008 -0.000005 -0.019946 -0.011516 0.011516 0.000001 -0.000003 -0.000000 -0.091083 -0.005179 0.022598 -3.993860 -6.999536 18.566611 0.402652 -1.732418 30.432120 -0.000002 0.000001 -0.000001 0.000000 -0.000000 0.000004 -0.095325 0.000000 -0.000000 1.179058 -4.694145 25.563334 -0.268813 1.048404 19.743937 -0.000001 0.000001 0.000005 -0.000002 0.000001 0.000008 -0.091036 -0.000431 -0.018651 -0.500085 -6.227282 31.110900 1.398939 0.254771 14.962554 -0.000007 0.000008 0.000017 -0.000001 0.000000 0.000000 -0.080767 -0.004867 -0.038063 2.384821 -6.017419 33.822328 -0.305309 1.288877 11.805854 -0.000002 0.000002 0.000017 0.000000 -0.000000 0.000003 0.045704 0.110147 -0.021608 -19.238995 -16.671431 1.779313 -62.257707 -12.457309 -70.359568 -2.138781 -125.694824 -1.737616 -8.863513 0.592096 19.742064 0.024661 -0.015762 0.026817 -48.512365 13.157087 -3.971865 5.849530 14.755459 1.800832 0.026479 -0.015288 0.015288 -0.000004 0.000014 -0.000011 0.019989 -0.011541 0.011541 -0.000002 -0.000005 0.000002 0.091093 -0.005180 0.022599 -8.053858 8.573588 -26.955558 0.740315 1.852087 -22.932446 0.000001 -0.000000 0.000000 -0.000001 -0.000001 0.000001 0.095334 0.000000 -0.000000 -0.697607 0.625142 -32.061758 -0.334584 -1.124256 -27.158307 0.000001 0.000004 0.000001 0.000003 0.000003 0.000000 0.091045 -0.000430 -0.018651 -1.375999 1.579541 -35.064173 -0.336759 -0.826082 -21.997126 0.000001 0.000005 -0.000000 0.000000 0.000004 0.000001 0.080778 -0.004869 -0.038063 3.025526 -1.499674 -40.467385 -0.114730 -1.334797 -8.145113 -0.000011 -0.000013 -0.000012 -0.000001 -0.000001 -0.000001 -0.082078 -0.067517 -0.015995 -38.646423 5.994933 -12.361716 42.282511 0.413122 1.621245 -10.670796 1.981559 0.768905 -1.926198 -5.145111 1.987265 0.000000 -0.000001 -0.000000 0.082078 -0.067517 -0.015995 -16.923102 22.102299 -1.009487 32.603491 -0.239242 -1.134764 -20.306429 5.651555 -2.978599 1.776299 -1.887158 0.972847 0.000000 -0.000001 0.000000 
-0.018382 0.973134 0.011870 7.813368 -11.548744 12.918303 0.000000 0.101815 0.001315 4.312714 -1.267417 1.149767 8.689413 -2.064892 3.761435 8.689414 -2.064902 3.761436 0.000000 0.167404 -0.020490 7.413609 -9.892066 5.150436 0.000000 0.096178 0.016850 16.139780 -4.518436 -2.783947 -0.000000 0.220374 0.075011 0.000005 -0.000001 0.000002 -0.045700 0.110149 -0.021608 -37.191487 17.364849 9.096376 -48.632484 17.266836 26.977181 5.345587 118.966760 -4.701712 -34.642217 11.116086 -19.270954 -0.024648 -0.015740 0.026819 -28.609548 -10.644846 0.170625 0.941257 -1.290250 0.235490 -0.026463 -0.015278 0.015278 -0.000007 0.000013 -0.000003 -0.019946 -0.011516 0.011516 0.000003 -0.000006 0.000001 -0.091083 -0.005179 0.022598 -3.993863 -6.999535 18.566594 0.402640 -1.732415 30.432133 -0.000003 0.000002 -0.000001 0.000000 -0.000001 0.000003 -0.095325 0.000000 -0.000000 1.179062 -4.694148 25.563342 -0.268813 1.048415 19.743924 0.000000 0.000001 0.000002 -0.000000 0.000001 0.000007 -0.091036 -0.000431 -0.018651 -0.500083 -6.227285 31.110890 1.398922 0.254786 14.962542 -0.000006 0.000006 0.000014 0.000001 -0.000000 0.000003 -0.080767 -0.004867 -0.038063 2.384811 -6.017411 33.822342 -0.305303 1.288867 11.805849 -0.000001 0.000003 0.000017 -0.000002 0.000002 0.000002 0.045704 0.110147 -0.021608 -19.227331 -16.676344 1.822016 -62.033841 -12.356000 -70.373550 -2.130536 -125.769191 -1.729308 -8.844631 0.657623 19.768343 0.024661 -0.015762 0.026817 -48.512351 13.157081 -3.971861 5.849546 14.755442 1.800809 0.026479 -0.015287 0.015288 -0.000007 0.000008 -0.000014 0.019989 -0.011541 0.011541 -0.000001 0.000004 0.000003 0.091093 -0.005180 0.022599 -8.053849 8.573594 -26.955543 0.740322 1.852082 -22.932461 0.000001 0.000002 0.000000 -0.000002 0.000003 -0.000000 0.095334 0.000000 -0.000000 -0.697611 0.625151 -32.061755 -0.334583 -1.124264 -27.158311 0.000001 0.000001 0.000001 -0.000000 0.000001 0.000002 0.091045 -0.000430 -0.018651 -1.376009 1.579535 -35.064152 -0.336763 -0.826067 -21.997130 0.000000 0.000002 0.000000 0.000000 0.000001 0.000000 0.080778 -0.004869 -0.038063 3.025534 -1.499676 -40.467413 -0.114746 -1.334798 -8.145135 -0.000011 -0.000012 -0.000014 0.000000 0.000001 0.000000 -0.082078 -0.067517 -0.015995 -38.970112 6.001138 -12.359249 42.306185 0.414420 1.622029 -10.628377 1.927320 0.741327 -1.944420 -5.169901 2.005806 0.000000 0.000001 -0.000000 0.082078 -0.067517 -0.015995 -17.300130 22.013442 -1.002413 32.680399 -0.224906 -1.136176 -20.272179 5.667712 -2.988828 1.627961 -1.842944 0.969883 0.000000 0.000001 0.000000 
-0.018735 0.972890 0.011214 8.056557 -11.409129 12.983335 0.000000 0.101816 0.001315 4.347924 -1.272606 1.166408 8.760203 -2.063798 3.794636 8.760193 -2.063797 3.794628 -0.000000 0.167404 -0.020490 7.647023 -9.869828 5.136058 -0.000000 0.096178 0.016850 16.156001 -4.509319 -2.801872 0.000000 0.220374 0.075011 0.000004 -0.000001 -0.000002 -0.045700 0.110149 -0.021608 -37.195393 17.430054 9.185875 -48.330757 17.316223 26.647097 5.289816 118.999422 -4.651410 -34.809185 11.166582 -19.478026 -0.024648 -0.015740 0.026819 -28.609554 -10.644834 0.170601 0.941268 -1.290266 0.235494 -0.026463 -0.015278 0.015278 -0.000006 0.000010 -0.000006 -0.019946 -0.011516 0.011516 -0.000003 0.000000 0.000003 -0.091083 -0.005179 0.022598 -3.993851 -6.999529 18.566587 0.402636 -1.732418 30.432126 -0.000004 0.000002 -0.000003 -0.000001 0.000000 0.000003 -0.095325 0.000000 -0.000000 1.179056 -4.694137 25.563342 -0.268812 1.048400 19.743924 -0.000001 0.000001 0.000001 0.000000 -0.000000 0.000000 -0.091036 -0.000431 -0.018651 -0.500083 -6.227272 31.110876 1.398935 0.254772 14.962537 -0.000007 0.000006 0.000014 0.000000 0.000000 0.000002 -0.080767 -0.004867 -0.038063 2.384814 -6.017418 33.822328 -0.305300 1.288882 11.805861 -0.000002 0.000003 0.000018 -0.000000 -0.000000 0.000003 0.045704 0.110147 -0.021608 -19.215281 -16.685881 1.860244 -61.814018 -12.231877 -70.428854 -2.119823 -125.846959 -1.718948 -8.809861 0.746861 19.752156 0.024661 -0.015762 0.026817 -48.512347 13.157078 -3.971868 5.849525 14.755461 1.800816 0.026479 -0.015287 0.015288 -0.000007 0.000013 -0.000012 0.019989 -0.011541 0.011541 0.000001 0.000003 -0.000000 0.091093 -0.005180 0.022599 -8.053850 8.573589 -26.955545 0.740325 1.852083 -22.932452 0.000000 0.000002 0.000002 -0.000000 0.000001 0.000002 0.095334 -0.000000 0.000000 -0.697604 0.625151 -32.061755 -0.334582 -1.124259 -27.158311 -0.000001 0.000003 0.000000 0.000001 0.000000 -0.000001 0.091045 -0.000430 -0.018651 -1.376004 1.579534 -35.064156 -0.336767 -0.826079 -21.997125 0.000000 0.000002 0.000002 0.000000 0.000001 0.000002 0.080778 -0.004869 -0.038063 3.025534 -1.499675 -40.467378 -0.114736 -1.334797 -8.145123 -0.000009 -0.000010 -0.000013 -0.000002 -0.000002 0.000000 -0.082078 -0.067517 -0.015995 -39.285421 5.983753 -12.370302 42.329155 0.414747 1.622707 -10.587048 1.886540 0.711667 -1.968133 -5.200712 2.029974 -0.000000 -0.000000 -0.000000 0.082078 -0.067517 -0.015995 -17.666487 21.914332 -0.999407 32.752874 -0.214135 -1.137709 -20.234772 5.683949 -2.997639 1.487205 -1.798406 0.965250 0.000000 -0.000000 0.000001 
-0.019068 0.972660 0.010562 8.284068 -11.246519 13.052147 0.000000 0.101815 0.001315 4.384383 -1.280143 1.180425 8.833600 -2.067353 3.824194 8.833601 -2.067360 3.824190 0.000000 0.167404 -0.020490 7.868455 -9.846441 5.113926 0.000000 0.096178 0.016850 16.205611 -4.499814 -2.817955 -0.000000 0.220374 0.075011 0.000002 -0.000001 0.000002 -0.045700 0.110149 -0.021608 -37.197227 17.493772 9.265129 -48.040105 17.344302 26.377376 5.228169 119.036264 -4.595798 -34.962755 11.186238 -19.654629 -0.024648 -0.015740 0.026819 -28.609537 -10.644844 0.170621 0.941255 -1.290261 0.235504 -0.026463 -0.015278 0.015278 -0.000004 0.000011 -0.000004 -0.019946 -0.011516 0.011516 0.000001 -0.000005 -0.000000 -0.091083 -0.005179 0.022598 -3.993859 -6.999532 18.566609 0.402636 -1.732412 30.432137 -0.000003 0.000002 -0.000005 0.000000 -0.000001 0.000003 -0.095325 0.000000 -0.000000 1.179063 -4.694145 25.563339 -0.268812 1.048400 19.743936 -0.000000 -0.000000 0.000003 -0.000000 -0.000001 0.000002 -0.091036 -0.000431 -0.018651 -0.500095 -6.227279 31.110890 1.398937 0.254771 14.962545 -0.000008 0.000005 0.000012 -0.000000 0.000001 0.000002 -0.080767 -0.004867 -0.038063 2.384805 -6.017410 33.822339 -0.305296 1.288864 11.805857 -0.000002 0.000004 0.000018 -0.000000 0.000001 0.000006 0.045704 0.110147 -0.021608 -19.202971 -16.701121 1.892048 -61.600069 -12.081454 -70.534892 -2.105856 -125.930288 -1.705796 -8.748582 0.867652 19.682500 0.024661 -0.015762 0.026817 -48.512347 13.157080 -3.971865 5.849520 14.755463 1.800821 0.026479 -0.015287 0.015287 -0.000007 0.000009 -0.000007 0.019989 -0.011541 0.011541 -0.000000 0.000003 0.000001 0.091093 -0.005180 0.022599 -8.053842 8.573598 -26.955545 0.740320 1.852080 -22.932444 0.000001 -0.000000 0.000000 0.000001 -0.000001 -0.000001 0.095334 0.000000 -0.000000 -0.697596 0.625148 -32.061741 -0.334585 -1.124278 -27.158330 -0.000000 0.000003 -0.000002 -0.000000 0.000002 -0.000002 0.091045 -0.000430 -0.018651 -1.376002 1.579530 -35.064149 -0.336753 -0.826065 -21.997126 -0.000001 0.000000 0.000002 -0.000001 0.000002 0.000003 0.080778 -0.004869 -0.038063 3.025543 -1.499678 -40.467396 -0.114743 -1.334808 -8.145123 -0.000009 -0.000013 -0.000012 0.000000 0.000001 0.000001 -0.082078 -0.067517 -0.015995 -39.591369 5.932243 -12.413710 42.355342 0.413107 1.623331 -10.549897 1.867790 0.680773 -1.980842 -5.210432 2.043194 0.000000 -0.000001 -0.000000 0.082078 -0.067517 -0.015995 -18.013324 21.780570 -1.020932 32.815009 -0.209513 -1.139383 -20.191397 5.719924 -3.001341 1.364919 -1.765292 0.959510 -0.000000 -0.000001 -0.000000 
-0.019382 0.972437 0.009906 8.504746 -11.066044 13.126583 0.000000 0.101815 0.001315 4.420448 -1.290616 1.191484 8.906362 -2.076643 3.849356 8.906369 -2.076646 3.849364 0.000000 0.167404 -0.020490 8.092940 -9.819971 5.077696 0.000000 0.096178 0.016850 16.254529 -4.483924 -2.838126 0.000000 0.220374 0.075011 0.000000 0.000000 -0.000004 -0.045700 0.110149 -0.021608 -37.197921 17.558777 9.340518 -47.769192 17.366299 26.180772 5.163317 119.064991 -4.537704 -35.095069 11.186452 -19.781932 -0.024648 -0.015740 0.026819 -28.609543 -10.644846 0.170601 0.941259 -1.290249 0.235479 -0.026463 -0.015278 0.015278 -0.000004 0.000010 -0.000006 -0.019946 -0.011516 0.011516 0.000002 -0.000004 -0.000002 -0.091083 -0.005179 0.022598 -3.993849 -6.999520 18.566592 0.402627 -1.732418 30.432143 -0.000002 0.000002 -0.000003 -0.000000 -0.000001 0.000003 -0.095325 0.000000 0.000000 1.179071 -4.694140 25.563337 -0.268819 1.048402 19.743954 -0.000000 0.000001 0.000001 -0.000001 0.000001 0.000001 -0.091036 -0.000431 -0.018651 -0.500084 -6.227275 31.110900 1.398949 0.254765 14.962544 -0.000006 0.000005 0.000015 0.000001 -0.000000 0.000002 -0.080766 -0.004867 -0.038063 2.384815 -6.017410 33.822325 -0.305303 1.288868 11.805839 -0.000001 0.000004 0.000016 0.000000 0.000003 0.000003 0.045704 0.110147 -0.021608 -19.190584 -16.717399 1.923011 -61.385205 -11.897826 -70.681277 -2.088715 -126.026170 -1.689890 -8.654455 1.004362 19.571494 0.024661 -0.015762 0.026817 -48.512382 13.157063 -3.971873 5.849531 14.755463 1.800826 0.026479 -0.015288 0.015288 -0.000007 0.000013 -0.000009 0.019989 -0.011541 0.011541 0.000001 0.000004 0.000007 0.091093 -0.005180 0.022599 -8.053871 8.573583 -26.955545 0.740332 1.852088 -22.932451 0.000000 0.000001 0.000001 0.000000 -0.000001 0.000001 0.095334 -0.000000 -0.000000 -0.697615 0.625147 -32.061772 -0.334575 -1.124254 -27.158316 -0.000001 0.000002 0.000002 -0.000001 -0.000001 0.000002 0.091045 -0.000430 -0.018651 -1.376009 1.579524 -35.064152 -0.336767 -0.826084 -21.997126 0.000000 0.000003 -0.000001 0.000001 0.000005 -0.000001 0.080778 -0.004869 -0.038063 3.025514 -1.499687 -40.467382 -0.114740 -1.334774 -8.145126 -0.000012 -0.000015 -0.000012 -0.000001 0.000000 -0.000003 -0.082078 -0.067517 -0.015995 -39.895459 5.861743 -12.481349 42.384199 0.410489 1.623958 -10.515127 1.860774 0.649891 -1.986800 -5.207869 2.049659 0.000000 -0.000000 -0.000000 0.082078 -0.067517 -0.015995 -18.350440 21.610336 -1.067391 32.868656 -0.210114 -1.141165 -20.143049 5.783937 -2.998967 1.269440 -1.747509 0.956501 -0.000000 -0.000001 0.000000 
-0.019659 0.972219 0.009249 8.725609 -10.863830 13.213636 -0.000000 0.101816 0.001315 4.453831 -1.306879 1.198323 8.974110 -2.097183 3.868270 8.974110 -2.097183 3.868259 -0.000000 0.167404 -0.020490 8.336221 -9.790163 5.028447 0.000000 0.096178 0.016850 16.266995 -4.452550 -2.875874 0.000000 0.220374 0.075011 0.000003 0.000000 -0.000002 -0.045700 0.110149 -0.021609 -37.197572 17.625426 9.413320 -47.528524 17.390403 26.081726 5.097563 119.073679 -4.479696 -35.195770 11.181695 -19.836802 -0.024648 -0.015740 0.026819 -28.609562 -10.644843 0.170621 0.941261 -1.290250 0.235478 -0.026463 -0.015278 0.015278 -0.000004 0.000011 -0.000007 -0.019946 -0.011516 0.011516 0.000002 -0.000002 0.000001 -0.091083 -0.005179 0.022598 -3.993861 -6.999530 18.566604 0.402640 -1.732419 30.432133 -0.000003 0.000002 -0.000001 -0.000000 -0.000001 -0.000001 -0.095325 0.000000 -0.000000 1.179051 -4.694146 25.563342 -0.268801 1.048405 19.743939 -0.000001 0.000001 0.000003 -0.000001 0.000000 0.000001 -0.091036 -0.000431 -0.018651 -0.500096 -6.227279 31.110900 1.398941 0.254773 14.962539 -0.000007 0.000005 0.000012 0.000000 0.000001 0.000003 -0.080767 -0.004867 -0.038063 2.384810 -6.017409 33.822308 -0.305304 1.288883 11.805866 -0.000002 0.000002 0.000014 -0.000001 0.000001 0.000001 0.045704 0.110147 -0.021608 -19.177807 -16.730472 1.959461 -61.166386 -11.670906 -70.868766 -2.068033 -126.141832 -1.670711 -8.511582 1.145814 19.419664 0.024661 -0.015762 0.026817 -48.512361 13.157089 -3.971851 5.849548 14.755445 1.800816 0.026479 -0.015287 0.015287 -0.000007 0.000009 -0.000013 0.019989 -0.011541 0.011541 0.000002 0.000002 0.000003 0.091093 -0.005180 0.022599 -8.053863 8.573580 -26.955545 0.740318 1.852083 -22.932446 -0.000004 0.000002 0.000000 -0.000003 0.000004 -0.000000 0.095334 0.000000 0.000000 -0.697622 0.625136 -32.061751 -0.334585 -1.124254 -27.158323 0.000001 0.000001 0.000001 0.000001 -0.000002 0.000000 0.091045 -0.000430 -0.018651 -1.376012 1.579530 -35.064159 -0.336760 -0.826079 -21.997118 -0.000001 0.000000 0.000000 -0.000001 0.000003 0.000002 0.080778 -0.004869 -0.038063 3.025520 -1.499678 -40.467382 -0.114737 -1.334807 -8.145127 -0.000013 -0.000015 -0.000013 -0.000001 -0.000001 -0.000000 -0.082078 -0.067517 -0.015995 -40.205646 5.777602 -12.579719 42.416984 0.407411 1.624674 -10.482664 1.862674 0.620923 -1.983024 -5.189881 2.046310 -0.000000 -0.000000 0.000000 0.082078 -0.067517 -0.015995 -18.682574 21.385420 -1.153487 32.910737 -0.217544 -1.143078 -20.088116 5.896907 -2.987119 1.205389 -1.757034 0.961521 0.000000 0.000000 -0.000000 
-0.019932 0.971998 0.008570 8.947717 -10.655934 13.304780 -0.000000 0.101815 0.001315 4.485948 -1.325341 1.201839 9.039407 -2.122067 3.881252 9.039407 -2.122070 3.881248 0.000000 0.167404 -0.020490 8.598353 -9.753952 4.949123 -0.000000 0.096179 0.016850 16.247762 -4.410791 -2.916934 -0.000000 0.220374 0.075011 0.000000 -0.000001 0.000003 -0.045700 0.110149 -0.021608 -37.197490 17.693986 9.488747 -47.314739 17.429109 26.073231 5.031159 119.059199 -4.422108 -35.266411 11.165198 -19.821129 -0.024648 -0.015740 0.026819 -28.609548 -10.644846 0.170596 0.941244 -1.290244 0.235502 -0.026463 -0.015278 0.015278 -0.000005 0.000008 -0.000003 -0.019946 -0.011516 0.011516 0.000002 -0.000004 -0.000002 -0.091083 -0.005179 0.022598 -3.993855 -6.999531 18.566618 0.402637 -1.732417 30.432106 -0.000003 0.000002 -0.000002 -0.000001 0.000000 0.000000 -0.095325 0.000000 0.000000 1.179046 -4.694143 25.563329 -0.268801 1.048397 19.743956 0.000000 0.000001 0.000004 -0.000000 0.000002 0.000002 -0.091036 -0.000431 -0.018651 -0.500091 -6.227277 31.110887 1.398934 0.254774 14.962547 -0.000007 0.000006 0.000012 -0.000001 0.000001 -0.000001 -0.080767 -0.004867 -0.038063 2.384806 -6.017423 33.822328 -0.305294 1.288878 11.805859 -0.000001 0.000002 0.000016 0.000000 -0.000001 0.000000 0.045704 0.110147 -0.021608 -19.165444 -16.740565 1.998089 -60.933948 -11.406582 -71.072906 -2.044562 -126.278614 -1.648850 -8.338294 1.286293 19.250740 0.024661 -0.015762 0.026817 -48.512378 13.157094 -3.971845 5.849518 14.755440 1.800826 0.026479 -0.015287 0.015287 -0.000010 0.000009 -0.000012 0.019989 -0.011541 0.011541 -0.000004 0.000001 0.000001 0.091093 -0.005180 0.022599 -8.053865 8.573591 -26.955543 0.740322 1.852066 -22.932471 0.000001 -0.000001 0.000001 -0.000000 0.000001 0.000002 0.095334 -0.000000 0.000000 -0.697615 0.625146 -32.061758 -0.334590 -1.124263 -27.158313 0.000000 0.000000 -0.000001 -0.000000 -0.000001 -0.000003 0.091045 -0.000430 -0.018651 -1.376004 1.579531 -35.064169 -0.336759 -0.826074 -21.997121 -0.000002 0.000002 0.000002 -0.000002 0.000002 0.000001 0.080778 -0.004869 -0.038063 3.025527 -1.499680 -40.467385 -0.114738 -1.334792 -8.145129 -0.000011 -0.000011 -0.000012 -0.000001 0.000001 -0.000002 -0.082078 -0.067517 -0.015995 -40.519346 5.698624 -12.683532 42.451180 0.404565 1.625450 -10.449553 1.859525 0.592901 -1.974602 -5.165194 2.038248 0.000000 0.000001 -0.000000 0.082078 -0.067517 -0.015995 -19.016906 21.131094 -1.256138 32.949802 -0.227583 -1.145086 -20.030587 6.040971 -2.970821 1.173214 -1.781371 0.971093 -0.000000 -0.000001 0.000000 
-0.020218 0.971765 0.007849 9.178216 -10.453787 13.396907 -0.000000 0.101816 0.001315 4.516300 -1.344319 1.202392 9.101159 -2.148052 3.888049 9.101169 -2.148052 3.888061 0.000000 0.167404 -0.020490 8.889632 -9.709379 4.825270 0.000000 0.096179 0.016850 16.179110 -4.358223 -2.956674 -0.000000 0.220374 0.075011 0.000005 -0.000001 0.000001 -0.045700 0.110149 -0.021608 -37.199106 17.765074 9.573640 -47.129569 17.500355 26.158458 4.965571 119.011552 -4.366560 -35.304179 11.140390 -19.724982 -0.024648 -0.015740 0.026819 -28.609550 -10.644839 0.170627 0.941269 -1.290255 0.235490 -0.026463 -0.015278 0.015278 -0.000005 0.000001 -0.000006 -0.019946 -0.011516 0.011516 0.000002 -0.000007 0.000001 -0.091083 -0.005179 0.022598 -3.993852 -6.999537 18.566602 0.402638 -1.732406 30.432133 -0.000003 0.000003 -0.000004 0.000000 -0.000001 0.000001 -0.095325 0.000000 -0.000000 1.179070 -4.694148 25.563337 -0.268821 1.048413 19.743929 0.000000 -0.000000 0.000004 0.000001 -0.000000 -0.000001 -0.091036 -0.000431 -0.018651 -0.500092 -6.227277 31.110904 1.398946 0.254764 14.962552 -0.000006 0.000005 0.000011 0.000001 0.000000 0.000002 -0.080767 -0.004867 -0.038063 2.384806 -6.017405 33.822356 -0.305299 1.288866 11.805857 -0.000001 0.000004 0.000015 -0.000000 0.000001 0.000001 0.045704 0.110147 -0.021608 -19.153829 -16.744822 2.040848 -60.676511 -11.103278 -71.273734 -2.018722 -126.441951 -1.624576 -8.141311 1.412615 19.086438 0.024661 -0.015762 0.026817 -48.512354 13.157089 -3.971856 5.849525 14.755457 1.800820 0.026479 -0.015287 0.015288 -0.000006 0.000009 -0.000012 0.019989 -0.011541 0.011541 0.000000 0.000001 -0.000000 0.091093 -0.005180 0.022599 -8.053856 8.573592 -26.955536 0.740330 1.852083 -22.932454 -0.000000 0.000003 -0.000001 -0.000001 0.000001 -0.000001 0.095334 0.000000 0.000000 -0.697607 0.625150 -32.061751 -0.334573 -1.124255 -27.158309 0.000001 -0.000000 -0.000001 0.000000 0.000001 0.000000 0.091045 -0.000430 -0.018651 -1.376007 1.579538 -35.064146 -0.336755 -0.826069 -21.997136 -0.000000 0.000005 0.000002 0.000000 0.000007 0.000001 0.080778 -0.004869 -0.038063 3.025539 -1.499670 -40.467402 -0.114750 -1.334801 -8.145119 -0.000011 -0.000014 -0.000012 0.000000 0.000002 -0.000001 -0.082078 -0.067517 -0.015995 -40.840396 5.645217 -12.773452 42.484248 0.403138 1.626320 -10.412254 1.835927 0.566192 -1.965353 -5.141430 2.029246 0.000000 0.000002 -0.000000 0.082078 -0.067517 -0.015995 -19.365062 20.858776 -1.363089 32.992150 -0.237165 -1.147165 -19.972539 6.212121 -2.953210 1.169559 -1.815124 0.985194 0.000000 -0.000001 0.000000 
-0.020543 0.971524 0.007085 9.406179 -10.267846 13.481504 -0.000000 0.101816 0.001315 4.548237 -1.360891 1.200371 9.165854 -2.169708 3.888417 9.165854 -2.169712 3.888425 -0.000000 0.167404 -0.020490 9.196035 -9.654985 4.650293 -0.000000 0.096178 0.016850 16.092098 -4.302158 -2.979533 -0.000000 0.220374 0.075011 0.000001 -0.000001 -0.000001 -0.045700 0.110149 -0.021608 -37.201991 17.837497 9.664964 -46.968428 17.596246 26.331318 4.899351 118.939343 -4.311408 -35.311883 11.091163 -19.560842 -0.024648 -0.015740 0.026819 -28.609548 -10.644837 0.170623 0.941259 -1.290250 0.235491 -0.026463 -0.015278 0.015278 -0.000002 0.000006 -0.000007 -0.019946 -0.011516 0.011516 0.000003 -0.000004 -0.000004 -0.091083 -0.005179 0.022598 -3.993867 -6.999526 18.566601 0.402641 -1.732409 30.432140 -0.000003 0.000002 -0.000003 -0.000001 -0.000001 0.000002 -0.095325 0.000000 -0.000000 1.179052 -4.694141 25.563351 -0.268805 1.048404 19.743946 0.000000 -0.000000 -0.000000 -0.000000 -0.000000 -0.000001 -0.091036 -0.000431 -0.018651 -0.500089 -6.227270 31.110890 1.398934 0.254776 14.962566 -0.000007 0.000007 0.000011 -0.000000 0.000002 0.000001 -0.080767 -0.004867 -0.038063 2.384810 -6.017411 33.822328 -0.305310 1.288879 11.805866 -0.000002 0.000003 0.000016 -0.000001 -0.000001 0.000004 0.045704 0.110147 -0.021608 -19.143606 -16.748324 2.078578 -60.395927 -10.773023 -71.458429 -1.991051 -126.626708 -1.598507 -7.939431 1.535689 18.933481 0.024661 -0.015762 0.026817 -48.512347 13.157098 -3.971857 5.849515 14.755464 1.800827 0.026479 -0.015288 0.015288 -0.000007 0.000009 -0.000012 0.019989 -0.011541 0.011541 0.000001 0.000004 0.000001 0.091093 -0.005180 0.022599 -8.053852 8.573594 -26.955543 0.740332 1.852083 -22.932449 -0.000002 0.000001 0.000001 -0.000003 0.000000 -0.000002 0.095334 0.000000 -0.000000 -0.697606 0.625152 -32.061758 -0.334596 -1.124276 -27.158316 0.000001 0.000001 -0.000001 0.000002 0.000003 -0.000001 0.091045 -0.000430 -0.018651 -1.376009 1.579529 -35.064173 -0.336767 -0.826063 -21.997128 0.000001 0.000002 -0.000001 0.000002 0.000004 -0.000001 0.080778 -0.004869 -0.038063 3.025539 -1.499672 -40.467399 -0.114752 -1.334800 -8.145120 -0.000012 -0.000014 -0.000012 0.000001 0.000002 -0.000000 -0.082078 -0.067517 -0.015995 -41.155783 5.616220 -12.838148 42.514905 0.402353 1.627159 -10.370867 1.793298 0.538744 -1.956159 -5.118699 2.020272 0.000000 -0.000001 -0.000000 0.082078 -0.067517 -0.015995 -19.717530 20.590661 -1.456785 33.041631 -0.244610 -1.149312 -19.916589 6.390216 -2.938821 1.188166 -1.848821 0.999005 -0.000000 -0.000000 0.000000 
-0.020939 0.971271 0.006262 9.626560 -10.114227 13.550041 0.000000 0.101816 0.001315 4.584397 -1.371366 1.196154 9.238532 -2.180081 3.881861 9.238522 -2.180080 3.881860 0.000000 0.167404 -0.020490 9.511940 -9.588433 4.406707 0.000000 0.096178 0.016850 16.004187 -4.249340 -2.968912 0.000000 0.220374 0.075011 -0.000001 -0.000001 -0.000002 -0.045700 0.110149 -0.021608 -37.206878 17.909116 9.762762 -46.826110 17.723117 26.589119 4.832047 118.842587 -4.256196 -35.291867 11.006531 -19.333796 -0.024648 -0.015740 0.026819 -28.609548 -10.644856 0.170618 0.941255 -1.290252 0.235488 -0.026463 -0.015278 0.015278 -0.000007 0.000013 -0.000008 -0.019946 -0.011516 0.011516 -0.000001 -0.000001 -0.000002 -0.091083 -0.005179 0.022598 -3.993861 -6.999533 18.566607 0.402630 -1.732410 30.432143 -0.000003 0.000002 -0.000003 -0.000000 0.000001 -0.000000 -0.095325 0.000000 0.000000 1.179049 -4.694150 25.563340 -0.268810 1.048406 19.743948 0.000000 0.000001 0.000003 0.000000 0.000000 0.000003 -0.091036 -0.000431 -0.018651 -0.500104 -6.227282 31.110907 1.398951 0.254770 14.962540 -0.000006 0.000005 0.000011 -0.000000 0.000000 0.000001 -0.080767 -0.004867 -0.038063 2.384805 -6.017419 33.822318 -0.305305 1.288875 11.805861 -0.000001 0.000003 0.000018 0.000000 0.000001 0.000005 0.045704 0.110147 -0.021608 -19.135811 -16.754143 2.103646 -60.084334 -10.425429 -71.599971 -1.962210 -126.832925 -1.571119 -7.754841 1.657632 18.815059 0.024661 -0.015762 0.026817 -48.512351 13.157088 -3.971865 5.849534 14.755464 1.800829 0.026479 -0.015288 0.015288 -0.000006 0.000011 -0.000012 0.019989 -0.011541 0.011541 0.000000 -0.000002 0.000003 0.091093 -0.005180 0.022599 -8.053868 8.573588 -26.955555 0.740331 1.852073 -22.932446 -0.000002 0.000001 0.000000 -0.000001 -0.000001 -0.000001 0.095334 0.000000 0.000000 -0.697605 0.625152 -32.061748 -0.334594 -1.124269 -27.158313 0.000001 -0.000001 0.000001 0.000001 -0.000001 0.000000 0.091045 -0.000430 -0.018651 -1.376004 1.579529 -35.064156 -0.336769 -0.826069 -21.997118 -0.000001 0.000001 -0.000001 0.000001 -0.000001 -0.000002 0.080778 -0.004869 -0.038063 3.025526 -1.499681 -40.467385 -0.114746 -1.334793 -8.145115 -0.000010 -0.000014 -0.000012 0.000001 0.000001 -0.000000 -0.082078 -0.067517 -0.015995 -41.456359 5.623877 -12.855836 42.540064 0.402132 1.627883 -10.322898 1.722293 0.509016 -1.949463 -5.099656 2.013813 0.000000 0.000002 0.000000 0.082078 -0.067517 -0.015995 -20.073197 20.353585 -1.514434 33.106323 -0.246636 -1.151533 -19.866080 6.554560 -2.933966 1.221208 -1.870808 1.007506 0.000000 -0.000001 0.000000 
-0.021394 0.971021 0.005410 9.829381 -9.988082 13.600904 -0.000000 0.101816 0.001315 4.626412 -1.376370 1.189822 9.322505 -2.180587 3.868824 9.322504 -2.180590 3.868815 -0.000000 0.167404 -0.020490 9.822568 -9.511287 4.112236 -0.000000 0.096179 0.016850 15.938091 -4.201690 -2.923829 0.000000 0.220374 0.075011 0.000001 -0.000000 -0.000001 -0.045700 0.110149 -0.021608 -37.212103 17.983601 9.864779 -46.705943 17.856741 26.924724 4.761886 118.737088 -4.198673 -35.242926 10.874392 -19.056364 -0.024648 -0.015740 0.026819 -28.609545 -10.644844 0.170617 0.941250 -1.290267 0.235492 -0.026463 -0.015278 0.015278 -0.000006 0.000006 -0.000005 -0.019946 -0.011516 0.011516 0.000001 -0.000002 0.000001 -0.091083 -0.005179 0.022598 -3.993866 -6.999531 18.566602 0.402658 -1.732422 30.432140 -0.000002 0.000002 -0.000005 -0.000000 -0.000001 0.000001 -0.095325 0.000000 0.000000 1.179065 -4.694142 25.563340 -0.268813 1.048407 19.743946 -0.000001 -0.000000 0.000002 -0.000001 0.000000 0.000003 -0.091036 -0.000431 -0.018651 -0.500097 -6.227277 31.110890 1.398954 0.254768 14.962537 -0.000006 0.000005 0.000014 -0.000000 0.000001 -0.000000 -0.080767 -0.004867 -0.038063 2.384814 -6.017420 33.822335 -0.305310 1.288884 11.805855 -0.000001 0.000002 0.000015 -0.000000 0.000000 -0.000000 0.045704 0.110147 -0.021608 -19.130030 -16.765172 2.113407 -59.759600 -10.066201 -71.721057 -1.932012 -127.049961 -1.542548 -7.583983 1.791419 18.703044 0.024661 -0.015762 0.026817 -48.512354 13.157075 -3.971858 5.849537 14.755449 1.800831 0.026479 -0.015287 0.015288 -0.000007 0.000016 -0.000010 0.019989 -0.011541 0.011541 -0.000002 -0.000005 0.000002 0.091093 -0.005180 0.022599 -8.053860 8.573583 -26.955546 0.740331 1.852059 -22.932446 0.000000 0.000001 0.000000 -0.000001 0.000000 0.000001 0.095334 0.000000 0.000000 -0.697624 0.625142 -32.061755 -0.334583 -1.124264 -27.158316 0.000000 0.000001 -0.000000 -0.000001 0.000003 0.000002 0.091045 -0.000430 -0.018651 -1.376012 1.579512 -35.064176 -0.336763 -0.826065 -21.997128 -0.000000 0.000003 -0.000001 -0.000001 -0.000001 -0.000000 0.080778 -0.004869 -0.038063 3.025542 -1.499667 -40.467399 -0.114750 -1.334822 -8.145138 -0.000011 -0.000012 -0.000011 -0.000001 -0.000001 0.000001 -0.082078 -0.067517 -0.015995 -41.733419 5.646856 -12.838949 42.560128 0.401644 1.628428 -10.271384 1.639773 0.475826 -1.944500 -5.084325 2.009092 -0.000000 -0.000001 -0.000000 0.082078 -0.067517 -0.015995 -20.416752 20.143153 -1.540384 33.180099 -0.243693 -1.153681 -19.820756 6.702872 -2.936839 1.260707 -1.882391 1.010839 0.000000 0.000000 0.000000 
-0.021910 0.970788 0.004552 10.001866 -9.891844 13.630075 -0.000000 0.101815 0.001315 4.677022 -1.375163 1.181220 9.423228 -2.170085 3.849002 9.423219 -2.170086 3.849000 -0.000000 0.167404 -0.020490 10.112233 -9.420912 3.768414 -0.000000 0.096179 0.016850 15.924531 -4.164146 -2.831985 -0.000000 0.220374 0.075011 0.000003 -0.000001 0.000000 -0.045700 0.110149 -0.021608 -37.216605 18.062029 9.967302 -46.606202 17.980700 27.334255 4.687283 118.635550 -4.136980 -35.164829 10.678820 -18.742299 -0.024648 -0.015740 0.026819 -28.609559 -10.644836 0.170617 0.941272 -1.290264 0.235499 -0.026463 -0.015278 0.015278 -0.000006 0.000008 -0.000004 -0.019946 -0.011516 0.011516 -0.000001 -0.000001 -0.000000 -0.091083 -0.005179 0.022598 -3.993863 -6.999527 18.566599 0.402651 -1.732432 30.432143 -0.000002 0.000002 -0.000006 0.000001 0.000000 -0.000002 -0.095325 0.000000 0.000000 1.179061 -4.694149 25.563337 -0.268822 1.048412 19.743954 0.000000 -0.000000 0.000002 0.000001 -0.000001 -0.000002 -0.091036 -0.000431 -0.018651 -0.500086 -6.227276 31.110911 1.398935 0.254772 14.962530 -0.000007 0.000004 0.000013 -0.000000 -0.000001 0.000003 -0.080767 -0.004867 -0.038063 2.384812 -6.017419 33.822339 -0.305306 1.288876 11.805845 -0.000001 0.000002 0.000014 -0.000001 -0.000001 0.000001 0.045704 0.110147 -0.021608 -19.126850 -16.787483 2.098574 -59.432092 -9.704323 -71.823271 -1.900483 -127.270303 -1.512970 -7.436392 1.952951 18.585419 0.024661 -0.015762 0.026817 -48.512358 13.157084 -3.971857 5.849540 14.755464 1.800821 0.026479 -0.015287 0.015287 -0.000007 0.000011 -0.000012 0.019989 -0.011541 0.011541 0.000000 -0.000003 -0.000000 0.091093 -0.005180 0.022599 -8.053847 8.573586 -26.955541 0.740339 1.852083 -22.932473 0.000001 -0.000001 0.000001 0.000004 0.000002 -0.000002 0.095334 0.000000 -0.000000 -0.697621 0.625144 -32.061755 -0.334574 -1.124256 -27.158316 0.000000 0.000002 0.000001 -0.000001 0.000002 0.000002 0.091045 -0.000430 -0.018651 -1.376018 1.579525 -35.064173 -0.336764 -0.826062 -21.997119 0.000001 0.000002 -0.000001 0.000002 0.000002 -0.000001 0.080778 -0.004869 -0.038063 3.025525 -1.499682 -40.467402 -0.114745 -1.334791 -8.145124 -0.000009 -0.000014 -0.000012 0.000001 0.000000 -0.000001 -0.082078 -0.067517 -0.015995 -41.972441 5.671723 -12.791091 42.572914 0.399966 1.628653 -10.217931 1.556900 0.437666 -1.941315 -5.071948 2.006138 0.000000 -0.000001 -0.000000 0.082078 -0.067517 -0.015995 -20.731395 19.968413 -1.529907 33.260282 -0.235232 -1.155612 -19.780433 6.823077 -2.950512 1.299798 -1.879915 1.006896 0.000000 -0.000001 0.000000 
-0.022475 0.970567 0.003690 10.147329 -9.819772 13.636421 -0.000000 0.101816 0.001315 4.735685 -1.368236 1.171253 9.539658 -2.149471 3.824248 9.539647 -2.149474 3.824241 -0.000000 0.167404 -0.020490 10.377286 -9.324170 3.406078 -0.000000 0.096178 0.016850 15.956901 -4.133675 -2.711123 -0.000000 0.220374 0.075011 0.000001 -0.000003 -0.000000 -0.045700 0.110149 -0.021608 -37.219876 18.150237 10.074971 -46.536609 18.077938 27.805302 4.608271 118.547249 -4.070633 -35.056684 10.420336 -18.392817 -0.024648 -0.015740 0.026819 -28.609554 -10.644841 0.170614 0.941256 -1.290259 0.235507 -0.026463 -0.015278 0.015278 -0.000005 0.000010 -0.000004 -0.019946 -0.011516 0.011516 0.000005 -0.000003 0.000001 -0.091083 -0.005179 0.022598 -3.993860 -6.999530 18.566597 0.402641 -1.732426 30.432130 -0.000003 0.000003 -0.000006 0.000000 0.000001 -0.000001 -0.095325 0.000000 -0.000000 1.179060 -4.694144 25.563320 -0.268809 1.048402 19.743956 0.000000 -0.000000 0.000005 0.000001 0.000000 0.000002 -0.091036 -0.000431 -0.018651 -0.500102 -6.227276 31.110890 1.398948 0.254766 14.962549 -0.000007 0.000004 0.000015 0.000000 -0.000001 0.000003 -0.080767 -0.004867 -0.038063 2.384813 -6.017417 33.822325 -0.305311 1.288881 11.805846 -0.000001 0.000002 0.000017 -0.000000 -0.000001 0.000001 0.045704 0.110147 -0.021608 -19.125107 -16.814481 2.071534 -59.116155 -9.339049 -71.942437 -1.867656 -127.484757 -1.482576 -7.295194 2.135833 18.437034 0.024661 -0.015762 0.026817 -48.512354 13.157078 -3.971856 5.849542 14.755459 1.800837 0.026479 -0.015288 0.015288 -0.000006 0.000013 -0.000012 0.019989 -0.011541 0.011541 0.000000 0.000002 0.000001 0.091093 -0.005180 0.022599 -8.053850 8.573599 -26.955546 0.740326 1.852089 -22.932451 0.000000 -0.000000 0.000001 0.000000 0.000000 0.000001 0.095334 0.000000 -0.000000 -0.697601 0.625144 -32.061745 -0.334588 -1.124260 -27.158301 -0.000000 -0.000000 -0.000002 -0.000000 0.000000 -0.000002 0.091045 -0.000430 -0.018651 -1.375996 1.579523 -35.064149 -0.336760 -0.826077 -21.997126 0.000002 0.000001 0.000000 0.000000 0.000001 -0.000000 0.080778 -0.004869 -0.038063 3.025546 -1.499684 -40.467378 -0.114746 -1.334795 -8.145128 -0.000012 -0.000012 -0.000014 0.000001 0.000002 -0.000000 -0.082078 -0.067517 -0.015995 -42.179540 5.686939 -12.717349 42.579174 0.397009 1.628575 -10.162804 1.481602 0.393884 -1.940138 -5.067691 2.005040 0.000000 -0.000000 -0.000000 0.082078 -0.067517 -0.015995 -21.023638 19.815381 -1.485742 33.349044 -0.222461 -1.157504 -19.746338 6.925291 -2.972078 1.333637 -1.866689 0.997419 -0.000000 0.000001 0.000000 
-0.023084 0.970368 0.002842 10.260915 -9.768702 13.615856 -0.000000 0.101815 0.001315 4.803438 -1.355782 1.160761 9.673877 -2.119229 3.795911 9.673872 -2.119228 3.795913 0.000000 0.167404 -0.020490 10.606048 -9.222727 3.053116 0.000000 0.096178 0.016850 16.047801 -4.109283 -2.568931 -0.000000 0.220374 0.075011 0.000003 0.000000 -0.000001 -0.045700 0.110149 -0.021608 -37.220996 18.256189 10.192119 -46.504344 18.123294 28.325273 4.524055 118.488715 -3.998444 -34.916904 10.088296 -18.016904 -0.024648 -0.015740 0.026819 -28.609554 -10.644834 0.170634 0.941254 -1.290250 0.235491 -0.026463 -0.015278 0.015278 -0.000009 0.000006 -0.000005 -0.019946 -0.011516 0.011516 -0.000003 -0.000004 0.000003 -0.091083 -0.005179 0.022598 -3.993858 -6.999513 18.566611 0.402640 -1.732427 30.432137 -0.000002 0.000001 -0.000000 0.000000 -0.000001 0.000004 -0.095325 0.000000 0.000000 1.179062 -4.694133 25.563359 -0.268820 1.048412 19.743948 0.000000 -0.000000 0.000002 -0.000000 -0.000002 -0.000000 -0.091036 -0.000431 -0.018651 -0.500091 -6.227268 31.110904 1.398931 0.254779 14.962559 -0.000007 0.000005 0.000012 0.000000 -0.000001 0.000004 -0.080767 -0.004867 -0.038063 2.384804 -6.017413 33.822342 -0.305292 1.288878 11.805834 -0.000000 0.000002 0.000015 0.000000 -0.000001 0.000002 0.045704 0.110147 -0.021608 -19.123983 -16.842492 2.040757 -58.829806 -8.969544 -72.118178 -1.833281 -127.681862 -1.451476 -7.148146 2.344942 18.222202 0.024661 -0.015762 0.026817 -48.512334 13.157071 -3.971870 5.849526 14.755461 1.800820 0.026479 -0.015287 0.015288 -0.000007 0.000009 -0.000015 0.019989 -0.011541 0.011541 -0.000000 -0.000003 -0.000000 0.091093 -0.005180 0.022599 -8.053843 8.573587 -26.955531 0.740332 1.852093 -22.932447 0.000002 -0.000002 -0.000001 -0.000000 -0.000001 -0.000001 0.095334 0.000000 0.000000 -0.697590 0.625155 -32.061734 -0.334587 -1.124272 -27.158328 -0.000000 0.000002 0.000000 0.000002 0.000003 0.000001 0.091045 -0.000430 -0.018651 -1.375988 1.579535 -35.064146 -0.336764 -0.826075 -21.997119 0.000000 0.000000 -0.000001 0.000002 0.000001 -0.000003 0.080778 -0.004869 -0.038063 3.025547 -1.499679 -40.467372 -0.114740 -1.334791 -8.145130 -0.000014 -0.000011 -0.000014 -0.000001 -0.000002 0.000001 -0.082078 -0.067517 -0.015995 -42.350304 5.675938 -12.623032 42.578026 0.392194 1.628122 -10.107800 1.426322 0.343112 -1.941103 -5.078299 2.007275 -0.000000 -0.000002 -0.000000 0.082078 -0.067517 -0.015995 -21.288581 19.677244 -1.406960 33.445732 -0.205838 -1.159382 -19.718818 7.011121 -3.001663 1.359737 -1.843096 0.982638 0.000000 -0.000000 0.000000 
-0.023722 0.970167 0.001975 10.353977 -9.732952 13.572329 0.000000 0.101816 0.001315 4.878378 -1.338004 1.150252 9.822134 -2.079466 3.765198 9.822143 -2.079475 3.765207 -0.000000 0.167404 -0.020490 10.804497 -9.124704 2.720386 -0.000000 0.096179 0.016850 16.170980 -4.088978 -2.423358 0.000000 0.220374 0.075011 -0.000001 -0.000001 0.000000 -0.045700 0.110149 -0.021608 -37.220727 18.374633 10.316284 -46.514958 18.125097 28.891048 4.436505 118.451149 -3.922467 -34.746972 9.700038 -17.605185 -0.024648 -0.015740 0.026819 -28.609547 -10.644852 0.170621 0.941252 -1.290247 0.235511 -0.026463 -0.015278 0.015278 -0.000010 0.000006 -0.000007 -0.019946 -0.011516 0.011516 0.000004 -0.000003 -0.000002 -0.091083 -0.005179 0.022598 -3.993867 -6.999531 18.566616 0.402647 -1.732417 30.432130 -0.000002 0.000002 -0.000004 0.000001 0.000000 -0.000000 -0.095325 0.000000 -0.000000 1.179059 -4.694143 25.563337 -0.268809 1.048395 19.743963 -0.000000 -0.000000 0.000004 -0.000000 -0.000001 0.000002 -0.091036 -0.000431 -0.018651 -0.500089 -6.227284 31.110911 1.398936 0.254774 14.962554 -0.000008 0.000005 0.000014 -0.000001 -0.000001 0.000001 -0.080767 -0.004867 -0.038063 2.384818 -6.017425 33.822335 -0.305296 1.288885 11.805866 -0.000002 0.000001 0.000011 0.000001 -0.000001 -0.000000 0.045704 0.110147 -0.021608 -19.123488 -16.868807 2.009513 -58.572424 -8.604269 -72.340501 -1.798270 -127.861196 -1.420295 -6.991276 2.562321 17.961248 0.024661 -0.015762 0.026817 -48.512354 13.157067 -3.971857 5.849528 14.755461 1.800829 0.026479 -0.015287 0.015288 -0.000005 0.000013 -0.000011 0.019989 -0.011541 0.011541 -0.000002 0.000001 -0.000000 0.091093 -0.005180 0.022599 -8.053859 8.573579 -26.955528 0.740325 1.852101 -22.932449 -0.000004 0.000001 -0.000001 -0.000006 0.000000 -0.000003 0.095334 0.000000 -0.000000 -0.697607 0.625140 -32.061751 -0.334584 -1.124257 -27.158316 -0.000001 -0.000003 0.000002 -0.000002 -0.000006 0.000002 0.091045 -0.000430 -0.018651 -1.376002 1.579534 -35.064152 -0.336765 -0.826078 -21.997118 -0.000002 -0.000000 -0.000003 -0.000001 0.000001 -0.000003 0.080778 -0.004869 -0.038063 3.025522 -1.499685 -40.467385 -0.114741 -1.334791 -8.145136 -0.000010 -0.000014 -0.000012 0.000001 -0.000002 -0.000000 -0.082078 -0.067517 -0.015995 -42.501351 5.641037 -12.510942 42.574113 0.385911 1.627455 -10.056317 1.388765 0.286180 -1.933957 -5.098098 2.019823 0.000000 0.000000 -0.000000 0.082078 -0.067517 -0.015995 -21.544821 19.541767 -1.299117 33.557723 -0.188219 -1.161697 -19.699744 7.094207 -3.034416 1.378086 -1.814206 0.965080 -0.000000 -0.000000 -0.000000 
-0.024380 0.969949 0.001069 10.434043 -9.709214 13.503981 0.000000 0.101815 0.001315 4.959728 -1.314651 1.141016 9.982862 -2.029535 3.734054 9.982855 -2.029536 3.734054 -0.000000 0.167403 -0.020490 10.971259 -9.037513 2.433299 0.000000 0.096179 0.016850 16.310102 -4.069983 -2.294836 -0.000000 0.220374 0.075011 0.000003 0.000001 -0.000003 -0.045700 0.110149 -0.021608 -37.219699 18.508573 10.452200 -46.577662 18.078510 29.488792 4.346923 118.436232 -3.843738 -34.548651 9.263425 -17.155074 -0.024648 -0.015740 0.026819 -28.609555 -10.644854 0.170617 0.941244 -1.290240 0.235482 -0.026463 -0.015278 0.015278 -0.000006 0.000008 -0.000007 -0.019946 -0.011516 0.011516 -0.000001 0.000000 0.000001 -0.091083 -0.005179 0.022598 -3.993872 -6.999525 18.566602 0.402656 -1.732421 30.432130 -0.000001 0.000002 -0.000004 0.000001 -0.000001 0.000005 -0.095325 -0.000000 -0.000000 1.179045 -4.694137 25.563327 -0.268813 1.048398 19.743948 -0.000000 0.000000 0.000003 -0.000000 0.000000 0.000000 -0.091036 -0.000431 -0.018651 -0.500105 -6.227286 31.110890 1.398946 0.254776 14.962545 -0.000006 0.000004 0.000013 -0.000000 -0.000001 0.000001 -0.080767 -0.004867 -0.038063 2.384800 -6.017408 33.822322 -0.305299 1.288868 11.805862 -0.000001 0.000002 0.000013 0.000001 0.000001 0.000000 0.045704 0.110147 -0.021608 -19.122899 -16.884641 1.991934 -58.351119 -8.244608 -72.630968 -1.763106 -128.016815 -1.389575 -6.812347 2.772515 17.648782 0.024661 -0.015762 0.026817 -48.512327 13.157070 -3.971864 5.849517 14.755457 1.800823 0.026479 -0.015287 0.015287 -0.000005 0.000013 -0.000014 0.019989 -0.011541 0.011541 -0.000000 0.000002 0.000001 0.091093 -0.005180 0.022599 -8.053846 8.573599 -26.955545 0.740320 1.852074 -22.932446 -0.000002 0.000001 0.000000 -0.000000 0.000001 -0.000000 0.095334 0.000000 -0.000000 -0.697603 0.625139 -32.061751 -0.334571 -1.124242 -27.158306 -0.000003 -0.000000 0.000002 -0.000005 -0.000001 0.000002 0.091045 -0.000430 -0.018651 -1.376002 1.579522 -35.064152 -0.336765 -0.826067 -21.997136 0.000001 0.000002 0.000000 0.000002 0.000002 -0.000003 0.080778 -0.004869 -0.038063 3.025543 -1.499681 -40.467399 -0.114739 -1.334793 -8.145113 -0.000011 -0.000013 -0.000014 0.000000 0.000001 -0.000001 -0.082078 -0.067517 -0.015995 -42.643497 5.577498 -12.380018 42.568030 0.378036 1.626587 -10.004118 1.371308 0.222421 -1.923555 -5.133568 2.037583 0.000000 0.000002 -0.000000 0.082078 -0.067517 -0.015995 -21.807769 19.397097 -1.160827 33.692606 -0.172612 -1.164951 -19.690701 7.186724 -3.068402 1.390583 -1.783688 0.946549 0.000000 0.000001 -0.000000 
-0.025028 0.969704 0.000105 10.507514 -9.687110 13.423372 -0.000000 0.101815 0.001315 5.045252 -1.287376 1.131933 10.151704 -1.972218 3.701616 10.151703 -1.972213 3.701612 -0.000000 0.167404 -0.020490 11.114810 -8.963972 2.176437 -0.000000 0.096179 0.016850 16.447768 -4.054999 -2.183551 0.000000 0.220374 0.075011 0.000001 -0.000000 -0.000001 -0.045700 0.110149 -0.021609 -37.217667 18.641502 10.582098 -46.688704 17.997827 30.138230 4.256751 118.429101 -3.764118 -34.319826 8.796238 -16.655604 -0.024648 -0.015740 0.026819 -28.609574 -10.644846 0.170629 0.941269 -1.290245 0.235470 -0.026463 -0.015278 0.015278 -0.000005 0.000004 -0.000008 -0.019946 -0.011516 0.011516 -0.000003 -0.000006 -0.000000 -0.091083 -0.005179 0.022598 -3.993866 -6.999533 18.566611 0.402644 -1.732415 30.432120 -0.000003 0.000002 -0.000000 -0.000000 -0.000001 0.000004 -0.095325 0.000000 -0.000000 1.179043 -4.694148 25.563322 -0.268820 1.048411 19.743953 0.000000 0.000000 0.000000 -0.000000 -0.000001 -0.000001 -0.091036 -0.000431 -0.018651 -0.500114 -6.227277 31.110883 1.398955 0.254761 14.962542 -0.000006 0.000005 0.000011 -0.000001 0.000001 0.000003 -0.080767 -0.004867 -0.038063 2.384801 -6.017411 33.822308 -0.305313 1.288878 11.805862 -0.000001 0.000002 0.000012 0.000001 0.000001 -0.000000 0.045704 0.110147 -0.021608 -19.123640 -16.904469 1.964057 -58.160618 -7.910533 -72.934502 -1.728510 -128.154689 -1.359745 -6.624027 2.973353 17.326373 0.024661 -0.015762 0.026817 -48.512351 13.157091 -3.971861 5.849516 14.755461 1.800824 0.026479 -0.015288 0.015288 -0.000005 0.000013 -0.000016 0.019989 -0.011541 0.011541 0.000003 0.000000 0.000003 0.091093 -0.005180 0.022599 -8.053866 8.573584 -26.955553 0.740334 1.852103 -22.932446 -0.000001 0.000002 0.000000 0.000001 0.000005 0.000001 0.095334 -0.000000 -0.000000 -0.697609 0.625145 -32.061758 -0.334581 -1.124263 -27.158318 0.000002 -0.000000 0.000001 0.000002 0.000002 0.000000 0.091045 -0.000430 -0.018651 -1.376008 1.579521 -35.064149 -0.336758 -0.826054 -21.997128 -0.000002 0.000003 -0.000002 -0.000001 0.000004 -0.000002 0.080778 -0.004869 -0.038063 3.025536 -1.499670 -40.467389 -0.114739 -1.334806 -8.145126 -0.000012 -0.000010 -0.000014 -0.000001 0.000003 -0.000002 -0.082078 -0.067517 -0.015995 -42.788123 5.489223 -12.246815 42.565104 0.369247 1.625734 -9.950988 1.372610 0.154447 -1.906411 -5.155737 2.054125 0.000000 0.000001 -0.000000 0.082078 -0.067517 -0.015995 -22.081430 19.235100 -1.011595 33.847142 -0.161004 -1.169164 -19.688350 7.295754 -3.099792 1.400352 -1.756204 0.929411 -0.000000 -0.000000 0.000000 
-0.025629 0.969410 -0.000943 10.583963 -9.655537 13.341047 0.000000 0.101815 0.001315 5.132599 -1.257441 1.122690 10.324030 -1.909447 3.668246 10.324036 -1.909448 3.668236 -0.000000 0.167404 -0.020490 11.240032 -8.911933 1.948335 0.000000 0.096178 0.016850 16.560714 -4.045440 -2.100958 -0.000000 0.220374 0.075011 -0.000000 -0.000000 0.000001 -0.045700 0.110149 -0.021608 -37.214938 18.759203 10.692668 -46.849845 17.897681 30.847337 4.167714 118.415577 -3.685728 -34.062205 8.319816 -16.097047 -0.024648 -0.015740 0.026819 -28.609555 -10.644850 0.170602 0.941251 -1.290240 0.235491 -0.026463 -0.015278 0.015278 -0.000012 0.000008 -0.000008 -0.019946 -0.011516 0.011516 0.000003 0.000000 0.000001 -0.091083 -0.005179 0.022598 -3.993870 -6.999536 18.566601 0.402653 -1.732419 30.432133 -0.000003 0.000003 0.000002 -0.000001 -0.000001 0.000004 -0.095325 0.000000 -0.000000 1.179056 -4.694155 25.563329 -0.268814 1.048409 19.743937 0.000000 -0.000001 0.000001 -0.000000 -0.000001 -0.000002 -0.091036 -0.000431 -0.018651 -0.500103 -6.227287 31.110907 1.398943 0.254770 14.962540 -0.000007 0.000003 0.000013 -0.000001 -0.000002 0.000004 -0.080767 -0.004867 -0.038063 2.384822 -6.017427 33.822335 -0.305317 1.288888 11.805848 -0.000001 0.000002 0.000016 0.000000 -0.000000 0.000003 0.045704 0.110147 -0.021608 -19.126558 -16.936373 1.911570 -58.000061 -7.621253 -73.212203 -1.695496 -128.277400 -1.331554 -6.431505 3.153962 17.030349 0.024661 -0.015762 0.026817 -48.512361 13.157080 -3.971848 5.849524 14.755459 1.800822 0.026479 -0.015287 0.015287 -0.000006 0.000013 -0.000012 0.019989 -0.011541 0.011541 -0.000000 -0.000001 -0.000000 0.091093 -0.005180 0.022599 -8.053843 8.573569 -26.955538 0.740319 1.852097 -22.932435 0.000001 0.000003 -0.000001 0.000001 0.000001 -0.000002 0.095334 0.000000 0.000000 -0.697598 0.625137 -32.061745 -0.334588 -1.124260 -27.158323 0.000001 -0.000000 0.000000 0.000000 0.000002 0.000001 0.091045 -0.000430 -0.018651 -1.375989 1.579525 -35.064166 -0.336761 -0.826054 -21.997130 -0.000001 0.000001 -0.000002 -0.000002 0.000002 -0.000002 0.080778 -0.004869 -0.038063 3.025537 -1.499682 -40.467378 -0.114734 -1.334792 -8.145129 -0.000009 -0.000012 -0.000013 0.000000 0.000001 0.000000 -0.082078 -0.067517 -0.015995 -42.952031 5.375397 -12.126875 42.571558 0.359892 1.625105 -9.896473 1.394759 0.083955 -1.878466 -5.142945 2.063757 0.000000 -0.000001 0.000000 0.082078 -0.067517 -0.015995 -22.378092 19.040778 -0.869386 34.023935 -0.156659 -1.174672 -19.692540 7.436001 -3.122059 1.410922 -1.738124 0.916758 0.000000 0.000001 0.000000 
-0.026186 0.969080 -0.002066 10.661509 -9.613317 13.260963 0.000000 0.101816 0.001315 5.221344 -1.225819 1.112100 10.499099 -1.843124 3.632230 10.499103 -1.843124 3.632234 0.000000 0.167404 -0.020490 11.356602 -8.875574 1.732597 0.000000 0.096178 0.016850 16.650010 -4.043389 -2.033444 0.000000 0.220374 0.075011 -0.000000 -0.000001 0.000000 -0.045700 0.110149 -0.021608 -37.210205 18.858017 10.774920 -47.054054 17.772847 31.637928 4.079240 118.395005 -3.607971 -33.766587 7.831059 -15.473380 -0.024648 -0.015740 0.026819 -28.609557 -10.644842 0.170615 0.941254 -1.290254 0.235495 -0.026463 -0.015278 0.015278 -0.000008 0.000006 -0.000009 -0.019946 -0.011516 0.011516 -0.000003 -0.000005 -0.000000 -0.091083 -0.005179 0.022598 -3.993860 -6.999525 18.566599 0.402639 -1.732418 30.432137 -0.000002 0.000002 -0.000002 -0.000000 -0.000000 -0.000000 -0.095325 -0.000000 -0.000000 1.179065 -4.694151 25.563335 -0.268816 1.048411 19.743927 0.000001 -0.000001 0.000000 -0.000000 -0.000001 0.000002 -0.091036 -0.000431 -0.018651 -0.500089 -6.227283 31.110911 1.398933 0.254775 14.962542 -0.000006 0.000006 0.000010 0.000000 -0.000000 0.000002 -0.080767 -0.004867 -0.038063 2.384807 -6.017422 33.822325 -0.305307 1.288878 11.805839 -0.000001 0.000002 0.000016 -0.000000 -0.000000 0.000001 0.045704 0.110147 -0.021608 -19.132512 -16.990628 1.819443 -57.863095 -7.380603 -73.437648 -1.664010 -128.389798 -1.304788 -6.244543 3.324472 16.770689 0.024661 -0.015762 0.026817 -48.512347 13.157075 -3.971881 5.849528 14.755473 1.800832 0.026479 -0.015287 0.015288 -0.000006 0.000013 -0.000015 0.019989 -0.011541 0.011541 0.000001 0.000000 -0.000002 0.091093 -0.005180 0.022599 -8.053851 8.573598 -26.955545 0.740325 1.852075 -22.932454 -0.000003 0.000002 -0.000000 -0.000004 0.000002 0.000000 0.095334 0.000000 0.000000 -0.697621 0.625146 -32.061755 -0.334571 -1.124261 -27.158314 0.000002 0.000001 0.000002 -0.000000 0.000002 0.000001 0.091045 -0.000430 -0.018651 -1.376005 1.579524 -35.064180 -0.336755 -0.826057 -21.997114 -0.000001 0.000000 -0.000001 -0.000001 0.000002 -0.000002 0.080778 -0.004869 -0.038063 3.025534 -1.499685 -40.467385 -0.114734 -1.334775 -8.145107 -0.000009 -0.000014 -0.000014 0.000002 0.000002 -0.000000 -0.082078 -0.067517 -0.015995 -43.129950 5.245338 -12.022001 42.585673 0.350506 1.624707 -9.839910 1.429682 0.012723 -1.841120 -5.079693 2.064839 0.000000 -0.000001 0.000000 0.082078 -0.067517 -0.015995 -22.688685 18.824056 -0.738211 34.213951 -0.157881 -1.181039 -19.698704 7.595766 -3.137442 1.425388 -1.728057 0.908232 -0.000000 -0.000000 0.000000 
-0.026675 0.968712 -0.003267 10.741904 -9.552856 13.194164 -0.000000 0.101815 0.001315 5.309959 -1.193702 1.099081 10.673877 -1.775250 3.592659 10.673865 -1.775251 3.592649 -0.000000 0.167403 -0.020490 11.474185 -8.858273 1.514472 0.000000 0.096179 0.016850 16.708021 -4.053437 -1.978733 0.000000 0.220374 0.075011 -0.000000 -0.000000 -0.000000 -0.045700 0.110149 -0.021608 -37.201848 18.922537 10.807828 -47.296792 17.626162 32.538840 3.991734 118.358012 -3.531615 -33.428223 7.336800 -14.771249 -0.024648 -0.015740 0.026819 -28.609557 -10.644854 0.170634 0.941257 -1.290249 0.235497 -0.026463 -0.015278 0.015278 -0.000007 0.000010 -0.000000 -0.019946 -0.011516 0.011516 0.000001 -0.000007 0.000003 -0.091083 -0.005179 0.022598 -3.993851 -6.999540 18.566606 0.402630 -1.732408 30.432147 -0.000002 0.000002 -0.000004 0.000001 0.000002 0.000001 -0.095325 0.000000 -0.000000 1.179051 -4.694149 25.563346 -0.268808 1.048403 19.743936 -0.000000 -0.000001 0.000003 -0.000001 -0.000001 0.000001 -0.091036 -0.000431 -0.018651 -0.500096 -6.227277 31.110911 1.398949 0.254765 14.962525 -0.000007 0.000005 0.000009 0.000001 -0.000000 0.000003 -0.080767 -0.004867 -0.038063 2.384818 -6.017427 33.822325 -0.305296 1.288887 11.805851 -0.000001 0.000003 0.000017 -0.000000 0.000000 -0.000000 0.045704 0.110147 -0.021608 -19.142804 -17.084810 1.660016 -57.743587 -7.206440 -73.563678 -1.634214 -128.497988 -1.279521 -6.073496 3.490638 16.579415 0.024661 -0.015762 0.026817 -48.512358 13.157071 -3.971858 5.849532 14.755451 1.800807 0.026479 -0.015287 0.015287 -0.000006 0.000011 -0.000012 0.019989 -0.011541 0.011541 -0.000003 -0.000004 -0.000000 0.091093 -0.005180 0.022599 -8.053859 8.573576 -26.955546 0.740335 1.852083 -22.932459 0.000001 -0.000000 0.000000 0.000000 0.000001 0.000001 0.095334 -0.000000 0.000000 -0.697601 0.625146 -32.061755 -0.334596 -1.124266 -27.158316 0.000002 -0.000001 -0.000000 0.000001 0.000000 -0.000001 0.091045 -0.000430 -0.018651 -1.376007 1.579517 -35.064156 -0.336754 -0.826054 -21.997111 -0.000001 -0.000000 0.000000 -0.000001 0.000001 -0.000000 0.080778 -0.004869 -0.038063 3.025536 -1.499683 -40.467378 -0.114741 -1.334795 -8.145128 -0.000008 -0.000012 -0.000014 -0.000001 -0.000000 0.000002 -0.082078 -0.067517 -0.015995 -43.326239 5.105328 -11.946109 42.611689 0.341812 1.624719 -9.781862 1.474473 -0.056666 -1.790186 -4.923457 2.049889 0.000000 -0.000001 0.000000 0.082078 -0.067517 -0.015995 -23.010349 18.585010 -0.634120 34.412153 -0.165133 -1.188120 -19.703690 7.773803 -3.144070 1.445621 -1.728185 0.905313 0.000000 -0.000000 -0.000000 
-0.027136 0.968326 -0.004533 10.823958 -9.482158 13.129703 0.000000 0.101815 0.001315 5.399366 -1.161555 1.083236 10.850287 -1.707376 3.547569 10.850296 -1.707382 3.547573 0.000000 0.167404 -0.020490 11.598979 -8.842176 1.287392 0.000000 0.096179 0.016850 16.737952 -4.069202 -1.914078 -0.000000 0.220374 0.075011 -0.000002 -0.000000 0.000000 -0.045700 0.110149 -0.021608 -37.190261 18.973581 10.814227 -47.572517 17.448548 33.537182 3.903842 118.316662 -3.454918 -33.035552 6.828460 -14.003299 -0.024648 -0.015740 0.026819 -28.609566 -10.644834 0.170606 0.941253 -1.290250 0.235489 -0.026463 -0.015278 0.015278 -0.000007 0.000008 -0.000006 -0.019946 -0.011516 0.011516 0.000005 -0.000004 0.000003 -0.091083 -0.005179 0.022598 -3.993884 -6.999533 18.566611 0.402660 -1.732423 30.432120 -0.000001 0.000003 -0.000001 -0.000000 -0.000000 0.000000 -0.095325 0.000000 -0.000000 1.179043 -4.694156 25.563346 -0.268822 1.048428 19.743922 -0.000001 -0.000000 0.000001 -0.000001 0.000000 0.000000 -0.091036 -0.000431 -0.018651 -0.500114 -6.227270 31.110890 1.398934 0.254775 14.962547 -0.000007 0.000005 0.000012 0.000001 0.000001 -0.000003 -0.080767 -0.004867 -0.038063 2.384802 -6.017423 33.822335 -0.305301 1.288881 11.805847 -0.000000 0.000002 0.000015 -0.000001 -0.000001 0.000002 0.045704 0.110147 -0.021608 -19.156338 -17.205117 1.455948 -57.639837 -7.075594 -73.613457 -1.605796 -128.601261 -1.255477 -5.921508 3.654440 16.426304 0.024661 -0.015762 0.026817 -48.512334 13.157093 -3.971858 5.849509 14.755454 1.800834 0.026479 -0.015287 0.015287 -0.000005 0.000016 -0.000013 0.019989 -0.011541 0.011541 -0.000000 -0.000001 0.000001 0.091093 -0.005180 0.022599 -8.053835 8.573594 -26.955548 0.740317 1.852072 -22.932456 -0.000002 -0.000000 -0.000002 -0.000001 -0.000002 -0.000002 0.095334 0.000000 -0.000000 -0.697598 0.625151 -32.061755 -0.334587 -1.124264 -27.158314 -0.000001 -0.000002 0.000002 -0.000000 -0.000001 0.000001 0.091045 -0.000430 -0.018651 -1.376011 1.579532 -35.064159 -0.336754 -0.826060 -21.997111 -0.000001 0.000002 -0.000002 -0.000001 0.000002 -0.000002 0.080778 -0.004869 -0.038063 3.025547 -1.499666 -40.467416 -0.114741 -1.334798 -8.145121 -0.000008 -0.000012 -0.000013 -0.000001 -0.000002 0.000002 -0.082078 -0.067517 -0.015995 -43.530326 4.964105 -11.878093 42.639925 0.333580 1.624841 -9.719605 1.515577 -0.124891 -1.737779 -4.733196 2.030234 -0.000000 -0.000001 -0.000000 0.082078 -0.067517 -0.015995 -23.341309 18.339094 -0.537014 34.615542 -0.175517 -1.195590 -19.706462 7.953427 -3.147411 1.471893 -1.733981 0.905623 -0.000000 0.000000 0.000000 
-0.027594 0.967938 -0.005854 10.905305 -9.407265 13.063025 -0.000000 0.101815 0.001315 5.490411 -1.129557 1.063955 11.029909 -1.640224 3.495215 11.029920 -1.640226 3.495211 0.000000 0.167404 -0.020490 11.741925 -8.817926 1.041169 -0.000000 0.096178 0.016850 16.741849 -4.088699 -1.825020 0.000000 0.220374 0.075011 -0.000000 -0.000000 0.000001 -0.045700 0.110149 -0.021608 -37.174524 19.020895 10.800635 -47.876447 17.229113 34.642200 3.814839 118.276965 -3.377186 -32.577004 6.295904 -13.167374 -0.024648 -0.015740 0.026819 -28.609552 -10.644832 0.170611 0.941269 -1.290247 0.235502 -0.026463 -0.015278 0.015278 -0.000000 0.000010 -0.000004 -0.019946 -0.011516 0.011516 0.000004 -0.000000 0.000003 -0.091083 -0.005179 0.022598 -3.993859 -6.999530 18.566597 0.402650 -1.732418 30.432147 -0.000001 0.000001 -0.000005 0.000003 0.000001 0.000002 -0.095325 0.000000 -0.000000 1.179053 -4.694144 25.563346 -0.268806 1.048401 19.743949 0.000001 0.000000 -0.000001 0.000000 -0.000000 0.000001 -0.091036 -0.000431 -0.018651 -0.500100 -6.227276 31.110900 1.398943 0.254777 14.962566 -0.000008 0.000004 0.000007 -0.000002 0.000001 -0.000001 -0.080767 -0.004867 -0.038063 2.384813 -6.017420 33.822318 -0.305299 1.288881 11.805840 -0.000000 0.000002 0.000017 0.000001 -0.000001 0.000003 0.045704 0.110147 -0.021608 -19.173203 -17.350152 1.210515 -57.544767 -6.977245 -73.588000 -1.578215 -128.703030 -1.232118 -5.792167 3.822482 16.301182 0.024661 -0.015762 0.026817 -48.512358 13.157084 -3.971851 5.849508 14.755464 1.800835 0.026479 -0.015287 0.015288 -0.000006 0.000009 -0.000013 0.019989 -0.011541 0.011541 0.000003 0.000001 0.000001 0.091093 -0.005180 0.022599 -8.053853 8.573602 -26.955528 0.740327 1.852082 -22.932444 0.000004 0.000002 0.000000 0.000005 0.000002 0.000000 0.095334 0.000000 -0.000000 -0.697608 0.625143 -32.061745 -0.334586 -1.124262 -27.158316 0.000001 0.000002 0.000001 0.000001 0.000003 -0.000002 0.091045 -0.000430 -0.018651 -1.375991 1.579528 -35.064166 -0.336762 -0.826053 -21.997097 -0.000003 0.000001 0.000000 -0.000002 -0.000000 -0.000000 0.080778 -0.004869 -0.038063 3.025543 -1.499685 -40.467396 -0.114749 -1.334784 -8.145127 -0.000011 -0.000013 -0.000015 -0.000004 -0.000000 -0.000002 -0.082078 -0.067517 -0.015996 -43.732690 4.834802 -11.804194 42.664469 0.326195 1.624920 -9.651060 1.538809 -0.191107 -1.691557 -4.529195 2.011448 -0.000000 -0.000000 -0.000000 0.082078 -0.067517 -0.015995 -23.676280 18.102657 -0.435213 34.819908 -0.186630 -1.203126 -19.705075 8.118131 -3.151753 1.502672 -1.741597 0.907443 0.000000 -0.000000 -0.000000 
-0.028067 0.967559 -0.007219 10.991187 -9.326597 12.986053 0.000000 0.101816 0.001315 5.582131 -1.099835 1.040931 11.211026 -1.578453 3.434285 11.211026 -1.578449 3.434288 -0.000000 0.167404 -0.020490 11.899483 -8.764762 0.771162 -0.000000 0.096178 0.016850 16.715700 -4.103301 -1.684730 -0.000000 0.220374 0.075011 -0.000001 -0.000000 0.000000 -0.045700 0.110149 -0.021608 -37.157298 19.081940 10.795111 -48.201570 16.976319 35.816248 3.723659 118.247732 -3.297102 -32.047777 5.751011 -12.295238 -0.024648 -0.015740 0.026819 -28.609564 -10.644833 0.170592 0.941252 -1.290257 0.235496 -0.026463 -0.015278 0.015278 -0.000007 0.000011 -0.000004 -0.019946 -0.011516 0.011516 0.000001 -0.000001 -0.000000 -0.091083 -0.005179 0.022598 -3.993885 -6.999527 18.566599 0.402652 -1.732417 30.432133 -0.000002 0.000000 -0.000000 -0.000000 -0.000003 0.000004 -0.095325 -0.000000 -0.000000 1.179055 -4.694144 25.563329 -0.268822 1.048407 19.743961 0.000000 0.000000 -0.000000 0.000001 -0.000000 -0.000001 -0.091036 -0.000431 -0.018651 -0.500104 -6.227280 31.110887 1.398934 0.254771 14.962542 -0.000008 0.000004 0.000008 -0.000000 -0.000000 0.000001 -0.080767 -0.004867 -0.038063 2.384798 -6.017418 33.822322 -0.305304 1.288875 11.805839 -0.000002 0.000001 0.000013 0.000001 0.000002 0.000002 0.045704 0.110147 -0.021608 -19.191768 -17.500359 0.953411 -57.468276 -6.892138 -73.506072 -1.552007 -128.797424 -1.210108 -5.694520 3.987107 16.175423 0.024661 -0.015762 0.026817 -48.512368 13.157075 -3.971872 5.849523 14.755469 1.800829 0.026479 -0.015287 0.015288 -0.000003 0.000016 -0.000013 0.019989 -0.011541 0.011541 -0.000000 0.000001 -0.000000 0.091093 -0.005180 0.022599 -8.053854 8.573585 -26.955557 0.740319 1.852063 -22.932452 -0.000000 0.000003 -0.000001 -0.000003 0.000001 0.000000 0.095334 -0.000000 -0.000000 -0.697614 0.625132 -32.061755 -0.334592 -1.124256 -27.158302 -0.000001 0.000001 0.000000 -0.000001 0.000001 0.000001 0.091045 -0.000430 -0.018651 -1.376021 1.579520 -35.064159 -0.336764 -0.826068 -21.997111 0.000000 0.000002 -0.000000 0.000001 0.000002 0.000000 0.080778 -0.004869 -0.038063 3.025538 -1.499681 -40.467389 -0.114741 -1.334806 -8.145125 -0.000009 -0.000012 -0.000015 0.000000 -0.000002 -0.000000 -0.082078 -0.067517 -0.015995 -43.934905 4.710098 -11.716267 42.678994 0.318875 1.624708 -9.575418 1.543080 -0.256792 -1.660780 -4.385028 2.005725 0.000000 0.000000 -0.000000 0.082078 -0.067517 -0.015995 -24.023252 17.871885 -0.318475 35.025094 -0.197369 -1.210636 -19.699123 8.266209 -3.159208 1.534662 -1.750959 0.910305 0.000000 0.000000 0.000000 
-0.028589 0.967206 -0.008618 11.085237 -9.245062 12.888161 -0.000000 0.101816 0.001315 5.674907 -1.074109 1.013357 11.394404 -1.526152 3.362103 11.394408 -1.526153 3.362101 0.000000 0.167404 -0.020490 12.075007 -8.659334 0.469032 -0.000000 0.096179 0.016850 16.653762 -4.103909 -1.462744 0.000000 0.220374 0.075011 0.000003 -0.000001 0.000003 -0.045700 0.110149 -0.021608 -37.140608 19.182081 10.830724 -48.544173 16.690851 37.029867 3.629340 118.240301 -3.213573 -31.434887 5.195469 -11.409745 -0.024648 -0.015740 0.026819 -28.609569 -10.644840 0.170619 0.941268 -1.290259 0.235493 -0.026463 -0.015278 0.015278 -0.000005 0.000010 -0.000004 -0.019946 -0.011516 0.011516 0.000003 -0.000007 0.000001 -0.091083 -0.005179 0.022598 -3.993877 -6.999525 18.566594 0.402652 -1.732419 30.432143 -0.000001 0.000002 -0.000002 0.000001 0.000002 -0.000004 -0.095325 0.000000 -0.000000 1.179065 -4.694142 25.563335 -0.268817 1.048406 19.743944 0.000000 0.000000 -0.000002 0.000001 0.000000 -0.000002 -0.091036 -0.000431 -0.018651 -0.500092 -6.227272 31.110883 1.398928 0.254778 14.962549 -0.000007 0.000005 0.000011 0.000002 0.000001 -0.000001 -0.080767 -0.004867 -0.038063 2.384803 -6.017418 33.822318 -0.305306 1.288890 11.805863 0.000001 0.000003 0.000015 -0.000000 -0.000001 -0.000001 0.045704 0.110147 -0.021608 -19.210745 -17.635757 0.715690 -57.416694 -6.795583 -73.389447 -1.527280 -128.880328 -1.189452 -5.636279 4.142014 16.014980 0.024661 -0.015762 0.026817 -48.512344 13.157093 -3.971849 5.849523 14.755456 1.800821 0.026479 -0.015287 0.015287 -0.000007 0.000009 -0.000011 0.019989 -0.011541 0.011541 0.000001 -0.000003 -0.000000 0.091093 -0.005180 0.022599 -8.053849 8.573587 -26.955545 0.740330 1.852088 -22.932446 0.000000 0.000001 -0.000001 0.000002 0.000004 -0.000001 0.095334 0.000000 0.000000 -0.697592 0.625149 -32.061751 -0.334580 -1.124252 -27.158319 0.000000 0.000001 -0.000000 0.000000 -0.000000 0.000001 0.091045 -0.000430 -0.018651 -1.375992 1.579534 -35.064159 -0.336769 -0.826080 -21.997128 0.000001 -0.000000 -0.000002 0.000001 -0.000000 0.000000 0.080778 -0.004869 -0.038063 3.025540 -1.499669 -40.467389 -0.114740 -1.334800 -8.145112 -0.000010 -0.000011 -0.000012 0.000000 -0.000000 -0.000001 -0.082078 -0.067517 -0.015995 -44.132946 4.592309 -11.596282 42.673946 0.311042 1.623882 -9.490053 1.519103 -0.322968 -1.662772 -4.402538 2.031798 0.000000 -0.000000 -0.000000 0.082078 -0.067517 -0.015996 -24.386675 17.653087 -0.169219 35.228599 -0.205528 -1.217902 -19.686796 8.388410 -3.174291 1.563289 -1.759866 0.912676 -0.000000 -0.000001 0.000000 
-0.029140 0.966879 -0.010034 11.190006 -9.149890 12.772346 0.000000 0.101816 0.001315 5.765784 -1.053753 0.982243 11.574276 -1.485851 3.281355 11.574274 -1.485853 3.281361 0.000000 0.167404 -0.020490 12.261284 -8.500914 0.134223 -0.000000 0.096178 0.016850 16.563345 -4.091327 -1.155523 -0.000000 0.220374 0.075011 0.000002 0.000000 0.000000 -0.045700 0.110149 -0.021608 -37.125678 19.307297 10.898564 -48.888961 16.384321 38.267351 3.531532 118.252773 -3.126357 -30.751301 4.650246 -10.534354 -0.024648 -0.015740 0.026819 -28.609559 -10.644838 0.170615 0.941262 -1.290255 0.235479 -0.026463 -0.015278 0.015278 -0.000002 0.000011 -0.000004 -0.019946 -0.011516 0.011516 0.000006 -0.000001 -0.000000 -0.091083 -0.005179 0.022598 -3.993854 -6.999536 18.566607 0.402630 -1.732410 30.432137 -0.000002 0.000002 0.000000 0.000001 0.000000 0.000002 -0.095325 0.000000 0.000000 1.179061 -4.694138 25.563334 -0.268818 1.048393 19.743934 0.000000 -0.000000 0.000002 0.000001 0.000000 0.000001 -0.091036 -0.000431 -0.018651 -0.500099 -6.227282 31.110897 1.398941 0.254773 14.962537 -0.000006 0.000005 0.000012 -0.000000 -0.000001 0.000001 -0.080767 -0.004867 -0.038063 2.384811 -6.017415 33.822325 -0.305313 1.288871 11.805851 -0.000000 0.000003 0.000012 0.000000 -0.000000 0.000004 0.045704 0.110147 -0.021608 -19.229448 -17.756696 0.497280 -57.393772 -6.693107 -73.230283 -1.504823 -128.950024 -1.170811 -5.625197 4.289538 15.825683 0.024661 -0.015762 0.026817 -48.512351 13.157085 -3.971854 5.849543 14.755445 1.800823 0.026479 -0.015287 0.015287 -0.000006 0.000009 -0.000012 0.019989 -0.011541 0.011541 0.000000 -0.000002 0.000003 0.091093 -0.005180 0.022599 -8.053854 8.573586 -26.955543 0.740331 1.852083 -22.932449 -0.000001 0.000001 -0.000000 -0.000002 -0.000001 -0.000001 0.095334 0.000000 0.000000 -0.697588 0.625150 -32.061738 -0.334588 -1.124265 -27.158325 0.000000 0.000001 -0.000000 -0.000000 -0.000001 -0.000002 0.091045 -0.000430 -0.018651 -1.375993 1.579535 -35.064149 -0.336760 -0.826070 -21.997114 -0.000000 0.000003 -0.000000 0.000001 0.000005 -0.000000 0.080778 -0.004869 -0.038063 3.025545 -1.499675 -40.467382 -0.114740 -1.334805 -8.145125 -0.000012 -0.000010 -0.000013 0.000001 -0.000003 0.000000 -0.082078 -0.067517 -0.015995 -44.333054 4.465015 -11.460226 42.652018 0.302445 1.622489 -9.398265 1.477320 -0.390003 -1.680982 -4.518708 2.076941 -0.000000 0.000002 0.000000 0.082078 -0.067517 -0.015995 -24.768650 17.430969 0.001090 35.428529 -0.211344 -1.224870 -19.667591 8.490852 -3.194451 1.583338 -1.770806 0.916068 0.000000 0.000001 0.000000 
-0.029722 0.966584 -0.011452 11.311385 -9.031999 12.636601 -0.000000 0.101815 0.001315 5.852495 -1.041639 0.947814 11.746177 -1.463235 3.192817 11.746182 -1.463237 3.192819 -0.000000 0.167404 -0.020490 12.452850 -8.273924 -0.244827 -0.000000 0.096179 0.016850 16.438811 -4.063342 -0.735145 0.000000 0.220374 0.075011 0.000002 0.000000 -0.000002 -0.045700 0.110149 -0.021609 -37.115275 19.458101 11.008196 -49.228022 16.070189 39.506364 3.429793 118.286992 -3.035074 -29.993229 4.136069 -9.695172 -0.024648 -0.015740 0.026819 -28.609555 -10.644830 0.170620 0.941264 -1.290259 0.235487 -0.026463 -0.015278 0.015278 -0.000007 0.000010 -0.000002 -0.019946 -0.011516 0.011516 0.000004 -0.000003 -0.000000 -0.091083 -0.005179 0.022598 -3.993859 -6.999524 18.566609 0.402643 -1.732425 30.432116 -0.000002 0.000004 -0.000003 -0.000001 -0.000000 -0.000001 -0.095325 0.000000 0.000000 1.179059 -4.694138 25.563322 -0.268816 1.048393 19.743958 -0.000000 0.000000 0.000000 -0.000001 -0.000000 0.000000 -0.091036 -0.000431 -0.018651 -0.500087 -6.227282 31.110890 1.398938 0.254784 14.962537 -0.000005 0.000005 0.000011 0.000001 0.000000 0.000005 -0.080767 -0.004867 -0.038063 2.384819 -6.017415 33.822335 -0.305304 1.288885 11.805839 0.000000 0.000002 0.000014 0.000001 -0.000001 0.000001 0.045704 0.110147 -0.021608 -19.247292 -17.853612 0.312176 -57.411380 -6.578343 -73.026955 -1.485378 -129.000676 -1.154857 -5.675634 4.421066 15.595605 0.024661 -0.015762 0.026817 -48.512344 13.157086 -3.971857 5.849521 14.755451 1.800830 0.026479 -0.015287 0.015288 -0.000006 0.000009 -0.000010 0.019989 -0.011541 0.011541 0.000002 0.000000 0.000005 0.091093 -0.005180 0.022599 -8.053865 8.573592 -26.955545 0.740332 1.852078 -22.932463 -0.000001 0.000002 -0.000002 0.000000 0.000002 -0.000001 0.095334 0.000000 0.000000 -0.697607 0.625157 -32.061748 -0.334578 -1.124266 -27.158325 -0.000001 -0.000003 0.000000 -0.000003 -0.000002 0.000001 0.091045 -0.000430 -0.018651 -1.376001 1.579528 -35.064156 -0.336765 -0.826069 -21.997114 0.000001 -0.000001 0.000000 0.000000 0.000001 0.000000 0.080778 -0.004869 -0.038063 3.025516 -1.499674 -40.467389 -0.114733 -1.334795 -8.145118 -0.000011 -0.000011 -0.000014 -0.000001 -0.000000 0.000001 -0.082078 -0.067517 -0.015995 -44.541043 4.314219 -11.313933 42.610777 0.292381 1.620422 -9.301212 1.423305 -0.459088 -1.709835 -4.734223 2.139662 0.000000 0.000001 0.000000 0.082078 -0.067517 -0.015995 -25.175191 17.194293 0.190196 35.621465 -0.214086 -1.231384 -19.639022 8.575754 -3.220219 1.589728 -1.786106 0.921289 0.000000 -0.000000 0.000000 
-0.030315 0.966314 -0.012856 11.443159 -8.885462 12.485191 -0.000000 0.101815 0.001315 5.933638 -1.035136 0.911435 11.907283 -1.452800 3.099939 11.907281 -1.452797 3.099937 -0.000000 0.167404 -0.020490 12.648320 -7.999243 -0.644590 0.000000 0.096179 0.016850 16.313617 -4.021530 -0.243790 -0.000000 0.220374 0.075011 -0.000002 -0.000000 0.000002 -0.045700 0.110149 -0.021608 -37.107953 19.616855 11.136752 -49.534765 15.742613 40.736730 3.323359 118.342658 -2.939166 -29.197566 3.656129 -8.905672 -0.024648 -0.015740 0.026819 -28.609564 -10.644835 0.170599 0.941247 -1.290245 0.235501 -0.026463 -0.015278 0.015278 -0.000006 0.000008 -0.000006 -0.019946 -0.011516 0.011516 0.000003 -0.000001 0.000003 -0.091083 -0.005179 0.022598 -3.993860 -6.999542 18.566607 0.402644 -1.732408 30.432116 0.000000 0.000002 -0.000002 0.000000 -0.000001 0.000001 -0.095325 0.000000 -0.000000 1.179067 -4.694147 25.563334 -0.268836 1.048410 19.743958 0.000000 0.000001 -0.000000 0.000000 -0.000000 -0.000000 -0.091036 -0.000431 -0.018651 -0.500093 -6.227285 31.110887 1.398933 0.254781 14.962540 -0.000007 0.000005 0.000010 0.000001 -0.000001 0.000002 -0.080767 -0.004867 -0.038063 2.384801 -6.017412 33.822322 -0.305305 1.288874 11.805835 -0.000000 0.000002 0.000014 -0.000000 -0.000001 -0.000001 0.045704 0.110147 -0.021608 -19.263903 -17.936225 0.149991 -57.451255 -6.462040 -72.782701 -1.468856 -129.040893 -1.141358 -5.775408 4.562960 15.344133 0.024661 -0.015762 0.026817 -48.512351 13.157075 -3.971859 5.849537 14.755447 1.800806 0.026479 -0.015287 0.015287 -0.000004 0.000011 -0.000013 0.019989 -0.011541 0.011541 0.000003 0.000004 0.000001 0.091093 -0.005180 0.022599 -8.053857 8.573586 -26.955545 0.740313 1.852073 -22.932446 0.000002 0.000001 0.000000 -0.000001 -0.000001 0.000001 0.095334 0.000000 -0.000000 -0.697596 0.625143 -32.061748 -0.334575 -1.124252 -27.158325 0.000003 -0.000003 -0.000000 -0.000000 -0.000006 0.000000 0.091045 -0.000430 -0.018651 -1.376013 1.579521 -35.064152 -0.336770 -0.826062 -21.997121 0.000001 0.000003 -0.000001 0.000002 0.000002 -0.000000 0.080778 -0.004869 -0.038063 3.025534 -1.499694 -40.467385 -0.114741 -1.334780 -8.145118 -0.000010 -0.000011 -0.000012 0.000000 0.000001 0.000000 -0.082078 -0.067517 -0.015995 -44.753940 4.135361 -11.170372 42.557102 0.281449 1.617916 -9.203286 1.362502 -0.529196 -1.733413 -4.958886 2.203115 0.000000 -0.000002 -0.000000 0.082078 -0.067517 -0.015995 -25.596574 16.935910 0.390212 35.806437 -0.227040 -1.238514 -19.603449 8.653386 -3.278059 1.578497 -1.804016 0.928901 -0.000000 -0.000000 0.000000 
-0.030903 0.966068 -0.014228 11.583721 -8.698950 12.321417 -0.000000 0.101816 0.001315 6.006669 -1.034006 0.874671 12.052425 -1.453635 3.006692 12.052425 -1.453628 3.006690 0.000000 0.167404 -0.020490 12.842645 -7.685936 -1.055841 -0.000000 0.096179 0.016850 16.210896 -3.966222 0.300971 0.000000 0.220374 0.075011 0.000002 0.000000 -0.000002 -0.045700 0.110149 -0.021608 -37.103541 19.764452 11.264493 -49.785051 15.402053 41.950977 3.211454 118.418473 -2.838017 -28.388160 3.223734 -8.183148 -0.024648 -0.015740 0.026819 -28.609566 -10.644828 0.170615 0.941258 -1.290269 0.235481 -0.026463 -0.015278 0.015278 -0.000006 0.000010 -0.000006 -0.019946 -0.011516 0.011516 -0.000003 -0.000006 0.000003 -0.091083 -0.005179 0.022598 -3.993882 -6.999533 18.566606 0.402663 -1.732416 30.432143 -0.000005 0.000002 -0.000005 -0.000001 -0.000001 0.000001 -0.095325 0.000000 0.000000 1.179048 -4.694138 25.563329 -0.268821 1.048399 19.743949 -0.000000 -0.000001 0.000002 -0.000001 -0.000001 0.000005 -0.091036 -0.000431 -0.018651 -0.500106 -6.227276 31.110876 1.398940 0.254769 14.962542 -0.000007 0.000006 0.000011 -0.000000 -0.000001 -0.000000 -0.080767 -0.004867 -0.038063 2.384803 -6.017414 33.822315 -0.305309 1.288873 11.805849 0.000002 0.000002 0.000012 0.000002 0.000001 0.000001 0.045704 0.110147 -0.021608 -19.278706 -18.010674 0.004615 -57.504223 -6.352266 -72.492138 -1.455631 -129.075289 -1.130519 -5.924475 4.731793 15.086122 0.024661 -0.015762 0.026817 -48.512351 13.157081 -3.971855 5.849528 14.755451 1.800832 0.026479 -0.015287 0.015288 -0.000009 0.000011 -0.000010 0.019989 -0.011541 0.011541 0.000001 0.000004 0.000001 0.091093 -0.005180 0.022599 -8.053848 8.573596 -26.955531 0.740333 1.852079 -22.932451 0.000000 0.000001 0.000000 -0.000001 0.000000 0.000002 0.095334 0.000000 -0.000000 -0.697599 0.625150 -32.061745 -0.334594 -1.124258 -27.158330 0.000000 -0.000003 0.000000 -0.000000 -0.000002 0.000001 0.091045 -0.000430 -0.018651 -1.376002 1.579536 -35.064152 -0.336779 -0.826062 -21.997104 -0.000001 -0.000000 0.000001 0.000002 -0.000000 0.000002 0.080778 -0.004869 -0.038063 3.025543 -1.499666 -40.467389 -0.114732 -1.334796 -8.145113 -0.000011 -0.000011 -0.000013 -0.000001 0.000001 0.000001 -0.082078 -0.067517 -0.015996 -44.973534 3.915700 -11.045553 42.495432 0.269775 1.615131 -9.108437 1.303860 -0.600308 -1.731424 -5.094486 2.249447 0.000000 0.000000 0.000000 0.082078 -0.067517 -0.015996 -26.031077 16.642034 0.592990 35.983124 -0.262018 -1.247129 -19.548968 8.736479 -3.400491 1.547621 -1.824295 0.939615 0.000000 0.000001 0.000000 
-0.031480 0.965845 -0.015557 11.725177 -8.479035 12.145811 -0.000000 0.101815 0.001315 6.072926 -1.033989 0.837184 12.184058 -1.457393 2.912104 12.184054 -1.457394 2.912099 -0.000000 0.167404 -0.020490 13.038426 -7.351871 -1.446053 0.000000 0.096179 0.016850 16.154470 -3.893113 0.852630 0.000000 0.220374 0.075011 -0.000001 -0.000000 -0.000000 -0.045700 0.110149 -0.021608 -37.101051 19.905903 11.391770 -49.962977 15.042185 43.117946 3.093565 118.519164 -2.731082 -27.600200 2.829770 -7.541641 -0.024648 -0.015740 0.026819 -28.609555 -10.644846 0.170608 0.941263 -1.290239 0.235463 -0.026463 -0.015278 0.015278 -0.000012 0.000008 -0.000001 -0.019946 -0.011516 0.011516 -0.000000 -0.000002 -0.000004 -0.091083 -0.005179 0.022598 -3.993870 -6.999526 18.566602 0.402647 -1.732422 30.432120 -0.000002 0.000002 -0.000003 -0.000002 -0.000001 0.000004 -0.095325 0.000000 -0.000000 1.179069 -4.694146 25.563329 -0.268820 1.048413 19.743929 -0.000001 -0.000001 -0.000000 0.000001 0.000000 0.000001 -0.091036 -0.000431 -0.018651 -0.500097 -6.227275 31.110897 1.398956 0.254765 14.962557 -0.000007 0.000004 0.000011 0.000002 -0.000001 0.000003 -0.080767 -0.004867 -0.038063 2.384813 -6.017418 33.822328 -0.305292 1.288883 11.805836 -0.000001 0.000003 0.000015 0.000000 -0.000001 0.000001 0.045704 0.110147 -0.021608 -19.291509 -18.078039 -0.123285 -57.554432 -6.250608 -72.179083 -1.444994 -129.109891 -1.121705 -6.100308 4.948365 14.823042 0.024661 -0.015762 0.026817 -48.512351 13.157075 -3.971868 5.849531 14.755476 1.800820 0.026479 -0.015287 0.015288 -0.000007 0.000011 -0.000009 0.019989 -0.011541 0.011541 -0.000000 0.000000 0.000003 0.091093 -0.005180 0.022599 -8.053851 8.573593 -26.955540 0.740326 1.852083 -22.932456 0.000002 0.000001 0.000001 -0.000002 -0.000002 0.000000 0.095334 0.000000 0.000000 -0.697614 0.625146 -32.061772 -0.334568 -1.124248 -27.158297 0.000001 -0.000000 0.000001 -0.000002 -0.000001 0.000001 0.091045 -0.000430 -0.018651 -1.376005 1.579539 -35.064152 -0.336762 -0.826067 -21.997113 0.000001 -0.000000 0.000001 0.000002 0.000001 0.000001 0.080778 -0.004869 -0.038063 3.025529 -1.499677 -40.467385 -0.114734 -1.334781 -8.145131 -0.000012 -0.000010 -0.000015 -0.000001 0.000001 -0.000001 -0.082078 -0.067517 -0.015995 -45.190253 3.666212 -10.936383 42.428339 0.258058 1.612186 -9.017482 1.242673 -0.670454 -1.713951 -5.166204 2.283018 0.000000 -0.000000 0.000000 0.082078 -0.067517 -0.015995 -26.467485 16.323954 0.795390 36.151645 -0.308345 -1.256400 -19.483914 8.814032 -3.554679 1.497521 -1.844837 0.953716 0.000000 -0.000001 -0.000000 
-0.032032 0.965642 -0.016828 11.860002 -8.224779 11.960121 -0.000000 0.101815 0.001315 6.132085 -1.031031 0.799323 12.301400 -1.455876 2.816889 12.301398 -1.455877 2.816885 -0.000000 0.167404 -0.020490 13.238207 -7.015648 -1.776640 -0.000000 0.096178 0.016850 16.180590 -3.794879 1.358885 -0.000000 0.220374 0.075011 0.000002 -0.000001 -0.000000 -0.045700 0.110149 -0.021608 -37.099293 20.038821 11.512876 -50.037372 14.650590 44.206145 2.968346 118.652530 -2.617196 -26.875708 2.468028 -7.002775 -0.024648 -0.015740 0.026819 -28.609547 -10.644853 0.170615 0.941259 -1.290247 0.235483 -0.026463 -0.015278 0.015278 -0.000006 0.000008 -0.000001 -0.019946 -0.011516 0.011516 -0.000000 -0.000002 0.000001 -0.091083 -0.005179 0.022598 -3.993863 -6.999530 18.566604 0.402658 -1.732416 30.432113 -0.000000 0.000003 -0.000006 0.000000 0.000000 0.000001 -0.095325 0.000000 0.000000 1.179072 -4.694141 25.563339 -0.268820 1.048399 19.743934 0.000001 0.000001 0.000000 -0.000000 0.000001 0.000001 -0.091036 -0.000431 -0.018651 -0.500089 -6.227279 31.110904 1.398953 0.254768 14.962533 -0.000005 0.000004 0.000006 0.000002 0.000001 0.000003 -0.080767 -0.004867 -0.038063 2.384818 -6.017412 33.822335 -0.305308 1.288879 11.805865 -0.000001 0.000003 0.000013 0.000000 -0.000000 0.000002 0.045704 0.110147 -0.021608 -19.300641 -18.141409 -0.231919 -57.578686 -6.159959 -71.865379 -1.436703 -129.153304 -1.114579 -6.282849 5.243759 14.561239 0.024661 -0.015762 0.026817 -48.512351 13.157070 -3.971867 5.849521 14.755457 1.800841 0.026479 -0.015288 0.015288 -0.000007 0.000011 -0.000011 0.019989 -0.011541 0.011541 0.000001 0.000001 0.000003 0.091093 -0.005180 0.022599 -8.053854 8.573584 -26.955545 0.740316 1.852085 -22.932447 0.000001 -0.000001 -0.000001 -0.000002 -0.000000 -0.000002 0.095334 -0.000000 0.000000 -0.697608 0.625153 -32.061758 -0.334587 -1.124254 -27.158301 -0.000003 -0.000001 0.000003 -0.000005 -0.000001 0.000004 0.091045 -0.000430 -0.018651 -1.376005 1.579518 -35.064152 -0.336764 -0.826041 -21.997116 0.000001 -0.000000 0.000000 0.000002 0.000001 0.000002 0.080778 -0.004869 -0.038063 3.025540 -1.499671 -40.467382 -0.114748 -1.334798 -8.145115 -0.000012 -0.000009 -0.000015 0.000000 -0.000000 0.000003 -0.082078 -0.067517 -0.015995 -45.397091 3.389589 -10.847945 42.360283 0.247139 1.609291 -8.932992 1.179543 -0.737903 -1.680585 -5.150166 2.299135 0.000000 -0.000000 -0.000000 0.082078 -0.067517 -0.015995 -26.896807 15.983640 0.989819 36.313537 -0.358645 -1.265769 -19.410949 8.881043 -3.716199 1.431491 -1.862420 0.971739 0.000000 -0.000001 0.000000 
-0.032563 0.965464 -0.018044 11.985273 -7.946551 11.764284 -0.000000 0.101816 0.001315 6.186235 -1.024344 0.760560 12.408490 -1.447683 2.719608 12.408508 -1.447687 2.719605 -0.000000 0.167404 -0.020490 13.432075 -6.681619 -2.055169 0.000000 0.096178 0.016850 16.273067 -3.673838 1.818609 -0.000000 0.220374 0.075011 -0.000000 -0.000001 0.000001 -0.045700 0.110149 -0.021608 -37.097244 20.165821 11.626310 -50.029011 14.244909 45.208988 2.837664 118.808217 -2.498234 -26.217770 2.143429 -6.561078 -0.024648 -0.015740 0.026819 -28.609569 -10.644839 0.170602 0.941253 -1.290250 0.235509 -0.026463 -0.015278 0.015278 -0.000006 0.000008 -0.000001 -0.019946 -0.011516 0.011516 0.000004 -0.000006 -0.000000 -0.091083 -0.005179 0.022598 -3.993862 -6.999531 18.566607 0.402647 -1.732426 30.432126 -0.000000 0.000003 -0.000002 0.000002 0.000000 0.000000 -0.095325 0.000000 0.000000 1.179053 -4.694143 25.563332 -0.268815 1.048408 19.743949 0.000002 0.000000 0.000000 0.000003 0.000002 0.000002 -0.091036 -0.000431 -0.018651 -0.500095 -6.227291 31.110887 1.398947 0.254781 14.962547 -0.000006 0.000004 0.000009 0.000003 -0.000001 0.000002 -0.080767 -0.004867 -0.038063 2.384805 -6.017417 33.822318 -0.305299 1.288876 11.805856 0.000000 0.000004 0.000012 -0.000000 -0.000002 0.000001 0.045704 0.110147 -0.021608 -19.308328 -18.201211 -0.330316 -57.589949 -6.084186 -71.551593 -1.430129 -129.202194 -1.108704 -6.464738 5.603546 14.301135 0.024661 -0.015762 0.026817 -48.512361 13.157084 -3.971853 5.849541 14.755459 1.800815 0.026479 -0.015287 0.015287 -0.000008 0.000009 -0.000011 0.019989 -0.011541 0.011541 0.000001 0.000004 0.000001 0.091093 -0.005180 0.022599 -8.053853 8.573593 -26.955535 0.740323 1.852077 -22.932446 0.000000 0.000000 -0.000000 0.000002 -0.000000 -0.000002 0.095334 0.000000 0.000000 -0.697607 0.625157 -32.061755 -0.334576 -1.124257 -27.158319 -0.000002 -0.000001 0.000000 -0.000004 0.000001 -0.000001 0.091045 -0.000430 -0.018651 -1.376007 1.579544 -35.064159 -0.336748 -0.826074 -21.997114 -0.000000 -0.000000 -0.000000 -0.000001 -0.000000 -0.000000 0.080778 -0.004869 -0.038063 3.025545 -1.499664 -40.467385 -0.114737 -1.334807 -8.145125 -0.000014 -0.000012 -0.000012 -0.000001 -0.000002 0.000003 -0.082078 -0.067517 -0.015995 -45.588132 3.098511 -10.771304 42.289195 0.236824 1.606355 -8.853042 1.107633 -0.801517 -1.641749 -5.095321 2.306204 0.000000 0.000001 0.000000 0.082078 -0.067517 -0.015995 -27.314719 15.637672 1.179736 36.469098 -0.403021 -1.274434 -19.330894 8.924868 -3.862881 1.355328 -1.880449 0.993616 0.000000 0.000000 -0.000000 
-0.033071 0.965316 -0.019200 12.095212 -7.652128 11.558470 0.000000 0.101815 0.001315 6.236962 -1.010867 0.720154 12.508522 -1.426863 2.618491 12.508516 -1.426868 2.618491 -0.000000 0.167404 -0.020490 13.617267 -6.359716 -2.259564 -0.000000 0.096178 0.016850 16.440376 -3.525224 2.201450 0.000000 0.220374 0.075011 0.000003 -0.000000 -0.000001 -0.045700 0.110149 -0.021608 -37.094768 20.294280 11.737974 -49.932545 13.830284 46.093576 2.701464 118.987141 -2.374274 -25.652640 1.854469 -6.231984 -0.024648 -0.015740 0.026819 -28.609554 -10.644840 0.170598 0.941248 -1.290244 0.235521 -0.026463 -0.015278 0.015278 -0.000009 0.000011 -0.000005 -0.019946 -0.011516 0.011516 0.000001 -0.000003 -0.000000 -0.091083 -0.005179 0.022598 -3.993852 -6.999522 18.566585 0.402633 -1.732417 30.432133 -0.000000 0.000002 -0.000004 -0.000001 -0.000001 0.000006 -0.095325 -0.000000 -0.000000 1.179059 -4.694140 25.563323 -0.268820 1.048402 19.743936 -0.000000 -0.000001 0.000000 0.000001 -0.000000 0.000003 -0.091036 -0.000431 -0.018651 -0.500100 -6.227264 31.110890 1.398948 0.254763 14.962533 -0.000009 0.000005 0.000009 0.000001 0.000001 0.000003 -0.080767 -0.004867 -0.038063 2.384818 -6.017405 33.822315 -0.305308 1.288867 11.805860 0.000001 0.000004 0.000014 0.000001 -0.000000 0.000002 0.045704 0.110147 -0.021608 -19.315099 -18.255555 -0.418342 -57.585304 -6.024034 -71.259207 -1.424747 -129.257601 -1.103712 -6.625974 6.037086 14.035526 0.024661 -0.015762 0.026817 -48.512324 13.157078 -3.971866 5.849521 14.755468 1.800828 0.026479 -0.015287 0.015288 -0.000007 0.000013 -0.000011 0.019989 -0.011541 0.011541 -0.000001 -0.000003 0.000002 0.091093 -0.005180 0.022599 -8.053846 8.573582 -26.955545 0.740308 1.852084 -22.932451 -0.000002 -0.000000 -0.000000 -0.000003 -0.000000 -0.000000 0.095334 0.000000 -0.000000 -0.697600 0.625137 -32.061755 -0.334571 -1.124247 -27.158302 0.000003 -0.000003 -0.000000 0.000001 -0.000004 -0.000002 0.091045 -0.000430 -0.018651 -1.375994 1.579536 -35.064166 -0.336759 -0.826068 -21.997123 0.000000 -0.000000 -0.000003 -0.000003 -0.000002 -0.000001 0.080778 -0.004869 -0.038063 3.025535 -1.499673 -40.467378 -0.114734 -1.334807 -8.145127 -0.000009 -0.000011 -0.000014 0.000000 0.000001 0.000004 -0.082078 -0.067517 -0.015995 -45.754338 2.806012 -10.699648 42.214346 0.227472 1.603385 -8.776853 1.019700 -0.859345 -1.608395 -5.042078 2.310987 -0.000000 0.000000 0.000000 0.082078 -0.067517 -0.015995 -27.713849 15.303753 1.368092 36.619141 -0.433576 -1.281766 -19.245646 8.930740 -3.971710 1.276700 -1.900220 1.020320 0.000000 -0.000000 0.000001 
-0.033548 0.965194 -0.020309 12.190711 -7.347916 11.344472 -0.000000 0.101816 0.001315 6.285203 -0.993442 0.678988 12.603372 -1.399002 2.515180 12.603380 -1.399006 2.515184 0.000000 0.167404 -0.020490 13.773537 -6.050923 -2.438880 -0.000000 0.096178 0.016850 16.646061 -3.365797 2.542235 0.000000 0.220374 0.075011 0.000001 -0.000001 -0.000001 -0.045700 0.110149 -0.021608 -37.088009 20.407581 11.819597 -49.794951 13.431570 46.907533 2.562990 119.163005 -2.248842 -25.152890 1.613853 -5.974332 -0.024648 -0.015740 0.026819 -28.609564 -10.644844 0.170611 0.941262 -1.290256 0.235503 -0.026463 -0.015278 0.015278 -0.000007 0.000010 -0.000004 -0.019946 -0.011516 0.011516 0.000003 -0.000006 -0.000002 -0.091083 -0.005179 0.022598 -3.993870 -6.999530 18.566597 0.402656 -1.732422 30.432116 -0.000000 0.000003 -0.000006 0.000001 -0.000001 0.000002 -0.095325 0.000000 0.000000 1.179051 -4.694152 25.563320 -0.268818 1.048410 19.743951 0.000002 -0.000000 -0.000001 0.000001 0.000001 0.000001 -0.091036 -0.000431 -0.018651 -0.500092 -6.227278 31.110880 1.398929 0.254787 14.962549 -0.000008 0.000005 0.000008 -0.000001 -0.000000 0.000000 -0.080767 -0.004867 -0.038063 2.384808 -6.017417 33.822322 -0.305309 1.288879 11.805870 -0.000001 0.000003 0.000016 0.000003 -0.000001 0.000002 0.045704 0.110147 -0.021608 -19.324429 -18.314409 -0.521698 -57.589368 -5.991800 -70.947122 -1.420345 -129.314947 -1.099368 -6.784385 6.504163 13.793141 0.024661 -0.015762 0.026817 -48.512358 13.157082 -3.971848 5.849533 14.755456 1.800821 0.026479 -0.015288 0.015288 -0.000006 0.000013 -0.000009 0.019989 -0.011541 0.011541 -0.000001 0.000001 -0.000000 0.091093 -0.005180 0.022599 -8.053866 8.573587 -26.955528 0.740332 1.852084 -22.932447 0.000005 -0.000001 0.000001 0.000004 -0.000002 -0.000000 0.095334 0.000000 -0.000000 -0.697615 0.625156 -32.061748 -0.334572 -1.124263 -27.158318 -0.000001 -0.000001 0.000001 -0.000000 0.000000 0.000003 0.091045 -0.000430 -0.018651 -1.376023 1.579538 -35.064159 -0.336746 -0.826046 -21.997102 0.000001 0.000001 -0.000002 0.000002 0.000002 -0.000003 0.080778 -0.004869 -0.038063 3.025532 -1.499660 -40.467378 -0.114734 -1.334809 -8.145124 -0.000012 -0.000012 -0.000013 -0.000001 -0.000003 0.000000 -0.082078 -0.067517 -0.015995 -45.897935 2.514097 -10.631231 42.135987 0.218392 1.600336 -8.703768 0.917648 -0.911705 -1.577706 -4.992175 2.314650 0.000000 -0.000001 0.000000 0.082078 -0.067517 -0.015995 -28.101446 14.981274 1.549653 36.773370 -0.425351 -1.286039 -19.147517 8.897521 -4.010173 1.204033 -1.924821 1.049300 -0.000000 -0.000000 0.000000 
-0.033999 0.965100 -0.021381 12.270635 -7.042074 11.124100 -0.000000 0.101815 0.001315 6.332579 -0.973409 0.637468 12.696415 -1.366622 2.410981 12.696424 -1.366621 2.410978 -0.000000 0.167404 -0.020490 13.881017 -5.761093 -2.623955 -0.000000 0.096179 0.016850 16.865469 -3.208268 2.856509 -0.000000 0.220374 0.075011 0.000004 -0.000000 0.000002 -0.045700 0.110149 -0.021609 -37.074263 20.492441 11.847464 -49.653331 13.073418 47.679003 2.424243 119.312627 -2.124126 -24.707839 1.434271 -5.761555 -0.024648 -0.015740 0.026819 -28.609545 -10.644832 0.170622 0.941257 -1.290259 0.235476 -0.026463 -0.015278 0.015278 -0.000008 0.000006 -0.000002 -0.019946 -0.011516 0.011516 0.000003 -0.000002 0.000003 -0.091083 -0.005179 0.022598 -3.993849 -6.999524 18.566606 0.402649 -1.732415 30.432130 -0.000001 0.000003 -0.000004 -0.000000 0.000000 0.000000 -0.095325 0.000000 -0.000000 1.179076 -4.694138 25.563340 -0.268820 1.048415 19.743949 -0.000000 -0.000001 0.000001 -0.000001 -0.000001 -0.000002 -0.091036 -0.000431 -0.018651 -0.500082 -6.227285 31.110907 1.398947 0.254783 14.962554 -0.000007 0.000004 0.000011 -0.000003 0.000001 -0.000002 -0.080767 -0.004867 -0.038063 2.384816 -6.017408 33.822328 -0.305307 1.288870 11.805858 -0.000003 0.000002 0.000016 -0.000001 -0.000001 0.000004 0.045704 0.110147 -0.021608 -19.340562 -18.385355 -0.664731 -57.624441 -6.000133 -70.589991 -1.416453 -129.370381 -1.095486 -6.944544 6.977348 13.593581 0.024661 -0.015762 0.026817 -48.512344 13.157079 -3.971850 5.849526 14.755451 1.800816 0.026479 -0.015288 0.015288 -0.000008 0.000009 -0.000010 0.019989 -0.011541 0.011541 -0.000001 0.000002 0.000007 0.091093 -0.005180 0.022599 -8.053854 8.573582 -26.955541 0.740323 1.852101 -22.932444 0.000001 0.000002 -0.000000 -0.000000 0.000001 -0.000002 0.095334 0.000000 0.000000 -0.697603 0.625144 -32.061751 -0.334600 -1.124251 -27.158314 -0.000003 -0.000001 -0.000001 -0.000003 -0.000000 -0.000001 0.091045 -0.000430 -0.018651 -1.375985 1.579543 -35.064146 -0.336772 -0.826081 -21.997135 0.000003 -0.000001 -0.000003 0.000003 -0.000002 -0.000003 0.080778 -0.004869 -0.038063 3.025541 -1.499669 -40.467385 -0.114745 -1.334797 -8.145123 -0.000011 -0.000012 -0.000013 -0.000002 0.000003 -0.000001 -0.082078 -0.067517 -0.015995 -46.016760 2.230589 -10.560533 42.052915 0.209075 1.597126 -8.632668 0.797915 -0.958735 -1.551682 -4.966119 2.321412 0.000000 0.000000 -0.000000 0.082078 -0.067517 -0.015995 -28.468502 14.675251 1.735030 36.923842 -0.417293 -1.290205 -19.041191 8.840695 -4.047185 1.145297 -1.959835 1.079727 0.000000 -0.000000 -0.000000 
-0.034407 0.965024 -0.022418 12.335360 -6.737112 10.898859 -0.000000 0.101815 0.001315 6.378638 -0.952195 0.595672 12.786898 -1.333057 2.305361 12.786894 -1.333066 2.305359 -0.000000 0.167404 -0.020490 13.938929 -5.486931 -2.845632 -0.000000 0.096178 0.016850 17.073757 -3.063803 3.173858 0.000000 0.220374 0.075011 -0.000000 -0.000000 0.000000 -0.045700 0.110149 -0.021608 -37.051758 20.546816 11.813995 -49.532518 12.762293 48.433551 2.286020 119.427811 -2.000902 -24.294160 1.313389 -5.566094 -0.024648 -0.015740 0.026819 -28.609543 -10.644836 0.170614 0.941262 -1.290252 0.235497 -0.026463 -0.015278 0.015278 -0.000010 0.000006 -0.000007 -0.019946 -0.011516 0.011516 0.000002 -0.000005 -0.000002 -0.091083 -0.005179 0.022598 -3.993872 -6.999536 18.566607 0.402654 -1.732414 30.432123 -0.000002 0.000002 -0.000002 0.000002 0.000002 -0.000001 -0.095325 0.000000 -0.000000 1.179050 -4.694144 25.563335 -0.268801 1.048401 19.743953 -0.000002 -0.000001 0.000003 -0.000002 -0.000001 0.000003 -0.091036 -0.000431 -0.018651 -0.500090 -6.227273 31.110894 1.398933 0.254786 14.962547 -0.000009 0.000005 0.000009 0.000001 0.000000 0.000003 -0.080767 -0.004867 -0.038063 2.384815 -6.017401 33.822342 -0.305312 1.288877 11.805856 -0.000004 0.000003 0.000014 0.000002 -0.000001 0.000003 0.045704 0.110147 -0.021608 -19.363398 -18.473065 -0.851905 -57.694792 -6.048740 -70.162162 -1.413211 -129.422864 -1.092139 -7.126744 7.427812 13.456785 0.024661 -0.015762 0.026817 -48.512361 13.157087 -3.971839 5.849526 14.755444 1.800813 0.026479 -0.015287 0.015287 -0.000007 0.000009 -0.000012 0.019989 -0.011541 0.011541 -0.000000 -0.000003 0.000002 0.091093 -0.005180 0.022599 -8.053843 8.573588 -26.955529 0.740336 1.852074 -22.932471 0.000000 -0.000000 -0.000000 -0.000001 0.000001 -0.000002 0.095334 0.000000 0.000000 -0.697602 0.625148 -32.061755 -0.334581 -1.124268 -27.158318 0.000001 -0.000003 -0.000001 0.000001 -0.000005 -0.000002 0.091045 -0.000430 -0.018651 -1.375992 1.579535 -35.064142 -0.336767 -0.826064 -21.997107 -0.000002 0.000001 -0.000001 0.000000 0.000001 -0.000003 0.080778 -0.004869 -0.038063 3.025543 -1.499688 -40.467382 -0.114731 -1.334786 -8.145120 -0.000013 -0.000012 -0.000015 0.000000 0.000001 -0.000002 -0.082078 -0.067517 -0.015995 -46.114258 1.950578 -10.491070 41.967807 0.199267 1.593815 -8.564244 0.669859 -1.000929 -1.526494 -4.948104 2.329351 -0.000000 -0.000001 -0.000000 0.082078 -0.067517 -0.015995 -28.852495 14.366891 1.928433 37.125097 -0.415347 -1.296216 -18.855543 8.777790 -4.091712 1.106771 -1.998585 1.107593 0.000000 0.000001 0.000000 
-0.034758 0.964965 -0.023425 12.385319 -6.437233 10.672686 0.000000 0.101816 0.001315 6.423493 -0.932733 0.553675 12.875032 -1.303580 2.199634 12.875030 -1.303584 2.199625 -0.000000 0.167404 -0.020490 13.937449 -5.231532 -3.149066 0.000000 0.096179 0.016850 17.239211 -2.951416 3.527178 0.000000 0.220374 0.075011 -0.000000 -0.000000 -0.000001 -0.045700 0.110149 -0.021609 -37.016432 20.557367 11.692546 -49.472805 12.514381 49.216369 2.149596 119.487452 -1.880586 -23.885499 1.254948 -5.344557 -0.024648 -0.015740 0.026819 -28.609548 -10.644841 0.170612 0.941264 -1.290247 0.235502 -0.026463 -0.015278 0.015278 -0.000011 0.000010 -0.000002 -0.019946 -0.011516 0.011516 0.000004 -0.000001 -0.000000 -0.091083 -0.005179 0.022598 -3.993868 -6.999533 18.566592 0.402662 -1.732413 30.432120 -0.000001 0.000003 -0.000005 -0.000000 0.000001 -0.000002 -0.095325 0.000000 -0.000000 1.179065 -4.694151 25.563351 -0.268822 1.048412 19.743946 0.000001 0.000002 -0.000003 0.000002 0.000002 -0.000003 -0.091036 -0.000431 -0.018651 -0.500084 -6.227285 31.110894 1.398929 0.254780 14.962556 -0.000010 0.000004 0.000014 0.000002 0.000001 0.000006 -0.080767 -0.004867 -0.038063 2.384814 -6.017424 33.822335 -0.305298 1.288877 11.805840 -0.000001 0.000001 0.000014 0.000001 -0.000001 0.000003 0.045704 0.110147 -0.021608 -19.395608 -18.589482 -1.106553 -57.813665 -6.148254 -69.620255 -1.410478 -129.471017 -1.089297 -7.353504 7.817880 13.418796 0.024661 -0.015762 0.026817 -48.512371 13.157075 -3.971849 5.849539 14.755461 1.800825 0.026479 -0.015288 0.015287 -0.000008 0.000009 -0.000009 0.019989 -0.011541 0.011541 -0.000001 0.000001 0.000001 0.091093 -0.005180 0.022599 -8.053853 8.573589 -26.955546 0.740313 1.852075 -22.932463 -0.000000 -0.000001 -0.000001 -0.000001 -0.000001 -0.000000 0.095334 0.000000 -0.000000 -0.697619 0.625146 -32.061745 -0.334581 -1.124253 -27.158318 -0.000001 -0.000002 0.000000 -0.000002 -0.000001 -0.000001 0.091045 -0.000430 -0.018651 -1.376017 1.579521 -35.064159 -0.336769 -0.826046 -21.997123 -0.000002 -0.000002 -0.000001 -0.000002 0.000001 -0.000001 0.080778 -0.004869 -0.038063 3.025524 -1.499681 -40.467378 -0.114749 -1.334792 -8.145139 -0.000013 -0.000012 -0.000015 -0.000001 0.000001 -0.000002 -0.082078 -0.067517 -0.015995 -46.193307 1.671555 -10.426859 41.882194 0.188651 1.590440 -8.498144 0.541028 -1.039031 -1.498418 -4.929197 2.337783 0.000000 0.000001 -0.000000 0.082078 -0.067517 -0.015995 -29.224180 14.045892 2.111374 37.338038 -0.414495 -1.302706 -18.645766 8.722508 -4.127415 1.092224 -2.037656 1.128551 0.000000 0.000000 0.000000 
-0.035040 0.964934 -0.024394 12.419044 -6.144441 10.442973 0.000000 0.101816 0.001315 6.467292 -0.913240 0.509564 12.961087 -1.274966 2.089653 12.961091 -1.274973 2.089652 0.000000 0.167404 -0.020490 13.887354 -4.981220 -3.522088 0.000000 0.096178 0.016850 17.359353 -2.861697 3.924401 -0.000000 0.220374 0.075011 0.000002 -0.000000 0.000000 -0.045700 0.110149 -0.021608 -36.972661 20.544398 11.517296 -49.465531 12.326004 49.996565 2.013612 119.506741 -1.761469 -23.480650 1.253410 -5.118747 -0.024648 -0.015740 0.026819 -28.609554 -10.644844 0.170621 0.941259 -1.290242 0.235491 -0.026463 -0.015278 0.015278 -0.000011 0.000011 -0.000004 -0.019946 -0.011516 0.011516 -0.000003 -0.000003 -0.000000 -0.091083 -0.005179 0.022598 -3.993861 -6.999526 18.566594 0.402636 -1.732414 30.432140 -0.000004 0.000002 -0.000002 -0.000001 -0.000001 0.000005 -0.095325 -0.000000 -0.000000 1.179056 -4.694141 25.563342 -0.268826 1.048414 19.743958 -0.000000 -0.000001 0.000002 0.000001 -0.000002 0.000003 -0.091036 -0.000431 -0.018651 -0.500098 -6.227273 31.110890 1.398945 0.254768 14.962549 -0.000008 0.000004 0.000013 -0.000001 0.000001 0.000008 -0.080767 -0.004867 -0.038063 2.384802 -6.017409 33.822325 -0.305308 1.288868 11.805862 -0.000001 0.000003 0.000015 -0.000000 0.000001 0.000003 0.045704 0.110147 -0.021608 -19.433370 -18.719972 -1.396408 -57.976927 -6.278504 -68.992328 -1.408224 -129.512804 -1.086909 -7.623157 8.146827 13.450528 0.024661 -0.015762 0.026817 -48.512351 13.157094 -3.971861 5.849512 14.755464 1.800830 0.026479 -0.015287 0.015287 -0.000005 0.000014 -0.000011 0.019989 -0.011541 0.011541 -0.000001 0.000001 -0.000002 0.091093 -0.005180 0.022599 -8.053848 8.573580 -26.955550 0.740322 1.852083 -22.932444 -0.000001 0.000000 -0.000001 -0.000004 0.000003 -0.000002 0.095334 0.000000 0.000000 -0.697608 0.625145 -32.061755 -0.334578 -1.124270 -27.158304 0.000002 -0.000003 0.000001 0.000002 -0.000001 0.000001 0.091045 -0.000430 -0.018651 -1.375999 1.579524 -35.064163 -0.336776 -0.826057 -21.997125 0.000001 0.000002 -0.000003 0.000002 0.000001 -0.000003 0.080778 -0.004869 -0.038063 3.025533 -1.499680 -40.467385 -0.114740 -1.334782 -8.145096 -0.000011 -0.000011 -0.000014 0.000002 -0.000003 0.000001 -0.082078 -0.067517 -0.015996 -46.248901 1.394826 -10.364802 41.791588 0.177372 1.586877 -8.432750 0.413221 -1.071476 -1.469204 -4.909558 2.347009 0.000000 -0.000001 0.000000 0.082078 -0.067517 -0.015995 -29.581587 13.707627 2.283811 37.562229 -0.414625 -1.309663 -18.410462 8.681680 -4.150755 1.102447 -2.072611 1.143164 0.000000 0.000000 -0.000000 
-0.035237 0.964932 -0.025320 12.434797 -5.862584 10.209823 0.000000 0.101816 0.001315 6.510092 -0.893676 0.461630 13.045164 -1.247401 1.971803 13.045157 -1.247400 1.971802 -0.000000 0.167404 -0.020490 13.796351 -4.724931 -3.978031 0.000000 0.096178 0.016850 17.415386 -2.797072 4.390472 -0.000000 0.220374 0.075011 -0.000001 -0.000000 -0.000000 -0.045700 0.110149 -0.021609 -36.921667 20.521098 11.305475 -49.521245 12.201001 50.765863 1.877538 119.490020 -1.642918 -23.065687 1.304938 -4.887411 -0.024648 -0.015740 0.026819 -28.609557 -10.644840 0.170618 0.941254 -1.290245 0.235494 -0.026463 -0.015278 0.015278 -0.000007 0.000013 -0.000001 -0.019946 -0.011516 0.011516 -0.000001 0.000001 -0.000002 -0.091083 -0.005179 0.022598 -3.993878 -6.999529 18.566601 0.402648 -1.732425 30.432109 -0.000004 0.000002 -0.000003 -0.000001 -0.000003 0.000005 -0.095325 0.000000 0.000000 1.179070 -4.694140 25.563346 -0.268836 1.048402 19.743924 -0.000000 -0.000001 0.000001 0.000001 -0.000001 0.000001 -0.091036 -0.000431 -0.018651 -0.500098 -6.227284 31.110907 1.398935 0.254779 14.962544 -0.000008 0.000006 0.000011 0.000001 -0.000001 0.000003 -0.080767 -0.004867 -0.038063 2.384805 -6.017418 33.822328 -0.305296 1.288865 11.805850 0.000001 0.000003 0.000014 0.000002 0.000001 -0.000002 0.045704 0.110147 -0.021608 -19.474495 -18.858987 -1.705890 -58.185029 -6.428487 -68.275220 -1.406646 -129.546217 -1.085156 -7.949883 8.394647 13.549860 0.024661 -0.015762 0.026817 -48.512334 13.157094 -3.971870 5.849536 14.755449 1.800807 0.026479 -0.015288 0.015287 -0.000008 0.000011 -0.000007 0.019989 -0.011541 0.011541 0.000000 -0.000002 -0.000000 0.091093 -0.005180 0.022599 -8.053847 8.573586 -26.955560 0.740313 1.852095 -22.932435 0.000002 0.000000 0.000001 0.000001 -0.000002 0.000000 0.095334 0.000000 0.000000 -0.697607 0.625146 -32.061755 -0.334579 -1.124261 -27.158318 0.000001 -0.000001 -0.000000 0.000000 -0.000001 -0.000001 0.091045 -0.000430 -0.018651 -1.375994 1.579530 -35.064149 -0.336763 -0.826073 -21.997128 -0.000003 -0.000001 0.000000 -0.000001 -0.000002 0.000001 0.080778 -0.004869 -0.038063 3.025532 -1.499685 -40.467389 -0.114745 -1.334790 -8.145141 -0.000012 -0.000011 -0.000013 -0.000002 -0.000000 0.000001 -0.082078 -0.067517 -0.015995 -46.278818 1.118974 -10.305364 41.695033 0.165467 1.583106 -8.367653 0.293243 -1.097767 -1.438587 -4.882472 2.356347 0.000000 0.000003 0.000000 0.082078 -0.067517 -0.015995 -29.923619 13.337053 2.439835 37.801501 -0.416013 -1.317217 -18.146141 8.671223 -4.157511 1.135470 -2.094449 1.147788 0.000000 -0.000001 0.000000 
-0.035345 0.964977 -0.026203 12.433643 -5.590472 9.968369 0.000000 0.101815 0.001315 6.552165 -0.871473 0.410080 13.127701 -1.215979 1.845696 13.127675 -1.215977 1.845695 0.000000 0.167404 -0.020490 13.665971 -4.456671 -4.485859 0.000000 0.096178 0.016850 17.425264 -2.743253 4.906789 0.000000 0.220374 0.075011 0.000001 0.000000 -0.000001 -0.045700 0.110149 -0.021608 -36.867780 20.495422 11.080909 -49.622482 12.132769 51.501826 1.740676 119.448752 -1.524011 -22.652425 1.408526 -4.676788 -0.024648 -0.015740 0.026819 -28.609562 -10.644846 0.170599 0.941265 -1.290240 0.235476 -0.026463 -0.015278 0.015278 -0.000004 0.000006 -0.000005 -0.019946 -0.011516 0.011516 0.000001 -0.000004 -0.000004 -0.091083 -0.005179 0.022598 -3.993862 -6.999521 18.566604 0.402641 -1.732424 30.432130 -0.000002 0.000002 -0.000002 0.000001 -0.000001 -0.000000 -0.095325 0.000000 0.000000 1.179052 -4.694134 25.563334 -0.268819 1.048407 19.743951 0.000001 -0.000000 0.000000 0.000001 0.000000 0.000000 -0.091036 -0.000431 -0.018651 -0.500096 -6.227271 31.110890 1.398935 0.254773 14.962535 -0.000007 0.000005 0.000013 0.000002 -0.000000 0.000002 -0.080767 -0.004867 -0.038063 2.384797 -6.017408 33.822345 -0.305299 1.288876 11.805851 -0.000002 0.000003 0.000015 -0.000003 -0.000001 0.000003 0.045704 0.110147 -0.021608 -19.516038 -18.991609 -2.008449 -58.437739 -6.581461 -67.519405 -1.405204 -129.569836 -1.083666 -8.308963 8.581727 13.672517 0.024661 -0.015762 0.026817 -48.512354 13.157072 -3.971853 5.849533 14.755463 1.800820 0.026479 -0.015287 0.015288 -0.000007 0.000009 -0.000008 0.019989 -0.011541 0.011541 -0.000002 0.000003 0.000003 0.091093 -0.005180 0.022599 -8.053859 8.573578 -26.955541 0.740315 1.852074 -22.932447 0.000003 -0.000000 -0.000002 0.000000 0.000002 -0.000002 0.095334 0.000000 -0.000000 -0.697607 0.625136 -32.061755 -0.334577 -1.124247 -27.158297 -0.000000 -0.000001 0.000001 -0.000001 0.000000 0.000000 0.091045 -0.000430 -0.018651 -1.375993 1.579515 -35.064142 -0.336759 -0.826055 -21.997123 0.000003 -0.000001 0.000002 -0.000000 -0.000000 0.000001 0.080778 -0.004869 -0.038063 3.025557 -1.499681 -40.467378 -0.114748 -1.334815 -8.145127 -0.000011 -0.000012 -0.000012 -0.000003 -0.000001 -0.000000 -0.082078 -0.067517 -0.015995 -46.278756 0.849674 -10.241008 41.585897 0.153015 1.578928 -8.299955 0.173692 -1.115485 -1.408732 -4.859626 2.368114 0.000000 -0.000000 0.000000 0.082078 -0.067517 -0.015995 -30.250614 12.953263 2.590244 38.050209 -0.418275 -1.325183 -17.851625 8.678915 -4.148456 1.098810 -2.115140 0.993928 -0.000000 0.000001 0.000000 
-0.035357 0.965084 -0.027040 12.414281 -5.331930 9.713191 -0.000000 0.101816 0.001315 6.594476 -0.843025 0.353510 13.210471 -1.174088 1.707386 13.210463 -1.174086 1.707386 -0.000000 0.167404 -0.020490 13.496460 -4.158446 -5.026539 -0.000000 0.096179 0.016850 17.383236 -2.687739 5.482440 -0.000000 0.220374 0.075011 -0.000001 -0.000000 0.000001 -0.045700 0.110149 -0.021608 -36.816253 20.483510 10.877824 -49.762911 12.122657 52.169835 1.602496 119.397253 -1.404067 -22.240457 1.572467 -4.521359 -0.024648 -0.015740 0.026819 -28.609564 -10.644826 0.170625 0.941273 -1.290256 0.235487 -0.026463 -0.015278 0.015278 -0.000005 0.000011 -0.000004 -0.019946 -0.011516 0.011516 0.000003 0.000000 0.000001 -0.091083 -0.005179 0.022598 -3.993861 -6.999525 18.566609 0.402649 -1.732408 30.432130 -0.000001 0.000003 -0.000005 0.000004 -0.000001 0.000001 -0.095325 0.000000 -0.000000 1.179060 -4.694141 25.563358 -0.268819 1.048405 19.743936 0.000002 -0.000001 0.000000 0.000002 -0.000000 -0.000000 -0.091036 -0.000431 -0.018651 -0.500098 -6.227273 31.110887 1.398942 0.254764 14.962527 -0.000010 0.000004 0.000014 -0.000001 -0.000000 0.000005 -0.080767 -0.004867 -0.038063 2.384798 -6.017410 33.822339 -0.305298 1.288871 11.805836 -0.000002 0.000003 0.000016 -0.000002 -0.000003 0.000001 0.045704 0.110147 -0.021608 -19.553739 -19.098408 -2.266501 -58.747919 -6.717583 -66.769539 -1.403938 -129.575000 -1.082618 -8.688842 8.706563 13.767264 0.024661 -0.015762 0.026817 -48.512371 13.157082 -3.971831 5.849520 14.755444 1.800822 0.026479 -0.015288 0.015288 -0.000007 0.000014 -0.000011 0.019989 -0.011541 0.011541 0.000000 0.000001 0.000001 0.091093 -0.005180 0.022599 -8.053861 8.573574 -26.955543 0.740314 1.852099 -22.932451 0.000000 0.000000 0.000000 -0.000001 -0.000000 0.000000 0.095334 0.000000 -0.000000 -0.697615 0.625155 -32.061745 -0.334587 -1.124271 -27.158318 0.000000 -0.000000 -0.000000 -0.000000 0.000000 0.000000 0.091045 -0.000430 -0.018651 -1.376013 1.579531 -35.064159 -0.336759 -0.826065 -21.997096 -0.000003 -0.000001 0.000002 -0.000002 -0.000002 0.000001 0.080778 -0.004869 -0.038063 3.025530 -1.499680 -40.467375 -0.114742 -1.334791 -8.145138 -0.000008 -0.000014 -0.000012 0.000002 0.000000 -0.000001 -0.082078 -0.067517 -0.015995 -46.241118 0.593049 -10.162113 41.456670 0.140071 1.574125 -8.226386 0.050984 -1.122320 -1.381410 -4.848871 2.383743 0.000000 0.000002 0.000000 0.082078 -0.067517 -0.015995 -30.561309 12.565993 2.744236 38.307041 -0.421197 -1.333505 -17.527042 8.701288 -4.123114 0.918191 -2.138617 0.565425 0.000000 0.000001 0.000000 
-0.035270 0.965257 -0.027833 12.381907 -5.075768 9.445869 -0.000000 0.101816 0.001315 6.635122 -0.811336 0.295086 13.289886 -1.127076 1.563862 13.289870 -1.127074 1.563859 -0.000000 0.167404 -0.020490 13.297629 -3.854916 -5.576972 0.000000 0.096178 0.016850 17.339813 -2.627533 6.058710 0.000000 0.220374 0.075011 -0.000001 -0.000000 -0.000002 -0.045700 0.110149 -0.021609 -36.766020 20.474460 10.682301 -49.919233 12.150317 52.798155 1.463378 119.331560 -1.283350 -21.852458 1.765010 -4.395175 -0.024648 -0.015740 0.026819 -28.609566 -10.644832 0.170610 0.941263 -1.290261 0.235493 -0.026463 -0.015278 0.015278 -0.000001 0.000010 0.000001 -0.019946 -0.011516 0.011516 0.000001 -0.000005 -0.000000 -0.091083 -0.005179 0.022598 -3.993872 -6.999533 18.566589 0.402631 -1.732404 30.432137 -0.000002 0.000004 -0.000007 0.000004 -0.000000 0.000000 -0.095325 -0.000000 0.000000 1.179061 -4.694135 25.563322 -0.268829 1.048402 19.743968 -0.000002 -0.000001 0.000001 -0.000003 -0.000002 0.000002 -0.091036 -0.000431 -0.018651 -0.500111 -6.227282 31.110887 1.398943 0.254774 14.962540 -0.000008 0.000005 0.000013 0.000003 -0.000001 0.000004 -0.080767 -0.004867 -0.038063 2.384801 -6.017398 33.822328 -0.305311 1.288869 11.805850 0.000001 0.000003 0.000016 -0.000001 -0.000001 0.000001 0.045704 0.110147 -0.021608 -19.589394 -19.187953 -2.497201 -59.076663 -6.835171 -66.040566 -1.401803 -129.581488 -1.080880 -9.064157 8.814543 13.853121 0.024661 -0.015762 0.026817 -48.512354 13.157083 -3.971866 5.849548 14.755475 1.800816 0.026479 -0.015287 0.015287 -0.000005 0.000014 -0.000013 0.019989 -0.011541 0.011541 -0.000000 -0.000004 0.000000 0.091093 -0.005180 0.022599 -8.053870 8.573586 -26.955545 0.740334 1.852084 -22.932449 0.000000 -0.000002 -0.000001 -0.000002 -0.000000 -0.000001 0.095334 0.000000 -0.000000 -0.697604 0.625151 -32.061751 -0.334596 -1.124268 -27.158313 -0.000003 -0.000001 -0.000001 0.000000 -0.000001 0.000001 0.091045 -0.000430 -0.018651 -1.376012 1.579524 -35.064176 -0.336756 -0.826055 -21.997119 0.000001 -0.000000 0.000001 -0.000001 -0.000000 -0.000001 0.080778 -0.004869 -0.038063 3.025534 -1.499684 -40.467378 -0.114735 -1.334805 -8.145141 -0.000010 -0.000012 -0.000014 0.000001 -0.000003 0.000001 -0.082078 -0.067517 -0.015995 -46.171549 0.346222 -10.074941 41.306580 0.126634 1.568670 -8.147630 -0.079397 -1.117502 -1.357349 -4.854760 2.405425 -0.000000 0.000002 -0.000000 0.082078 -0.067517 -0.015995 -30.861486 12.187563 2.901786 38.566800 -0.424675 -1.342020 -17.167788 8.728547 -4.079763 0.714063 -2.167167 0.089499 0.000000 -0.000000 0.000000 
-0.035076 0.965509 -0.028585 12.339480 -4.816545 9.164478 -0.000000 0.101815 0.001315 6.673715 -0.776520 0.236532 13.365176 -1.074945 1.418411 13.365172 -1.074947 1.418411 0.000000 0.167404 -0.020490 13.067813 -3.554948 -6.113996 0.000000 0.096179 0.016850 17.327013 -2.552349 6.600781 0.000000 0.220374 0.075010 0.000000 -0.000000 0.000001 -0.045700 0.110149 -0.021608 -36.718708 20.464562 10.496919 -50.075296 12.204232 53.393931 1.323738 119.253942 -1.162151 -21.503215 1.972669 -4.298047 -0.024648 -0.015740 0.026819 -28.609548 -10.644833 0.170611 0.941251 -1.290237 0.235477 -0.026463 -0.015278 0.015278 -0.000009 0.000010 -0.000003 -0.019946 -0.011516 0.011516 0.000002 -0.000003 -0.000005 -0.091083 -0.005179 0.022598 -3.993868 -6.999523 18.566595 0.402646 -1.732419 30.432123 0.000001 0.000002 -0.000003 0.000001 -0.000000 0.000002 -0.095325 0.000000 -0.000000 1.179056 -4.694144 25.563334 -0.268806 1.048405 19.743956 -0.000001 0.000001 -0.000002 -0.000000 0.000000 -0.000004 -0.091036 -0.000431 -0.018651 -0.500097 -6.227267 31.110883 1.398935 0.254769 14.962542 -0.000007 0.000005 0.000012 0.000002 -0.000002 0.000003 -0.080767 -0.004867 -0.038063 2.384814 -6.017414 33.822318 -0.305314 1.288879 11.805852 0.000002 0.000003 0.000012 0.000002 -0.000001 0.000000 0.045704 0.110147 -0.021608 -19.622546 -19.256235 -2.695735 -59.409839 -6.925322 -65.368189 -1.398180 -129.596856 -1.077852 -9.408589 8.936108 13.912682 0.024661 -0.015762 0.026817 -48.512344 13.157081 -3.971854 5.849524 14.755456 1.800823 0.026479 -0.015287 0.015287 -0.000006 0.000013 -0.000012 0.019989 -0.011541 0.011541 -0.000002 -0.000003 0.000002 0.091093 -0.005180 0.022599 -8.053859 8.573591 -26.955540 0.740332 1.852083 -22.932454 -0.000001 0.000000 -0.000001 -0.000001 0.000001 -0.000001 0.095334 0.000000 -0.000000 -0.697605 0.625150 -32.061745 -0.334579 -1.124265 -27.158313 0.000002 0.000000 0.000001 0.000004 0.000001 0.000002 0.091045 -0.000430 -0.018651 -1.376008 1.579533 -35.064142 -0.336750 -0.826061 -21.997118 0.000000 -0.000001 0.000001 -0.000002 0.000001 -0.000000 0.080778 -0.004869 -0.038063 3.025532 -1.499678 -40.467375 -0.114739 -1.334804 -8.145119 -0.000010 -0.000013 -0.000011 -0.000001 -0.000000 0.000002 -0.082078 -0.067517 -0.015995 -46.069459 0.111765 -9.978117 41.130218 0.112636 1.562392 -8.061260 -0.222815 -1.098901 -1.338245 -4.888308 2.436334 0.000000 -0.000000 -0.000000 0.082078 -0.067517 -0.015995 -31.155665 11.837529 3.070336 38.825456 -0.428685 -1.350621 -16.768850 8.749806 -4.017512 0.481908 -2.211679 -0.424612 -0.000000 0.000000 0.000000 
-0.034774 0.965832 -0.029292 12.292884 -4.541130 8.874062 0.000000 0.101815 0.001315 6.706753 -0.743657 0.180723 13.429491 -1.026942 1.278256 13.429484 -1.026943 1.278257 -0.000000 0.167404 -0.020490 12.835109 -3.290475 -6.620920 -0.000000 0.096178 0.016850 17.391347 -2.462442 7.045186 -0.000000 0.220374 0.075011 0.000002 -0.000000 0.000000 -0.045700 0.110149 -0.021608 -36.671692 20.448401 10.306431 -50.203458 12.259489 53.985648 1.183768 119.160491 -1.040647 -21.216060 2.148774 -4.187659 -0.024648 -0.015740 0.026819 -28.609555 -10.644847 0.170622 0.941249 -1.290240 0.235498 -0.026463 -0.015278 0.015278 -0.000007 0.000013 0.000001 -0.019946 -0.011516 0.011516 -0.000003 -0.000000 0.000008 -0.091083 -0.005179 0.022598 -3.993857 -6.999533 18.566594 0.402629 -1.732411 30.432147 -0.000003 0.000002 -0.000004 0.000001 -0.000001 0.000002 -0.095325 0.000000 0.000000 1.179055 -4.694148 25.563347 -0.268811 1.048397 19.743931 -0.000001 -0.000001 0.000001 -0.000000 0.000000 0.000001 -0.091036 -0.000431 -0.018651 -0.500093 -6.227282 31.110904 1.398935 0.254769 14.962528 -0.000006 0.000004 0.000010 0.000005 -0.000001 0.000006 -0.080767 -0.004867 -0.038063 2.384812 -6.017421 33.822311 -0.305305 1.288877 11.805859 0.000000 0.000002 0.000016 0.000001 -0.000002 -0.000001 0.045704 0.110147 -0.021608 -19.655999 -19.321289 -2.890862 -59.685458 -6.989748 -64.734743 -1.392690 -129.649517 -1.072808 -9.713300 9.114369 14.002907 0.024661 -0.015762 0.026817 -48.512361 13.157088 -3.971850 5.849537 14.755466 1.800817 0.026479 -0.015287 0.015288 -0.000007 0.000013 -0.000011 0.019989 -0.011541 0.011541 -0.000001 0.000002 0.000003 0.091093 -0.005180 0.022599 -8.053836 8.573602 -26.955550 0.740313 1.852075 -22.932454 0.000000 0.000000 -0.000001 0.000001 -0.000001 -0.000000 0.095334 0.000000 -0.000000 -0.697593 0.625160 -32.061748 -0.334588 -1.124277 -27.158326 0.000001 -0.000000 -0.000001 -0.000000 -0.000001 0.000000 0.091045 -0.000430 -0.018651 -1.376009 1.579530 -35.064149 -0.336755 -0.826051 -21.997116 -0.000000 -0.000001 0.000001 0.000001 0.000000 -0.000000 0.080778 -0.004869 -0.038063 3.025544 -1.499677 -40.467396 -0.114755 -1.334793 -8.145113 -0.000009 -0.000012 -0.000014 -0.000002 0.000000 0.000001 -0.082078 -0.067517 -0.015995 -45.945402 -0.120744 -9.885167 40.931900 0.098293 1.555434 -7.969503 -0.380172 -1.068203 -1.323129 -4.938085 2.474691 0.000000 0.000002 -0.000000 0.082078 -0.067517 -0.015995 -31.448206 11.503900 3.237402 39.079129 -0.433247 -1.359191 -16.332041 8.765693 -3.932058 0.163817 -2.267321 -0.874102 -0.000000 0.000000 0.000000 
-0.034360 0.966224 -0.029955 12.249203 -4.234138 8.579170 0.000000 0.101816 0.001315 6.730836 -0.718542 0.131042 13.476265 -0.993680 1.151612 13.476241 -0.993680 1.151604 0.000000 0.167404 -0.020490 12.621228 -3.104016 -7.070021 0.000000 0.096179 0.016850 17.608018 -2.352064 7.301909 0.000000 0.220374 0.075011 -0.000001 -0.000000 0.000000 -0.045700 0.110149 -0.021609 -36.622450 20.417976 10.093723 -50.266787 12.283996 54.607735 1.043734 119.047151 -0.919087 -21.027555 2.233952 -4.018323 -0.024648 -0.015740 0.026819 -28.609564 -10.644846 0.170616 0.941262 -1.290249 0.235488 -0.026463 -0.015278 0.015278 -0.000009 0.000008 -0.000003 -0.019946 -0.011516 0.011516 -0.000003 -0.000007 0.000003 -0.091083 -0.005179 0.022598 -3.993866 -6.999527 18.566604 0.402656 -1.732418 30.432133 -0.000001 0.000003 -0.000003 0.000003 -0.000000 0.000000 -0.095325 0.000000 -0.000000 1.179061 -4.694144 25.563342 -0.268815 1.048404 19.743931 0.000002 0.000000 -0.000002 0.000001 -0.000000 -0.000002 -0.091036 -0.000431 -0.018651 -0.500090 -6.227285 31.110897 1.398942 0.254773 14.962539 -0.000007 0.000003 0.000013 0.000003 -0.000001 0.000003 -0.080767 -0.004867 -0.038063 2.384814 -6.017409 33.822335 -0.305315 1.288872 11.805845 0.000001 0.000002 0.000014 0.000000 -0.000002 0.000006 0.045704 0.110147 -0.021608 -19.692672 -19.399336 -3.111103 -59.828058 -7.026400 -64.138946 -1.384929 -129.774919 -1.064877 -9.955914 9.413812 14.180457 0.024661 -0.015762 0.026817 -48.512354 13.157074 -3.971851 5.849532 14.755464 1.800826 0.026479 -0.015287 0.015287 -0.000007 0.000011 -0.000009 0.019989 -0.011541 0.011541 0.000000 -0.000001 0.000003 0.091093 -0.005180 0.022599 -8.053861 8.573584 -26.955524 0.740336 1.852089 -22.932437 0.000000 -0.000001 0.000001 0.000000 0.000001 0.000001 0.095334 0.000000 -0.000000 -0.697592 0.625163 -32.061751 -0.334576 -1.124267 -27.158318 0.000000 0.000000 -0.000000 -0.000001 0.000000 -0.000002 0.091045 -0.000430 -0.018651 -1.376002 1.579534 -35.064149 -0.336748 -0.826061 -21.997121 0.000002 -0.000000 0.000001 0.000001 0.000002 -0.000000 0.080778 -0.004869 -0.038063 3.025527 -1.499678 -40.467382 -0.114736 -1.334783 -8.145109 -0.000012 -0.000015 -0.000010 -0.000002 -0.000000 0.000003 -0.082078 -0.067517 -0.015995 -45.810072 -0.359623 -9.809498 40.714751 0.083694 1.547893 -7.874539 -0.554192 -1.025762 -1.313043 -5.001370 2.521836 0.000000 0.000002 0.000000 0.082078 -0.067517 -0.015995 -31.748007 11.184565 3.393327 39.324797 -0.438593 -1.367665 -15.850986 8.775613 -3.815667 -0.203420 -2.324709 -1.332740 0.000000 -0.000000 0.000000 
-0.033839 0.966678 -0.030562 12.208841 -3.897709 8.278855 0.000000 0.101816 0.001315 6.745048 -0.698987 0.087851 13.503538 -0.970741 1.038975 13.503541 -0.970741 1.038979 -0.000000 0.167404 -0.020490 12.436753 -2.978555 -7.476305 0.000000 0.096179 0.016850 17.923192 -2.226562 7.413674 0.000000 0.220374 0.075011 -0.000000 -0.000000 0.000001 -0.045700 0.110149 -0.021609 -36.572535 20.376821 9.867330 -50.277586 12.288008 55.250189 0.903656 118.917118 -0.797247 -20.913384 2.252459 -3.799920 -0.024648 -0.015740 0.026819 -28.609545 -10.644830 0.170611 0.941268 -1.290250 0.235502 -0.026463 -0.015278 0.015278 -0.000010 0.000013 -0.000003 -0.019946 -0.011516 0.011516 -0.000004 -0.000006 0.000001 -0.091083 -0.005179 0.022598 -3.993853 -6.999535 18.566606 0.402650 -1.732413 30.432133 -0.000003 0.000003 -0.000004 0.000000 0.000001 -0.000000 -0.095325 0.000000 0.000000 1.179076 -4.694150 25.563335 -0.268824 1.048414 19.743960 0.000001 -0.000000 0.000000 -0.000000 0.000000 0.000002 -0.091036 -0.000431 -0.018651 -0.500084 -6.227285 31.110890 1.398940 0.254779 14.962561 -0.000010 0.000005 0.000011 -0.000001 -0.000003 0.000007 -0.080767 -0.004867 -0.038063 2.384813 -6.017415 33.822335 -0.305303 1.288866 11.805846 0.000003 0.000000 0.000016 0.000002 -0.000000 0.000004 0.045704 0.110147 -0.021608 -19.731706 -19.491229 -3.352862 -59.863664 -7.037247 -63.567505 -1.375648 -129.959662 -1.054914 -10.150674 9.800985 14.427552 0.024661 -0.015762 0.026817 -48.512344 13.157086 -3.971854 5.849529 14.755437 1.800809 0.026479 -0.015288 0.015288 -0.000006 0.000011 -0.000009 0.019989 -0.011541 0.011541 -0.000002 -0.000003 0.000002 0.091093 -0.005180 0.022599 -8.053844 8.573599 -26.955540 0.740319 1.852074 -22.932452 0.000003 0.000001 0.000000 0.000003 0.000000 -0.000003 0.095334 -0.000000 0.000000 -0.697601 0.625153 -32.061751 -0.334576 -1.124261 -27.158306 -0.000001 -0.000000 0.000001 -0.000003 -0.000000 -0.000001 0.091045 -0.000430 -0.018651 -1.375993 1.579540 -35.064156 -0.336760 -0.826074 -21.997125 0.000000 -0.000000 -0.000001 -0.000004 -0.000000 -0.000001 0.080778 -0.004869 -0.038063 3.025542 -1.499679 -40.467375 -0.114742 -1.334793 -8.145138 -0.000011 -0.000012 -0.000012 -0.000000 -0.000001 0.000002 -0.082078 -0.067517 -0.015995 -45.664155 -0.609362 -9.749866 40.479563 0.069056 1.539798 -7.776374 -0.744591 -0.973568 -1.303782 -5.063193 2.571310 0.000000 0.000000 -0.000000 0.082078 -0.067517 -0.015996 -32.046746 10.869995 3.536877 39.554428 -0.444189 -1.375755 -15.343470 8.773653 -3.677638 -0.589764 -2.372190 -1.806156 0.000000 0.000000 0.000000 
-0.033214 0.967189 -0.031107 12.176068 -3.524037 7.974102 0.000000 0.101815 0.001315 6.746570 -0.686311 0.053382 13.505763 -0.960259 0.945507 13.505759 -0.960262 0.945507 -0.000000 0.167403 -0.020490 12.305740 -2.931251 -7.824185 0.000000 0.096178 0.016850 18.350391 -2.085081 7.342815 -0.000000 0.220374 0.075011 -0.000000 -0.000000 0.000000 -0.045700 0.110149 -0.021609 -36.521595 20.323687 9.624534 -50.215735 12.258935 55.920248 0.763472 118.770378 -0.675216 -20.886515 2.184438 -3.515686 -0.024648 -0.015740 0.026819 -28.609554 -10.644834 0.170626 0.941252 -1.290255 0.235477 -0.026463 -0.015278 0.015278 -0.000011 0.000010 -0.000003 -0.019946 -0.011516 0.011516 0.000004 0.000000 0.000001 -0.091083 -0.005179 0.022598 -3.993867 -6.999536 18.566594 0.402654 -1.732411 30.432133 -0.000002 0.000002 -0.000002 0.000000 -0.000002 0.000002 -0.095325 0.000000 -0.000000 1.179060 -4.694149 25.563337 -0.268817 1.048416 19.743936 0.000003 -0.000001 0.000002 0.000002 -0.000000 -0.000000 -0.091036 -0.000431 -0.018651 -0.500094 -6.227279 31.110887 1.398941 0.254774 14.962556 -0.000004 0.000005 0.000011 0.000001 -0.000003 0.000005 -0.080767 -0.004867 -0.038063 2.384813 -6.017408 33.822318 -0.305310 1.288880 11.805843 0.000001 0.000000 0.000015 0.000000 -0.000002 0.000006 0.045704 0.110147 -0.021608 -19.774045 -19.608355 -3.630546 -59.759893 -7.022699 -63.008529 -1.365295 -130.219182 -1.042988 -10.292443 10.299885 14.770986 0.024661 -0.015762 0.026817 -48.512351 13.157079 -3.971848 5.849527 14.755463 1.800818 0.026479 -0.015287 0.015287 -0.000008 0.000011 -0.000009 0.019989 -0.011541 0.011541 0.000001 0.000002 0.000005 0.091093 -0.005180 0.022599 -8.053847 8.573584 -26.955531 0.740313 1.852073 -22.932446 0.000004 -0.000001 0.000000 0.000002 0.000001 -0.000001 0.095334 -0.000000 -0.000000 -0.697606 0.625155 -32.061758 -0.334579 -1.124260 -27.158319 -0.000001 -0.000000 -0.000000 0.000000 0.000002 -0.000001 0.091045 -0.000430 -0.018651 -1.375998 1.579536 -35.064149 -0.336759 -0.826068 -21.997131 0.000004 -0.000001 0.000001 0.000005 0.000000 0.000000 0.080778 -0.004869 -0.038063 3.025543 -1.499684 -40.467385 -0.114749 -1.334790 -8.145118 -0.000009 -0.000012 -0.000012 0.000000 0.000001 -0.000003 -0.082078 -0.067517 -0.015995 -45.514263 -0.879510 -9.712889 40.228732 0.054652 1.531248 -7.676149 -0.953561 -0.913532 -1.292526 -5.107892 2.618012 0.000000 -0.000000 -0.000000 0.082078 -0.067517 -0.015995 -32.344695 10.547044 3.660776 39.762879 -0.449834 -1.383287 -14.817791 8.756662 -3.518649 -1.023762 -2.395312 -2.227849 -0.000000 0.000000 0.000000 
-0.032494 0.967754 -0.031580 12.146603 -3.127956 7.663319 -0.000000 0.101815 0.001315 6.737666 -0.675699 0.025279 13.487184 -0.953187 0.865448 13.487196 -0.953187 0.865453 0.000000 0.167404 -0.020490 12.212142 -2.903635 -8.177044 0.000000 0.096179 0.016850 18.766044 -1.950591 7.241204 -0.000000 0.220374 0.075011 -0.000000 -0.000000 0.000001 -0.045700 0.110149 -0.021608 -36.472384 20.264828 9.382275 -50.141406 12.233305 56.600951 0.623518 118.612478 -0.553033 -20.871567 2.102517 -3.199709 -0.024648 -0.015740 0.026819 -28.609564 -10.644825 0.170629 0.941262 -1.290257 0.235478 -0.026463 -0.015278 0.015278 -0.000004 0.000011 -0.000006 -0.019946 -0.011516 0.011516 -0.000000 0.000002 -0.000001 -0.091083 -0.005179 0.022598 -3.993876 -6.999516 18.566589 0.402635 -1.732426 30.432147 0.000001 0.000003 -0.000006 0.000000 0.000002 -0.000003 -0.095325 0.000000 -0.000000 1.179048 -4.694135 25.563332 -0.268812 1.048408 19.743931 0.000000 -0.000000 0.000002 0.000001 -0.000001 -0.000004 -0.091036 -0.000431 -0.018651 -0.500100 -6.227274 31.110873 1.398933 0.254783 14.962547 -0.000007 0.000004 0.000012 0.000000 0.000001 0.000003 -0.080767 -0.004867 -0.038063 2.384797 -6.017419 33.822318 -0.305297 1.288889 11.805849 -0.000003 0.000003 0.000012 0.000000 -0.000002 0.000003 0.045704 0.110147 -0.021608 -19.816872 -19.735345 -3.918621 -59.616179 -6.985729 -62.456670 -1.354730 -130.502211 -1.030589 -10.416795 10.802548 15.133454 0.024661 -0.015762 0.026817 -48.512354 13.157080 -3.971854 5.849520 14.755461 1.800827 0.026479 -0.015287 0.015287 -0.000006 0.000009 -0.000017 0.019989 -0.011541 0.011541 -0.000001 -0.000001 -0.000000 0.091093 -0.005180 0.022599 -8.053857 8.573592 -26.955548 0.740334 1.852089 -22.932440 0.000002 -0.000000 0.000001 -0.000001 -0.000001 0.000001 0.095334 0.000000 -0.000000 -0.697620 0.625146 -32.061751 -0.334589 -1.124250 -27.158325 -0.000003 0.000000 -0.000000 -0.000003 0.000001 -0.000001 0.091045 -0.000430 -0.018651 -1.376004 1.579534 -35.064152 -0.336759 -0.826072 -21.997116 -0.000001 -0.000002 0.000002 -0.000001 -0.000003 0.000004 0.080778 -0.004869 -0.038063 3.025526 -1.499675 -40.467402 -0.114743 -1.334794 -8.145124 -0.000010 -0.000011 -0.000015 0.000002 -0.000002 0.000002 -0.082078 -0.067517 -0.015995 -45.353750 -1.163564 -9.688099 39.961852 0.040247 1.522188 -7.573905 -1.176283 -0.846207 -1.276539 -5.134711 2.659230 0.000000 -0.000000 0.000000 0.082078 -0.067517 -0.015995 -32.627028 10.224562 3.774242 39.943015 -0.455099 -1.390000 -14.297727 8.714454 -3.356011 -1.584028 -2.404397 -2.402557 0.000000 0.000000 0.000000 
-0.031685 0.968373 -0.031967 12.119024 -2.719443 7.343482 -0.000000 0.101816 0.001315 6.718863 -0.663038 0.002911 13.448917 -0.941719 0.796665 13.448905 -0.941718 0.796666 -0.000000 0.167404 -0.020490 12.157428 -2.847717 -8.590997 -0.000000 0.096178 0.016850 19.056651 -1.839729 7.237583 -0.000000 0.220374 0.075011 -0.000000 -0.000000 -0.000001 -0.045700 0.110149 -0.021608 -36.427485 20.204176 9.153323 -50.100834 12.241579 57.283058 0.484048 118.446941 -0.430973 -20.802289 2.065531 -2.873692 -0.024648 -0.015740 0.026819 -28.609548 -10.644840 0.170610 0.941251 -1.290256 0.235504 -0.026463 -0.015278 0.015278 -0.000011 0.000011 -0.000006 -0.019946 -0.011516 0.011516 -0.000002 -0.000004 0.000003 -0.091083 -0.005179 0.022598 -3.993850 -6.999538 18.566594 0.402634 -1.732412 30.432137 -0.000002 0.000000 -0.000000 -0.000003 -0.000000 0.000002 -0.095325 0.000000 -0.000000 1.179071 -4.694144 25.563339 -0.268822 1.048404 19.743927 0.000000 0.000000 -0.000000 0.000002 -0.000001 -0.000002 -0.091036 -0.000431 -0.018651 -0.500096 -6.227288 31.110907 1.398952 0.254777 14.962532 -0.000004 0.000006 0.000007 0.000002 -0.000002 0.000004 -0.080767 -0.004867 -0.038063 2.384821 -6.017424 33.822318 -0.305310 1.288881 11.805848 0.000001 0.000003 0.000012 0.000000 -0.000001 -0.000001 0.045704 0.110147 -0.021608 -19.858597 -19.865363 -4.202551 -59.509287 -6.927483 -61.897285 -1.344435 -130.769955 -1.018635 -10.556640 11.218912 15.458199 0.024661 -0.015762 0.026817 -48.512365 13.157086 -3.971846 5.849517 14.755463 1.800821 0.026479 -0.015287 0.015287 -0.000006 0.000014 -0.000009 0.019989 -0.011541 0.011541 -0.000002 0.000003 -0.000000 0.091093 -0.005180 0.022599 -8.053853 8.573586 -26.955541 0.740320 1.852087 -22.932447 0.000001 0.000001 0.000001 0.000002 -0.000000 0.000002 0.095334 -0.000000 -0.000000 -0.697593 0.625148 -32.061755 -0.334586 -1.124263 -27.158313 0.000001 -0.000000 -0.000001 0.000002 0.000001 -0.000001 0.091045 -0.000430 -0.018651 -1.375996 1.579527 -35.064139 -0.336767 -0.826066 -21.997123 0.000001 0.000000 -0.000000 0.000002 0.000000 -0.000002 0.080778 -0.004869 -0.038063 3.025530 -1.499677 -40.467375 -0.114742 -1.334800 -8.145131 -0.000008 -0.000012 -0.000014 0.000001 -0.000001 0.000002 -0.082078 -0.067517 -0.015995 -45.178508 -1.461021 -9.667012 39.676596 0.026001 1.512569 -7.468259 -1.410534 -0.773020 -1.251871 -5.134349 2.688505 0.000000 -0.000000 -0.000000 0.082078 -0.067517 -0.015996 -32.881880 9.903446 3.885151 40.086797 -0.459304 -1.395587 -13.807777 8.633917 -3.207382 -2.101731 -2.403424 -2.553266 -0.000000 -0.000000 0.000000 
-0.030792 0.969028 -0.032269 12.088124 -2.305043 7.019893 0.000000 0.101816 0.001315 6.692508 -0.647439 -0.016617 13.395469 -0.924434 0.733448 13.395469 -0.924436 0.733450 -0.000000 0.167404 -0.020490 12.120832 -2.746708 -9.069416 0.000000 0.096178 0.016850 19.199749 -1.753331 7.368974 -0.000000 0.220374 0.075011 -0.000002 -0.000000 0.000000 -0.045700 0.110149 -0.021608 -36.387754 20.147491 8.947191 -50.115260 12.289206 57.950877 0.345380 118.280148 -0.309246 -20.664000 2.095149 -2.557196 -0.024648 -0.015740 0.026819 -28.609562 -10.644840 0.170606 0.941251 -1.290249 0.235490 -0.026463 -0.015278 0.015278 -0.000005 0.000011 -0.000004 -0.019946 -0.011516 0.011516 -0.000001 0.000000 0.000001 -0.091083 -0.005179 0.022598 -3.993867 -6.999530 18.566592 0.402647 -1.732425 30.432133 0.000000 0.000002 -0.000004 0.000001 -0.000001 0.000003 -0.095325 0.000000 0.000000 1.179053 -4.694144 25.563340 -0.268803 1.048405 19.743948 -0.000002 -0.000001 0.000001 -0.000003 -0.000000 0.000003 -0.091036 -0.000431 -0.018651 -0.500095 -6.227286 31.110890 1.398940 0.254774 14.962549 -0.000006 0.000005 0.000011 -0.000001 -0.000003 0.000005 -0.080767 -0.004867 -0.038063 2.384821 -6.017412 33.822328 -0.305320 1.288880 11.805851 -0.000001 0.000001 0.000017 0.000001 -0.000000 0.000001 0.045704 0.110147 -0.021608 -19.897176 -19.984871 -4.463077 -59.475552 -6.853516 -61.345522 -1.334768 -131.000460 -1.007833 -10.716154 11.518796 15.712796 0.024661 -0.015762 0.026817 -48.512361 13.157087 -3.971837 5.849519 14.755456 1.800834 0.026479 -0.015287 0.015287 -0.000005 0.000011 -0.000010 0.019989 -0.011541 0.011541 -0.000001 0.000001 0.000001 0.091093 -0.005180 0.022599 -8.053855 8.573592 -26.955541 0.740332 1.852098 -22.932444 -0.000003 -0.000000 -0.000001 0.000000 -0.000001 -0.000000 0.095334 0.000000 -0.000000 -0.697600 0.625168 -32.061751 -0.334589 -1.124273 -27.158345 -0.000002 -0.000000 -0.000000 -0.000001 0.000000 0.000001 0.091045 -0.000430 -0.018651 -1.375989 1.579545 -35.064156 -0.336774 -0.826069 -21.997113 -0.000002 -0.000000 0.000001 -0.000004 0.000000 -0.000002 0.080778 -0.004869 -0.038063 3.025529 -1.499671 -40.467399 -0.114731 -1.334784 -8.145129 -0.000012 -0.000011 -0.000014 -0.000000 0.000001 0.000002 -0.082078 -0.067517 -0.015995 -44.987533 -1.763039 -9.650203 39.382546 0.011093 1.502596 -7.364301 -1.650713 -0.693251 -1.219441 -5.116774 2.711961 0.000000 0.000002 0.000000 0.082078 -0.067517 -0.015995 -33.103174 9.593433 3.992936 40.197876 -0.462985 -1.400158 -13.356176 8.515917 -3.070839 -2.570563 -2.402253 -2.679911 0.000000 0.000000 0.000000 
-0.029818 0.969708 -0.032483 12.050516 -1.897003 6.695498 -0.000000 0.101815 0.001315 6.660618 -0.626237 -0.036349 13.330859 -0.896521 0.669325 13.330871 -0.896522 0.669327 0.000000 0.167404 -0.020490 12.086856 -2.553768 -9.659467 -0.000000 0.096179 0.016850 19.103996 -1.708608 7.757227 0.000000 0.220374 0.075011 0.000001 -0.000000 -0.000001 -0.045700 0.110149 -0.021608 -36.355178 20.102263 8.778770 -50.236741 12.399967 58.592388 0.208168 118.118546 -0.188387 -20.396673 2.244779 -2.273293 -0.024648 -0.015740 0.026819 -28.609543 -10.644839 0.170608 0.941259 -1.290249 0.235490 -0.026463 -0.015278 0.015278 0.000000 0.000011 -0.000000 -0.019946 -0.011516 0.011516 0.000001 -0.000001 -0.000000 -0.091083 -0.005179 0.022598 -3.993860 -6.999536 18.566594 0.402647 -1.732409 30.432140 -0.000001 0.000003 -0.000003 -0.000000 -0.000002 -0.000001 -0.095325 0.000000 -0.000000 1.179068 -4.694156 25.563340 -0.268812 1.048411 19.743946 0.000001 -0.000001 -0.000000 0.000001 0.000001 0.000001 -0.091036 -0.000431 -0.018651 -0.500077 -6.227281 31.110900 1.398929 0.254788 14.962537 -0.000007 0.000005 0.000010 -0.000003 -0.000001 0.000003 -0.080767 -0.004867 -0.038063 2.384831 -6.017414 33.822318 -0.305305 1.288883 11.805849 0.000001 0.000002 0.000013 0.000002 -0.000001 0.000004 0.045704 0.110147 -0.021608 -19.930063 -20.077951 -4.675182 -59.593995 -6.767349 -60.803334 -1.325938 -131.150260 -0.998888 -10.922195 11.613422 15.835234 0.024661 -0.015762 0.026817 -48.512344 13.157086 -3.971865 5.849517 14.755457 1.800823 0.026479 -0.015287 0.015287 -0.000007 0.000014 -0.000011 0.019989 -0.011541 0.011541 0.000005 0.000003 -0.000000 0.091093 -0.005180 0.022599 -8.053838 8.573584 -26.955553 0.740324 1.852098 -22.932464 0.000001 -0.000002 0.000002 -0.000000 -0.000002 0.000001 0.095334 0.000000 -0.000000 -0.697601 0.625155 -32.061758 -0.334574 -1.124256 -27.158314 -0.000001 -0.000002 0.000002 -0.000001 -0.000001 -0.000000 0.091045 -0.000430 -0.018651 -1.375987 1.579534 -35.064156 -0.336762 -0.826069 -21.997133 0.000001 0.000001 -0.000000 -0.000001 0.000001 0.000000 0.080778 -0.004869 -0.038063 3.025529 -1.499674 -40.467396 -0.114729 -1.334784 -8.145118 -0.000014 -0.000011 -0.000015 -0.000001 -0.000001 0.000003 -0.082078 -0.067517 -0.015995 -44.778290 -2.062117 -9.633206 39.083288 -0.005022 1.492346 -7.263977 -1.889041 -0.607066 -1.178700 -5.087370 2.731618 0.000000 -0.000001 0.000000 0.082078 -0.067517 -0.015995 -33.281200 9.307193 4.103385 40.274094 -0.466090 -1.403624 -12.961343 8.351258 -2.955410 -2.973376 -2.417333 -2.771212 0.000000 0.000000 0.000000 
-0.028769 0.970394 -0.032617 11.998837 -1.487353 6.375321 0.000000 0.101816 0.001315 6.624615 -0.600938 -0.056691 13.257979 -0.860405 0.604541 13.257963 -0.860404 0.604540 -0.000000 0.167404 -0.020490 12.048692 -2.308634 -10.284680 0.000000 0.096179 0.016850 18.865493 -1.683248 8.276913 -0.000000 0.220374 0.075011 0.000000 -0.000000 0.000001 -0.045700 0.110149 -0.021608 -36.328803 20.067410 8.644231 -50.418916 12.549398 59.187851 0.072125 117.965399 -0.068189 -20.069835 2.478155 -2.033083 -0.024648 -0.015740 0.026819 -28.609560 -10.644830 0.170612 0.941273 -1.290240 0.235473 -0.026463 -0.015278 0.015278 -0.000001 0.000013 -0.000003 -0.019946 -0.011516 0.011516 0.000003 -0.000006 -0.000000 -0.091083 -0.005179 0.022598 -3.993873 -6.999535 18.566595 0.402646 -1.732405 30.432137 -0.000002 0.000002 -0.000002 -0.000000 0.000001 0.000001 -0.095325 0.000000 -0.000000 1.179064 -4.694151 25.563332 -0.268822 1.048415 19.743951 0.000000 -0.000001 -0.000000 -0.000000 0.000001 0.000001 -0.091036 -0.000431 -0.018651 -0.500090 -6.227279 31.110880 1.398934 0.254797 14.962552 -0.000008 0.000007 0.000010 -0.000004 -0.000002 0.000005 -0.080767 -0.004867 -0.038063 2.384805 -6.017420 33.822304 -0.305298 1.288869 11.805848 0.000000 0.000002 0.000015 -0.000000 0.000001 -0.000002 0.045704 0.110147 -0.021608 -19.957096 -20.145394 -4.840488 -59.813927 -6.676715 -60.295435 -1.317752 -131.244954 -0.991283 -11.139535 11.588597 15.857742 0.024661 -0.015762 0.026817 -48.512344 13.157085 -3.971858 5.849532 14.755451 1.800827 0.026479 -0.015287 0.015287 -0.000005 0.000011 -0.000009 0.019989 -0.011541 0.011541 -0.000001 0.000001 0.000001 0.091093 -0.005180 0.022599 -8.053851 8.573582 -26.955557 0.740334 1.852095 -22.932449 0.000001 -0.000003 0.000004 0.000005 -0.000002 0.000002 0.095334 0.000000 0.000000 -0.697599 0.625150 -32.061762 -0.334577 -1.124264 -27.158316 0.000001 -0.000000 0.000001 0.000002 0.000000 0.000000 0.091045 -0.000430 -0.018651 -1.375995 1.579526 -35.064149 -0.336765 -0.826061 -21.997123 -0.000001 -0.000001 0.000001 0.000000 -0.000001 0.000001 0.080778 -0.004869 -0.038063 3.025544 -1.499682 -40.467392 -0.114757 -1.334807 -8.145128 -0.000012 -0.000010 -0.000019 -0.000002 0.000000 0.000001 -0.082078 -0.067517 -0.015995 -44.549045 -2.353632 -9.623591 38.790041 -0.023125 1.482107 -7.174309 -2.129813 -0.513194 -1.129963 -5.050603 2.753354 0.000000 0.000000 0.000000 0.082078 -0.067517 -0.015995 -33.418343 9.036848 4.206198 40.336901 -0.466504 -1.406416 -12.656198 8.155955 -2.842276 -3.236704 -2.437809 -2.840204 -0.000000 0.000000 0.000000 
-0.027646 0.971063 -0.032677 11.926114 -1.076309 6.065977 0.000000 0.101816 0.001315 6.586630 -0.571523 -0.079740 13.181124 -0.815889 0.535624 13.181142 -0.815890 0.535627 -0.000000 0.167404 -0.020490 11.988470 -2.020670 -10.899063 -0.000000 0.096179 0.016850 18.516347 -1.661976 8.875152 0.000000 0.220374 0.075011 0.000001 0.000000 -0.000000 -0.045700 0.110149 -0.021608 -36.309422 20.046120 8.549338 -50.648766 12.727978 59.717075 -0.062037 117.825107 0.050690 -19.714890 2.798087 -1.858454 -0.024648 -0.015740 0.026819 -28.609564 -10.644838 0.170626 0.941256 -1.290250 0.235486 -0.026463 -0.015278 0.015278 -0.000012 0.000011 -0.000004 -0.019946 -0.011516 0.011516 0.000001 -0.000000 0.000004 -0.091083 -0.005179 0.022598 -3.993869 -6.999525 18.566597 0.402647 -1.732412 30.432143 0.000002 0.000003 -0.000004 0.000005 -0.000003 0.000002 -0.095325 -0.000000 -0.000000 1.179054 -4.694144 25.563340 -0.268809 1.048404 19.743929 -0.000001 -0.000002 0.000003 -0.000002 -0.000002 0.000004 -0.091036 -0.000431 -0.018651 -0.500101 -6.227274 31.110890 1.398941 0.254784 14.962554 -0.000007 0.000006 0.000010 0.000000 0.000001 -0.000000 -0.080767 -0.004867 -0.038063 2.384796 -6.017402 33.822325 -0.305293 1.288856 11.805839 0.000004 0.000002 0.000014 0.000003 -0.000001 0.000001 0.045704 0.110147 -0.021608 -19.976710 -20.178807 -4.945489 -60.136674 -6.589734 -59.846910 -1.310195 -131.285552 -0.984974 -11.345322 11.478176 15.769669 0.024661 -0.015762 0.026817 -48.512361 13.157078 -3.971846 5.849524 14.755445 1.800829 0.026479 -0.015287 0.015288 -0.000004 0.000014 -0.000013 0.019989 -0.011541 0.011541 -0.000002 0.000001 0.000001 0.091093 -0.005180 0.022599 -8.053861 8.573586 -26.955545 0.740316 1.852072 -22.932449 0.000002 -0.000003 0.000003 0.000002 -0.000003 0.000001 0.095334 0.000000 -0.000000 -0.697610 0.625157 -32.061731 -0.334579 -1.124272 -27.158350 -0.000001 -0.000001 0.000002 -0.000001 -0.000000 0.000001 0.091045 -0.000430 -0.018651 -1.376020 1.579523 -35.064159 -0.336758 -0.826046 -21.997114 0.000002 -0.000000 0.000001 0.000001 -0.000000 0.000002 0.080778 -0.004869 -0.038063 3.025536 -1.499669 -40.467385 -0.114743 -1.334810 -8.145135 -0.000011 -0.000013 -0.000012 -0.000001 0.000000 0.000003 -0.082078 -0.067517 -0.015995 -44.299965 -2.630883 -9.626988 38.517021 -0.044390 1.472234 -7.104062 -2.369913 -0.410761 -1.072531 -5.012996 2.784711 0.000000 0.000000 0.000000 0.082078 -0.067517 -0.015995 -33.509885 8.786190 4.295123 40.389538 -0.465886 -1.408760 -12.430413 7.937362 -2.721568 -3.389792 -2.456631 -2.897856 0.000000 -0.000000 0.000000 
-0.026461 0.971703 -0.032668 11.827966 -0.650918 5.766394 0.000000 0.101815 0.001315 6.546656 -0.539660 -0.103132 13.100326 -0.766049 0.467410 13.100316 -0.766050 0.467408 0.000000 0.167404 -0.020490 11.914637 -1.731775 -11.458129 0.000000 0.096179 0.016850 18.156231 -1.640577 9.454916 -0.000000 0.220374 0.075011 -0.000000 -0.000000 -0.000000 -0.045700 0.110149 -0.021608 -36.294604 20.032853 8.480157 -50.879080 12.915077 60.169513 -0.194891 117.699582 0.168673 -19.386358 3.140759 -1.740795 -0.024648 -0.015740 0.026819 -28.609554 -10.644839 0.170586 0.941262 -1.290256 0.235512 -0.026463 -0.015278 0.015278 -0.000007 0.000011 -0.000002 -0.019946 -0.011516 0.011516 0.000001 -0.000001 -0.000000 -0.091083 -0.005179 0.022598 -3.993856 -6.999520 18.566606 0.402640 -1.732412 30.432143 -0.000002 0.000003 -0.000007 0.000003 -0.000000 -0.000001 -0.095325 0.000000 -0.000000 1.179052 -4.694140 25.563334 -0.268820 1.048407 19.743946 0.000002 -0.000000 0.000002 0.000001 -0.000002 0.000002 -0.091036 -0.000431 -0.018651 -0.500103 -6.227274 31.110883 1.398948 0.254772 14.962549 -0.000010 0.000006 0.000012 -0.000001 -0.000001 0.000001 -0.080767 -0.004867 -0.038063 2.384815 -6.017411 33.822335 -0.305314 1.288888 11.805859 0.000002 0.000002 0.000014 0.000001 0.000001 0.000003 0.045704 0.110147 -0.021608 -19.991120 -20.189742 -5.010006 -60.486352 -6.509184 -59.459133 -1.303230 -131.301562 -0.979528 -11.528798 11.349836 15.636455 0.024661 -0.015762 0.026817 -48.512334 13.157076 -3.971843 5.849508 14.755445 1.800827 0.026479 -0.015288 0.015288 -0.000004 0.000011 -0.000009 0.019989 -0.011541 0.011541 -0.000000 -0.000001 -0.000000 0.091093 -0.005180 0.022599 -8.053847 8.573592 -26.955538 0.740338 1.852081 -22.932459 0.000003 0.000000 0.000001 0.000003 -0.000001 -0.000002 0.095334 0.000000 -0.000000 -0.697604 0.625150 -32.061741 -0.334574 -1.124254 -27.158311 -0.000001 -0.000001 0.000003 -0.000003 0.000000 0.000000 0.091045 -0.000430 -0.018651 -1.375994 1.579533 -35.064146 -0.336754 -0.826060 -21.997125 0.000000 -0.000000 -0.000001 -0.000000 -0.000000 -0.000001 0.080778 -0.004869 -0.038063 3.025546 -1.499675 -40.467358 -0.114731 -1.334793 -8.145135 -0.000012 -0.000012 -0.000013 -0.000001 -0.000001 0.000000 -0.082078 -0.067517 -0.015996 -44.031457 -2.890305 -9.650054 38.270633 -0.061310 1.463598 -7.026746 -2.629917 -0.257350 -1.097373 -4.977461 2.729219 0.000000 -0.000001 -0.000000 0.082078 -0.067517 -0.015996 -33.556450 8.533774 4.361756 40.430468 -0.466996 -1.410872 -12.242429 7.711126 -2.595904 -3.513545 -2.457436 -2.950289 -0.000000 0.000001 0.000000 
-0.025225 0.972297 -0.032599 11.696209 -0.201665 5.478213 0.000000 0.101815 0.001315 6.505968 -0.506416 -0.125650 13.018139 -0.712831 0.402608 13.018138 -0.712832 0.402607 -0.000000 0.167404 -0.020490 11.821926 -1.488997 -11.894343 0.000000 0.096178 0.016850 17.894139 -1.595802 9.889956 -0.000000 0.220374 0.075011 -0.000000 0.000000 -0.000000 -0.045700 0.110149 -0.021609 -36.282914 20.024581 8.427658 -51.057850 13.086173 60.525510 -0.327054 117.591952 0.286249 -19.154670 3.446944 -1.681105 -0.024648 -0.015740 0.026819 -28.609557 -10.644842 0.170619 0.941274 -1.290264 0.235503 -0.026463 -0.015278 0.015278 -0.000009 0.000010 -0.000002 -0.019946 -0.011516 0.011516 -0.000001 -0.000001 -0.000000 -0.091083 -0.005179 0.022598 -3.993873 -6.999541 18.566599 0.402657 -1.732413 30.432137 -0.000002 0.000001 -0.000005 -0.000000 0.000000 0.000003 -0.095325 0.000000 0.000000 1.179052 -4.694138 25.563352 -0.268806 1.048392 19.743937 -0.000001 -0.000000 0.000001 -0.000002 0.000000 0.000001 -0.091036 -0.000431 -0.018651 -0.500098 -6.227285 31.110890 1.398937 0.254783 14.962542 -0.000007 0.000007 0.000011 -0.000002 0.000000 0.000001 -0.080767 -0.004867 -0.038063 2.384807 -6.017414 33.822318 -0.305307 1.288871 11.805840 -0.000002 0.000001 0.000014 -0.000001 0.000000 0.000001 0.045704 0.110147 -0.021608 -20.001582 -20.184420 -5.044559 -60.789414 -6.438642 -59.149582 -1.297405 -131.324758 -0.974802 -11.664052 11.287781 15.514208 0.024661 -0.015762 0.026817 -48.512351 13.157089 -3.971863 5.849521 14.755468 1.800825 0.026479 -0.015287 0.015287 -0.000006 0.000018 -0.000010 0.019989 -0.011541 0.011541 -0.000001 -0.000003 -0.000000 0.091093 -0.005180 0.022599 -8.053848 8.573590 -26.955557 0.740334 1.852083 -22.932444 0.000000 -0.000001 0.000002 0.000003 -0.000002 0.000002 0.095334 -0.000000 0.000000 -0.697613 0.625145 -32.061758 -0.334580 -1.124260 -27.158309 -0.000000 -0.000001 0.000003 -0.000001 -0.000001 0.000003 0.091045 -0.000430 -0.018651 -1.376004 1.579538 -35.064169 -0.336755 -0.826064 -21.997121 -0.000001 -0.000001 0.000001 -0.000000 -0.000001 0.000000 0.080778 -0.004869 -0.038063 3.025532 -1.499677 -40.467385 -0.114737 -1.334796 -8.145127 -0.000012 -0.000012 -0.000017 0.000000 0.000000 -0.000003 -0.082078 -0.067517 -0.015995 -43.744804 -3.123899 -9.703907 38.063773 -0.062338 1.457470 -6.897012 -2.931162 0.027847 -1.247722 -4.946384 2.543483 -0.000000 0.000001 0.000000 0.082078 -0.067517 -0.015995 -33.556064 8.264253 4.397015 40.469147 -0.469370 -1.413005 -12.093019 7.495260 -2.456586 -3.602445 -2.416297 -3.008210 0.000000 0.000000 0.000000 
-0.023938 0.972855 -0.032471 11.536084 0.280828 5.199236 -0.000000 0.101816 0.001315 6.463164 -0.473244 -0.145630 12.931802 -0.658745 0.344907 12.931813 -0.658746 0.344907 0.000000 0.167404 -0.020490 11.718444 -1.288184 -12.233414 0.000000 0.096178 0.016850 17.726171 -1.539590 10.213809 0.000000 0.220374 0.075011 0.000003 0.000000 -0.000000 -0.045700 0.110149 -0.021608 -36.272952 20.016976 8.382426 -51.185257 13.242781 60.792358 -0.458491 117.505031 0.403313 -19.003927 3.705876 -1.673177 -0.024648 -0.015740 0.026819 -28.609548 -10.644842 0.170596 0.941273 -1.290257 0.235511 -0.026463 -0.015278 0.015278 -0.000003 0.000011 -0.000006 -0.019946 -0.011516 0.011516 -0.000005 -0.000004 -0.000002 -0.091083 -0.005179 0.022598 -3.993859 -6.999534 18.566602 0.402641 -1.732423 30.432123 0.000000 0.000003 -0.000007 0.000000 -0.000001 0.000002 -0.095325 -0.000000 -0.000000 1.179072 -4.694160 25.563334 -0.268820 1.048418 19.743929 -0.000002 -0.000000 -0.000001 -0.000002 -0.000000 0.000001 -0.091036 -0.000431 -0.018651 -0.500090 -6.227294 31.110890 1.398924 0.254775 14.962540 -0.000007 0.000006 0.000011 -0.000001 -0.000003 0.000003 -0.080767 -0.004867 -0.038063 2.384801 -6.017417 33.822325 -0.305291 1.288856 11.805846 0.000000 0.000001 0.000015 0.000001 -0.000001 0.000002 0.045704 0.110147 -0.021608 -20.010048 -20.170208 -5.063623 -61.037958 -6.382314 -58.895499 -1.293169 -131.352420 -0.971185 -11.773728 11.275443 15.420487 0.024661 -0.015762 0.026817 -48.512351 13.157070 -3.971851 5.849508 14.755449 1.800841 0.026479 -0.015287 0.015287 0.000000 0.000014 -0.000013 0.019989 -0.011541 0.011541 0.000000 0.000000 0.000003 0.091093 -0.005180 0.022599 -8.053851 8.573589 -26.955517 0.740311 1.852086 -22.932464 -0.000000 -0.000000 -0.000001 -0.000002 -0.000002 0.000001 0.095334 0.000000 -0.000000 -0.697617 0.625149 -32.061751 -0.334566 -1.124251 -27.158316 -0.000001 -0.000001 0.000002 -0.000001 -0.000001 0.000005 0.091045 -0.000430 -0.018651 -1.376023 1.579527 -35.064142 -0.336750 -0.826052 -21.997114 0.000000 -0.000000 -0.000000 -0.000002 -0.000001 0.000000 0.080778 -0.004869 -0.038063 3.025535 -1.499680 -40.467378 -0.114733 -1.334796 -8.145115 -0.000011 -0.000012 -0.000013 0.000001 0.000001 0.000001 -0.082078 -0.067517 -0.015995 -43.435061 -3.340006 -9.779746 37.887971 -0.061009 1.452531 -6.775654 -3.267509 0.347251 -1.426580 -4.915014 2.329581 0.000000 -0.000000 -0.000000 0.082078 -0.067517 -0.015995 -33.514994 7.962116 4.398030 40.503367 -0.473017 -1.415127 -11.971465 7.292362 -2.316526 -3.670162 -2.360491 -3.061698 -0.000000 0.000002 0.000000 
-0.022608 0.973372 -0.032289 11.346688 0.809240 4.927732 0.000000 0.101815 0.001315 6.417667 -0.441968 -0.160633 12.840151 -0.607132 0.299437 12.840161 -0.607131 0.299440 0.000000 0.167404 -0.020490 11.610625 -1.150725 -12.474233 0.000000 0.096178 0.016850 17.705995 -1.476428 10.398712 -0.000000 0.220374 0.075011 0.000001 0.000000 0.000000 -0.045700 0.110149 -0.021608 -36.262431 20.004169 8.329622 -51.238744 13.376201 60.969875 -0.589501 117.440950 0.520115 -18.952564 3.872397 -1.705357 -0.024648 -0.015740 0.026819 -28.609543 -10.644844 0.170610 0.941268 -1.290245 0.235474 -0.026463 -0.015278 0.015278 -0.000003 0.000010 -0.000000 -0.019946 -0.011516 0.011516 0.000004 -0.000001 0.000003 -0.091083 -0.005179 0.022598 -3.993849 -6.999557 18.566607 0.402646 -1.732393 30.432123 -0.000001 0.000002 -0.000004 0.000003 0.000000 0.000003 -0.095325 0.000000 -0.000000 1.179067 -4.694151 25.563334 -0.268823 1.048404 19.743946 0.000001 -0.000001 0.000003 0.000003 -0.000003 0.000003 -0.091036 -0.000431 -0.018651 -0.500083 -6.227288 31.110887 1.398926 0.254782 14.962545 -0.000007 0.000006 0.000012 0.000001 -0.000001 0.000001 -0.080767 -0.004867 -0.038063 2.384822 -6.017424 33.822311 -0.305318 1.288883 11.805867 0.000001 0.000001 0.000016 -0.000003 -0.000002 0.000003 0.045704 0.110147 -0.021608 -20.019489 -20.158286 -5.088386 -61.183605 -6.343174 -58.679883 -1.290917 -131.399890 -0.968798 -11.870043 11.335229 15.407966 0.024661 -0.015762 0.026817 -48.512354 13.157089 -3.971857 5.849534 14.755447 1.800806 0.026479 -0.015287 0.015287 -0.000004 0.000016 -0.000013 0.019989 -0.011541 0.011541 0.000003 0.000008 0.000003 0.091093 -0.005180 0.022599 -8.053856 8.573598 -26.955541 0.740331 1.852075 -22.932457 0.000003 -0.000001 -0.000002 0.000001 -0.000000 0.000001 0.095334 0.000000 0.000000 -0.697599 0.625153 -32.061758 -0.334580 -1.124274 -27.158323 0.000002 -0.000000 0.000001 0.000003 -0.000001 0.000002 0.091045 -0.000430 -0.018651 -1.376022 1.579537 -35.064176 -0.336739 -0.826057 -21.997126 -0.000002 -0.000000 -0.000000 -0.000000 0.000000 -0.000002 0.080778 -0.004869 -0.038063 3.025545 -1.499675 -40.467389 -0.114749 -1.334801 -8.145119 -0.000013 -0.000012 -0.000012 -0.000002 -0.000000 0.000001 -0.082078 -0.067517 -0.015996 -43.100519 -3.538491 -9.878824 37.744725 -0.055865 1.448952 -6.662254 -3.653652 0.702808 -1.638276 -4.882734 2.082703 0.000000 0.000000 -0.000000 0.082078 -0.067517 -0.015995 -33.435876 7.603565 4.357361 40.536339 -0.477608 -1.417303 -11.871613 7.115216 -2.183598 -3.724574 -2.298825 -3.106625 -0.000000 -0.000000 0.000000 
-0.021217 0.973867 -0.032059 11.138683 1.382590 4.664376 -0.000000 0.101815 0.001315 6.368325 -0.412389 -0.171468 12.740972 -0.557645 0.264463 12.740985 -0.557644 0.264465 0.000000 0.167404 -0.020490 11.499832 -1.048714 -12.630792 0.000000 0.096179 0.016850 17.772866 -1.407698 10.500763 -0.000000 0.220374 0.075011 0.000002 0.000000 -0.000000 -0.045700 0.110149 -0.021608 -36.253087 19.987514 8.277068 -51.234864 13.492381 61.061010 -0.718944 117.404436 0.635424 -18.968231 3.990315 -1.794806 -0.024648 -0.015740 0.026819 -28.609566 -10.644834 0.170604 0.941261 -1.290259 0.235487 -0.026463 -0.015278 0.015278 -0.000004 0.000010 -0.000003 -0.019946 -0.011516 0.011516 0.000006 -0.000003 0.000001 -0.091083 -0.005179 0.022598 -3.993875 -6.999533 18.566602 0.402657 -1.732423 30.432133 0.000000 0.000002 -0.000007 -0.000000 0.000001 0.000000 -0.095325 0.000000 -0.000000 1.179047 -4.694143 25.563335 -0.268810 1.048402 19.743934 -0.000002 -0.000000 0.000002 -0.000001 -0.000000 0.000001 -0.091036 -0.000431 -0.018651 -0.500102 -6.227285 31.110887 1.398947 0.254783 14.962535 -0.000008 0.000006 0.000013 0.000001 -0.000003 0.000004 -0.080767 -0.004867 -0.038063 2.384803 -6.017423 33.822335 -0.305299 1.288873 11.805863 -0.000002 0.000002 0.000016 0.000001 -0.000001 0.000003 0.045704 0.110147 -0.021608 -20.028683 -20.143312 -5.109386 -61.274638 -6.328509 -58.502551 -1.291018 -131.444532 -0.968211 -11.958361 11.434560 15.427551 0.024661 -0.015762 0.026817 -48.512347 13.157083 -3.971851 5.849519 14.755473 1.800825 0.026479 -0.015287 0.015287 -0.000001 0.000013 -0.000011 0.019989 -0.011541 0.011541 -0.000002 0.000000 -0.000002 0.091093 -0.005180 0.022599 -8.053856 8.573598 -26.955545 0.740330 1.852073 -22.932435 0.000003 -0.000001 0.000005 0.000003 -0.000002 0.000001 0.095334 0.000000 -0.000000 -0.697609 0.625146 -32.061738 -0.334576 -1.124249 -27.158313 0.000001 -0.000000 0.000001 0.000001 0.000000 0.000002 0.091045 -0.000430 -0.018651 -1.375993 1.579520 -35.064156 -0.336770 -0.826060 -21.997118 0.000000 -0.000001 0.000001 0.000001 -0.000001 0.000000 0.080778 -0.004869 -0.038063 3.025539 -1.499682 -40.467382 -0.114749 -1.334793 -8.145124 -0.000009 -0.000011 -0.000012 -0.000001 -0.000000 0.000006 -0.082078 -0.067517 -0.015995 -42.745516 -3.728521 -9.999210 37.622229 -0.052719 1.445886 -6.573930 -4.074916 1.056345 -1.835534 -4.850052 1.853831 0.000000 0.000000 0.000000 0.082078 -0.067517 -0.015995 -33.327222 7.197975 4.278810 40.560908 -0.483176 -1.419349 -11.784971 6.951070 -2.062637 -3.774801 -2.262796 -3.136533 -0.000000 0.000000 0.000000 
-0.019758 0.974353 -0.031783 10.920927 2.008976 4.409583 -0.000000 0.101816 0.001315 6.313647 -0.385821 -0.177826 12.631176 -0.512367 0.241612 12.631163 -0.512367 0.241611 -0.000000 0.167404 -0.020490 11.392072 -0.965498 -12.720046 -0.000000 0.096179 0.016850 17.892123 -1.341798 10.565431 -0.000000 0.220374 0.075011 -0.000001 0.000000 -0.000000 -0.045700 0.110149 -0.021609 -36.245041 19.964368 8.222566 -51.180605 13.594160 61.068954 -0.846211 117.400802 0.748685 -19.027642 4.080544 -1.951980 -0.024648 -0.015740 0.026819 -28.609564 -10.644833 0.170608 0.941264 -1.290257 0.235479 -0.026463 -0.015278 0.015278 -0.000006 0.000008 -0.000008 -0.019946 -0.011516 0.011516 -0.000003 -0.000006 -0.000002 -0.091083 -0.005179 0.022598 -3.993883 -6.999515 18.566597 0.402648 -1.732430 30.432133 -0.000003 0.000003 -0.000004 -0.000000 0.000002 -0.000002 -0.095325 0.000000 0.000000 1.179044 -4.694139 25.563344 -0.268809 1.048401 19.743949 0.000004 0.000003 -0.000000 0.000001 0.000001 -0.000001 -0.091036 -0.000431 -0.018651 -0.500106 -6.227267 31.110890 1.398926 0.254775 14.962552 -0.000007 0.000007 0.000011 -0.000002 0.000000 0.000001 -0.080767 -0.004867 -0.038063 2.384793 -6.017408 33.822322 -0.305293 1.288871 11.805850 0.000000 -0.000000 0.000014 0.000003 -0.000001 -0.000002 0.045704 0.110147 -0.021608 -20.038283 -20.127085 -5.131043 -61.335488 -6.348030 -58.352676 -1.293760 -131.471511 -0.969850 -12.051301 11.549986 15.458547 0.024661 -0.015762 0.026817 -48.512358 13.157078 -3.971851 5.849513 14.755485 1.800814 0.026479 -0.015287 0.015288 -0.000006 0.000013 -0.000014 0.019989 -0.011541 0.011541 -0.000002 0.000000 0.000003 0.091093 -0.005180 0.022599 -8.053853 8.573593 -26.955545 0.740326 1.852086 -22.932451 0.000001 -0.000000 0.000002 0.000002 -0.000001 -0.000001 0.095334 0.000000 0.000000 -0.697610 0.625142 -32.061738 -0.334589 -1.124256 -27.158319 -0.000002 0.000000 0.000000 -0.000000 -0.000000 0.000000 0.091045 -0.000430 -0.018651 -1.375999 1.579523 -35.064159 -0.336756 -0.826057 -21.997111 -0.000001 -0.000001 0.000002 0.000001 -0.000001 0.000001 0.080778 -0.004869 -0.038063 3.025546 -1.499680 -40.467372 -0.114744 -1.334792 -8.145130 -0.000011 -0.000012 -0.000012 -0.000000 0.000001 -0.000000 -0.082078 -0.067517 -0.015995 -42.366980 -3.922593 -10.130415 37.511546 -0.073952 1.441217 -6.604201 -4.513877 1.260039 -1.827884 -4.816578 1.845344 0.000000 0.000001 -0.000000 0.082078 -0.067517 -0.015995 -33.196707 6.737369 4.158555 40.571218 -0.489960 -1.421124 -11.702940 6.797458 -1.963136 -3.831770 -2.292301 -3.142151 0.000000 0.000001 0.000000 
-0.018221 0.974845 -0.031473 10.697926 2.672947 4.161656 0.000000 0.101815 0.001315 6.254315 -0.359787 -0.181211 12.512117 -0.467382 0.225942 12.512134 -0.467383 0.225942 -0.000000 0.167404 -0.020490 11.284045 -0.888765 -12.731193 0.000000 0.096179 0.016850 18.040280 -1.269180 10.597798 -0.000000 0.220374 0.075011 0.000002 0.000000 0.000000 -0.045700 0.110149 -0.021608 -36.240608 19.940789 8.181154 -51.082503 13.682214 60.993009 -0.969763 117.430363 0.858418 -19.121844 4.166439 -2.185243 -0.024648 -0.015740 0.026819 -28.609555 -10.644833 0.170615 0.941262 -1.290254 0.235487 -0.026463 -0.015278 0.015278 -0.000003 0.000010 -0.000007 -0.019946 -0.011516 0.011516 0.000001 -0.000001 -0.000000 -0.091083 -0.005179 0.022598 -3.993859 -6.999536 18.566573 0.402647 -1.732413 30.432130 0.000001 0.000000 -0.000003 0.000003 -0.000000 0.000001 -0.095325 0.000000 0.000000 1.179051 -4.694151 25.563334 -0.268803 1.048407 19.743927 0.000001 -0.000000 -0.000001 0.000001 0.000001 -0.000002 -0.091036 -0.000431 -0.018651 -0.500109 -6.227277 31.110876 1.398941 0.254771 14.962535 -0.000007 0.000005 0.000013 0.000001 -0.000003 0.000003 -0.080767 -0.004867 -0.038063 2.384808 -6.017410 33.822322 -0.305309 1.288870 11.805843 -0.000002 0.000003 0.000012 0.000002 -0.000001 0.000001 0.045704 0.110147 -0.021608 -20.045620 -20.099438 -5.133501 -61.389214 -6.397435 -58.245080 -1.299307 -131.472836 -0.973994 -12.139099 11.676507 15.468516 0.024661 -0.015762 0.026817 -48.512351 13.157088 -3.971848 5.849518 14.755444 1.800836 0.026479 -0.015287 0.015288 -0.000005 0.000014 -0.000016 0.019989 -0.011541 0.011541 0.000000 -0.000003 0.000003 0.091093 -0.005180 0.022599 -8.053872 8.573607 -26.955538 0.740326 1.852079 -22.932447 0.000002 0.000001 0.000003 0.000003 -0.000002 0.000000 0.095334 0.000000 -0.000000 -0.697611 0.625157 -32.061751 -0.334573 -1.124272 -27.158319 0.000001 -0.000002 0.000001 0.000001 -0.000001 0.000001 0.091045 -0.000430 -0.018651 -1.376001 1.579533 -35.064159 -0.336760 -0.826064 -21.997126 0.000000 -0.000000 0.000000 0.000002 -0.000000 0.000001 0.080778 -0.004869 -0.038063 3.025539 -1.499671 -40.467378 -0.114753 -1.334805 -8.145130 -0.000009 -0.000011 -0.000013 0.000001 -0.000001 0.000004 -0.082078 -0.067517 -0.015995 -41.976218 -4.118549 -10.281268 37.405623 -0.095857 1.436656 -6.641265 -4.973434 1.470947 -1.821909 -4.787857 1.838688 -0.000000 0.000001 -0.000000 0.082078 -0.067517 -0.015995 -33.049329 6.249373 4.012648 40.566491 -0.497340 -1.422555 -11.623181 6.636905 -1.879014 -3.894883 -2.371698 -3.127429 0.000000 0.000000 0.000000 
-0.016593 0.975362 -0.031137 10.477929 3.369750 3.920293 0.000000 0.101816 0.001315 6.189935 -0.333023 -0.183067 12.383018 -0.420440 0.214115 12.383013 -0.420444 0.214115 0.000000 0.167404 -0.020490 11.176209 -0.799937 -12.650229 -0.000000 0.096179 0.016850 18.177128 -1.182973 10.617644 -0.000000 0.220374 0.075011 0.000002 0.000000 0.000000 -0.045700 0.110149 -0.021608 -36.242189 19.920382 8.165271 -50.945742 13.756146 60.826386 -1.088245 117.498556 0.963231 -19.236331 4.284920 -2.516250 -0.024648 -0.015740 0.026819 -28.609559 -10.644852 0.170606 0.941256 -1.290239 0.235488 -0.026463 -0.015278 0.015278 -0.000005 0.000011 -0.000006 -0.019946 -0.011516 0.011516 0.000001 -0.000001 0.000003 -0.091083 -0.005179 0.022598 -3.993863 -6.999531 18.566594 0.402654 -1.732426 30.432130 -0.000002 0.000001 -0.000006 -0.000001 -0.000001 0.000002 -0.095325 0.000000 0.000000 1.179057 -4.694140 25.563339 -0.268805 1.048399 19.743927 0.000002 0.000002 -0.000002 0.000002 0.000002 -0.000002 -0.091036 -0.000431 -0.018651 -0.500102 -6.227276 31.110887 1.398938 0.254771 14.962552 -0.000007 0.000006 0.000012 -0.000001 -0.000002 0.000003 -0.080767 -0.004867 -0.038063 2.384819 -6.017413 33.822322 -0.305305 1.288878 11.805845 -0.000001 0.000002 0.000014 -0.000001 0.000000 0.000002 0.045704 0.110147 -0.021608 -20.048359 -20.051378 -5.099568 -61.472775 -6.481812 -58.196033 -1.307949 -131.430448 -0.981139 -12.212819 11.801315 15.408654 0.024661 -0.015762 0.026817 -48.512371 13.157086 -3.971849 5.849532 14.755473 1.800828 0.026479 -0.015288 0.015288 -0.000006 0.000014 -0.000011 0.019989 -0.011541 0.011541 0.000003 0.000001 0.000001 0.091093 -0.005180 0.022599 -8.053847 8.573592 -26.955558 0.740319 1.852083 -22.932444 -0.000000 0.000002 0.000000 0.000002 -0.000002 -0.000002 0.095334 0.000000 -0.000000 -0.697620 0.625151 -32.061751 -0.334571 -1.124260 -27.158316 -0.000001 -0.000000 0.000001 -0.000001 -0.000000 0.000001 0.091045 -0.000430 -0.018651 -1.376012 1.579534 -35.064146 -0.336759 -0.826065 -21.997119 -0.000002 -0.000000 -0.000002 -0.000002 0.000001 -0.000001 0.080778 -0.004869 -0.038063 3.025527 -1.499672 -40.467385 -0.114736 -1.334795 -8.145133 -0.000011 -0.000012 -0.000013 -0.000000 -0.000000 0.000005 -0.082078 -0.067517 -0.015995 -41.577930 -4.324119 -10.452056 37.293243 -0.118807 1.431808 -6.678106 -5.439854 1.688975 -1.818157 -4.766353 1.834210 0.000000 0.000001 0.000000 0.082078 -0.067517 -0.015995 -32.892036 5.753970 3.850098 40.540998 -0.505298 -1.423486 -11.539558 6.450779 -1.810062 -3.968981 -2.514478 -3.090011 -0.000000 0.000000 0.000000 
-0.014888 0.975898 -0.030779 10.257802 4.075503 3.680610 0.000000 0.101816 0.001315 6.122305 -0.303663 -0.184214 12.247368 -0.368540 0.203042 12.247366 -0.368541 0.203043 -0.000000 0.167403 -0.020490 11.063780 -0.701335 -12.502908 0.000000 0.096178 0.016850 18.317946 -1.084062 10.626538 -0.000000 0.220374 0.075011 -0.000000 0.000000 -0.000000 -0.045700 0.110149 -0.021608 -36.249494 19.908193 8.179748 -50.781825 13.822187 60.591011 -1.200972 117.594889 1.062545 -19.364261 4.415987 -2.915629 -0.024648 -0.015740 0.026819 -28.609566 -10.644859 0.170593 0.941253 -1.290242 0.235494 -0.026463 -0.015278 0.015278 -0.000006 0.000011 -0.000006 -0.019946 -0.011516 0.011516 -0.000000 -0.000003 0.000001 -0.091083 -0.005179 0.022598 -3.993864 -6.999546 18.566592 0.402658 -1.732409 30.432147 0.000000 0.000004 -0.000005 -0.000000 0.000001 -0.000002 -0.095325 0.000000 -0.000000 1.179065 -4.694147 25.563335 -0.268828 1.048403 19.743934 -0.000001 -0.000001 0.000001 0.000001 -0.000001 0.000001 -0.091036 -0.000431 -0.018651 -0.500081 -6.227285 31.110876 1.398936 0.254785 14.962542 -0.000007 0.000007 0.000010 0.000002 -0.000001 0.000003 -0.080767 -0.004867 -0.038063 2.384811 -6.017423 33.822345 -0.305298 1.288875 11.805845 -0.000001 0.000002 0.000014 -0.000000 -0.000001 0.000005 0.045704 0.110147 -0.021608 -20.046204 -19.981078 -5.026427 -61.569033 -6.583060 -58.190671 -1.319212 -131.359701 -0.990623 -12.282751 11.924338 15.307977 0.024661 -0.015762 0.026817 -48.512351 13.157071 -3.971860 5.849519 14.755456 1.800836 0.026479 -0.015287 0.015288 -0.000006 0.000014 -0.000013 0.019989 -0.011541 0.011541 0.000001 -0.000001 -0.000000 0.091093 -0.005180 0.022599 -8.053853 8.573591 -26.955528 0.740328 1.852074 -22.932447 0.000001 0.000001 0.000003 0.000001 0.000001 0.000000 0.095334 0.000000 -0.000000 -0.697600 0.625147 -32.061738 -0.334581 -1.124250 -27.158302 -0.000002 0.000000 0.000001 -0.000002 0.000000 -0.000000 0.091045 -0.000430 -0.018651 -1.375996 1.579532 -35.064142 -0.336766 -0.826062 -21.997116 0.000002 -0.000000 -0.000000 0.000002 -0.000000 0.000001 0.080778 -0.004869 -0.038063 3.025534 -1.499675 -40.467361 -0.114742 -1.334784 -8.145116 -0.000011 -0.000012 -0.000015 0.000000 0.000000 -0.000002 -0.082078 -0.067517 -0.015995 -41.168091 -4.536248 -10.625829 37.172123 -0.143324 1.426555 -6.711959 -5.902259 1.912727 -1.815907 -4.752157 1.830985 0.000000 -0.000001 0.000000 0.082078 -0.067517 -0.015995 -32.725400 5.265589 3.688754 40.505546 -0.513420 -1.424194 -11.456570 6.240895 -1.750451 -4.049973 -2.673421 -3.038178 0.000000 0.000000 0.000000 
-0.013115 0.976456 -0.030402 10.037530 4.769689 3.437228 0.000000 0.101815 0.001315 6.052784 -0.269206 -0.186139 12.107882 -0.307453 0.188120 12.107873 -0.307455 0.188119 -0.000000 0.167404 -0.020490 10.941046 -0.586739 -12.293864 0.000000 0.096179 0.016850 18.459010 -0.966728 10.627061 0.000000 0.220374 0.075011 0.000001 0.000000 0.000000 -0.045700 0.110149 -0.021608 -36.264073 19.909875 8.236138 -50.599626 13.884286 60.296288 -1.306951 117.714171 1.155437 -19.497427 4.563206 -3.375063 -0.024648 -0.015740 0.026819 -28.609552 -10.644846 0.170624 0.941270 -1.290249 0.235491 -0.026463 -0.015278 0.015278 -0.000006 0.000011 -0.000004 -0.019946 -0.011516 0.011516 0.000003 -0.000001 -0.000000 -0.091083 -0.005179 0.022598 -3.993865 -6.999523 18.566601 0.402647 -1.732426 30.432133 -0.000001 0.000002 -0.000003 0.000000 -0.000003 0.000001 -0.095325 0.000000 -0.000000 1.179056 -4.694137 25.563340 -0.268821 1.048390 19.743934 0.000000 -0.000002 0.000004 0.000004 -0.000003 0.000003 -0.091036 -0.000431 -0.018651 -0.500083 -6.227288 31.110904 1.398936 0.254787 14.962552 -0.000005 0.000008 0.000011 0.000003 -0.000002 0.000001 -0.080767 -0.004867 -0.038063 2.384812 -6.017419 33.822335 -0.305306 1.288865 11.805840 -0.000001 0.000000 0.000016 -0.000001 -0.000001 0.000003 0.045704 0.110147 -0.021608 -20.037316 -19.879914 -4.898432 -61.681663 -6.689216 -58.230839 -1.332929 -131.263409 -1.002415 -12.349506 12.042002 15.164183 0.024661 -0.015762 0.026817 -48.512351 13.157077 -3.971855 5.849546 14.755466 1.800811 0.026479 -0.015287 0.015287 -0.000009 0.000011 -0.000012 0.019989 -0.011541 0.011541 0.000000 0.000004 0.000001 0.091093 -0.005180 0.022599 -8.053857 8.573595 -26.955546 0.740323 1.852082 -22.932449 -0.000001 -0.000000 0.000002 -0.000001 -0.000000 0.000001 0.095334 0.000000 0.000000 -0.697599 0.625160 -32.061758 -0.334572 -1.124277 -27.158302 -0.000002 0.000000 0.000001 -0.000002 -0.000000 0.000001 0.091045 -0.000430 -0.018651 -1.376004 1.579535 -35.064142 -0.336759 -0.826046 -21.997125 0.000005 -0.000000 0.000000 0.000005 -0.000000 0.000001 0.080778 -0.004869 -0.038063 3.025540 -1.499667 -40.467382 -0.114737 -1.334797 -8.145130 -0.000009 -0.000012 -0.000010 -0.000001 0.000001 0.000003 -0.082078 -0.067517 -0.015995 -40.744233 -4.756113 -10.789061 37.035543 -0.169778 1.420644 -6.738154 -6.345424 2.144263 -1.815203 -4.747648 1.828674 0.000000 -0.000000 0.000000 0.082078 -0.067517 -0.015995 -32.552152 4.807042 3.548944 40.467150 -0.521431 -1.424875 -11.374338 5.996485 -1.695147 -4.137393 -2.808199 -2.977707 -0.000000 0.000000 0.000000 
-0.011281 0.977022 -0.030015 9.814700 5.438218 3.189745 0.000000 0.101816 0.001315 5.982378 -0.230285 -0.188083 11.966625 -0.238458 0.170644 11.966608 -0.238461 0.170645 -0.000000 0.167404 -0.020490 10.810654 -0.462773 -12.072170 0.000000 0.096178 0.016850 18.616831 -0.843619 10.635876 -0.000000 0.220374 0.075011 -0.000002 0.000000 -0.000000 -0.045700 0.110149 -0.021609 -36.283280 19.927080 8.326350 -50.412189 13.948962 59.972783 -1.406515 117.845611 1.242293 -19.625364 4.693117 -3.852949 -0.024648 -0.015740 0.026819 -28.609554 -10.644837 0.170619 0.941257 -1.290247 0.235477 -0.026463 -0.015278 0.015278 -0.000004 0.000008 -0.000006 -0.019946 -0.011516 0.011516 0.000004 -0.000005 -0.000000 -0.091083 -0.005179 0.022598 -3.993860 -6.999519 18.566601 0.402646 -1.732428 30.432147 0.000000 0.000001 -0.000004 0.000004 -0.000002 0.000002 -0.095325 0.000000 0.000000 1.179074 -4.694145 25.563346 -0.268811 1.048405 19.743949 0.000002 -0.000001 0.000003 0.000001 -0.000001 0.000004 -0.091036 -0.000431 -0.018651 -0.500084 -6.227276 31.110894 1.398930 0.254788 14.962549 -0.000007 0.000006 0.000008 -0.000001 -0.000004 0.000004 -0.080767 -0.004867 -0.038063 2.384815 -6.017409 33.822335 -0.305302 1.288864 11.805856 0.000001 0.000002 0.000013 0.000003 -0.000001 -0.000000 0.045704 0.110147 -0.021608 -20.024511 -19.759263 -4.736439 -61.785420 -6.786728 -58.282728 -1.348200 -131.161379 -1.015478 -12.433222 12.151888 15.022757 0.024661 -0.015762 0.026817 -48.512365 13.157094 -3.971833 5.849527 14.755444 1.800827 0.026479 -0.015288 0.015288 -0.000007 0.000014 -0.000011 0.019989 -0.011541 0.011541 0.000003 -0.000000 -0.000002 0.091093 -0.005180 0.022599 -8.053850 8.573596 -26.955535 0.740317 1.852072 -22.932461 -0.000001 -0.000000 0.000003 -0.000000 -0.000001 -0.000001 0.095334 0.000000 0.000000 -0.697606 0.625170 -32.061745 -0.334590 -1.124269 -27.158316 0.000001 -0.000000 0.000001 0.000001 0.000000 0.000000 0.091045 -0.000430 -0.018651 -1.375999 1.579547 -35.064156 -0.336773 -0.826069 -21.997113 0.000000 -0.000000 0.000000 0.000001 -0.000001 0.000002 0.080778 -0.004869 -0.038063 3.025536 -1.499664 -40.467382 -0.114741 -1.334801 -8.145132 -0.000011 -0.000012 -0.000012 0.000000 0.000001 -0.000003 -0.082078 -0.067517 -0.015995 -40.306005 -4.976483 -10.932553 36.885299 -0.197485 1.414187 -6.755849 -6.769192 2.379110 -1.814338 -4.748121 1.825835 0.000000 0.000001 0.000000 0.082078 -0.067517 -0.015995 -32.371521 4.373537 3.432381 40.432999 -0.529400 -1.425736 -11.297182 5.737120 -1.643498 -4.229438 -2.912553 -2.911415 0.000000 -0.000000 0.000000 
-0.009401 0.977583 -0.029623 9.585675 6.058065 2.932934 0.000000 0.101816 0.001315 5.912736 -0.186201 -0.190117 11.826847 -0.160708 0.148992 11.826852 -0.160710 0.148992 -0.000000 0.167404 -0.020490 10.667499 -0.330716 -11.885675 0.000000 0.096179 0.016850 18.809530 -0.722348 10.670318 -0.000000 0.220374 0.075011 -0.000001 -0.000000 0.000001 -0.045700 0.110149 -0.021608 -36.305987 19.965188 8.451785 -50.237817 14.027224 59.650112 -1.499813 117.976478 1.323395 -19.734853 4.775029 -4.308631 -0.024648 -0.015740 0.026819 -28.609548 -10.644837 0.170621 0.941256 -1.290247 0.235497 -0.026463 -0.015278 0.015278 -0.000006 0.000010 -0.000009 -0.019946 -0.011516 0.011516 0.000000 -0.000006 0.000003 -0.091083 -0.005179 0.022598 -3.993863 -6.999534 18.566607 0.402644 -1.732415 30.432140 -0.000002 0.000000 -0.000004 0.000001 0.000002 0.000004 -0.095325 0.000000 -0.000000 1.179065 -4.694140 25.563349 -0.268816 1.048411 19.743931 -0.000001 0.000000 -0.000001 0.000001 0.000000 -0.000003 -0.091036 -0.000431 -0.018651 -0.500095 -6.227280 31.110883 1.398924 0.254779 14.962561 -0.000008 0.000005 0.000012 0.000001 -0.000004 0.000002 -0.080767 -0.004867 -0.038063 2.384821 -6.017420 33.822335 -0.305291 1.288876 11.805865 0.000000 0.000001 0.000013 -0.000003 0.000000 0.000001 0.045704 0.110147 -0.021608 -20.009128 -19.622775 -4.548107 -61.859343 -6.856427 -58.315711 -1.364074 -131.073079 -1.028833 -12.555629 12.249521 14.926957 0.024661 -0.015762 0.026817 -48.512354 13.157075 -3.971859 5.849529 14.755466 1.800813 0.026479 -0.015288 0.015288 -0.000008 0.000011 -0.000009 0.019989 -0.011541 0.011541 0.000001 -0.000003 0.000002 0.091093 -0.005180 0.022599 -8.053850 8.573586 -26.955546 0.740324 1.852072 -22.932442 -0.000001 -0.000001 -0.000000 -0.000001 -0.000001 0.000001 0.095334 0.000000 0.000000 -0.697607 0.625147 -32.061748 -0.334588 -1.124255 -27.158314 0.000002 0.000000 0.000000 0.000002 -0.000000 -0.000002 0.091045 -0.000430 -0.018651 -1.376012 1.579535 -35.064176 -0.336758 -0.826070 -21.997121 -0.000000 -0.000000 0.000000 0.000001 -0.000000 0.000001 0.080778 -0.004869 -0.038063 3.025537 -1.499685 -40.467389 -0.114747 -1.334801 -8.145122 -0.000010 -0.000012 -0.000013 -0.000000 0.000001 0.000001 -0.082078 -0.067517 -0.015995 -39.848362 -5.190810 -11.037556 36.717017 -0.226944 1.407080 -6.761243 -7.166758 2.603290 -1.836972 -4.751874 1.795055 0.000000 0.000001 -0.000000 0.082078 -0.067517 -0.015995 -32.184302 3.970623 3.352998 40.415954 -0.537302 -1.427138 -11.230082 5.474209 -1.593139 -4.324899 -2.955759 -2.844535 -0.000000 0.000000 0.000000 
-0.007463 0.978132 -0.029246 9.353371 6.635986 2.674536 -0.000000 0.101815 0.001315 5.843486 -0.138435 -0.190877 11.687838 -0.076328 0.127285 11.687833 -0.076329 0.127285 0.000000 0.167404 -0.020490 10.530325 -0.198373 -11.742825 0.000000 0.096179 0.016850 19.028195 -0.611219 10.731166 0.000000 0.220374 0.075011 0.000001 0.000000 -0.000000 -0.045700 0.110149 -0.021608 -36.329489 20.018461 8.595510 -50.069634 14.109602 59.340513 -1.586861 118.107536 1.398768 -19.825649 4.804799 -4.730178 -0.024648 -0.015740 0.026819 -28.609566 -10.644839 0.170600 0.941272 -1.290259 0.235507 -0.026463 -0.015278 0.015278 -0.000003 0.000013 -0.000005 -0.019946 -0.011516 0.011516 0.000001 -0.000005 -0.000000 -0.091083 -0.005179 0.022598 -3.993863 -6.999527 18.566604 0.402649 -1.732421 30.432143 -0.000001 0.000000 -0.000003 -0.000000 -0.000000 -0.000002 -0.095325 0.000000 -0.000000 1.179058 -4.694144 25.563342 -0.268808 1.048408 19.743937 -0.000001 0.000001 0.000001 -0.000000 0.000000 0.000001 -0.091036 -0.000431 -0.018651 -0.500103 -6.227285 31.110887 1.398962 0.254779 14.962554 -0.000006 0.000005 0.000010 0.000000 -0.000003 0.000002 -0.080767 -0.004867 -0.038063 2.384817 -6.017410 33.822332 -0.305312 1.288877 11.805852 -0.000001 0.000003 0.000012 -0.000000 -0.000003 0.000006 0.045704 0.110147 -0.021608 -19.993675 -19.485100 -4.357020 -61.894348 -6.903008 -58.321920 -1.380036 -131.002591 -1.041952 -12.712445 12.337841 14.880388 0.024661 -0.015762 0.026817 -48.512361 13.157078 -3.971859 5.849531 14.755457 1.800835 0.026479 -0.015287 0.015288 -0.000007 0.000013 -0.000012 0.019989 -0.011541 0.011541 0.000001 -0.000003 -0.000002 0.091093 -0.005180 0.022599 -8.053852 8.573582 -26.955548 0.740333 1.852092 -22.932447 0.000000 -0.000001 0.000001 0.000002 -0.000002 -0.000000 0.095334 0.000000 -0.000000 -0.697600 0.625157 -32.061734 -0.334583 -1.124270 -27.158321 0.000000 -0.000000 -0.000001 -0.000000 0.000000 -0.000001 0.091045 -0.000430 -0.018651 -1.376002 1.579529 -35.064156 -0.336756 -0.826058 -21.997111 0.000000 -0.000000 0.000000 -0.000001 -0.000000 0.000003 0.080778 -0.004869 -0.038063 3.025528 -1.499677 -40.467372 -0.114732 -1.334786 -8.145122 -0.000010 -0.000011 -0.000015 -0.000000 0.000002 -0.000002 -0.082078 -0.067517 -0.015995 -39.393010 -5.394739 -11.119572 36.554855 -0.254554 1.400232 -6.731244 -7.539523 2.830387 -1.855603 -4.752751 1.762794 0.000000 -0.000000 -0.000000 0.082078 -0.067517 -0.015995 -31.990690 3.590320 3.294999 40.409342 -0.545404 -1.428897 -11.174068 5.221610 -1.545235 -4.420925 -2.970501 -2.774057 -0.000000 0.000001 0.000000 
-0.005459 0.978659 -0.028904 9.118530 7.168091 2.417882 0.000000 0.101816 0.001315 5.774801 -0.088661 -0.188855 11.549970 0.011647 0.108911 11.549979 0.011647 0.108912 -0.000000 0.167404 -0.020490 10.411286 -0.071256 -11.680620 0.000000 0.096178 0.016850 19.275914 -0.521055 10.831637 0.000000 0.220374 0.075011 -0.000001 0.000000 -0.000000 -0.045700 0.110149 -0.021608 -36.350543 20.086055 8.744495 -49.912587 14.196612 59.069026 -1.668321 118.232104 1.469119 -19.890653 4.762329 -5.086830 -0.024648 -0.015740 0.026819 -28.609569 -10.644837 0.170625 0.941269 -1.290242 0.235492 -0.026463 -0.015278 0.015278 -0.000003 0.000010 -0.000004 -0.019946 -0.011516 0.011516 0.000003 -0.000003 0.000001 -0.091083 -0.005179 0.022598 -3.993860 -6.999539 18.566606 0.402655 -1.732409 30.432133 0.000000 0.000002 -0.000007 0.000001 -0.000001 -0.000002 -0.095325 -0.000000 -0.000000 1.179064 -4.694143 25.563337 -0.268831 1.048421 19.743953 0.000000 0.000000 0.000001 -0.000000 -0.000001 0.000001 -0.091036 -0.000431 -0.018651 -0.500110 -6.227273 31.110907 1.398947 0.254757 14.962547 -0.000007 0.000006 0.000011 0.000000 -0.000001 0.000000 -0.080767 -0.004867 -0.038063 2.384808 -6.017411 33.822315 -0.305296 1.288877 11.805848 0.000001 0.000002 0.000013 0.000001 0.000000 0.000004 0.045704 0.110147 -0.021608 -19.980912 -19.361660 -4.188262 -61.872553 -6.920769 -58.272647 -1.395199 -130.964561 -1.054022 -12.914978 12.417783 14.911925 0.024661 -0.015762 0.026817 -48.512344 13.157083 -3.971847 5.849529 14.755449 1.800815 0.026479 -0.015288 0.015288 -0.000010 0.000011 -0.000010 0.019989 -0.011541 0.011541 0.000001 0.000005 -0.000002 0.091093 -0.005180 0.022599 -8.053846 8.573593 -26.955540 0.740330 1.852081 -22.932454 0.000000 -0.000001 0.000000 0.000002 -0.000001 -0.000002 0.095334 0.000000 -0.000000 -0.697595 0.625156 -32.061758 -0.334575 -1.124269 -27.158304 -0.000000 0.000000 0.000000 0.000001 -0.000000 -0.000000 0.091045 -0.000430 -0.018651 -1.375993 1.579535 -35.064159 -0.336761 -0.826072 -21.997135 0.000001 -0.000001 0.000003 0.000000 0.000000 0.000002 0.080778 -0.004869 -0.038063 3.025533 -1.499680 -40.467389 -0.114726 -1.334776 -8.145101 -0.000012 -0.000011 -0.000012 0.000001 -0.000000 0.000003 -0.082078 -0.067517 -0.015995 -38.935422 -5.587747 -11.181052 36.388164 -0.280897 1.393321 -6.684987 -7.876419 3.055821 -1.868057 -4.744208 1.727080 0.000000 0.000001 0.000000 0.082078 -0.067517 -0.015995 -31.790965 3.225578 3.250533 40.412368 -0.554024 -1.430994 -11.131512 4.997983 -1.500928 -4.515161 -2.974801 -2.698670 -0.000000 -0.000001 0.000000 
-0.003398 0.979160 -0.028607 8.884540 7.662291 2.170001 -0.000000 0.101815 0.001315 5.706479 -0.035493 -0.184404 11.412863 0.106650 0.094397 11.412869 0.106651 0.094398 -0.000000 0.167404 -0.020490 10.327169 0.044092 -11.662095 0.000000 0.096178 0.016850 19.534922 -0.451056 10.952778 -0.000000 0.220374 0.075011 0.000001 -0.000000 0.000001 -0.045700 0.110149 -0.021608 -36.368971 20.158504 8.888461 -49.749148 14.269601 58.826937 -1.743468 118.359884 1.533680 -19.937133 4.665382 -5.394614 -0.024648 -0.015740 0.026819 -28.609559 -10.644840 0.170599 0.941250 -1.290247 0.235492 -0.026463 -0.015278 0.015278 -0.000004 0.000006 -0.000005 -0.019946 -0.011516 0.011516 0.000001 -0.000001 -0.000000 -0.091083 -0.005179 0.022598 -3.993873 -6.999533 18.566613 0.402646 -1.732434 30.432137 -0.000002 0.000000 -0.000003 -0.000000 0.000002 -0.000000 -0.095325 0.000000 -0.000000 1.179061 -4.694141 25.563351 -0.268806 1.048390 19.743942 -0.000002 0.000001 0.000000 -0.000001 0.000000 0.000000 -0.091036 -0.000431 -0.018651 -0.500099 -6.227281 31.110876 1.398940 0.254770 14.962552 -0.000007 0.000008 0.000010 0.000000 -0.000001 0.000004 -0.080767 -0.004867 -0.038063 2.384803 -6.017421 33.822322 -0.305298 1.288871 11.805846 -0.000002 0.000002 0.000015 -0.000000 -0.000002 0.000001 0.045704 0.110147 -0.021608 -19.970314 -19.254341 -4.042724 -61.799395 -6.921388 -58.199858 -1.409736 -130.946898 -1.065282 -13.138248 12.491068 14.988973 0.024661 -0.015762 0.026817 -48.512351 13.157092 -3.971848 5.849527 14.755463 1.800827 0.026479 -0.015288 0.015288 -0.000007 0.000016 -0.000010 0.019989 -0.011541 0.011541 0.000001 0.000003 0.000001 0.091093 -0.005180 0.022599 -8.053855 8.573592 -26.955555 0.740331 1.852083 -22.932437 -0.000001 0.000001 -0.000002 0.000001 0.000001 -0.000002 0.095334 -0.000000 -0.000000 -0.697605 0.625160 -32.061755 -0.334592 -1.124281 -27.158302 0.000001 -0.000000 0.000001 0.000003 -0.000001 -0.000001 0.091045 -0.000430 -0.018651 -1.376011 1.579533 -35.064149 -0.336759 -0.826061 -21.997128 0.000001 -0.000000 -0.000001 0.000001 0.000000 -0.000000 0.080778 -0.004869 -0.038063 3.025534 -1.499680 -40.467378 -0.114739 -1.334787 -8.145122 -0.000011 -0.000011 -0.000012 0.000000 0.000000 -0.000003 -0.082078 -0.067517 -0.015995 -38.476628 -5.768263 -11.228418 36.210706 -0.307271 1.386074 -6.636367 -8.205522 3.272589 -1.870192 -4.726581 1.694901 0.000000 -0.000000 0.000000 0.082078 -0.067517 -0.015995 -31.587695 2.878597 3.210191 40.420394 -0.563360 -1.433296 -11.101702 4.800341 -1.458669 -4.605064 -2.980641 -2.618680 -0.000000 0.000001 0.000000 
-0.001272 0.979631 -0.028373 8.655256 8.125328 1.938144 -0.000000 0.101816 0.001315 5.638073 0.021384 -0.176832 11.275589 0.210024 0.086450 11.275590 0.210028 0.086450 0.000000 0.167403 -0.020490 10.302653 0.140907 -11.668329 0.000000 0.096179 0.016850 19.785007 -0.403009 11.082398 -0.000000 0.220374 0.075011 -0.000000 -0.000000 0.000000 -0.045700 0.110149 -0.021608 -36.383093 20.228143 9.012540 -49.561328 14.311110 58.615796 -1.811958 118.497334 1.592078 -19.969668 4.527808 -5.659449 -0.024648 -0.015740 0.026819 -28.609555 -10.644846 0.170608 0.941271 -1.290244 0.235509 -0.026463 -0.015278 0.015278 -0.000008 0.000011 -0.000004 -0.019946 -0.011516 0.011516 0.000003 -0.000006 0.000001 -0.091083 -0.005179 0.022598 -3.993857 -6.999531 18.566607 0.402650 -1.732421 30.432140 -0.000001 0.000000 -0.000004 -0.000001 -0.000001 -0.000003 -0.095325 0.000000 0.000000 1.179057 -4.694148 25.563352 -0.268808 1.048404 19.743936 0.000000 -0.000001 -0.000001 -0.000000 0.000002 -0.000001 -0.091036 -0.000431 -0.018651 -0.500091 -6.227271 31.110887 1.398941 0.254755 14.962547 -0.000005 0.000008 0.000009 0.000001 -0.000004 0.000002 -0.080767 -0.004867 -0.038063 2.384827 -6.017421 33.822332 -0.305296 1.288881 11.805846 -0.000001 0.000000 0.000013 -0.000001 -0.000004 0.000003 0.045704 0.110147 -0.021608 -19.962824 -19.172964 -3.933592 -61.779409 -6.958760 -58.109597 -1.422475 -131.024680 -1.073636 -13.218474 12.713665 15.111679 0.024661 -0.015762 0.026817 -48.512351 13.157085 -3.971861 5.849534 14.755464 1.800838 0.026479 -0.015288 0.015287 -0.000011 0.000009 -0.000014 0.019989 -0.011541 0.011541 -0.000000 0.000004 0.000001 0.091093 -0.005180 0.022599 -8.053851 8.573586 -26.955528 0.740320 1.852095 -22.932449 -0.000001 -0.000001 0.000001 0.000000 -0.000001 0.000003 0.095334 0.000000 -0.000000 -0.697603 0.625150 -32.061751 -0.334578 -1.124254 -27.158316 -0.000001 -0.000000 0.000001 -0.000003 0.000000 0.000002 0.091045 -0.000430 -0.018651 -1.375990 1.579531 -35.064163 -0.336762 -0.826065 -21.997111 0.000002 -0.000001 0.000000 0.000002 -0.000001 0.000001 0.080778 -0.004869 -0.038063 3.025536 -1.499678 -40.467385 -0.114745 -1.334794 -8.145124 -0.000009 -0.000012 -0.000013 0.000000 0.000002 0.000001 -0.082078 -0.067517 -0.015995 -38.024216 -5.936985 -11.271648 36.022455 -0.334132 1.378467 -6.587352 -8.544507 3.472498 -1.859178 -4.696574 1.669306 -0.000000 -0.000001 -0.000000 0.082078 -0.067517 -0.015995 -31.382776 2.546613 3.160894 40.426435 -0.573704 -1.435604 -11.084017 4.634655 -1.418534 -4.687595 -3.010348 -2.532259 0.000000 -0.000000 0.000000 
0.000877 0.980059 -0.028191 8.430693 8.555649 1.724898 -0.000000 0.101815 0.001315 5.570660 0.083564 -0.167861 11.140326 0.324955 0.082002 11.140312 0.324957 0.082002 0.000000 0.167404 -0.020490 10.324878 0.213017 -11.682924 0.000000 0.096179 0.016850 20.036824 -0.381490 11.213923 -0.000000 0.220374 0.075011 -0.000002 -0.000000 0.000000 -0.045700 0.110149 -0.021608 -36.394526 20.288906 9.117416 -49.355101 14.318090 58.429639 -1.872914 118.648008 1.643464 -19.989413 4.341131 -5.881208 -0.024648 -0.015740 0.026819 -28.609557 -10.644838 0.170619 0.941264 -1.290249 0.235497 -0.026463 -0.015278 0.015278 -0.000003 0.000006 -0.000010 -0.019946 -0.011516 0.011516 0.000000 -0.000011 0.000002 -0.091083 -0.005179 0.022598 -3.993852 -6.999532 18.566613 0.402645 -1.732418 30.432130 -0.000002 0.000001 -0.000003 -0.000002 0.000001 -0.000000 -0.095325 0.000000 0.000000 1.179069 -4.694150 25.563323 -0.268810 1.048411 19.743956 -0.000002 -0.000002 -0.000001 -0.000003 -0.000001 0.000002 -0.091036 -0.000431 -0.018651 -0.500081 -6.227285 31.110887 1.398947 0.254771 14.962537 -0.000005 0.000003 0.000014 -0.000002 -0.000000 0.000003 -0.080767 -0.004867 -0.038063 2.384820 -6.017412 33.822318 -0.305299 1.288882 11.805845 -0.000001 0.000002 0.000015 -0.000003 -0.000002 -0.000000 0.045704 0.110147 -0.021608 -19.957113 -19.109136 -3.848444 -61.497302 -6.900692 -58.050939 -1.436956 -130.950805 -1.085765 -13.583406 12.623673 15.210661 0.024661 -0.015762 0.026817 -48.512344 13.157091 -3.971848 5.849525 14.755456 1.800817 0.026479 -0.015287 0.015287 -0.000006 0.000011 -0.000015 0.019989 -0.011541 0.011541 -0.000006 -0.000000 -0.000002 0.091093 -0.005180 0.022599 -8.053861 8.573598 -26.955538 0.740341 1.852088 -22.932454 0.000001 -0.000001 0.000002 -0.000001 -0.000001 0.000001 0.095334 0.000000 -0.000000 -0.697615 0.625152 -32.061751 -0.334578 -1.124254 -27.158314 -0.000001 0.000000 0.000002 -0.000000 -0.000001 0.000000 0.091045 -0.000430 -0.018651 -1.375993 1.579547 -35.064152 -0.336768 -0.826065 -21.997125 0.000000 -0.000002 0.000002 0.000001 -0.000003 0.000002 0.080778 -0.004869 -0.038063 3.025545 -1.499667 -40.467392 -0.114743 -1.334800 -8.145117 -0.000009 -0.000012 -0.000014 -0.000000 0.000002 -0.000003 -0.082078 -0.067517 -0.015995 -37.578369 -6.083291 -11.306436 35.827255 -0.361892 1.370595 -6.547096 -8.913744 3.655666 -1.832343 -4.658496 1.656315 0.000000 0.000001 0.000000 0.082078 -0.067517 -0.015995 -31.179527 2.236802 3.105492 40.436325 -0.584979 -1.438092 -11.077700 4.492859 -1.376884 -4.762901 -3.050035 -2.445065 0.000000 0.000000 0.000000 
0.003022 0.980434 -0.028057 8.212467 8.954438 1.535375 0.000000 0.101815 0.001315 5.504920 0.153586 -0.158633 11.008376 0.456823 0.079607 11.008374 0.456823 0.079606 -0.000000 0.167404 -0.020490 10.397055 0.253030 -11.676987 0.000000 0.096179 0.016850 20.287018 -0.389240 11.333920 -0.000000 0.220374 0.075011 0.000001 -0.000001 0.000001 -0.045700 0.110149 -0.021608 -36.404164 20.330943 9.196007 -49.122376 14.276826 58.263945 -1.925440 118.819405 1.686938 -20.000134 4.110187 -6.067619 -0.024648 -0.015740 0.026819 -28.609550 -10.644840 0.170623 0.941257 -1.290254 0.235477 -0.026463 -0.015278 0.015278 -0.000004 0.000010 -0.000006 -0.019946 -0.011516 0.011516 -0.000000 -0.000006 0.000001 -0.091083 -0.005179 0.022598 -3.993857 -6.999529 18.566609 0.402655 -1.732424 30.432123 0.000000 0.000002 -0.000003 -0.000001 0.000001 0.000002 -0.095325 0.000000 -0.000000 1.179062 -4.694146 25.563330 -0.268812 1.048420 19.743948 0.000002 0.000000 0.000001 0.000001 -0.000001 0.000004 -0.091036 -0.000431 -0.018651 -0.500081 -6.227279 31.110894 1.398934 0.254785 14.962554 -0.000005 0.000009 0.000012 0.000001 0.000001 0.000002 -0.080767 -0.004867 -0.038063 2.384818 -6.017418 33.822318 -0.305307 1.288879 11.805865 0.000002 0.000001 0.000013 0.000001 -0.000002 0.000003 0.045704 0.110147 -0.021608 -19.952581 -19.059995 -3.781998 -60.501720 -6.606365 -58.123332 -1.459451 -130.411056 -1.111748 -14.614699 11.616110 15.202659 0.024661 -0.015762 0.026817 -48.512351 13.157080 -3.971878 5.849536 14.755452 1.800842 0.026479 -0.015288 0.015287 -0.000009 0.000011 -0.000011 0.019989 -0.011541 0.011541 0.000001 -0.000001 0.000001 0.091093 -0.005180 0.022599 -8.053864 8.573594 -26.955541 0.740341 1.852087 -22.932446 -0.000001 0.000000 -0.000002 -0.000001 0.000001 -0.000002 0.095334 0.000000 -0.000000 -0.697601 0.625156 -32.061755 -0.334587 -1.124271 -27.158319 -0.000001 -0.000001 0.000002 -0.000000 -0.000002 0.000001 0.091045 -0.000430 -0.018651 -1.375996 1.579528 -35.064156 -0.336771 -0.826069 -21.997111 -0.000001 -0.000001 -0.000002 0.000001 -0.000001 0.000000 0.080778 -0.004869 -0.038063 3.025542 -1.499677 -40.467382 -0.114748 -1.334798 -8.145130 -0.000009 -0.000012 -0.000015 0.000000 -0.000000 0.000002 -0.082078 -0.067517 -0.015995 -37.140629 -6.198949 -11.332536 35.625597 -0.392607 1.362327 -6.528031 -9.341862 3.817555 -1.784583 -4.613936 1.665060 0.000000 0.000001 0.000000 0.082078 -0.067517 -0.015995 -30.981267 1.956071 3.041495 40.451461 -0.597282 -1.440815 -11.081059 4.368528 -1.330235 -4.830656 -3.096192 -2.360853 0.000000 0.000000 0.000000 
0.005124 0.980738 -0.027961 7.999938 9.319961 1.369422 -0.000000 0.101816 0.001315 5.441882 0.228974 -0.150239 10.881839 0.600464 0.077161 10.881848 0.600470 0.077160 0.000000 0.167404 -0.020490 10.493805 0.257567 -11.668461 0.000000 0.096179 0.016850 20.557397 -0.434246 11.451283 0.000000 0.220374 0.075011 0.000002 0.000000 -0.000001 -0.045700 0.110149 -0.021608 -36.413084 20.357918 9.256651 -48.887871 14.201748 58.116113 -1.969438 119.006129 1.722529 -19.998587 3.808813 -6.201164 -0.024648 -0.015740 0.026819 -28.609567 -10.644844 0.170613 0.941259 -1.290262 0.235499 -0.026463 -0.015278 0.015278 -0.000004 0.000010 -0.000006 -0.019946 -0.011516 0.011516 -0.000001 0.000000 0.000001 -0.091083 -0.005179 0.022598 -3.993872 -6.999516 18.566611 0.402641 -1.732420 30.432133 -0.000002 0.000004 -0.000004 -0.000001 0.000004 -0.000000 -0.095325 -0.000000 -0.000000 1.179058 -4.694141 25.563349 -0.268820 1.048415 19.743941 -0.000002 0.000001 -0.000001 0.000001 0.000000 -0.000002 -0.091036 -0.000431 -0.018651 -0.500094 -6.227278 31.110907 1.398947 0.254778 14.962547 -0.000008 0.000006 0.000010 -0.000001 -0.000004 0.000001 -0.080767 -0.004867 -0.038063 2.384801 -6.017409 33.822345 -0.305294 1.288868 11.805848 0.000003 0.000001 0.000012 0.000001 -0.000004 -0.000000 0.045704 0.110147 -0.021608 -19.948792 -19.018675 -3.726147 -59.308090 -6.159054 -58.184817 -1.482302 -129.679160 -1.141343 -16.283285 10.278872 15.123531 0.024661 -0.015762 0.026817 -48.512344 13.157094 -3.971852 5.849518 14.755451 1.800841 0.026479 -0.015287 0.015288 -0.000007 0.000014 -0.000013 0.019989 -0.011541 0.011541 0.000004 -0.000000 0.000002 0.091093 -0.005180 0.022599 -8.053847 8.573604 -26.955545 0.740332 1.852065 -22.932449 -0.000003 0.000001 -0.000003 -0.000001 -0.000000 -0.000001 0.095334 -0.000000 0.000000 -0.697607 0.625154 -32.061758 -0.334587 -1.124262 -27.158319 0.000001 0.000000 0.000001 0.000001 0.000000 0.000001 0.091045 -0.000430 -0.018651 -1.375988 1.579535 -35.064173 -0.336773 -0.826074 -21.997130 -0.000001 -0.000001 0.000001 -0.000002 -0.000001 -0.000000 0.080778 -0.004869 -0.038063 3.025528 -1.499680 -40.467385 -0.114732 -1.334778 -8.145112 -0.000011 -0.000010 -0.000015 0.000001 0.000000 0.000000 -0.082078 -0.067517 -0.015995 -36.723858 -6.276009 -11.349388 35.440585 -0.421113 1.354762 -6.511801 -9.821420 3.957130 -1.720731 -4.567612 1.688733 0.000000 -0.000001 -0.000000 0.082078 -0.067517 -0.015995 -30.791490 1.702334 2.971165 40.479663 -0.610502 -1.443994 -11.096356 4.262588 -1.278129 -4.890061 -3.139661 -2.283004 -0.000000 -0.000001 0.000000 
0.007146 0.980951 -0.027897 7.792594 9.651545 1.228759 -0.000000 0.101815 0.001315 5.382993 0.309574 -0.143749 10.763620 0.755571 0.072842 10.763620 0.755570 0.072842 -0.000000 0.167404 -0.020490 10.591658 0.220337 -11.662601 -0.000000 0.096179 0.016850 20.868858 -0.526107 11.571636 -0.000000 0.220374 0.075011 -0.000002 -0.000000 0.000000 -0.045700 0.110149 -0.021608 -36.423176 20.366140 9.302071 -48.670504 14.100065 57.985082 -2.004438 119.206540 1.749854 -19.982065 3.413546 -6.268319 -0.024648 -0.015740 0.026819 -28.609548 -10.644834 0.170620 0.941253 -1.290254 0.235488 -0.026463 -0.015278 0.015278 -0.000003 0.000010 -0.000004 -0.019946 -0.011516 0.011516 0.000002 -0.000003 0.000001 -0.091083 -0.005179 0.022598 -3.993851 -6.999525 18.566618 0.402655 -1.732417 30.432120 -0.000002 0.000004 -0.000003 0.000002 -0.000004 0.000002 -0.095325 0.000000 0.000000 1.179073 -4.694141 25.563323 -0.268808 1.048398 19.743934 0.000000 -0.000001 0.000001 0.000001 -0.000003 -0.000000 -0.091036 -0.000431 -0.018651 -0.500075 -6.227287 31.110897 1.398933 0.254788 14.962554 -0.000007 0.000005 0.000012 -0.000001 -0.000001 0.000002 -0.080767 -0.004867 -0.038063 2.384811 -6.017417 33.822335 -0.305284 1.288884 11.805843 -0.000003 0.000002 0.000013 -0.000001 -0.000001 0.000002 0.045704 0.110147 -0.021608 -19.945418 -18.978121 -3.672109 -58.316661 -5.512286 -58.062994 -1.496595 -128.921419 -1.164879 -19.049881 8.998368 14.969299 0.024661 -0.015762 0.026817 -48.512351 13.157083 -3.971848 5.849529 14.755456 1.800823 0.026479 -0.015287 0.015287 -0.000006 0.000011 -0.000014 0.019989 -0.011541 0.011541 -0.000002 -0.000004 -0.000000 0.091093 -0.005180 0.022599 -8.053849 8.573597 -26.955548 0.740324 1.852082 -22.932463 -0.000001 -0.000001 0.000002 0.000001 -0.000001 0.000001 0.095334 -0.000000 0.000000 -0.697600 0.625145 -32.061758 -0.334596 -1.124260 -27.158314 0.000002 0.000000 0.000001 0.000003 -0.000001 0.000002 0.091045 -0.000430 -0.018651 -1.375996 1.579534 -35.064149 -0.336772 -0.826065 -21.997118 -0.000000 -0.000001 0.000000 -0.000002 -0.000000 0.000001 0.080778 -0.004869 -0.038063 3.025538 -1.499684 -40.467378 -0.114750 -1.334782 -8.145115 -0.000011 -0.000011 -0.000015 0.000001 0.000001 -0.000002 -0.082078 -0.067517 -0.015995 -36.354201 -6.302917 -11.358900 35.312826 -0.442312 1.349604 -6.455246 -10.359607 4.069011 -1.675808 -4.523472 1.689460 0.000000 0.000000 -0.000000 0.082078 -0.067517 -0.015995 -30.615664 1.477210 2.895830 40.534840 -0.623432 -1.447933 -11.145022 4.172428 -1.217433 -4.896330 -3.169918 -2.214353 -0.000000 -0.000001 0.000000 
0.009058 0.981066 -0.027864 7.591901 9.947400 1.112730 0.000000 0.101816 0.001315 5.327922 0.390969 -0.140512 10.653066 0.913093 0.064124 10.653054 0.913088 0.064125 -0.000000 0.167403 -0.020490 10.687453 0.142514 -11.667631 0.000000 0.096179 0.016850 21.220653 -0.661681 11.693055 0.000000 0.220374 0.075011 -0.000002 -0.000000 -0.000000 -0.045700 0.110149 -0.021608 -36.433394 20.367896 9.341748 -48.479494 13.979736 57.861415 -2.030864 119.416896 1.769351 -19.952653 2.921221 -6.265375 -0.024648 -0.015740 0.026819 -28.609555 -10.644842 0.170618 0.941256 -1.290247 0.235497 -0.026463 -0.015278 0.015278 -0.000002 0.000010 -0.000004 -0.019946 -0.011516 0.011516 0.000004 -0.000004 -0.000004 -0.091083 -0.005179 0.022598 -3.993855 -6.999526 18.566609 0.402643 -1.732413 30.432120 -0.000002 0.000000 -0.000004 -0.000004 0.000002 -0.000000 -0.095325 0.000000 0.000000 1.179066 -4.694150 25.563340 -0.268813 1.048415 19.743954 0.000002 -0.000001 0.000001 0.000001 -0.000001 0.000003 -0.091036 -0.000431 -0.018651 -0.500086 -6.227278 31.110890 1.398943 0.254776 14.962564 -0.000007 0.000006 0.000012 0.000002 -0.000004 0.000002 -0.080767 -0.004867 -0.038063 2.384820 -6.017418 33.822332 -0.305300 1.288877 11.805864 -0.000002 0.000002 0.000015 -0.000000 -0.000003 0.000003 0.045704 0.110147 -0.021608 -19.942202 -18.936003 -3.617424 -57.414386 -4.909417 -57.942134 -1.512956 -128.150536 -1.190252 -21.834699 7.773736 14.782616 0.024661 -0.015762 0.026817 -48.512354 13.157079 -3.971848 5.849533 14.755464 1.800821 0.026479 -0.015287 0.015288 -0.000003 0.000016 -0.000009 0.019989 -0.011541 0.011541 0.000000 0.000004 0.000001 0.091093 -0.005180 0.022599 -8.053854 8.573589 -26.955529 0.740336 1.852092 -22.932456 -0.000003 -0.000000 0.000001 -0.000001 -0.000001 -0.000002 0.095334 0.000000 -0.000000 -0.697595 0.625162 -32.061758 -0.334582 -1.124263 -27.158316 0.000000 0.000000 0.000001 0.000000 -0.000000 0.000002 0.091045 -0.000430 -0.018651 -1.375998 1.579538 -35.064173 -0.336753 -0.826056 -21.997107 -0.000000 0.000000 0.000000 0.000000 -0.000001 -0.000000 0.080778 -0.004869 -0.038063 3.025538 -1.499677 -40.467382 -0.114740 -1.334798 -8.145114 -0.000009 -0.000010 -0.000013 -0.000001 0.000002 -0.000004 -0.082078 -0.067517 -0.015995 -36.010762 -6.278613 -11.354156 35.211661 -0.456702 1.345981 -6.402125 -10.933886 4.129809 -1.649822 -4.486153 1.669190 0.000000 -0.000000 -0.000000 0.082078 -0.067517 -0.015995 -30.455072 1.276541 2.815795 40.613295 -0.636993 -1.452605 -11.212582 4.102370 -1.151331 -4.882493 -3.191293 -2.155761 -0.000000 -0.000000 0.000000 
0.010856 0.981069 -0.027842 7.399491 10.204751 1.019004 0.000000 0.101816 0.001315 5.276673 0.469751 -0.141043 10.550262 1.065303 0.049030 10.550263 1.065299 0.049032 -0.000000 0.167404 -0.020490 10.765012 0.023506 -11.699464 0.000000 0.096179 0.016850 21.623172 -0.844218 11.822909 0.000000 0.220374 0.075011 0.000002 -0.000000 0.000000 -0.045700 0.110149 -0.021608 -36.444151 20.372651 9.386696 -48.334209 13.854383 57.736375 -2.049027 119.632689 1.781479 -19.909050 2.314975 -6.181616 -0.024648 -0.015740 0.026819 -28.609557 -10.644847 0.170626 0.941263 -1.290249 0.235482 -0.026463 -0.015278 0.015278 -0.000006 0.000004 -0.000007 -0.019946 -0.011516 0.011516 0.000003 -0.000000 -0.000004 -0.091083 -0.005179 0.022598 -3.993845 -6.999540 18.566618 0.402636 -1.732407 30.432120 -0.000003 0.000003 -0.000006 -0.000001 -0.000000 -0.000003 -0.095325 0.000000 0.000000 1.179068 -4.694143 25.563327 -0.268813 1.048396 19.743939 0.000001 0.000001 0.000001 0.000001 -0.000001 -0.000000 -0.091036 -0.000431 -0.018651 -0.500082 -6.227278 31.110887 1.398933 0.254776 14.962562 -0.000007 0.000005 0.000012 -0.000001 -0.000001 0.000001 -0.080767 -0.004867 -0.038063 2.384814 -6.017412 33.822328 -0.305305 1.288897 11.805845 -0.000001 0.000002 0.000012 -0.000001 -0.000003 0.000002 0.045704 0.110147 -0.021608 -19.938907 -18.887082 -3.555604 -56.624324 -4.677313 -58.024820 -1.541464 -127.400759 -1.225039 -23.679199 6.697662 14.659025 0.024661 -0.015762 0.026817 -48.512341 13.157089 -3.971863 5.849510 14.755447 1.800819 0.026479 -0.015287 0.015288 -0.000007 0.000013 -0.000009 0.019989 -0.011541 0.011541 -0.000000 -0.000000 -0.000002 0.091093 -0.005180 0.022599 -8.053858 8.573592 -26.955529 0.740326 1.852088 -22.932447 0.000001 0.000001 0.000000 -0.000001 0.000001 -0.000001 0.095334 0.000000 0.000000 -0.697602 0.625148 -32.061738 -0.334584 -1.124265 -27.158311 0.000000 0.000000 0.000001 -0.000003 0.000000 0.000002 0.091045 -0.000430 -0.018651 -1.376014 1.579533 -35.064149 -0.336751 -0.826052 -21.997111 0.000003 -0.000000 0.000000 0.000004 -0.000001 0.000001 0.080778 -0.004869 -0.038063 3.025536 -1.499678 -40.467378 -0.114751 -1.334795 -8.145123 -0.000011 -0.000012 -0.000010 -0.000001 -0.000000 0.000002 -0.082078 -0.067517 -0.015995 -35.688199 -6.182831 -11.395985 35.221435 -0.406117 1.351086 -6.429347 -11.587044 4.387265 -1.625961 -4.459753 1.640683 0.000000 0.000001 0.000000 0.082078 -0.067517 -0.015995 -30.311645 1.097035 2.732467 40.716783 -0.651338 -1.458083 -11.294108 4.055980 -1.080222 -4.869124 -3.201429 -2.109158 -0.000000 -0.000001 0.000000 
0.012518 0.980966 -0.027819 7.214590 10.425174 0.952004 -0.000000 0.101815 0.001315 5.229835 0.543947 -0.147425 10.456376 1.208033 0.023814 10.456374 1.208028 0.023814 -0.000000 0.167404 -0.020490 10.838564 -0.138013 -11.740352 -0.000000 0.096178 0.016850 22.063577 -1.064061 11.940431 0.000000 0.220374 0.075010 0.000002 -0.000000 0.000001 -0.045700 0.110149 -0.021608 -36.453751 20.385297 9.434678 -48.223349 13.714206 57.606833 -2.059028 119.854548 1.786286 -19.858645 1.612299 -6.024845 -0.024648 -0.015740 0.026819 -28.609567 -10.644827 0.170613 0.941279 -1.290264 0.235492 -0.026463 -0.015278 0.015278 -0.000005 0.000010 -0.000007 -0.019946 -0.011516 0.011516 0.000003 -0.000004 0.000005 -0.091083 -0.005179 0.022598 -3.993866 -6.999520 18.566618 0.402647 -1.732419 30.432120 -0.000002 0.000003 -0.000005 -0.000000 -0.000003 -0.000000 -0.095325 0.000000 0.000000 1.179062 -4.694136 25.563334 -0.268817 1.048410 19.743958 0.000000 -0.000003 0.000004 -0.000000 -0.000004 0.000003 -0.091036 -0.000431 -0.018651 -0.500096 -6.227274 31.110876 1.398947 0.254779 14.962557 -0.000008 0.000006 0.000011 -0.000001 0.000000 0.000002 -0.080767 -0.004867 -0.038063 2.384819 -6.017412 33.822325 -0.305311 1.288880 11.805869 -0.000002 0.000004 0.000014 -0.000000 -0.000004 0.000003 0.045704 0.110147 -0.021608 -19.936023 -18.833241 -3.489652 -55.941203 -4.513995 -58.084776 -1.569079 -126.775633 -1.257311 -24.680574 5.864333 14.447332 0.024661 -0.015762 0.026817 -48.512334 13.157071 -3.971857 5.849525 14.755449 1.800817 0.026479 -0.015287 0.015287 -0.000006 0.000009 -0.000009 0.019989 -0.011541 0.011541 0.000002 0.000003 -0.000000 0.091093 -0.005180 0.022599 -8.053848 8.573590 -26.955531 0.740330 1.852079 -22.932447 0.000001 -0.000000 0.000000 0.000004 0.000000 -0.000000 0.095334 0.000000 -0.000000 -0.697584 0.625147 -32.061748 -0.334581 -1.124265 -27.158316 -0.000001 -0.000000 0.000001 -0.000001 0.000000 0.000001 0.091045 -0.000430 -0.018651 -1.375996 1.579524 -35.064152 -0.336748 -0.826051 -21.997113 0.000001 -0.000000 -0.000001 0.000002 -0.000000 0.000000 0.080778 -0.004869 -0.038063 3.025555 -1.499692 -40.467399 -0.114742 -1.334787 -8.145129 -0.000010 -0.000012 -0.000013 0.000002 -0.000001 0.000007 -0.082078 -0.067517 -0.015995 -35.393603 -5.976120 -11.516144 35.431060 -0.279293 1.368440 -6.588316 -12.250866 4.860756 -1.370597 -4.445767 1.868511 -0.000000 0.000000 -0.000000 0.082078 -0.067517 -0.015995 -30.183494 0.939043 2.641823 40.842414 -0.666240 -1.464263 -11.384556 4.032407 -1.005653 -4.860119 -3.210453 -2.074334 -0.000000 0.000000 0.000000 
0.013970 0.980741 -0.027801 7.037692 10.607694 0.916218 0.000000 0.101816 0.001315 5.187338 0.609421 -0.163714 10.371322 1.334383 -0.015100 10.371313 1.334387 -0.015101 -0.000000 0.167404 -0.020490 10.916490 -0.342331 -11.781170 0.000000 0.096179 0.016850 22.531390 -1.315497 12.032644 -0.000000 0.220374 0.075011 0.000003 -0.000001 0.000000 -0.045700 0.110149 -0.021608 -36.460236 20.415936 9.489894 -48.144071 13.556078 57.462375 -2.061184 120.082895 1.784090 -19.807419 0.822039 -5.800108 -0.024648 -0.015740 0.026819 -28.609548 -10.644847 0.170625 0.941262 -1.290254 0.235502 -0.026463 -0.015278 0.015278 -0.000002 0.000010 -0.000006 -0.019946 -0.011516 0.011516 -0.000002 0.000000 -0.000001 -0.091083 -0.005179 0.022598 -3.993865 -6.999522 18.566607 0.402661 -1.732426 30.432130 -0.000002 0.000001 -0.000005 -0.000001 0.000001 0.000001 -0.095325 0.000000 0.000000 1.179055 -4.694133 25.563347 -0.268811 1.048398 19.743949 0.000001 0.000001 0.000001 0.000003 -0.000003 -0.000001 -0.091036 -0.000431 -0.018651 -0.500097 -6.227273 31.110904 1.398938 0.254772 14.962559 -0.000007 0.000004 0.000011 0.000002 -0.000000 0.000001 -0.080767 -0.004867 -0.038063 2.384814 -6.017403 33.822342 -0.305301 1.288877 11.805846 -0.000003 0.000001 0.000016 -0.000002 -0.000000 0.000003 0.045704 0.110147 -0.021608 -19.933438 -18.773779 -3.419633 -55.368000 -4.199122 -57.935379 -1.584735 -126.450598 -1.275216 -24.399357 5.461151 13.984995 0.024661 -0.015762 0.026817 -48.512354 13.157075 -3.971836 5.849529 14.755463 1.800820 0.026479 -0.015287 0.015288 -0.000008 0.000014 -0.000011 0.019989 -0.011541 0.011541 -0.000001 -0.000003 0.000003 0.091093 -0.005180 0.022599 -8.053841 8.573593 -26.955545 0.740334 1.852058 -22.932447 -0.000001 0.000001 -0.000001 0.000002 0.000001 -0.000000 0.095334 0.000000 0.000000 -0.697601 0.625147 -32.061755 -0.334589 -1.124266 -27.158313 -0.000000 -0.000000 0.000001 -0.000000 0.000001 -0.000000 0.091045 -0.000430 -0.018651 -1.376003 1.579518 -35.064152 -0.336768 -0.826052 -21.997121 0.000001 -0.000000 -0.000001 0.000003 -0.000001 0.000000 0.080778 -0.004869 -0.038063 3.025542 -1.499686 -40.467375 -0.114749 -1.334794 -8.145130 -0.000012 -0.000011 -0.000011 -0.000001 -0.000000 0.000000 -0.082078 -0.067517 -0.015995 -35.202802 -5.668605 -11.612858 35.938680 -0.225543 1.388960 -7.116328 -12.756656 4.552975 -0.406377 -4.427293 2.843558 0.000000 0.000000 -0.000000 0.082078 -0.067517 -0.015995 -30.072978 0.800507 2.542631 40.991025 -0.682815 -1.471234 -11.482437 4.035403 -0.931464 -4.856581 -3.228099 -2.051833 0.000000 0.000000 0.000000 
0.015205 0.980412 -0.027784 6.866789 10.758875 0.913523 -0.000000 0.101816 0.001315 5.150788 0.667233 -0.188828 10.298336 1.444815 -0.070322 10.298322 1.444810 -0.070320 -0.000000 0.167404 -0.020490 11.001914 -0.592757 -11.811555 0.000000 0.096179 0.016850 23.027652 -1.593251 12.083018 -0.000000 0.220374 0.075011 -0.000000 0.000000 -0.000001 -0.045700 0.110149 -0.021609 -36.463358 20.458524 9.544392 -48.090129 13.373734 57.316113 -2.055553 120.313782 1.775093 -19.758334 -0.046612 -5.505306 -0.024648 -0.015740 0.026819 -28.609566 -10.644828 0.170613 0.941266 -1.290247 0.235479 -0.026463 -0.015278 0.015278 -0.000005 0.000010 -0.000003 -0.019946 -0.011516 0.011516 0.000000 -0.000004 -0.000002 -0.091083 -0.005179 0.022598 -3.993845 -6.999538 18.566599 0.402646 -1.732408 30.432150 -0.000002 0.000001 -0.000005 0.000002 -0.000001 0.000001 -0.095325 -0.000000 0.000000 1.179082 -4.694133 25.563335 -0.268818 1.048398 19.743934 0.000000 -0.000002 0.000001 0.000002 -0.000002 0.000001 -0.091036 -0.000431 -0.018651 -0.500075 -6.227276 31.110887 1.398937 0.254780 14.962557 -0.000006 0.000004 0.000010 0.000000 -0.000002 0.000002 -0.080767 -0.004867 -0.038063 2.384829 -6.017406 33.822325 -0.305302 1.288869 11.805847 0.000000 0.000002 0.000016 0.000002 -0.000002 0.000004 0.045704 0.110147 -0.021608 -19.931443 -18.710917 -3.348069 -54.900183 -3.817024 -57.660703 -1.594130 -126.243957 -1.286190 -23.490235 5.304120 13.399900 0.024661 -0.015762 0.026817 -48.512354 13.157092 -3.971856 5.849528 14.755451 1.800815 0.026479 -0.015287 0.015288 -0.000007 0.000013 -0.000007 0.019989 -0.011541 0.011541 -0.000005 0.000002 0.000001 0.091093 -0.005180 0.022599 -8.053854 8.573598 -26.955546 0.740326 1.852089 -22.932447 0.000001 -0.000000 0.000001 0.000003 -0.000001 0.000000 0.095334 0.000000 -0.000000 -0.697603 0.625150 -32.061755 -0.334574 -1.124252 -27.158313 0.000002 -0.000001 0.000000 0.000003 -0.000001 0.000002 0.091045 -0.000430 -0.018651 -1.375998 1.579538 -35.064146 -0.336764 -0.826060 -21.997111 0.000002 -0.000001 0.000001 0.000002 -0.000001 0.000003 0.080778 -0.004869 -0.038063 3.025540 -1.499665 -40.467378 -0.114734 -1.334795 -8.145130 -0.000011 -0.000013 -0.000012 -0.000000 -0.000001 -0.000002 -0.082078 -0.067517 -0.015995 -35.029339 -5.221726 -11.716058 36.555149 -0.163174 1.413492 -7.655770 -13.112121 4.225853 -0.390098 -4.454167 2.911195 -0.000000 0.000001 -0.000000 0.082078 -0.067517 -0.015995 -29.978861 0.683149 2.433097 41.160171 -0.700210 -1.478865 -11.575969 4.056315 -0.859006 -4.869344 -3.254388 -2.040898 0.000000 0.000000 0.000000 
0.016186 0.979982 -0.027769 6.698761 10.882931 0.950125 -0.000000 0.101815 0.001315 5.122130 0.716589 -0.224563 10.241362 1.537278 -0.146273 10.241354 1.537274 -0.146272 -0.000000 0.167404 -0.020490 11.105386 -0.894227 -11.807161 0.000000 0.096178 0.016850 23.548844 -1.888984 12.061727 -0.000000 0.220374 0.075011 -0.000003 0.000000 -0.000001 -0.045700 0.110149 -0.021608 -36.461910 20.513092 9.593516 -48.048946 13.153682 57.172700 -2.042200 120.546828 1.759378 -19.721275 -0.980874 -5.143879 -0.024648 -0.015740 0.026819 -28.609562 -10.644834 0.170602 0.941274 -1.290244 0.235495 -0.026463 -0.015278 0.015278 -0.000006 0.000010 -0.000006 -0.019946 -0.011516 0.011516 -0.000003 -0.000001 -0.000000 -0.091083 -0.005179 0.022598 -3.993874 -6.999530 18.566601 0.402649 -1.732423 30.432137 -0.000002 0.000006 -0.000006 -0.000001 0.000002 -0.000000 -0.095325 0.000000 -0.000000 1.179044 -4.694147 25.563335 -0.268800 1.048395 19.743927 0.000001 -0.000001 -0.000001 0.000001 -0.000003 -0.000002 -0.091036 -0.000431 -0.018651 -0.500076 -6.227295 31.110880 1.398942 0.254776 14.962549 -0.000007 0.000007 0.000009 0.000002 -0.000004 0.000003 -0.080767 -0.004867 -0.038063 2.384804 -6.017412 33.822342 -0.305309 1.288868 11.805833 0.000002 0.000000 0.000015 0.000002 0.000001 0.000002 0.045704 0.110147 -0.021608 -19.930244 -18.645581 -3.276497 -54.624370 -3.344947 -57.215392 -1.596769 -126.050212 -1.291465 -22.381884 5.370771 12.717536 0.024661 -0.015762 0.026817 -48.512344 13.157099 -3.971857 5.849534 14.755440 1.800825 0.026479 -0.015287 0.015288 -0.000006 0.000009 -0.000009 0.019989 -0.011541 0.011541 0.000002 0.000003 0.000005 0.091093 -0.005180 0.022599 -8.053858 8.573591 -26.955553 0.740340 1.852095 -22.932451 -0.000002 -0.000000 0.000001 0.000002 -0.000002 0.000001 0.095334 0.000000 0.000000 -0.697601 0.625154 -32.061772 -0.334590 -1.124252 -27.158316 -0.000001 -0.000001 0.000001 -0.000001 -0.000001 0.000000 0.091045 -0.000430 -0.018651 -1.376000 1.579534 -35.064173 -0.336773 -0.826053 -21.997114 0.000001 -0.000000 0.000002 0.000002 0.000000 0.000004 0.080778 -0.004869 -0.038063 3.025525 -1.499672 -40.467385 -0.114728 -1.334784 -8.145126 -0.000010 -0.000011 -0.000013 -0.000001 -0.000001 0.000002 -0.082078 -0.067517 -0.015995 -34.847741 -4.598738 -11.800388 37.215583 -0.109198 1.438752 -8.111462 -13.225639 3.919392 -0.485400 -4.503307 2.915807 -0.000000 0.000002 0.000000 0.082078 -0.067517 -0.015995 -29.899396 0.587170 2.308661 41.348459 -0.718488 -1.487119 -11.654024 4.092294 -0.790133 -4.909375 -3.296939 -2.042142 0.000000 0.000000 0.000000 
0.016878 0.979448 -0.027733 6.537490 10.986883 1.021867 0.000000 0.101815 0.001315 5.100280 0.757624 -0.270000 10.198192 1.612280 -0.241092 10.198189 1.612283 -0.241092 -0.000000 0.167404 -0.020490 11.214179 -1.241808 -11.799834 0.000000 0.096179 0.016850 24.095902 -2.210159 11.995114 0.000000 0.220374 0.075011 0.000001 0.000000 -0.000000 -0.045700 0.110149 -0.021608 -36.456599 20.571328 9.631683 -48.036242 12.915316 57.047550 -2.025211 120.772033 1.740686 -19.681921 -1.982791 -4.704314 -0.024648 -0.015740 0.026819 -28.609562 -10.644826 0.170626 0.941270 -1.290261 0.235484 -0.026463 -0.015278 0.015278 -0.000003 0.000011 -0.000005 -0.019946 -0.011516 0.011516 0.000000 -0.000007 0.000001 -0.091083 -0.005179 0.022598 -3.993863 -6.999522 18.566604 0.402656 -1.732422 30.432130 0.000000 0.000004 -0.000005 -0.000000 -0.000002 -0.000000 -0.095325 0.000000 0.000000 1.179055 -4.694139 25.563347 -0.268799 1.048401 19.743937 0.000003 0.000000 -0.000001 0.000001 0.000003 -0.000000 -0.091036 -0.000431 -0.018651 -0.500101 -6.227263 31.110904 1.398950 0.254758 14.962533 -0.000007 0.000006 0.000010 -0.000001 -0.000001 0.000000 -0.080767 -0.004867 -0.038063 2.384807 -6.017407 33.822335 -0.305309 1.288872 11.805853 0.000001 -0.000000 0.000016 -0.000000 0.000002 -0.000001 0.045704 0.110147 -0.021608 -19.929983 -18.580631 -3.208496 -54.271771 -2.885114 -56.800844 -1.601029 -125.814926 -1.298792 -21.310089 5.365944 12.079384 0.024661 -0.015762 0.026817 -48.512351 13.157080 -3.971860 5.849519 14.755444 1.800827 0.026479 -0.015287 0.015288 -0.000009 0.000011 -0.000015 0.019989 -0.011541 0.011541 0.000003 0.000002 0.000003 0.091093 -0.005180 0.022599 -8.053849 8.573586 -26.955529 0.740320 1.852094 -22.932435 0.000001 -0.000001 0.000001 0.000002 -0.000002 0.000004 0.095334 0.000000 0.000000 -0.697602 0.625151 -32.061751 -0.334567 -1.124251 -27.158325 -0.000002 -0.000000 -0.000000 -0.000002 0.000000 -0.000000 0.091045 -0.000430 -0.018651 -1.376006 1.579525 -35.064149 -0.336758 -0.826061 -21.997111 0.000001 -0.000002 0.000002 0.000002 -0.000002 0.000000 0.080778 -0.004869 -0.038063 3.025540 -1.499677 -40.467402 -0.114737 -1.334798 -8.145125 -0.000011 -0.000011 -0.000014 -0.000001 0.000001 -0.000003 -0.082078 -0.067517 -0.015995 -34.631528 -3.833020 -11.840930 37.822306 -0.077506 1.460724 -8.458949 -13.114396 3.667911 -0.639228 -4.546459 2.898797 0.000000 -0.000000 -0.000000 0.082078 -0.067517 -0.015995 -29.840229 0.515178 2.176545 41.557562 -0.737769 -1.496058 -11.714918 4.130457 -0.730356 -4.977928 -3.342808 -2.052275 0.000000 0.000000 0.000000 
0.017248 0.978799 -0.027648 6.383957 11.076979 1.129859 -0.000000 0.101816 0.001315 5.085740 0.790622 -0.325303 10.169941 1.669566 -0.357170 10.169937 1.669566 -0.357171 -0.000000 0.167404 -0.020490 11.317606 -1.636932 -11.799053 0.000000 0.096178 0.016850 24.684256 -2.553301 11.876383 -0.000000 0.220374 0.075011 -0.000001 -0.000001 -0.000000 -0.045700 0.110149 -0.021608 -36.447505 20.628044 9.654904 -48.055312 12.665633 56.957876 -2.008349 120.980709 1.722436 -19.640530 -3.056266 -4.177485 -0.024648 -0.015740 0.026819 -28.609566 -10.644849 0.170609 0.941270 -1.290245 0.235490 -0.026463 -0.015278 0.015278 -0.000007 0.000010 -0.000006 -0.019946 -0.011516 0.011516 0.000001 -0.000004 0.000005 -0.091083 -0.005179 0.022598 -3.993868 -6.999539 18.566607 0.402655 -1.732431 30.432133 -0.000002 0.000003 -0.000005 0.000000 -0.000000 -0.000000 -0.095325 0.000000 -0.000000 1.179060 -4.694156 25.563334 -0.268806 1.048405 19.743937 -0.000002 -0.000001 0.000002 0.000001 -0.000001 0.000001 -0.091036 -0.000431 -0.018651 -0.500085 -6.227288 31.110897 1.398944 0.254782 14.962542 -0.000007 0.000004 0.000013 0.000001 -0.000001 0.000002 -0.080767 -0.004867 -0.038063 2.384818 -6.017420 33.822322 -0.305309 1.288882 11.805865 0.000003 0.000000 0.000014 0.000001 -0.000001 0.000001 0.045704 0.110147 -0.021608 -19.930395 -18.516474 -3.144420 -53.484213 -2.564867 -56.672327 -1.619708 -125.404677 -1.320674 -20.806010 4.842487 11.701985 0.024661 -0.015762 0.026817 -48.512351 13.157073 -3.971866 5.849541 14.755461 1.800836 0.026479 -0.015287 0.015288 -0.000013 0.000013 -0.000009 0.019989 -0.011541 0.011541 -0.000001 0.000000 -0.000002 0.091093 -0.005180 0.022599 -8.053849 8.573589 -26.955543 0.740332 1.852081 -22.932446 -0.000000 0.000000 0.000003 0.000003 -0.000001 0.000002 0.095334 0.000000 -0.000000 -0.697607 0.625153 -32.061748 -0.334583 -1.124254 -27.158297 -0.000000 0.000000 0.000000 -0.000000 -0.000000 0.000001 0.091045 -0.000430 -0.018651 -1.375990 1.579536 -35.064152 -0.336770 -0.826071 -21.997126 -0.000001 -0.000001 0.000001 -0.000000 -0.000001 0.000004 0.080778 -0.004869 -0.038063 3.025530 -1.499677 -40.467361 -0.114736 -1.334778 -8.145112 -0.000012 -0.000011 -0.000015 -0.000000 0.000002 -0.000002 -0.082078 -0.067517 -0.015995 -34.306579 -2.902691 -11.829723 38.282257 -0.077632 1.476087 -8.662379 -12.734613 3.567540 -0.863661 -4.560997 2.841857 -0.000000 -0.000000 0.000000 0.082078 -0.067517 -0.015995 -29.805289 0.471283 2.039664 41.792681 -0.758211 -1.505836 -11.753518 4.158969 -0.684050 -5.084073 -3.384005 -2.069444 -0.000000 0.000001 0.000000 
0.017309 0.978064 -0.027492 6.243447 11.159324 1.263975 0.000000 0.101815 0.001315 5.075554 0.814942 -0.388011 10.150499 1.709341 -0.486055 10.150494 1.709339 -0.486054 -0.000000 0.167404 -0.020490 11.418013 -2.066119 -11.848493 0.000000 0.096179 0.016850 25.267448 -2.941124 11.776131 0.000000 0.220374 0.075011 -0.000001 -0.000000 -0.000000 -0.045700 0.110149 -0.021608 -36.434797 20.673987 9.653580 -48.130933 12.428267 56.903361 -1.992366 121.168294 1.705349 -19.563487 -4.183081 -3.560140 -0.024648 -0.015740 0.026819 -28.609548 -10.644840 0.170640 0.941256 -1.290262 0.235497 -0.026462 -0.015278 0.015278 -0.000006 0.000010 -0.000006 -0.019946 -0.011516 0.011516 0.000003 -0.000004 -0.000002 -0.091083 -0.005179 0.022598 -3.993860 -6.999515 18.566609 0.402652 -1.732414 30.432140 -0.000001 0.000004 -0.000004 -0.000001 0.000001 0.000001 -0.095325 0.000000 -0.000000 1.179064 -4.694126 25.563340 -0.268821 1.048402 19.743953 -0.000001 0.000000 0.000000 -0.000001 0.000001 0.000001 -0.091036 -0.000431 -0.018651 -0.500097 -6.227267 31.110907 1.398944 0.254772 14.962549 -0.000006 0.000008 0.000012 0.000001 -0.000002 0.000001 -0.080767 -0.004867 -0.038063 2.384815 -6.017406 33.822335 -0.305308 1.288874 11.805848 -0.000002 0.000000 0.000010 -0.000002 0.000001 -0.000003 0.045704 0.110147 -0.021608 -19.932659 -18.460989 -3.095932 -52.618285 -2.288756 -56.626448 -1.640647 -124.950524 -1.345219 -20.408706 4.232058 11.382373 0.024661 -0.015762 0.026817 -48.512351 13.157075 -3.971855 5.849534 14.755466 1.800815 0.026479 -0.015288 0.015288 -0.000008 0.000011 -0.000010 0.019989 -0.011541 0.011541 -0.000001 0.000003 -0.000000 0.091093 -0.005180 0.022599 -8.053847 8.573588 -26.955546 0.740326 1.852085 -22.932449 0.000001 0.000000 0.000000 0.000007 -0.000003 -0.000001 0.095334 0.000000 0.000000 -0.697618 0.625155 -32.061755 -0.334568 -1.124248 -27.158294 0.000003 -0.000001 0.000004 0.000002 0.000000 0.000004 0.091045 -0.000430 -0.018651 -1.376002 1.579546 -35.064159 -0.336753 -0.826075 -21.997121 -0.000002 -0.000001 -0.000001 -0.000002 -0.000002 0.000001 0.080778 -0.004869 -0.038063 3.025535 -1.499673 -40.467385 -0.114745 -1.334801 -8.145102 -0.000011 -0.000011 -0.000014 0.000000 0.000001 0.000003 -0.082078 -0.067517 -0.015995 -33.965923 -1.896187 -11.827496 38.755402 -0.082392 1.491482 -8.889252 -12.208055 3.587886 -1.090133 -4.537445 2.759260 -0.000000 -0.000001 -0.000000 0.082078 -0.067517 -0.015995 -29.793183 0.452239 1.905645 42.043247 -0.779238 -1.516106 -11.774548 4.171714 -0.654780 -5.216136 -3.413244 -2.089420 0.000000 0.000000 0.000000 
0.017032 0.977235 -0.027236 6.121721 11.242244 1.418997 0.000000 0.101815 0.001315 5.067045 0.829809 -0.456826 10.134521 1.730562 -0.624164 10.134512 1.730556 -0.624163 0.000000 0.167404 -0.020490 11.505301 -2.517653 -12.001670 0.000000 0.096178 0.016850 25.824860 -3.387462 11.754499 -0.000000 0.220374 0.075011 -0.000003 -0.000000 0.000001 -0.045700 0.110149 -0.021608 -36.418220 20.700799 9.619743 -48.289458 12.229491 56.895274 -1.977895 121.325361 1.690161 -19.420082 -5.360225 -2.840772 -0.024648 -0.015740 0.026819 -28.609566 -10.644833 0.170601 0.941262 -1.290254 0.235488 -0.026463 -0.015278 0.015278 -0.000006 0.000011 -0.000005 -0.019946 -0.011516 0.011516 0.000004 -0.000003 0.000001 -0.091083 -0.005179 0.022598 -3.993856 -6.999531 18.566590 0.402653 -1.732413 30.432140 -0.000002 0.000003 -0.000005 -0.000002 -0.000000 -0.000000 -0.095325 0.000000 -0.000000 1.179071 -4.694146 25.563334 -0.268819 1.048412 19.743931 -0.000001 -0.000001 -0.000001 -0.000001 -0.000002 0.000002 -0.091036 -0.000431 -0.018651 -0.500094 -6.227283 31.110900 1.398934 0.254767 14.962542 -0.000009 0.000006 0.000011 -0.000001 -0.000006 0.000001 -0.080767 -0.004867 -0.038063 2.384807 -6.017417 33.822304 -0.305292 1.288863 11.805861 0.000001 -0.000000 0.000013 -0.000001 0.000001 -0.000000 0.045704 0.110147 -0.021608 -19.937179 -18.419509 -3.071412 -51.982695 -2.073430 -56.566466 -1.657411 -124.541519 -1.365733 -19.996029 3.861661 11.020433 0.024661 -0.015762 0.026817 -48.512337 13.157089 -3.971863 5.849522 14.755457 1.800830 0.026479 -0.015288 0.015287 -0.000006 0.000009 -0.000013 0.019989 -0.011541 0.011541 -0.000004 0.000003 -0.000000 0.091093 -0.005180 0.022599 -8.053853 8.573598 -26.955550 0.740332 1.852074 -22.932449 0.000001 -0.000001 0.000001 0.000001 -0.000002 -0.000002 0.095334 0.000000 -0.000000 -0.697599 0.625159 -32.061758 -0.334592 -1.124264 -27.158325 0.000000 -0.000001 0.000000 0.000001 -0.000001 -0.000001 0.091045 -0.000430 -0.018651 -1.375996 1.579539 -35.064156 -0.336759 -0.826069 -21.997126 0.000000 -0.000002 0.000001 -0.000001 -0.000002 0.000001 0.080778 -0.004869 -0.038063 3.025537 -1.499672 -40.467402 -0.114741 -1.334802 -8.145124 -0.000011 -0.000011 -0.000013 -0.000001 0.000003 0.000001 -0.082078 -0.067517 -0.015995 -33.611750 -0.880715 -11.838114 39.199965 -0.093302 1.505460 -9.191159 -11.593989 3.737773 -1.255117 -4.447560 2.651262 0.000000 -0.000000 -0.000000 0.082078 -0.067517 -0.015995 -29.809401 0.460717 1.782764 42.309716 -0.801061 -1.526888 -11.782172 4.154977 -0.648302 -5.369340 -3.417478 -2.107962 -0.000000 0.000000 0.000000 
0.016472 0.976431 -0.026904 6.017981 11.325499 1.578986 0.000000 0.101816 0.001315 5.059382 0.836553 -0.525724 10.120145 1.736633 -0.759098 10.120143 1.736635 -0.759100 0.000000 0.167404 -0.020490 11.601256 -2.988936 -12.239570 0.000000 0.096178 0.016850 26.299309 -3.902569 11.832262 -0.000000 0.220374 0.075011 -0.000002 -0.000001 -0.000000 -0.045700 0.110149 -0.021608 -36.397904 20.700500 9.544768 -48.529597 12.067565 56.915857 -1.964909 121.457101 1.676701 -19.202688 -6.545966 -2.035300 -0.024648 -0.015740 0.026819 -28.609548 -10.644840 0.170627 0.941268 -1.290254 0.235497 -0.026463 -0.015278 0.015278 -0.000007 0.000008 -0.000010 -0.019946 -0.011516 0.011516 0.000001 -0.000002 0.000005 -0.091083 -0.005179 0.022598 -3.993848 -6.999530 18.566604 0.402644 -1.732407 30.432140 -0.000000 0.000002 -0.000006 0.000000 -0.000002 0.000001 -0.095325 0.000000 0.000000 1.179077 -4.694141 25.563346 -0.268813 1.048409 19.743949 0.000000 0.000000 -0.000001 -0.000000 0.000001 -0.000001 -0.091036 -0.000431 -0.018651 -0.500072 -6.227281 31.110904 1.398947 0.254767 14.962539 -0.000009 0.000005 0.000011 0.000001 -0.000002 0.000000 -0.080767 -0.004867 -0.038063 2.384830 -6.017418 33.822342 -0.305301 1.288880 11.805870 0.000000 0.000002 0.000012 0.000002 0.000002 -0.000002 0.045704 0.110147 -0.021608 -19.944851 -18.399690 -3.081498 -51.359754 -1.706677 -56.424500 -1.665864 -124.172033 -1.378759 -19.087129 3.598248 10.526768 0.024661 -0.015762 0.026817 -48.512347 13.157090 -3.971849 5.849506 14.755447 1.800836 0.026479 -0.015287 0.015287 -0.000007 0.000008 -0.000013 0.019989 -0.011541 0.011541 -0.000001 -0.000003 0.000003 0.091093 -0.005180 0.022599 -8.053851 8.573583 -26.955538 0.740324 1.852095 -22.932444 0.000001 -0.000001 0.000000 0.000001 -0.000002 0.000003 0.095334 0.000000 0.000000 -0.697596 0.625148 -32.061755 -0.334580 -1.124268 -27.158314 -0.000003 -0.000000 0.000001 -0.000002 0.000000 -0.000001 0.091045 -0.000430 -0.018651 -1.376000 1.579534 -35.064156 -0.336756 -0.826068 -21.997133 -0.000001 -0.000001 0.000001 -0.000001 -0.000002 -0.000000 0.080778 -0.004869 -0.038063 3.025552 -1.499676 -40.467385 -0.114751 -1.334818 -8.145124 -0.000011 -0.000009 -0.000014 0.000001 0.000002 -0.000003 -0.082078 -0.067517 -0.015995 -33.258366 0.014746 -11.859746 39.558297 -0.105014 1.516616 -9.555854 -11.003134 3.884395 -1.354605 -4.326042 2.542239 0.000000 -0.000000 -0.000000 0.082078 -0.067517 -0.015995 -29.837842 0.481110 1.677530 42.565718 -0.820842 -1.537222 -11.792001 4.119945 -0.664202 -5.483060 -3.407829 -2.120711 -0.000000 0.000000 0.000000 
0.015657 0.975742 -0.026500 5.934501 11.417360 1.729567 -0.000000 0.101815 0.001315 5.050249 0.834925 -0.588894 10.102651 1.727977 -0.878260 10.102651 1.727982 -0.878259 -0.000000 0.167404 -0.020490 11.727941 -3.467206 -12.585348 0.000000 0.096178 0.016850 26.609075 -4.511760 12.082195 0.000000 0.220374 0.075011 -0.000002 0.000000 0.000001 -0.045700 0.110149 -0.021608 -36.373223 20.661093 9.414705 -48.872514 11.956417 56.956008 -1.953533 121.565688 1.665084 -18.873773 -7.697465 -1.146683 -0.024648 -0.015740 0.026819 -28.609564 -10.644840 0.170617 0.941273 -1.290259 0.235493 -0.026463 -0.015278 0.015278 -0.000006 0.000008 -0.000009 -0.019946 -0.011516 0.011516 0.000001 -0.000006 -0.000000 -0.091083 -0.005179 0.022598 -3.993866 -6.999525 18.566602 0.402648 -1.732417 30.432116 -0.000002 -0.000001 -0.000005 0.000000 -0.000001 -0.000003 -0.095325 0.000000 0.000000 1.179051 -4.694140 25.563327 -0.268810 1.048408 19.743942 0.000001 -0.000002 0.000001 0.000001 -0.000003 0.000002 -0.091036 -0.000431 -0.018651 -0.500085 -6.227275 31.110887 1.398934 0.254771 14.962549 -0.000007 0.000007 0.000010 0.000001 -0.000002 -0.000001 -0.080767 -0.004867 -0.038063 2.384817 -6.017424 33.822328 -0.305296 1.288880 11.805864 -0.000001 0.000002 0.000014 -0.000000 -0.000001 -0.000000 0.045704 0.110147 -0.021608 -19.956923 -18.412035 -3.142286 -50.578927 -0.829597 -56.031955 -1.656714 -123.869565 -1.376060 -16.737192 3.418595 9.634176 0.024661 -0.015762 0.026817 -48.512341 13.157076 -3.971870 5.849530 14.755478 1.800818 0.026479 -0.015288 0.015288 -0.000008 0.000008 -0.000013 0.019989 -0.011541 0.011541 -0.000001 0.000001 -0.000000 0.091093 -0.005180 0.022599 -8.053847 8.573586 -26.955557 0.740337 1.852081 -22.932463 -0.000001 -0.000002 -0.000002 -0.000002 -0.000002 -0.000002 0.095334 0.000000 0.000000 -0.697587 0.625156 -32.061748 -0.334600 -1.124282 -27.158314 -0.000001 0.000001 0.000000 -0.000000 -0.000001 0.000000 0.091045 -0.000430 -0.018651 -1.376000 1.579537 -35.064152 -0.336762 -0.826077 -21.997133 -0.000001 -0.000001 0.000002 0.000001 -0.000002 0.000000 0.080778 -0.004869 -0.038063 3.025525 -1.499681 -40.467399 -0.114736 -1.334783 -8.145118 -0.000009 -0.000013 -0.000010 0.000000 0.000001 -0.000002 -0.082078 -0.067517 -0.015995 -32.923575 0.632022 -11.893811 39.754874 -0.113064 1.522930 -10.007989 -10.570201 3.903267 -1.347316 -4.188939 2.454249 0.000000 0.000000 -0.000000 0.082078 -0.067517 -0.015995 -29.866177 0.501244 1.597046 42.778281 -0.838787 -1.546244 -11.777872 4.066491 -0.706155 -5.593934 -3.384588 -2.125702 -0.000000 0.000000 0.000000 
0.014634 0.975245 -0.026064 5.867776 11.500791 1.860264 0.000000 0.101816 0.001315 5.041145 0.829050 -0.643585 10.085040 1.712480 -0.978585 10.085030 1.712476 -0.978583 -0.000000 0.167404 -0.020490 11.874854 -3.972978 -12.963516 0.000000 0.096179 0.016850 26.816337 -5.183730 12.395035 0.000000 0.220374 0.075011 -0.000003 -0.000000 0.000000 -0.045700 0.110149 -0.021608 -36.345451 20.586137 9.237466 -49.276997 11.875385 57.001265 -1.943743 121.651311 1.655197 -18.493106 -8.815131 -0.200995 -0.024648 -0.015740 0.026819 -28.609550 -10.644842 0.170617 0.941254 -1.290256 0.235483 -0.026463 -0.015278 0.015278 -0.000005 0.000006 -0.000009 -0.019946 -0.011516 0.011516 0.000002 -0.000002 0.000001 -0.091083 -0.005179 0.022598 -3.993866 -6.999529 18.566597 0.402662 -1.732419 30.432143 -0.000002 0.000001 -0.000005 -0.000000 -0.000000 -0.000000 -0.095325 0.000000 0.000000 1.179060 -4.694143 25.563340 -0.268814 1.048406 19.743944 0.000000 0.000001 -0.000001 0.000002 -0.000001 0.000002 -0.091036 -0.000431 -0.018651 -0.500097 -6.227280 31.110894 1.398950 0.254783 14.962542 -0.000007 0.000009 0.000011 0.000001 -0.000003 -0.000003 -0.080767 -0.004867 -0.038063 2.384811 -6.017411 33.822325 -0.305309 1.288878 11.805862 -0.000002 0.000003 0.000013 -0.000001 0.000002 0.000003 0.045704 0.110147 -0.021608 -19.972452 -18.452950 -3.246610 -49.805999 0.097200 -55.595530 -1.644115 -123.621725 -1.369569 -14.218906 3.324133 8.782278 0.024661 -0.015762 0.026817 -48.512351 13.157088 -3.971860 5.849531 14.755473 1.800823 0.026479 -0.015287 0.015287 -0.000005 0.000008 -0.000011 0.019989 -0.011541 0.011541 0.000001 -0.000004 -0.000002 0.091093 -0.005180 0.022599 -8.053850 8.573592 -26.955557 0.740329 1.852079 -22.932454 0.000000 -0.000000 0.000001 0.000002 0.000001 0.000001 0.095334 0.000000 0.000000 -0.697602 0.625151 -32.061779 -0.334591 -1.124263 -27.158316 0.000003 -0.000000 0.000000 0.000003 -0.000001 0.000001 0.091045 -0.000430 -0.018651 -1.376003 1.579545 -35.064176 -0.336753 -0.826066 -21.997119 -0.000001 0.000001 0.000002 -0.000001 -0.000001 0.000003 0.080778 -0.004869 -0.038063 3.025536 -1.499674 -40.467406 -0.114729 -1.334784 -8.145114 -0.000010 -0.000012 -0.000011 0.000001 -0.000000 0.000002 -0.082078 -0.067517 -0.015995 -32.620878 0.996127 -11.919657 39.806018 -0.114977 1.525104 -10.469124 -10.270943 3.770740 -1.283004 -4.065688 2.391570 0.000000 -0.000000 0.000000 0.082078 -0.067517 -0.015995 -29.881156 0.512901 1.547608 42.928658 -0.854326 -1.553435 -11.728809 4.014170 -0.772008 -5.709147 -3.362077 -2.124705 -0.000000 0.000000 0.000000 
0.013470 0.975076 -0.025636 5.815364 11.569845 1.953506 -0.000000 0.101816 0.001315 5.032743 0.822280 -0.683387 10.068580 1.696972 -1.049018 10.068565 1.696962 -1.049017 -0.000000 0.167404 -0.020490 12.054845 -4.530636 -13.333444 0.000000 0.096179 0.016850 26.916768 -5.925383 12.721676 0.000000 0.220374 0.075011 -0.000000 0.000000 -0.000000 -0.045700 0.110149 -0.021608 -36.380774 20.492728 9.019450 -49.674511 11.791962 57.020864 -1.935862 121.715569 1.647354 -18.083284 -9.897997 0.808753 -0.024648 -0.015740 0.026819 -28.609572 -10.644826 0.170609 0.941265 -1.290273 0.235499 -0.026463 -0.015278 0.015278 -0.000001 0.000004 -0.000003 -0.019946 -0.011516 0.011516 -0.000003 0.000001 0.000003 -0.091083 -0.005179 0.022598 -3.993856 -6.999532 18.566595 0.402658 -1.732422 30.432133 -0.000002 -0.000000 -0.000005 -0.000002 -0.000001 -0.000001 -0.095325 0.000000 -0.000000 1.179068 -4.694147 25.563330 -0.268828 1.048421 19.743949 0.000000 -0.000001 0.000002 0.000001 0.000002 0.000002 -0.091036 -0.000431 -0.018651 -0.500117 -6.227270 31.110894 1.398949 0.254760 14.962539 -0.000007 0.000007 0.000010 -0.000002 -0.000001 0.000000 -0.080767 -0.004867 -0.038063 2.384807 -6.017406 33.822328 -0.305316 1.288880 11.805856 0.000000 0.000002 0.000012 0.000000 0.000002 -0.000002 0.045704 0.110147 -0.021608 -20.025083 -18.550504 -3.392547 -49.151527 0.673003 -55.290392 -1.637558 -123.443320 -1.366919 -12.641554 3.362664 8.417746 0.024661 -0.015762 0.026817 -48.528525 13.165867 -3.974583 5.848242 14.756033 1.804591 0.026479 -0.015288 0.015288 -0.000004 0.000011 -0.000012 0.019989 -0.011541 0.011541 0.000001 0.000000 -0.000002 0.091093 -0.005180 0.022599 -8.054639 8.579960 -26.964743 0.740669 1.852236 -22.937046 -0.000002 -0.000001 -0.000002 -0.000001 -0.000002 0.000000 0.095334 0.000000 0.000000 -0.697791 0.624116 -32.071621 -0.334731 -1.124678 -27.166077 0.000002 -0.000000 0.000000 0.000001 -0.000001 0.000002 0.091045 -0.000430 -0.018651 -1.377924 1.577231 -35.071239 -0.336668 -0.825998 -21.996776 -0.000001 -0.000001 0.000003 -0.000001 -0.000000 0.000002 0.080778 -0.004869 -0.038063 3.023084 -1.506027 -40.477316 -0.114508 -1.333509 -8.137819 -0.000010 -0.000014 -0.000015 -0.000001 0.000001 -0.000000 -0.082078 -0.067517 -0.015995 -32.380206 1.031845 -11.921330 39.723718 -0.114091 1.523106 -11.031933 -10.154919 3.352933 -1.192620 -3.995557 2.371405 0.000000 -0.000000 -0.000000 0.082078 -0.067517 -0.015995 -29.863178 0.499059 1.536235 42.981496 -0.865795 -1.557731 -11.630385 3.979349 -0.861184 -5.825860 -3.348529 -2.116819 -0.000000 -0.000001 0.000000 
0.012134 0.975144 -0.025201 5.776581 11.599562 2.016231 -0.000000 0.101815 0.001315 5.025531 0.816811 -0.713538 10.054408 1.685023 -1.100943 10.054406 1.685019 -1.100942 0.000000 0.167404 -0.020490 12.224926 -5.112792 -13.611939 0.000000 0.096178 0.016850 27.014879 -6.655728 12.957565 0.000000 0.220374 0.075011 0.000000 0.000000 -0.000000 -0.045700 0.110149 -0.021608 -36.285038 20.327854 8.751118 -50.168409 11.755387 57.054462 -1.929207 121.756318 1.640982 -17.717840 -10.906533 1.781526 -0.024648 -0.015740 0.026819 -28.609566 -10.644839 0.170620 0.941271 -1.290247 0.235506 -0.026463 -0.015278 0.015278 -0.000004 0.000004 -0.000006 -0.019946 -0.011516 0.011516 0.000004 -0.000004 -0.000004 -0.091083 -0.005179 0.022598 -3.993860 -6.999537 18.566611 0.402643 -1.732410 30.432126 -0.000003 0.000001 -0.000006 -0.000000 -0.000000 -0.000001 -0.095325 -0.000000 -0.000000 1.179053 -4.694139 25.563349 -0.268810 1.048393 19.743936 0.000001 0.000002 -0.000002 0.000000 0.000001 -0.000004 -0.091036 -0.000431 -0.018651 -0.500107 -6.227279 31.110904 1.398944 0.254770 14.962535 -0.000005 0.000005 0.000010 -0.000002 -0.000004 0.000002 -0.080767 -0.004867 -0.038063 2.384797 -6.017410 33.822318 -0.305308 1.288873 11.805849 0.000001 -0.000003 0.000013 -0.000002 0.000002 0.000003 0.045704 0.110147 -0.021608 -20.013277 -18.620474 -3.580149 -48.614623 1.082813 -55.042944 -1.631251 -123.284109 -1.364134 -11.540551 3.360130 8.235663 0.024661 -0.015762 0.026817 -48.512351 13.157080 -3.971860 5.849538 14.755471 1.800805 0.026479 -0.015288 0.015288 -0.000008 0.000011 -0.000010 0.019989 -0.011541 0.011541 0.000002 0.000003 -0.000000 0.091093 -0.005180 0.022599 -8.053853 8.573580 -26.955560 0.740317 1.852081 -22.932447 -0.000003 -0.000002 -0.000002 -0.000001 -0.000003 -0.000002 0.095334 0.000000 -0.000000 -0.697601 0.625135 -32.061755 -0.334587 -1.124257 -27.158313 0.000000 0.000001 0.000004 -0.000000 0.000001 0.000002 0.091045 -0.000430 -0.018651 -1.376008 1.579532 -35.064173 -0.336747 -0.826059 -21.997111 -0.000000 0.000003 0.000001 -0.000001 0.000003 -0.000000 0.080778 -0.004869 -0.038063 3.025549 -1.499682 -40.467396 -0.114747 -1.334810 -8.145140 -0.000009 -0.000012 -0.000014 -0.000002 -0.000005 -0.000003 -0.082078 -0.067517 -0.015995 -32.205670 0.897460 -11.900487 39.586294 -0.065743 1.522375 -11.562398 -10.160803 2.975136 -1.092511 -3.963379 2.379004 0.000000 -0.000001 -0.000000 0.082078 -0.067517 -0.015995 -29.822392 0.473992 1.567073 42.966661 -0.874580 -1.560067 -11.498944 3.970842 -0.971046 -5.943485 -3.341036 -2.106642 -0.000000 -0.000001 0.000000 
0.010667 0.975454 -0.024797 5.750562 11.563709 2.042913 -0.000000 0.101815 0.001315 5.020772 0.817666 -0.733459 10.045105 1.685124 -1.139084 10.045095 1.685125 -1.139085 -0.000000 0.167404 -0.020490 12.357893 -5.707979 -13.697632 0.000000 0.096179 0.016850 27.208433 -7.304760 12.984489 0.000000 0.220374 0.075011 -0.000001 0.000000 0.000001 -0.045700 0.110149 -0.021608 -35.911099 20.048473 8.425008 -50.816891 11.796719 57.122614 -1.924524 121.772192 1.636715 -17.475367 -11.809827 2.630886 -0.024648 -0.015740 0.026819 -28.609560 -10.644852 0.170617 0.941261 -1.290247 0.235490 -0.026463 -0.015278 0.015278 -0.000003 0.000006 -0.000007 -0.019946 -0.011516 0.011516 0.000001 -0.000000 -0.000000 -0.091083 -0.005179 0.022598 -3.993866 -6.999536 18.566623 0.402656 -1.732432 30.432123 -0.000000 0.000003 -0.000005 -0.000001 -0.000001 -0.000001 -0.095325 0.000000 -0.000000 1.179048 -4.694148 25.563361 -0.268810 1.048398 19.743925 0.000001 0.000000 0.000002 0.000002 -0.000000 0.000001 -0.091036 -0.000431 -0.018651 -0.500095 -6.227284 31.110911 1.398939 0.254768 14.962528 -0.000008 0.000006 0.000009 -0.000004 -0.000000 0.000001 -0.080767 -0.004867 -0.038063 2.384812 -6.017417 33.822325 -0.305306 1.288880 11.805849 0.000001 0.000001 0.000013 -0.000001 -0.000001 0.000000 0.045704 0.110147 -0.021608 -19.859586 -18.600268 -3.810732 -48.235581 1.412188 -54.804758 -1.623476 -123.089844 -1.360643 -10.865891 3.109419 8.037259 0.024661 -0.015762 0.026817 -48.429231 13.112046 -3.957741 5.856164 14.752444 1.781365 0.026479 -0.015288 0.015288 -0.000007 0.000009 -0.000009 0.019989 -0.011541 0.011541 -0.000001 -0.000002 -0.000000 0.091093 -0.005180 0.022599 -8.049908 8.540885 -26.908346 0.738594 1.851267 -22.908805 0.000002 -0.000002 -0.000002 0.000002 -0.000002 -0.000002 0.095334 0.000000 -0.000000 -0.696565 0.630492 -32.011075 -0.333841 -1.122153 -27.118373 -0.000000 -0.000000 0.000001 -0.000001 -0.000001 0.000002 0.091045 -0.000430 -0.018651 -1.365989 1.591346 -35.027840 -0.337222 -0.826447 -21.998825 0.000003 -0.000000 -0.000001 0.000002 -0.000000 -0.000001 0.080778 -0.004869 -0.038063 3.038354 -1.467065 -40.416487 -0.115995 -1.341451 -8.182676 -0.000010 -0.000014 -0.000015 0.000001 0.000001 -0.000001 -0.082078 -0.067517 -0.015995 -32.112172 0.717155 -11.889601 39.400407 0.184228 1.536355 -11.509289 -10.330117 3.285705 -1.010024 -3.976210 2.411299 -0.000000 0.000000 0.000000 0.082078 -0.067517 -0.015995 -29.757485 0.441541 1.647158 42.887335 -0.879736 -1.560462 -11.337994 4.005678 -1.097343 -6.059701 -3.343489 -2.097493 -0.000000 0.000000 0.000000 
0.009006 0.975871 -0.024365 5.735458 11.459446 2.048326 0.000000 0.101816 0.001315 5.016840 0.820810 -0.749229 10.037534 1.689450 -1.172347 10.037541 1.689451 -1.172346 -0.000000 0.167404 -0.020490 12.437809 -6.284473 -13.610868 0.000000 0.096179 0.016850 27.490625 -7.842867 12.817043 0.000000 0.220374 0.075011 -0.000001 -0.000000 0.000000 -0.045700 0.110149 -0.021608 -35.184975 19.641809 8.045679 -51.686569 11.939174 57.253357 -1.921411 121.762192 1.634255 -17.362047 -12.577818 3.323775 -0.024648 -0.015740 0.026819 -28.609572 -10.644824 0.170615 0.941267 -1.290257 0.235491 -0.026463 -0.015278 0.015278 -0.000006 0.000008 -0.000006 -0.019946 -0.011516 0.011516 0.000001 -0.000002 0.000001 -0.091083 -0.005179 0.022598 -3.993864 -6.999516 18.566601 0.402646 -1.732418 30.432130 -0.000000 -0.000000 -0.000007 0.000001 -0.000001 -0.000002 -0.095325 0.000000 0.000000 1.179066 -4.694135 25.563344 -0.268815 1.048420 19.743929 0.000002 -0.000001 -0.000000 0.000002 0.000001 -0.000001 -0.091036 -0.000431 -0.018651 -0.500099 -6.227262 31.110890 1.398923 0.254770 14.962562 -0.000006 0.000009 0.000010 0.000002 0.000002 -0.000001 -0.080767 -0.004867 -0.038063 2.384800 -6.017397 33.822335 -0.305305 1.288883 11.805839 -0.000003 -0.000000 0.000013 0.000001 -0.000001 0.000001 0.045704 0.110147 -0.021608 -19.524965 -18.453358 -4.078887 -48.001443 1.557147 -54.674667 -1.614754 -122.885950 -1.356458 -10.486112 2.761038 7.952953 0.024661 -0.015762 0.026817 -48.253521 13.016770 -3.927830 5.870155 14.746057 1.740271 0.026479 -0.015287 0.015287 -0.000004 0.000011 -0.000007 0.019989 -0.011541 0.011541 0.000003 0.000002 0.000003 0.091093 -0.005180 0.022599 -8.041075 8.471850 -26.808484 0.734915 1.849530 -22.858847 -0.000003 -0.000001 -0.000004 -0.000000 -0.000002 -0.000003 0.095334 -0.000000 -0.000000 -0.694436 0.641752 -31.903933 -0.332254 -1.117660 -27.033892 0.000000 0.000002 0.000001 0.000003 0.000001 0.000002 0.091045 -0.000430 -0.018651 -1.344964 1.616447 -34.950997 -0.338212 -0.827301 -22.002469 0.000000 -0.000000 0.000002 -0.000002 -0.000001 -0.000000 0.080778 -0.004869 -0.038063 3.064957 -1.398038 -40.308778 -0.118682 -1.355525 -8.262061 -0.000009 -0.000013 -0.000015 -0.000000 0.000002 0.000000 -0.082078 -0.067517 -0.015995 -32.052456 0.517588 -11.813345 39.198941 0.395714 1.547403 -11.426048 -10.474165 3.480747 -0.942249 -4.006549 2.451073 -0.000000 -0.000000 -0.000000 0.082078 -0.067517 -0.015995 -29.681564 0.417160 1.773452 42.780931 -0.883682 -1.560091 -11.167650 4.074747 -1.239633 -6.174583 -3.348404 -2.091874 0.000000 0.000001 0.000000 
0.007090 0.976263 -0.023864 5.730861 11.265649 2.044269 0.000000 0.101816 0.001315 5.013124 0.825531 -0.767607 10.030457 1.696187 -1.212923 10.030458 1.696187 -1.212922 -0.000000 0.167404 -0.020490 12.434256 -6.807273 -13.319153 0.000000 0.096178 0.016850 27.920234 -8.210104 12.410300 -0.000000 0.220374 0.075011 -0.000000 0.000001 -0.000001 -0.045700 0.110149 -0.021608 -33.941597 19.066820 7.614008 -52.928164 12.214998 57.446740 -1.918480 121.709900 1.632672 -17.474131 -13.250119 3.841483 -0.024648 -0.015740 0.026819 -28.609562 -10.644840 0.170612 0.941244 -1.290249 0.235492 -0.026463 -0.015278 0.015278 -0.000004 0.000008 -0.000008 -0.019946 -0.011516 0.011516 0.000001 -0.000007 0.000003 -0.091083 -0.005179 0.022598 -3.993865 -6.999526 18.566609 0.402635 -1.732416 30.432143 -0.000002 -0.000000 -0.000004 0.000001 0.000000 -0.000003 -0.095325 0.000000 0.000000 1.179058 -4.694130 25.563340 -0.268818 1.048401 19.743929 0.000000 0.000000 -0.000003 0.000001 0.000000 -0.000003 -0.091036 -0.000431 -0.018651 -0.500092 -6.227267 31.110914 1.398938 0.254768 14.962547 -0.000006 0.000006 0.000007 -0.000001 -0.000002 -0.000000 -0.080767 -0.004867 -0.038063 2.384803 -6.017405 33.822332 -0.305303 1.288886 11.805847 -0.000002 0.000002 0.000010 -0.000000 -0.000001 -0.000000 0.045704 0.110147 -0.021608 -18.922247 -18.106546 -4.384374 -47.890257 1.413804 -54.763091 -1.605582 -122.677356 -1.351917 -10.298378 2.387683 8.075835 0.024661 -0.015762 0.026817 -47.940172 12.846962 -3.873794 5.895138 14.734653 1.666915 0.026479 -0.015287 0.015287 -0.000007 0.000009 -0.000011 0.019989 -0.011541 0.011541 -0.000001 0.000003 -0.000002 0.091093 -0.005180 0.022599 -8.025099 8.348755 -26.630329 0.728391 1.846446 -22.769704 -0.000002 -0.000000 -0.000000 0.000002 -0.000002 0.000004 0.095334 0.000000 0.000000 -0.690676 0.661888 -31.712818 -0.329450 -1.109679 -26.883213 0.000000 -0.000003 0.000000 -0.000001 -0.000001 0.000001 0.091045 -0.000430 -0.018651 -1.307564 1.661276 -34.813980 -0.339953 -0.828803 -22.008949 -0.000001 -0.000000 -0.000001 -0.000001 -0.000001 -0.000002 0.080778 -0.004869 -0.038063 3.112080 -1.274817 -40.116658 -0.123500 -1.380636 -8.403707 -0.000008 -0.000012 -0.000017 0.000000 -0.000000 -0.000001 -0.082078 -0.067517 -0.015995 -32.015979 0.417409 -11.655066 39.043953 0.526797 1.553452 -11.372361 -10.506910 3.560847 -0.898875 -4.031205 2.479993 -0.000000 -0.000001 -0.000000 0.082078 -0.067517 -0.015995 -29.608160 0.419629 1.948911 42.686001 -0.888484 -1.560122 -11.010614 4.180399 -1.396671 -6.286201 -3.348879 -2.094188 0.000000 0.000000 0.000000 
0.004970 0.976620 -0.023267 5.731754 11.010928 2.035069 -0.000000 0.101815 0.001315 5.008042 0.826866 -0.786598 10.020690 1.695823 -1.255646 10.020682 1.695819 -1.255644 0.000000 0.167404 -0.020490 12.366834 -7.281149 -12.885947 0.000000 0.096178 0.016850 28.416046 -8.444067 11.820758 -0.000000 0.220374 0.075011 -0.000002 0.000002 0.000000 -0.045700 0.110149 -0.021608 -32.313536 18.366618 7.156081 -54.346832 12.630931 57.810079 -1.921839 121.659726 1.636412 -17.619537 -13.585962 4.055915 -0.024648 -0.015740 0.026819 -28.609559 -10.644843 0.170607 0.941248 -1.290268 0.235492 -0.026463 -0.015278 0.015278 -0.000005 0.000011 -0.000008 -0.019946 -0.011516 0.011516 -0.000003 0.000003 -0.000000 -0.091083 -0.005179 0.022598 -3.993849 -6.999529 18.566611 0.402634 -1.732413 30.432130 -0.000003 0.000000 -0.000005 0.000002 0.000002 -0.000002 -0.095325 0.000000 -0.000000 1.179063 -4.694141 25.563342 -0.268814 1.048401 19.743939 0.000001 0.000002 -0.000002 0.000003 0.000001 -0.000002 -0.091036 -0.000431 -0.018651 -0.500094 -6.227271 31.110907 1.398944 0.254766 14.962539 -0.000007 0.000006 0.000007 -0.000002 0.000000 0.000000 -0.080767 -0.004867 -0.038063 2.384820 -6.017416 33.822318 -0.305314 1.288891 11.805865 -0.000002 0.000001 0.000012 0.000002 -0.000000 -0.000000 0.045704 0.110147 -0.021608 -18.117225 -17.609210 -4.715791 -47.969317 1.066962 -54.986909 -1.592993 -122.471111 -1.344427 -10.167105 2.016944 8.322268 0.024661 -0.015762 0.026817 -47.513159 12.615538 -3.798917 5.929177 14.719111 1.566943 0.026479 -0.015288 0.015287 -0.000006 0.000011 -0.000009 0.019989 -0.011541 0.011541 -0.000002 0.000002 0.000001 0.091093 -0.005180 0.022599 -8.002018 8.181326 -26.387302 0.719475 1.842187 -22.648231 0.000001 0.000001 0.000001 -0.000000 0.000000 0.000002 0.095334 0.000000 -0.000000 -0.685720 0.689282 -31.452301 -0.325688 -1.098765 -26.677828 0.000001 0.000001 0.000002 0.000001 0.000000 0.000001 0.091045 -0.000430 -0.018651 -1.256925 1.722629 -34.627208 -0.342360 -0.830848 -22.017767 -0.000002 -0.000001 0.000003 -0.000001 -0.000001 0.000003 0.080778 -0.004869 -0.038063 3.174968 -1.106647 -39.854642 -0.130156 -1.414794 -8.596754 -0.000009 -0.000011 -0.000012 -0.000001 0.000001 -0.000001 -0.082078 -0.067517 -0.015995 -31.999272 0.354232 -11.452473 38.922878 0.599689 1.555922 -11.339989 -10.434413 3.574618 -0.869558 -4.044803 2.497533 0.000000 0.000000 0.000000 0.082078 -0.067517 -0.015995 -29.533024 0.443352 2.160929 42.602496 -0.893798 -1.560532 -10.867117 4.305862 -1.565464 -6.395475 -3.344215 -2.102598 -0.000000 0.000002 0.000000 
0.002649 0.976867 -0.022533 5.734186 10.705289 2.029452 -0.000000 0.101816 0.001315 5.000059 0.820062 -0.807868 10.005063 1.678757 -1.302809 10.005057 1.678757 -1.302808 -0.000000 0.167404 -0.020490 12.228505 -7.701695 -12.359256 0.000000 0.096178 0.016850 28.949559 -8.547151 11.064580 -0.000000 0.220374 0.075011 0.000002 0.000002 -0.000000 -0.045700 0.110149 -0.021608 -30.358801 17.568645 6.696493 -55.800347 13.325393 58.602053 -1.943878 121.603827 1.656192 -17.534048 -13.204463 3.758613 -0.024648 -0.015740 0.026819 -28.609555 -10.644850 0.170603 0.941252 -1.290242 0.235488 -0.026463 -0.015278 0.015278 -0.000006 0.000011 -0.000009 -0.019946 -0.011516 0.011516 -0.000002 -0.000005 0.000001 -0.091083 -0.005179 0.022598 -3.993856 -6.999538 18.566607 0.402634 -1.732418 30.432130 -0.000002 0.000001 -0.000005 -0.000002 0.000000 -0.000001 -0.095325 0.000000 -0.000000 1.179067 -4.694147 25.563349 -0.268816 1.048412 19.743939 -0.000000 0.000001 -0.000001 0.000000 -0.000001 0.000000 -0.091036 -0.000431 -0.018651 -0.500094 -6.227289 31.110900 1.398940 0.254768 14.962542 -0.000008 0.000005 0.000010 -0.000001 -0.000001 0.000001 -0.080767 -0.004867 -0.038063 2.384813 -6.017418 33.822339 -0.305298 1.288865 11.805845 -0.000002 0.000000 0.000013 0.000001 -0.000001 -0.000000 0.045704 0.110147 -0.021608 -17.137103 -16.976474 -5.059427 -48.330589 0.558299 -55.299517 -1.574636 -122.274470 -1.331827 -9.899378 1.713027 8.634831 0.024661 -0.015762 0.026817 -46.979383 12.326395 -3.703249 5.971735 14.699520 1.441973 0.026479 -0.015288 0.015288 -0.000007 0.000011 -0.000010 0.019989 -0.011541 0.011541 0.000006 -0.000002 -0.000000 0.091093 -0.005180 0.022599 -7.971515 7.972326 -26.083188 0.708331 1.836843 -22.496292 0.000001 0.000002 -0.000000 0.000002 0.000001 -0.000001 0.095334 -0.000000 -0.000000 -0.679767 0.723549 -31.126442 -0.321045 -1.085140 -26.420954 0.000000 0.000003 -0.000001 0.000000 -0.000001 -0.000001 0.091045 -0.000430 -0.018651 -1.194092 1.799700 -34.393636 -0.345343 -0.833410 -22.028817 0.000001 0.000001 -0.000000 0.000001 0.000003 -0.000000 0.080778 -0.004869 -0.038063 3.251858 -0.895987 -39.526824 -0.138657 -1.457537 -8.838220 -0.000009 -0.000014 -0.000017 0.000002 -0.000000 0.000001 -0.082078 -0.067517 -0.015995 -31.997766 0.321896 -11.230956 38.851656 0.615153 1.555441 -11.346908 -10.215602 3.576019 -0.849578 -4.030092 2.493562 0.000000 -0.000001 0.000000 0.082078 -0.067517 -0.015995 -29.460887 0.494216 2.402884 42.551262 -0.900426 -1.561929 -10.749079 4.438574 -1.743072 -6.502393 -3.329969 -2.118033 -0.000000 0.000000 0.000000 
0.000220 0.977074 -0.021667 5.734587 10.383261 2.025371 -0.000000 0.101815 0.001315 4.988685 0.804042 -0.826708 9.982554 1.643459 -1.344272 9.982554 1.643461 -1.344274 -0.000000 0.167404 -0.020490 12.056150 -8.066917 -11.751270 0.000000 0.096179 0.016850 29.435592 -8.558834 10.204222 -0.000000 0.220374 0.075011 -0.000001 0.000001 0.000001 -0.045700 0.110149 -0.021608 -28.135812 16.682392 6.244106 -57.281651 13.932477 59.363490 -1.959451 121.681855 1.668052 -17.530973 -12.566518 3.169603 -0.024648 -0.015740 0.026819 -28.609567 -10.644835 0.170617 0.941247 -1.290252 0.235481 -0.026463 -0.015278 0.015278 -0.000002 0.000010 -0.000006 -0.019946 -0.011516 0.011516 -0.000003 0.000002 -0.000001 -0.091083 -0.005179 0.022598 -3.993881 -6.999538 18.566607 0.402639 -1.732410 30.432137 -0.000003 0.000001 -0.000005 -0.000000 -0.000001 -0.000001 -0.095325 0.000000 0.000000 1.179044 -4.694134 25.563330 -0.268817 1.048400 19.743956 -0.000001 -0.000002 0.000000 -0.000001 -0.000001 -0.000001 -0.091036 -0.000431 -0.018651 -0.500105 -6.227268 31.110890 1.398935 0.254774 14.962545 -0.000005 0.000005 0.000009 -0.000000 -0.000001 0.000001 -0.080767 -0.004867 -0.038063 2.384806 -6.017413 33.822328 -0.305309 1.288888 11.805862 -0.000002 0.000000 0.000013 0.000002 -0.000002 0.000002 0.045704 0.110147 -0.021608 -16.010307 -16.239183 -5.422983 -48.875905 -0.087835 -55.703355 -1.552410 -122.092172 -1.315654 -9.564736 1.438695 9.028660 0.024661 -0.015762 0.026817 -46.345641 11.983239 -3.586721 6.022267 14.676197 1.293538 0.026479 -0.015288 0.015288 -0.000003 0.000009 -0.000012 0.019989 -0.011541 0.011541 0.000001 0.000006 0.000003 0.091093 -0.005180 0.022599 -7.932717 7.724821 -25.721575 0.695109 1.830415 -22.315794 -0.000002 0.000001 0.000000 -0.000001 0.000001 0.000001 0.095334 0.000000 0.000000 -0.673132 0.764224 -30.739389 -0.315583 -1.068888 -26.115821 -0.000002 0.000001 0.000002 -0.000001 0.000001 0.000002 0.091045 -0.000430 -0.018651 -1.120291 1.891749 -34.116245 -0.348894 -0.836418 -22.041927 0.000000 -0.000000 0.000000 0.000000 0.000001 0.000002 0.080778 -0.004869 -0.038063 3.340287 -0.645292 -39.137144 -0.148959 -1.508195 -9.125053 -0.000011 -0.000013 -0.000013 -0.000002 0.000002 -0.000003 -0.082078 -0.067517 -0.015995 -32.001414 0.270396 -11.010341 38.805074 0.597307 1.553089 -11.375464 -9.906858 3.559328 -0.831568 -3.999517 2.478472 0.000000 -0.000000 0.000000 0.082078 -0.067517 -0.015995 -29.380906 0.556471 2.659585 42.510459 -0.907030 -1.563643 -10.643567 4.568578 -1.925882 -6.608296 -3.310996 -2.137332 -0.000000 0.000000 0.000000 
-0.002240 0.977280 -0.020661 5.728790 10.080049 2.022401 -0.000000 0.101816 0.001315 4.973141 0.775038 -0.838923 9.951475 1.582857 -1.370915 9.951486 1.582864 -1.370917 -0.000000 0.167404 -0.020490 11.874467 -8.368156 -11.084816 -0.000000 0.096179 0.016850 29.784983 -8.493744 9.293040 0.000000 0.220374 0.075011 0.000002 0.000002 0.000000 -0.045700 0.110149 -0.021608 -25.701811 15.719848 5.807545 -58.741369 14.061038 59.635597 -1.942701 122.088607 1.646507 -17.914811 -12.052297 2.433199 -0.024648 -0.015740 0.026819 -28.609548 -10.644843 0.170602 0.941258 -1.290259 0.235476 -0.026463 -0.015278 0.015278 -0.000004 0.000004 -0.000005 -0.019946 -0.011516 0.011516 -0.000001 -0.000004 0.000005 -0.091083 -0.005179 0.022598 -3.993849 -6.999542 18.566589 0.402655 -1.732410 30.432130 -0.000002 0.000002 -0.000004 -0.000001 0.000001 -0.000000 -0.095325 -0.000000 0.000000 1.179069 -4.694147 25.563337 -0.268809 1.048401 19.743934 0.000001 -0.000000 -0.000001 0.000002 0.000000 -0.000002 -0.091036 -0.000431 -0.018651 -0.500074 -6.227292 31.110876 1.398942 0.254783 14.962544 -0.000004 0.000006 0.000009 0.000001 0.000001 0.000001 -0.080767 -0.004867 -0.038063 2.384825 -6.017408 33.822325 -0.305312 1.288870 11.805834 0.000001 0.000001 0.000012 0.000003 0.000001 0.000000 0.045704 0.110147 -0.021608 -14.764509 -15.422970 -5.806158 -49.561953 -0.837072 -56.196365 -1.526171 -121.931567 -1.295677 -9.150963 1.179205 9.515553 0.024661 -0.015762 0.026817 -45.618676 11.589923 -3.449047 6.080223 14.649291 1.123244 0.026479 -0.015288 0.015287 -0.000007 0.000011 -0.000009 0.019989 -0.011541 0.011541 0.000001 0.000002 -0.000000 0.091093 -0.005180 0.022599 -7.884797 7.441717 -25.306098 0.679934 1.822956 -22.108679 0.000002 0.000003 0.000001 0.000001 0.000004 0.000001 0.095334 -0.000000 -0.000000 -0.665960 0.810875 -30.295154 -0.309443 -1.050217 -25.765644 0.000003 -0.000001 -0.000001 0.000000 0.000000 -0.000001 0.091045 -0.000430 -0.018651 -1.036570 1.998083 -33.797887 -0.352986 -0.839899 -22.056976 -0.000001 -0.000001 0.000000 -0.000001 -0.000001 -0.000001 0.080778 -0.004869 -0.038063 3.438152 -0.357010 -38.689600 -0.161115 -1.566267 -9.454285 -0.000009 -0.000012 -0.000015 -0.000000 0.000001 0.000003 -0.082078 -0.067517 -0.015995 -32.001834 0.134248 -10.822094 38.763789 0.568391 1.549997 -11.414971 -9.533789 3.539831 -0.804809 -3.957311 2.458161 0.000000 -0.000000 -0.000000 0.082078 -0.067517 -0.015995 -29.285478 0.614617 2.915739 42.466585 -0.912745 -1.565233 -10.542943 4.684125 -2.110018 -6.714044 -3.290113 -2.158160 0.000000 0.000000 0.000000 
-0.004686 0.977501 -0.019513 5.714418 9.803640 2.023582 -0.000000 0.101816 0.001315 4.952866 0.736492 -0.844382 9.910736 1.503968 -1.382091 9.910730 1.503969 -1.382090 -0.000000 0.167404 -0.020490 11.705411 -8.615825 -10.370659 0.000000 0.096178 0.016850 29.968954 -8.386804 8.376136 -0.000000 0.220374 0.075011 -0.000002 0.000003 0.000000 -0.045700 0.110149 -0.021608 -23.112518 14.703785 5.401384 -60.169698 13.923482 59.681407 -1.912532 122.652671 1.610859 -18.448910 -11.525935 1.569748 -0.024648 -0.015740 0.026819 -28.609567 -10.644841 0.170607 0.941271 -1.290245 0.235512 -0.026463 -0.015278 0.015278 -0.000008 0.000010 -0.000011 -0.019946 -0.011516 0.011516 0.000001 -0.000005 -0.000002 -0.091083 -0.005179 0.022598 -3.993873 -6.999518 18.566595 0.402652 -1.732424 30.432126 -0.000001 0.000001 -0.000005 0.000003 0.000000 -0.000000 -0.095325 0.000000 0.000000 1.179055 -4.694135 25.563337 -0.268819 1.048409 19.743936 -0.000001 0.000000 0.000000 0.000001 -0.000001 0.000000 -0.091036 -0.000431 -0.018651 -0.500089 -6.227276 31.110894 1.398926 0.254775 14.962545 -0.000005 0.000006 0.000010 0.000002 0.000003 0.000000 -0.080767 -0.004867 -0.038063 2.384799 -6.017415 33.822322 -0.305302 1.288892 11.805861 -0.000003 0.000001 0.000013 0.000002 -0.000002 0.000000 0.045704 0.110147 -0.021608 -13.429380 -14.558343 -6.218539 -50.316771 -1.678167 -56.745440 -1.499372 -121.791808 -1.274871 -8.710369 0.931213 10.047704 0.024661 -0.015762 0.026817 -44.805310 11.150296 -3.289979 6.145056 14.618985 0.932667 0.026479 -0.015287 0.015288 -0.000007 0.000011 -0.000007 0.019989 -0.011541 0.011541 -0.000002 0.000001 0.000001 0.091093 -0.005180 0.022599 -7.826892 7.126090 -24.840338 0.662939 1.814509 -21.876806 0.000000 -0.000000 0.000004 -0.000001 0.000000 0.000006 0.095334 -0.000000 0.000000 -0.658570 0.863056 -29.797834 -0.302748 -1.029313 -25.373641 -0.000001 0.000001 -0.000000 -0.000000 -0.000001 0.000001 0.091045 -0.000430 -0.018651 -0.944197 2.117958 -33.441569 -0.357544 -0.843803 -22.073836 0.000000 -0.000001 0.000001 -0.000002 -0.000000 0.000004 0.080778 -0.004869 -0.038063 3.542958 -0.033642 -38.188062 -0.175078 -1.631182 -9.822837 -0.000008 -0.000010 -0.000016 0.000001 -0.000001 0.000004 -0.082078 -0.067517 -0.015995 -31.988235 -0.045724 -10.655572 38.729409 0.532113 1.546484 -11.467351 -9.147470 3.503642 -0.774480 -3.910795 2.435966 0.000000 0.000000 -0.000000 0.082078 -0.067517 -0.015995 -29.171557 0.673785 3.166000 42.415885 -0.917372 -1.566604 -10.440959 4.777858 -2.294154 -6.824871 -3.269293 -2.177836 0.000000 -0.000001 0.000000 
-0.007047 0.977780 -0.018225 5.688191 9.579932 2.030074 0.000000 0.101816 0.001315 4.927692 0.689406 -0.840453 9.859988 1.409230 -1.372078 9.859994 1.409223 -1.372075 0.000000 0.167404 -0.020490 11.585540 -8.800997 -9.623417 0.000000 0.096179 0.016850 29.893614 -8.264850 7.535391 -0.000000 0.220374 0.075011 0.000001 0.000002 0.000000 -0.045700 0.110149 -0.021608 -20.423215 13.650564 5.033306 -61.540319 13.567349 59.588052 -1.875961 123.291499 1.568668 -19.025475 -10.972320 0.645179 -0.024648 -0.015740 0.026819 -28.609548 -10.644835 0.170632 0.941262 -1.290257 0.235488 -0.026463 -0.015278 0.015278 -0.000006 0.000010 -0.000006 -0.019946 -0.011516 0.011516 0.000000 -0.000001 -0.000000 -0.091083 -0.005179 0.022598 -3.993857 -6.999542 18.566604 0.402642 -1.732398 30.432140 -0.000003 0.000000 -0.000006 -0.000003 0.000001 0.000002 -0.095325 0.000000 -0.000000 1.179057 -4.694151 25.563340 -0.268810 1.048418 19.743948 -0.000000 0.000001 0.000000 -0.000001 0.000002 0.000001 -0.091036 -0.000431 -0.018651 -0.500085 -6.227275 31.110894 1.398940 0.254779 14.962545 -0.000007 0.000006 0.000011 -0.000001 -0.000001 0.000002 -0.080767 -0.004867 -0.038063 2.384816 -6.017418 33.822332 -0.305318 1.288898 11.805851 -0.000003 0.000003 0.000010 -0.000002 0.000003 -0.000001 0.045704 0.110147 -0.021608 -12.034340 -13.675636 -6.668772 -51.114803 -2.598857 -57.320846 -1.474275 -121.654494 -1.255405 -8.311291 0.699423 10.592107 0.024661 -0.015762 0.026817 -43.912242 10.668266 -3.109260 6.216262 14.585526 0.723418 0.026479 -0.015287 0.015287 -0.000007 0.000009 -0.000015 0.019989 -0.011541 0.011541 -0.000005 -0.000002 -0.000000 0.091093 -0.005180 0.022599 -7.758045 6.780990 -24.327889 0.644283 1.805085 -21.622127 0.000002 0.000002 -0.000004 0.000002 0.000000 -0.000003 0.095334 -0.000000 -0.000000 -0.651237 0.920309 -29.251525 -0.295528 -1.006302 -24.943047 0.000001 -0.000001 -0.000001 0.000001 0.000000 0.000001 0.091045 -0.000430 -0.018651 -0.844339 2.250639 -33.050196 -0.362564 -0.848053 -22.092315 0.000000 0.000001 -0.000000 -0.000001 0.000001 -0.000004 0.080778 -0.004869 -0.038063 3.652334 0.322361 -37.636456 -0.190908 -1.702396 -10.227734 -0.000010 -0.000010 -0.000014 -0.000001 0.000005 0.000002 -0.082078 -0.067517 -0.015995 -31.949033 -0.269764 -10.515898 38.693606 0.500580 1.543182 -11.529156 -8.802582 3.438729 -0.740223 -3.868520 2.417710 0.000000 -0.000000 -0.000000 0.082078 -0.067517 -0.015995 -29.032522 0.727053 3.398047 42.344304 -0.920419 -1.567346 -10.326233 4.839933 -2.475578 -6.945114 -3.252180 -2.193186 -0.000000 0.000000 0.000000 
-0.009318 0.978074 -0.016782 5.648411 9.390239 2.046536 0.000000 0.101815 0.001315 4.895509 0.637181 -0.830153 9.795096 1.305145 -1.347003 9.795091 1.305144 -1.347002 -0.000000 0.167404 -0.020490 11.493143 -8.964524 -8.851767 0.000000 0.096179 0.016850 29.645159 -8.141415 6.724210 -0.000000 0.220374 0.075011 0.000001 -0.000001 -0.000000 -0.045700 0.110149 -0.021608 -17.685639 12.591365 4.714182 -62.850875 13.095741 59.420986 -1.840388 123.932594 1.527539 -19.562343 -10.406927 -0.332868 -0.024648 -0.015740 0.026819 -28.609557 -10.644856 0.170628 0.941264 -1.290240 0.235491 -0.026463 -0.015278 0.015278 -0.000003 0.000006 -0.000005 -0.019946 -0.011516 0.011516 0.000001 -0.000004 -0.000002 -0.091083 -0.005179 0.022598 -3.993857 -6.999537 18.566619 0.402642 -1.732409 30.432126 -0.000006 0.000003 -0.000006 -0.000000 0.000002 -0.000001 -0.095325 0.000000 -0.000000 1.179058 -4.694139 25.563349 -0.268820 1.048410 19.743936 0.000001 -0.000000 -0.000000 -0.000001 0.000001 0.000000 -0.091036 -0.000431 -0.018651 -0.500099 -6.227273 31.110907 1.398949 0.254759 14.962554 -0.000006 0.000006 0.000010 0.000003 -0.000002 0.000000 -0.080767 -0.004867 -0.038063 2.384800 -6.017409 33.822335 -0.305303 1.288872 11.805847 -0.000003 0.000001 0.000013 0.000001 -0.000001 0.000001 0.045704 0.110147 -0.021608 -10.608899 -12.799203 -7.158410 -51.775078 -3.566383 -57.908939 -1.452931 -121.579539 -1.238227 -7.893184 0.443619 11.115119 0.024661 -0.015762 0.026817 -42.946133 10.147796 -2.906538 6.293243 14.549020 0.497038 0.026479 -0.015287 0.015287 -0.000004 0.000011 -0.000012 0.019989 -0.011541 0.011541 -0.000001 0.000005 -0.000000 0.091093 -0.005180 0.022599 -7.677523 6.409533 -23.772274 0.624126 1.794753 -21.346499 0.000003 0.000000 0.000000 0.000003 -0.000002 0.000000 0.095334 0.000000 -0.000000 -0.644184 0.982171 -28.660239 -0.287967 -0.981360 -24.477059 0.000000 0.000001 -0.000000 0.000000 -0.000000 0.000001 0.091045 -0.000430 -0.018651 -0.738167 2.395393 -32.626697 -0.368010 -0.852687 -22.112363 -0.000001 -0.000000 0.000004 -0.000001 0.000001 0.000001 0.080778 -0.004869 -0.038063 3.763956 0.708347 -37.038709 -0.208591 -1.779270 -10.665941 -0.000011 -0.000011 -0.000013 0.000003 0.000001 -0.000001 -0.082078 -0.067517 -0.015995 -31.881769 -0.479474 -10.386221 38.671326 0.470655 1.540364 -11.610386 -8.513812 3.354050 -0.708201 -3.831035 2.401958 -0.000000 -0.000001 -0.000000 0.082078 -0.067517 -0.015995 -28.872255 0.794725 3.618333 42.268250 -0.922525 -1.567944 -10.203769 4.865702 -2.655134 -7.081115 -3.236557 -2.202638 -0.000000 -0.000001 0.000000 
-0.011480 0.978363 -0.015172 5.592179 9.229511 2.078772 -0.000000 0.101816 0.001315 4.855126 0.584430 -0.815365 9.713737 1.200873 -1.310631 9.713733 1.200871 -1.310630 -0.000000 0.167404 -0.020490 11.434304 -9.127991 -8.061060 0.000000 0.096178 0.016850 29.234449 -8.044715 5.951513 0.000000 0.220374 0.075011 -0.000002 -0.000002 -0.000001 -0.045700 0.110149 -0.021608 -14.952676 11.552874 4.451260 -64.093553 12.580688 59.247363 -1.810567 124.492232 1.492860 -19.969250 -9.828455 -1.329980 -0.024648 -0.015740 0.026819 -28.609533 -10.644839 0.170633 0.941255 -1.290254 0.235497 -0.026463 -0.015278 0.015278 -0.000006 0.000008 -0.000008 -0.019946 -0.011516 0.011516 0.000001 -0.000003 0.000003 -0.091083 -0.005179 0.022598 -3.993865 -6.999529 18.566614 0.402647 -1.732416 30.432120 -0.000002 0.000000 -0.000006 -0.000004 -0.000002 -0.000001 -0.095325 0.000000 -0.000000 1.179073 -4.694148 25.563334 -0.268834 1.048416 19.743958 0.000000 0.000001 0.000003 -0.000000 0.000000 0.000002 -0.091036 -0.000431 -0.018651 -0.500079 -6.227288 31.110880 1.398934 0.254779 14.962559 -0.000007 0.000007 0.000008 -0.000001 0.000001 -0.000001 -0.080767 -0.004867 -0.038063 2.384821 -6.017427 33.822328 -0.305305 1.288891 11.805857 -0.000001 0.000001 0.000012 0.000003 -0.000002 0.000000 0.045704 0.110147 -0.021608 -9.184245 -11.958824 -7.696900 -52.144888 -4.559486 -58.492620 -1.436654 -121.612515 -1.223925 -7.446370 0.121795 11.566483 0.024661 -0.015762 0.026817 -41.913640 9.592823 -2.681686 6.375484 14.509728 0.255162 0.026479 -0.015287 0.015288 -0.000007 0.000009 -0.000010 0.019989 -0.011541 0.011541 0.000002 0.000002 0.000003 0.091093 -0.005180 0.022599 -7.584409 6.014818 -23.177067 0.602574 1.783519 -21.051855 -0.000001 0.000000 0.000000 0.000001 -0.000000 -0.000001 0.095334 0.000000 -0.000000 -0.637736 1.048180 -28.028117 -0.280122 -0.954660 -23.978914 0.000002 -0.000003 0.000002 0.000002 -0.000004 -0.000001 0.091045 -0.000430 -0.018651 -0.626935 2.551490 -32.174002 -0.373825 -0.857608 -22.133783 0.000001 -0.000001 0.000002 0.000001 -0.000000 0.000000 0.080778 -0.004869 -0.038063 3.875363 1.121801 -36.398625 -0.228118 -1.861296 -11.134480 -0.000011 -0.000013 -0.000017 -0.000001 -0.000000 -0.000002 -0.082078 -0.067517 -0.015995 -31.779555 -0.614578 -10.251359 38.674228 0.442451 1.538393 -11.719058 -8.322355 3.249266 -0.685294 -3.800796 2.388392 0.000000 0.000001 0.000000 0.082078 -0.067517 -0.015995 -28.691736 0.895089 3.828469 42.195252 -0.924442 -1.568650 -10.070857 4.843288 -2.834107 -7.242448 -3.220953 -2.202260 0.000000 0.000000 0.000000 
-0.013507 0.978619 -0.013382 5.519730 9.082367 2.124152 0.000000 0.101816 0.001315 4.803837 0.528592 -0.796642 9.610544 1.090975 -1.264498 9.610550 1.090978 -1.264498 -0.000000 0.167404 -0.020490 11.367199 -9.341027 -7.277130 0.000000 0.096179 0.016850 28.793229 -7.976426 5.130790 0.000000 0.220374 0.075011 0.000005 -0.000000 -0.000000 -0.045700 0.110149 -0.021608 -12.275569 10.559938 4.243427 -65.257458 12.163987 59.146098 -1.792738 124.922452 1.470523 -20.163046 -9.271855 -2.362998 -0.024648 -0.015740 0.026819 -28.609557 -10.644849 0.170620 0.941272 -1.290228 0.235488 -0.026463 -0.015278 0.015278 -0.000010 0.000008 -0.000006 -0.019946 -0.011516 0.011516 0.000003 0.000004 -0.000001 -0.091083 -0.005179 0.022598 -3.993860 -6.999540 18.566619 0.402651 -1.732398 30.432130 -0.000002 -0.000000 -0.000005 -0.000003 -0.000001 -0.000001 -0.095325 0.000000 -0.000000 1.179054 -4.694140 25.563339 -0.268805 1.048396 19.743934 0.000001 -0.000000 -0.000001 0.000001 0.000000 -0.000001 -0.091036 -0.000431 -0.018651 -0.500109 -6.227274 31.110911 1.398940 0.254768 14.962528 -0.000009 0.000004 0.000010 -0.000002 0.000001 0.000000 -0.080767 -0.004867 -0.038063 2.384808 -6.017405 33.822352 -0.305325 1.288883 11.805856 -0.000002 0.000001 0.000012 0.000003 -0.000001 -0.000002 0.045704 0.110147 -0.021608 -7.788818 -11.165814 -8.267180 -52.117796 -5.528925 -59.048495 -1.424426 -121.777287 -1.211343 -6.885494 -0.257442 11.964150 0.024661 -0.015762 0.026817 -40.821309 9.007414 -2.434532 6.462451 14.467852 -0.000669 0.026479 -0.015288 0.015288 -0.000002 0.000006 -0.000009 0.019989 -0.011541 0.011541 -0.000001 0.000001 -0.000000 0.091093 -0.005180 0.022599 -7.478160 5.600010 -22.545734 0.579802 1.771421 -20.740114 -0.000002 0.000003 0.000001 0.000001 0.000003 0.000001 0.095334 0.000000 0.000000 -0.632069 1.117886 -27.359195 -0.272078 -0.926348 -23.451806 -0.000001 -0.000000 -0.000001 -0.000002 -0.000000 -0.000004 0.091045 -0.000430 -0.018651 -0.511726 2.718105 -31.695052 -0.379962 -0.862814 -22.156447 0.000001 0.000003 0.000003 -0.000001 0.000003 0.000002 0.080778 -0.004869 -0.038063 3.984525 1.559977 -35.720025 -0.249499 -1.947897 -11.630314 -0.000010 -0.000015 -0.000015 -0.000000 -0.000000 -0.000001 -0.082078 -0.067517 -0.015995 -31.645854 -0.680629 -10.112307 38.702785 0.418034 1.537476 -11.855592 -8.203546 3.141037 -0.669025 -3.780533 2.379564 0.000000 -0.000001 -0.000000 0.082078 -0.067517 -0.015995 -28.493335 1.026739 4.031081 42.137107 -0.926235 -1.569795 -9.937147 4.784699 -3.009115 -7.427054 -3.206695 -2.195387 0.000000 0.000000 0.000000 
-0.015386 0.978808 -0.011395 5.430624 8.929794 2.183098 -0.000000 0.101816 0.001315 4.739009 0.469442 -0.776149 9.480275 0.974781 -1.213075 9.480262 0.974781 -1.213075 -0.000000 0.167404 -0.020490 11.258181 -9.662868 -6.512808 -0.000000 0.096179 0.016850 28.452166 -7.957498 4.172349 0.000000 0.220374 0.075011 -0.000001 -0.000001 -0.000002 -0.045700 0.110149 -0.021608 -9.706331 9.641942 4.093518 -66.327257 11.969425 59.186492 -1.791533 125.155403 1.465321 -20.059490 -8.749679 -3.435332 -0.024648 -0.015740 0.026819 -28.609559 -10.644842 0.170603 0.941262 -1.290255 0.235504 -0.026463 -0.015278 0.015278 -0.000008 0.000004 -0.000007 -0.019946 -0.011516 0.011516 0.000004 -0.000005 -0.000000 -0.091083 -0.005179 0.022598 -3.993873 -6.999523 18.566594 0.402650 -1.732425 30.432123 -0.000002 0.000002 -0.000004 -0.000001 0.000000 -0.000001 -0.095325 0.000000 0.000000 1.179039 -4.694142 25.563335 -0.268817 1.048394 19.743949 -0.000001 0.000001 -0.000000 0.000000 0.000000 -0.000002 -0.091036 -0.000431 -0.018651 -0.500103 -6.227279 31.110887 1.398932 0.254774 14.962545 -0.000005 0.000004 0.000012 -0.000005 -0.000000 -0.000001 -0.080767 -0.004867 -0.038063 2.384796 -6.017420 33.822308 -0.305306 1.288872 11.805869 0.000001 0.000002 0.000013 -0.000002 0.000001 -0.000003 0.045704 0.110147 -0.021608 -6.452255 -10.437636 -8.858730 -51.532640 -6.431687 -59.553219 -1.415212 -122.126555 -1.198934 -6.127168 -0.722231 12.295675 0.024661 -0.015762 0.026817 -39.675579 8.395511 -2.165197 6.553612 14.423570 -0.268817 0.026479 -0.015287 0.015287 -0.000007 0.000013 -0.000012 0.019989 -0.011541 0.011541 0.000003 0.000004 -0.000000 0.091093 -0.005180 0.022599 -7.358022 5.168225 -21.881766 0.555955 1.758527 -20.413159 -0.000003 0.000000 0.000003 -0.000001 -0.000001 0.000004 0.095334 0.000000 -0.000000 -0.627392 1.190805 -26.657521 -0.263952 -0.896601 -22.898959 -0.000001 0.000001 0.000001 0.000000 0.000000 0.000002 0.091045 -0.000430 -0.018651 -0.393688 2.894457 -31.192747 -0.386425 -0.868272 -22.180201 -0.000001 0.000003 0.000002 0.000000 0.000003 0.000003 0.080778 -0.004869 -0.038063 4.089182 2.020217 -35.006697 -0.272701 -2.038462 -12.150432 -0.000010 -0.000014 -0.000015 -0.000001 0.000001 0.000000 -0.082078 -0.067517 -0.015995 -31.480612 -0.646968 -9.959454 38.762731 0.399240 1.537940 -12.023252 -8.158617 3.047358 -0.660915 -3.773367 2.377107 -0.000000 -0.000000 0.000000 0.082078 -0.067517 -0.015995 -28.280912 1.201858 4.233248 42.108874 -0.928538 -1.571816 -9.808038 4.689385 -3.182446 -7.641508 -3.192755 -2.179551 0.000000 -0.000001 0.000000 
-0.017068 0.978939 -0.009195 5.324158 8.777606 2.252085 0.000000 0.101816 0.001315 4.659401 0.404366 -0.751320 9.320452 0.847076 -1.151600 9.320452 0.847082 -1.151601 -0.000000 0.167404 -0.020490 11.097708 -10.094060 -5.816068 0.000000 0.096179 0.016850 28.235124 -7.985506 3.087727 0.000000 0.220374 0.075011 0.000002 -0.000001 0.000000 -0.045700 0.110149 -0.021608 -7.298118 8.802641 3.980241 -67.308413 12.123031 59.461223 -1.810392 125.167738 1.480526 -19.572414 -8.327782 -4.554729 -0.024648 -0.015740 0.026819 -28.609566 -10.644847 0.170603 0.941261 -1.290252 0.235491 -0.026463 -0.015278 0.015278 -0.000004 0.000006 -0.000007 -0.019946 -0.011516 0.011516 0.000002 -0.000003 -0.000000 -0.091083 -0.005179 0.022598 -3.993867 -6.999539 18.566590 0.402653 -1.732402 30.432150 -0.000003 0.000000 -0.000003 -0.000001 0.000002 -0.000001 -0.095325 0.000000 -0.000000 1.179044 -4.694147 25.563327 -0.268799 1.048396 19.743944 0.000001 0.000000 -0.000002 0.000001 -0.000001 -0.000001 -0.091036 -0.000431 -0.018651 -0.500089 -6.227282 31.110870 1.398933 0.254779 14.962556 -0.000007 0.000005 0.000009 0.000004 0.000002 0.000001 -0.080767 -0.004867 -0.038063 2.384804 -6.017420 33.822318 -0.305301 1.288876 11.805861 -0.000001 0.000002 0.000012 -0.000001 -0.000001 0.000002 0.045704 0.110147 -0.021608 -5.203349 -9.783081 -9.452191 -50.405167 -7.229436 -59.990986 -1.406442 -122.618834 -1.185044 -5.155482 -1.204078 12.604845 0.024661 -0.015762 0.026817 -38.482997 7.761271 -1.873750 6.648341 14.377130 -0.547753 0.026479 -0.015287 0.015288 -0.000005 0.000011 -0.000010 0.019989 -0.011541 0.011541 0.000001 -0.000006 0.000000 0.091093 -0.005180 0.022599 -7.223851 4.722579 -21.188794 0.531123 1.744854 -20.072869 0.000001 0.000002 0.000002 0.000001 0.000001 0.000002 0.095334 0.000000 -0.000000 -0.623911 1.266474 -25.927221 -0.255847 -0.865614 -22.323599 0.000000 0.000003 -0.000005 -0.000001 0.000003 -0.000003 0.091045 -0.000430 -0.018651 -0.273882 3.079631 -30.669995 -0.393156 -0.873962 -22.204955 -0.000001 0.000003 0.000000 0.000001 0.000004 0.000000 0.080778 -0.004869 -0.038063 4.187595 2.499661 -34.262514 -0.297704 -2.132478 -12.691784 -0.000011 -0.000010 -0.000012 -0.000000 0.000001 0.000002 -0.082078 -0.067517 -0.015995 -31.286324 -0.561764 -9.811530 38.850143 0.387405 1.539759 -12.229289 -8.152796 2.968650 -0.655722 -3.780618 2.383429 0.000000 -0.000000 -0.000000 0.082078 -0.067517 -0.015995 -28.050982 1.397700 4.423391 42.109998 -0.930902 -1.574671 -9.693773 4.583804 -3.339792 -7.870547 -3.184806 -2.167279 -0.000000 0.000000 0.000000 
-0.018510 0.978998 -0.006762 5.200300 8.621155 2.325502 0.000000 0.101816 0.001315 4.562821 0.328399 -0.720526 9.126707 0.697720 -1.077377 9.126711 0.697728 -1.077377 -0.000000 0.167404 -0.020490 10.853202 -10.678881 -5.238243 -0.000000 0.096178 0.016850 28.231002 -8.087880 1.832246 -0.000000 0.220374 0.075011 -0.000002 0.000000 0.000000 -0.045700 0.110149 -0.021608 -5.103502 8.053568 3.886250 -68.608554 13.165706 60.317831 -1.869410 124.597622 1.539428 -18.416574 -8.248764 -5.759006 -0.024648 -0.015740 0.026819 -28.609559 -10.644843 0.170610 0.941255 -1.290238 0.235506 -0.026463 -0.015278 0.015278 -0.000001 0.000006 -0.000009 -0.019946 -0.011516 0.011516 -0.000005 -0.000004 -0.000002 -0.091083 -0.005179 0.022598 -3.993870 -6.999525 18.566618 0.402655 -1.732425 30.432120 -0.000002 0.000002 -0.000003 0.000003 0.000001 -0.000003 -0.095325 0.000000 0.000000 1.179050 -4.694133 25.563334 -0.268805 1.048400 19.743949 -0.000002 0.000000 -0.000001 -0.000000 -0.000001 0.000001 -0.091036 -0.000431 -0.018651 -0.500105 -6.227273 31.110890 1.398946 0.254771 14.962540 -0.000008 0.000006 0.000010 0.000001 0.000000 -0.000001 -0.080767 -0.004867 -0.038063 2.384799 -6.017401 33.822335 -0.305312 1.288874 11.805849 -0.000002 0.000002 0.000014 0.000001 0.000001 0.000000 0.045704 0.110147 -0.021608 -4.071762 -9.212929 -10.029930 -48.707862 -7.875177 -60.327489 -1.396186 -123.252676 -1.167995 -3.926600 -1.633099 12.925421 0.024661 -0.015762 0.026817 -37.249895 7.108656 -1.560684 6.746173 14.328673 -0.835904 0.026479 -0.015288 0.015288 -0.000004 0.000009 -0.000011 0.019989 -0.011541 0.011541 -0.000004 -0.000004 -0.000000 0.091093 -0.005180 0.022599 -7.075162 4.266197 -20.470232 0.505508 1.730484 -19.721201 0.000001 0.000001 -0.000001 0.000001 0.000002 0.000001 0.095334 0.000000 -0.000000 -0.621836 1.344414 -25.172355 -0.247823 -0.833523 -21.728953 -0.000001 0.000002 -0.000003 0.000001 0.000000 -0.000000 0.091045 -0.000430 -0.018651 -0.153408 3.272822 -30.129781 -0.400101 -0.879809 -22.230526 0.000000 0.000002 0.000000 -0.000001 0.000003 0.000002 0.080778 -0.004869 -0.038063 4.277738 2.995521 -33.491197 -0.324453 -2.229365 -13.251413 -0.000010 -0.000015 -0.000013 -0.000000 0.000005 0.000004 -0.082078 -0.067517 -0.015995 -31.068198 -0.457275 -9.678067 38.969316 0.385165 1.543270 -12.495868 -8.153802 2.910132 -0.647388 -3.807247 2.403612 0.000000 0.000001 -0.000000 0.082078 -0.067517 -0.015995 -27.802265 1.595400 4.596898 42.147004 -0.932821 -1.578503 -9.608147 4.487581 -3.472833 -8.103547 -3.188197 -2.166312 0.000000 0.000000 0.000000 
-0.019690 0.979012 -0.004086 5.056511 8.472529 2.409419 0.000000 0.101816 0.001315 4.449666 0.248393 -0.683185 8.899906 0.540531 -0.989165 8.899911 0.540535 -0.989165 -0.000000 0.167404 -0.020490 10.550169 -11.344271 -4.789192 0.000000 0.096178 0.016850 28.376432 -8.227842 0.488973 0.000000 0.220374 0.075011 0.000004 0.000000 -0.000000 -0.045700 0.110149 -0.021608 -3.178602 7.389435 3.789788 -69.003735 13.974526 61.056086 -1.926805 124.391706 1.590611 -17.105806 -7.992866 -6.958216 -0.024648 -0.015740 0.026819 -28.609555 -10.644840 0.170622 0.941265 -1.290257 0.235491 -0.026463 -0.015278 0.015278 -0.000005 0.000008 -0.000009 -0.019946 -0.011516 0.011516 0.000002 -0.000006 0.000001 -0.091083 -0.005179 0.022598 -3.993859 -6.999534 18.566609 0.402653 -1.732417 30.432130 0.000000 0.000002 -0.000004 0.000001 0.000001 -0.000002 -0.095325 0.000000 0.000000 1.179066 -4.694145 25.563344 -0.268827 1.048409 19.743942 0.000002 -0.000002 0.000001 0.000003 -0.000001 0.000004 -0.091036 -0.000431 -0.018651 -0.500101 -6.227278 31.110900 1.398949 0.254767 14.962535 -0.000008 0.000005 0.000011 0.000001 -0.000000 0.000001 -0.080767 -0.004867 -0.038063 2.384827 -6.017421 33.822322 -0.305309 1.288886 11.805857 -0.000003 0.000003 0.000014 -0.000000 -0.000000 0.000000 0.045704 0.110147 -0.021608 -3.085357 -8.736404 -10.568797 -46.411552 -8.358021 -60.603435 -1.382864 -123.960707 -1.147428 -2.441695 -2.038377 13.278438 0.024661 -0.015762 0.026817 -35.982676 6.441797 -1.226520 6.846553 14.278522 -1.131667 0.026479 -0.015287 0.015287 -0.000006 0.000009 -0.000008 0.019989 -0.011541 0.011541 0.000004 0.000001 0.000001 0.091093 -0.005180 0.022599 -6.912242 3.802078 -19.729698 0.479243 1.715427 -19.360036 0.000001 0.000000 -0.000002 0.000002 -0.000001 -0.000001 0.095334 0.000000 -0.000000 -0.621253 1.424163 -24.396971 -0.239939 -0.800530 -21.118212 -0.000001 0.000002 0.000000 0.000000 -0.000001 0.000001 0.091045 -0.000430 -0.018651 -0.033123 3.473013 -29.574927 -0.407272 -0.885844 -22.256796 -0.000001 0.000003 0.000000 -0.000001 -0.000000 0.000000 0.080778 -0.004869 -0.038063 4.358370 3.504829 -32.696628 -0.352878 -2.328527 -13.826262 -0.000007 -0.000012 -0.000008 -0.000000 0.000001 -0.000002 -0.082078 -0.067517 -0.015995 -30.818162 -0.351293 -9.575294 39.101798 0.389697 1.547698 -12.769133 -8.153626 2.869923 -0.640040 -3.845507 2.431279 0.000000 0.000001 -0.000000 0.082078 -0.067517 -0.015995 -27.531265 1.794992 4.740484 42.214486 -0.934573 -1.583183 -9.545490 4.421516 -3.566586 -8.333054 -3.201973 -2.189384 0.000000 -0.000001 0.000000 
-0.020564 0.978986 -0.001141 4.890913 8.342764 2.505696 -0.000000 0.101815 0.001315 4.318704 0.165647 -0.636852 8.637601 0.378298 -0.881874 8.637605 0.378292 -0.881872 -0.000000 0.167404 -0.020490 10.186157 -12.071238 -4.511241 -0.000000 0.096178 0.016850 28.667059 -8.405862 -0.896513 0.000000 0.220374 0.075011 0.000002 -0.000001 0.000000 -0.045700 0.110149 -0.021608 -1.576920 6.799126 3.653476 -67.222018 13.361704 60.911477 -1.926154 125.724426 1.564348 -16.230806 -7.192701 -8.158096 -0.024648 -0.015740 0.026819 -28.609566 -10.644840 0.170608 0.941268 -1.290242 0.235494 -0.026463 -0.015278 0.015278 -0.000012 0.000011 -0.000006 -0.019946 -0.011516 0.011516 0.000001 -0.000002 0.000001 -0.091083 -0.005179 0.022598 -3.993856 -6.999538 18.566594 0.402641 -1.732400 30.432137 -0.000004 0.000001 -0.000004 -0.000002 -0.000000 0.000001 -0.095325 0.000000 0.000000 1.179052 -4.694135 25.563330 -0.268816 1.048411 19.743949 0.000000 -0.000001 -0.000000 0.000001 -0.000001 -0.000000 -0.091036 -0.000431 -0.018651 -0.500097 -6.227273 31.110904 1.398948 0.254771 14.962537 -0.000007 0.000005 0.000012 -0.000001 0.000001 -0.000001 -0.080767 -0.004867 -0.038063 2.384819 -6.017413 33.822315 -0.305312 1.288883 11.805862 -0.000002 0.000003 0.000013 -0.000004 -0.000000 -0.000001 0.045704 0.110147 -0.021608 -2.274430 -8.367312 -11.055177 -43.477378 -8.652952 -60.827609 -1.364052 -124.713148 -1.121709 -0.693475 -2.370252 13.702966 0.024661 -0.015762 0.026817 -34.687676 5.764627 -0.872151 6.948938 14.226859 -1.433490 0.026479 -0.015288 0.015288 -0.000005 0.000011 -0.000012 0.019989 -0.011541 0.011541 0.000001 -0.000003 0.000002 0.091093 -0.005180 0.022599 -6.734893 3.333302 -18.970757 0.452445 1.699788 -18.991266 -0.000001 0.000001 0.000000 0.000001 0.000001 0.000001 0.095334 0.000000 -0.000000 -0.622251 1.505221 -23.605142 -0.232320 -0.766807 -20.494637 -0.000001 -0.000000 -0.000000 -0.000001 0.000001 -0.000002 0.091045 -0.000430 -0.018651 0.085947 3.679305 -29.008373 -0.414559 -0.891970 -22.283593 0.000001 0.000003 0.000000 -0.000002 0.000005 0.000002 0.080778 -0.004869 -0.038063 4.427879 4.024716 -31.882469 -0.382897 -2.429450 -14.413318 -0.000012 -0.000011 -0.000014 0.000002 0.000001 0.000002 -0.082078 -0.067517 -0.015995 -30.536656 -0.281444 -9.523712 39.247647 0.399638 1.552942 -13.048124 -8.127537 2.845780 -0.632953 -3.892157 2.464463 0.000000 0.000001 0.000000 0.082078 -0.067517 -0.015995 -27.232972 1.976068 4.836014 42.311499 -0.935652 -1.588636 -9.518111 4.416250 -3.600230 -8.537619 -3.231125 -2.255101 0.000000 0.000000 0.000000 
-0.021158 0.978966 0.002053 4.701184 8.229702 2.622591 0.000000 0.101815 0.001315 4.172756 0.091673 -0.585878 8.345510 0.233644 -0.764059 8.345505 0.233641 -0.764059 -0.000000 0.167404 -0.020490 9.794232 -12.733114 -4.355393 -0.000000 0.096179 0.016850 29.015501 -8.528555 -2.254822 0.000000 0.220374 0.075011 -0.000000 -0.000003 -0.000001 -0.045700 0.110149 -0.021608 -0.360850 6.303144 3.502817 -63.817149 12.076460 60.448930 -1.915955 127.549439 1.519658 -15.264359 -5.625673 -9.129771 -0.024648 -0.015740 0.026819 -28.609566 -10.644835 0.170617 0.941267 -1.290271 0.235479 -0.026463 -0.015278 0.015278 -0.000004 0.000008 -0.000010 -0.019946 -0.011516 0.011516 0.000003 -0.000001 -0.000002 -0.091083 -0.005179 0.022598 -3.993863 -6.999533 18.566594 0.402654 -1.732420 30.432123 -0.000001 0.000003 -0.000004 0.000002 0.000000 0.000001 -0.095325 0.000000 0.000000 1.179065 -4.694148 25.563340 -0.268813 1.048413 19.743939 0.000000 0.000000 -0.000002 0.000001 -0.000000 0.000001 -0.091036 -0.000431 -0.018651 -0.500089 -6.227296 31.110883 1.398944 0.254775 14.962556 -0.000007 0.000006 0.000013 -0.000003 0.000001 -0.000001 -0.080767 -0.004867 -0.038063 2.384815 -6.017420 33.822328 -0.305304 1.288886 11.805868 -0.000000 0.000003 0.000013 -0.000002 0.000000 -0.000002 0.045704 0.110147 -0.021608 -1.662255 -8.101451 -11.441375 -39.911155 -8.765627 -61.069029 -1.339655 -125.394514 -1.092499 1.336130 -2.788147 14.180811 0.024661 -0.015762 0.026817 -33.371215 5.081227 -0.498569 7.052812 14.173926 -1.739767 0.026479 -0.015288 0.015288 -0.000006 0.000013 -0.000012 0.019989 -0.011541 0.011541 0.000001 0.000001 0.000001 0.091093 -0.005180 0.022599 -6.543919 2.862678 -18.197067 0.425308 1.683611 -18.616828 0.000002 0.000004 0.000000 -0.000000 0.000003 0.000001 0.095334 0.000000 -0.000000 -0.624962 1.587142 -22.800951 -0.224943 -0.732480 -19.861408 -0.000002 0.000003 0.000000 -0.000003 0.000002 0.000001 0.091045 -0.000430 -0.018651 0.203057 3.890577 -28.433015 -0.421983 -0.898200 -22.310850 -0.000001 0.000002 0.000002 -0.000001 -0.000000 0.000002 0.080778 -0.004869 -0.038063 4.485517 4.552175 -31.052789 -0.414411 -2.531574 -15.009580 -0.000008 -0.000010 -0.000013 0.000002 0.000001 -0.000001 -0.082078 -0.067517 -0.015995 -30.212133 -0.220215 -9.519749 39.395479 0.410851 1.558348 -13.330948 -8.096668 2.838023 -0.634872 -3.938630 2.494926 0.000000 0.000001 0.000000 0.082078 -0.067517 -0.015995 -26.908772 2.180120 4.892186 42.429740 -0.936600 -1.594663 -9.488336 4.461961 -3.582018 -8.744821 -3.262071 -2.356397 -0.000000 0.000001 0.000000 
-0.021472 0.978982 0.005501 4.484863 8.137728 2.771127 0.000000 0.101815 0.001315 4.012422 0.038224 -0.531940 8.024783 0.130150 -0.638517 8.024782 0.130148 -0.638517 -0.000000 0.167403 -0.020490 9.369232 -13.240968 -4.304184 0.000000 0.096178 0.016850 29.384136 -8.521423 -3.509253 -0.000000 0.220374 0.075011 0.000000 0.000001 0.000000 -0.045700 0.110149 -0.021608 0.336660 5.920379 3.325225 -58.686741 10.334097 59.960708 -1.919103 129.188233 1.488107 -13.835628 -2.417439 -9.530253 -0.024648 -0.015740 0.026819 -28.614574 -10.665241 0.140298 0.939825 -1.283012 0.238644 -0.026463 -0.015278 0.015278 -0.000008 0.000010 -0.000003 -0.019946 -0.011516 0.011516 0.000003 -0.000003 0.000001 -0.091083 -0.005179 0.022598 -3.980376 -7.015894 18.563206 0.403641 -1.734048 30.471895 -0.000000 0.000002 -0.000006 -0.000000 -0.000001 0.000001 -0.095325 -0.000000 0.000000 1.190635 -4.704101 25.577066 -0.269261 1.049607 19.763258 0.000004 -0.000001 0.000001 0.000003 -0.000001 0.000004 -0.091036 -0.000431 -0.018651 -0.496097 -6.234598 31.134506 1.401505 0.255788 14.965925 -0.000005 0.000006 0.000012 0.000002 0.000001 -0.000001 -0.080767 -0.004867 -0.038063 2.388103 -6.023514 33.836737 -0.305494 1.289659 11.811933 -0.000002 0.000003 0.000012 -0.000002 0.000000 0.000001 0.045704 0.110147 -0.021608 -1.314198 -7.969549 -11.684615 -35.638179 -8.660437 -61.380123 -1.308609 -125.933525 -1.060026 3.617716 -3.377156 14.695980 0.024661 -0.015762 0.026817 -32.039669 4.395481 -0.107252 7.157594 14.119985 -2.048963 0.026479 -0.015287 0.015288 -0.000005 0.000013 -0.000009 0.019989 -0.011541 0.011541 -0.000002 0.000001 0.000001 0.091093 -0.005180 0.022599 -6.339572 2.393230 -17.412259 0.397902 1.666966 -18.238586 0.000000 0.000000 0.000001 -0.000002 0.000004 0.000002 0.095334 0.000000 -0.000000 -0.629399 1.669473 -21.988529 -0.217913 -0.697777 -19.221734 -0.000002 -0.000001 -0.000001 -0.000001 -0.000001 -0.000001 0.091045 -0.000430 -0.018651 0.317343 4.105859 -27.851768 -0.429515 -0.904480 -22.338356 -0.000002 -0.000002 0.000001 -0.000002 -0.000001 0.000002 0.080778 -0.004869 -0.038063 4.530104 5.084213 -30.211286 -0.447276 -2.634361 -15.612011 -0.000010 -0.000011 -0.000013 -0.000001 0.000001 -0.000001 -0.082078 -0.067517 -0.015995 -29.837220 -0.158719 -9.572646 39.541304 0.419528 1.563507 -13.615050 -8.070769 2.845491 -0.654993 -3.974722 2.513171 0.000000 0.000000 0.000000 0.082078 -0.067517 -0.015995 -26.557780 2.431313 4.902876 42.563273 -0.938068 -1.601154 -9.435516 4.573437 -3.503953 -8.960913 -3.287632 -2.501395 -0.000000 0.000000 0.000000 
-0.021533 0.979088 0.009153 4.240724 8.057503 2.946925 0.000000 0.101816 0.001315 3.843122 0.005833 -0.480003 7.686190 0.068181 -0.515561 7.686189 0.068183 -0.515560 -0.000000 0.167404 -0.020490 9.031748 -13.463370 -4.284178 0.000000 0.096178 0.016850 29.636727 -8.276263 -4.649587 -0.000000 0.220374 0.075011 0.000001 0.000001 0.000001 -0.045700 0.110149 -0.021608 0.670072 5.645680 3.202999 -52.560324 8.590055 59.540788 -1.937780 130.698511 1.469797 -12.049324 0.823693 -9.713723 -0.024648 -0.015740 0.026819 -28.609554 -10.644836 0.170608 0.941265 -1.290252 0.235488 -0.026463 -0.015278 0.015278 -0.000006 0.000008 -0.000000 -0.019946 -0.011516 0.011516 0.000002 -0.000005 -0.000000 -0.091083 -0.005179 0.022598 -3.993867 -6.999533 18.566609 0.402669 -1.732424 30.432126 -0.000001 0.000002 -0.000004 -0.000003 -0.000000 0.000002 -0.095325 0.000000 0.000000 1.179062 -4.694149 25.563322 -0.268818 1.048407 19.743948 0.000001 0.000000 0.000001 0.000002 0.000000 0.000002 -0.091036 -0.000431 -0.018651 -0.500092 -6.227281 31.110873 1.398947 0.254773 14.962557 -0.000003 0.000006 0.000012 0.000004 -0.000000 -0.000002 -0.080767 -0.004867 -0.038063 2.384822 -6.017413 33.822318 -0.305315 1.288879 11.805853 -0.000002 0.000003 0.000011 0.000001 0.000001 0.000002 0.045704 0.110147 -0.021608 -1.133872 -7.882024 -11.758278 -30.867165 -8.449486 -61.822098 -1.272985 -126.167883 -1.028109 6.302398 -4.297705 15.279866 0.024661 -0.015762 0.026817 -30.699378 3.711346 0.300352 7.262821 14.065280 -2.359533 0.026479 -0.015287 0.015288 -0.000002 0.000014 -0.000014 0.019989 -0.011541 0.011541 -0.000002 0.000002 0.000001 0.091093 -0.005180 0.022599 -6.123088 1.927489 -16.620147 0.370435 1.649928 -17.858455 0.000001 0.000003 -0.000000 0.000001 0.000004 0.000001 0.095334 0.000000 0.000000 -0.635568 1.751749 -21.171864 -0.211309 -0.662894 -18.578876 0.000001 -0.000001 -0.000003 -0.000000 0.000002 -0.000001 0.091045 -0.000430 -0.018651 0.428180 4.323996 -27.267507 -0.437027 -0.910795 -22.366013 -0.000001 0.000001 -0.000000 -0.000001 -0.000000 0.000002 0.080778 -0.004869 -0.038063 4.561422 5.617870 -29.362020 -0.481403 -2.737271 -16.217574 -0.000013 -0.000010 -0.000014 -0.000002 0.000003 0.000001 -0.082078 -0.067517 -0.015995 -29.402223 -0.080051 -9.666277 39.670302 0.423444 1.567772 -13.923962 -8.060245 2.870039 -0.691533 -4.002182 2.520871 0.000000 -0.000000 -0.000000 0.082078 -0.067517 -0.015995 -26.180175 2.759727 4.892862 42.700389 -0.939339 -1.607761 -9.320889 4.708131 -3.396672 -9.226618 -3.293031 -2.663548 -0.000000 0.000000 0.000000 
-0.021368 0.979342 0.012973 3.965992 7.982930 3.155310 -0.000000 0.101816 0.001315 3.669133 0.001929 -0.436411 7.338210 0.062164 -0.407509 7.338205 0.062164 -0.407510 -0.000000 0.167404 -0.020490 8.909756 -13.248693 -4.201019 -0.000000 0.096179 0.016850 29.606261 -7.641306 -5.644479 -0.000000 0.220374 0.075011 0.000002 0.000001 -0.000000 -0.045700 0.110149 -0.021608 0.701160 5.492112 3.212208 -45.871093 7.500633 59.494274 -1.971826 131.882839 1.468748 -9.717036 2.772223 -9.954589 -0.024648 -0.015740 0.026819 -28.584611 -10.537677 0.331231 0.948881 -1.328566 0.218918 -0.026463 -0.015278 0.015278 -0.000012 0.000008 -0.000001 -0.019946 -0.011516 0.011516 -0.000001 -0.000003 0.000002 -0.091083 -0.005179 0.022598 -4.065004 -6.912896 18.584023 0.397358 -1.723748 30.222084 -0.000002 0.000002 -0.000002 0.000001 -0.000001 0.000002 -0.095325 -0.000000 0.000000 1.117534 -4.641942 25.490497 -0.266484 1.042082 19.641864 -0.000000 0.000000 0.000001 0.000000 0.000000 0.000002 -0.091036 -0.000431 -0.018651 -0.521751 -6.188921 30.985935 1.385361 0.249384 14.944737 -0.000009 0.000006 0.000010 -0.000001 0.000001 0.000001 -0.080767 -0.004867 -0.038063 2.367148 -5.985351 33.746042 -0.304319 1.284723 11.773749 0.000002 0.000004 0.000010 0.000000 0.000002 -0.000000 0.045704 0.110147 -0.021608 -1.070786 -7.776540 -11.612367 -25.690044 -8.207458 -62.486833 -1.236480 -125.949631 -1.001445 9.486401 -5.795646 15.904075 0.024661 -0.015762 0.026817 -29.356764 3.032479 0.722216 7.367888 14.010128 -2.669918 0.026479 -0.015287 0.015288 -0.000007 0.000011 -0.000008 0.019989 -0.011541 0.011541 -0.000001 -0.000001 -0.000002 0.091093 -0.005180 0.022599 -5.895207 1.468311 -15.824481 0.343030 1.632593 -17.478340 -0.000000 0.000001 -0.000001 0.000001 0.000001 -0.000002 0.095334 0.000000 -0.000000 -0.643428 1.833509 -20.355116 -0.205120 -0.627972 -17.936015 -0.000001 0.000001 0.000000 -0.000002 -0.000002 -0.000001 0.091045 -0.000430 -0.018651 0.534930 4.543890 -26.683148 -0.444594 -0.917081 -22.393653 -0.000001 -0.000000 0.000001 -0.000001 0.000001 0.000002 0.080778 -0.004869 -0.038063 4.578881 6.150104 -28.508901 -0.516553 -2.839756 -16.823272 -0.000008 -0.000010 -0.000013 -0.000002 0.000002 0.000000 -0.082078 -0.067517 -0.015995 -28.892100 0.044200 -9.792318 39.762021 0.420800 1.570401 -14.245854 -8.086147 2.919428 -0.760149 -4.019081 2.503562 0.000000 -0.000001 -0.000000 0.082078 -0.067517 -0.015995 -25.776478 3.214414 4.880910 42.828974 -0.941123 -1.614234 -9.096610 4.841563 -3.281787 -9.582370 -3.258006 -2.825230 -0.000000 -0.000000 0.000000 
-0.020963 0.979761 0.016915 3.663838 7.909045 3.379336 -0.000000 0.101815 0.001315 3.494281 0.017860 -0.398399 6.988402 0.094616 -0.309871 6.988403 0.094615 -0.309872 -0.000000 0.167404 -0.020490 8.982984 -12.573272 -4.086693 -0.000000 0.096179 0.016850 29.352554 -6.617317 -6.458690 -0.000000 0.220374 0.075011 -0.000000 0.000001 0.000000 -0.045700 0.110149 -0.021608 0.576984 5.436637 3.374926 -39.437167 6.638987 59.395175 -2.002217 132.848013 1.468686 -7.417604 3.438852 -10.162680 -0.024648 -0.015740 0.026819 -28.531785 -10.318398 0.655293 0.964344 -1.406157 0.185285 -0.026463 -0.015278 0.015278 -0.000008 0.000008 -0.000007 -0.019946 -0.011516 0.011516 0.000001 -0.000000 0.000005 -0.091083 -0.005179 0.022598 -4.209503 -6.737685 18.620872 0.386772 -1.706133 29.796287 -0.000000 0.000001 -0.000006 0.000001 0.000000 0.000000 -0.095325 0.000000 0.000000 0.994002 -4.534877 25.343731 -0.261798 1.029248 19.434909 0.000000 0.000000 0.000000 -0.000000 0.000000 -0.000001 -0.091036 -0.000431 -0.018651 -0.563971 -6.110255 30.732989 1.357777 0.238530 14.908648 -0.000008 0.000006 0.000008 0.000002 0.000001 0.000002 -0.080767 -0.004867 -0.038063 2.332200 -5.919880 33.591669 -0.302332 1.276312 11.708666 0.000001 0.000003 0.000015 -0.000001 0.000001 0.000002 0.045704 0.110147 -0.021608 -1.050324 -7.604503 -11.276476 -20.387456 -8.000272 -63.318797 -1.201607 -125.165662 -0.982763 13.316262 -7.689648 16.727085 0.024661 -0.015762 0.026817 -28.018221 2.362736 1.156242 7.472321 13.954738 -2.978507 0.026479 -0.015288 0.015288 -0.000005 0.000014 -0.000009 0.019989 -0.011541 0.011541 -0.000002 -0.000001 0.000001 0.091093 -0.005180 0.022599 -5.657554 1.017946 -15.029266 0.315798 1.615040 -17.100147 -0.000001 0.000002 0.000001 -0.000001 0.000001 -0.000001 0.095334 0.000000 -0.000000 -0.652928 1.914329 -19.542310 -0.199379 -0.593192 -17.296354 0.000001 0.000003 -0.000000 0.000002 0.000003 -0.000002 0.091045 -0.000430 -0.018651 0.637097 4.764320 -26.101578 -0.452103 -0.923334 -22.421158 -0.000003 0.000002 -0.000000 -0.000002 0.000001 0.000001 0.080778 -0.004869 -0.038063 4.582796 6.678068 -27.656138 -0.552579 -2.941368 -17.426082 -0.000010 -0.000009 -0.000011 -0.000001 -0.000004 -0.000003 -0.082078 -0.067517 -0.015995 -28.307313 0.187073 -9.941501 39.793140 0.412480 1.570716 -14.547627 -8.127103 2.996583 -0.832581 -4.026843 2.484466 0.000000 -0.000000 0.000000 0.082078 -0.067517 -0.015995 -25.343777 3.762364 4.879387 42.940781 -0.942054 -1.620271 -8.761573 4.936767 -3.186392 -10.044068 -3.192464 -2.962507 0.000000 -0.000001 0.000000 
-0.020319 0.980398 0.020919 3.334658 7.831728 3.608655 0.000000 0.101816 0.001315 3.324232 0.049500 -0.368405 6.648038 0.156897 -0.228594 6.648041 0.156895 -0.228593 -0.000000 0.167404 -0.020490 9.309069 -11.328035 -3.919371 -0.000000 0.096178 0.016850 28.807443 -5.124158 -7.046649 0.000000 0.220374 0.075011 0.000003 0.000000 0.000000 -0.045700 0.110149 -0.021608 0.483146 5.469190 3.772673 -34.757555 5.971962 58.793483 -2.038779 133.625657 1.476527 -6.018212 1.626920 -10.252347 -0.024648 -0.015740 0.026819 -28.441867 -9.934488 1.220153 0.991313 -1.541702 0.126535 -0.026463 -0.015278 0.015278 -0.000006 0.000013 -0.000003 -0.019946 -0.011516 0.011516 -0.000005 -0.000000 -0.000000 -0.091083 -0.005179 0.022598 -4.462006 -6.431922 18.686313 0.368570 -1.675164 29.052602 -0.000004 0.000003 -0.000004 0.000001 0.000001 -0.000004 -0.095325 0.000000 0.000000 0.779021 -4.346963 25.087941 -0.253700 1.006789 19.073486 0.000000 0.000000 -0.000002 -0.000001 -0.000002 -0.000003 -0.091036 -0.000431 -0.018651 -0.636699 -5.972213 30.291346 1.309614 0.219615 14.845573 -0.000004 0.000005 0.000010 0.000000 0.000001 0.000001 -0.080767 -0.004867 -0.038063 2.271683 -5.805172 33.322116 -0.298889 1.261648 11.595026 0.000000 0.000003 0.000013 0.000003 0.000001 0.000001 0.045704 0.110147 -0.021608 -0.963987 -7.269801 -10.738325 -15.224358 -7.933822 -64.317603 -1.181753 -123.650070 -0.984171 18.007835 -10.069575 17.806160 0.024661 -0.015762 0.026817 -26.690329 1.705509 1.599892 7.575583 13.899450 -3.283815 0.026479 -0.015287 0.015288 -0.000005 0.000013 -0.000011 0.019989 -0.011541 0.011541 -0.000000 0.000002 -0.000000 0.091093 -0.005180 0.022599 -5.411354 0.579007 -14.238306 0.288882 1.597362 -16.725817 -0.000001 0.000003 0.000000 -0.000002 0.000002 0.000001 0.095334 0.000000 0.000000 -0.663958 1.993754 -18.737550 -0.194103 -0.558756 -16.663174 0.000001 -0.000003 0.000000 0.000001 0.000001 -0.000002 0.091045 -0.000430 -0.018651 0.734184 4.984126 -25.525720 -0.459566 -0.929537 -22.448436 0.000001 -0.000000 -0.000000 0.000002 0.000001 -0.000001 0.080778 -0.004869 -0.038063 4.573102 7.198705 -26.807724 -0.589270 -3.041490 -18.022917 -0.000010 -0.000014 -0.000014 -0.000002 0.000001 -0.000001 -0.082078 -0.067517 -0.015995 -27.640792 0.342614 -10.102149 39.738683 0.397610 1.567895 -14.812303 -8.176822 3.102439 -0.913975 -4.030329 2.457222 0.000000 0.000001 -0.000000 0.082078 -0.067517 -0.015995 -24.880130 4.407939 4.908808 43.020988 -0.941289 -1.625459 -8.286549 4.945281 -3.143204 -10.648986 -3.091676 -3.043739 0.000000 0.000000 0.000000 
-0.019418 0.981208 0.024979 2.984063 7.743763 3.826853 0.000000 0.101816 0.001315 3.157827 0.090755 -0.336683 6.314838 0.237163 -0.145674 6.314836 0.237165 -0.145675 -0.000000 0.167404 -0.020490 9.758673 -9.614605 -3.819083 0.000000 0.096178 0.016850 28.134659 -3.282514 -7.349494 0.000000 0.220374 0.075011 -0.000001 0.000000 0.000001 -0.045700 0.110149 -0.021608 0.368552 5.563723 4.306387 -30.137629 4.876221 58.005313 -2.060613 134.258843 1.476572 -4.445551 -0.325420 -10.416578 -0.024648 -0.015740 0.026819 -28.324257 -9.423208 1.962166 1.026917 -1.720680 0.048986 -0.026463 -0.015278 0.015278 -0.000003 0.000008 -0.000003 -0.019946 -0.011516 0.011516 0.000005 -0.000005 0.000001 -0.091083 -0.005179 0.022598 -4.796108 -6.029126 18.776374 0.345183 -1.633889 28.070512 -0.000001 0.000003 -0.000006 0.000005 0.000001 0.000001 -0.095325 0.000000 0.000000 0.497852 -4.095975 24.752158 -0.243221 0.977049 18.596184 -0.000002 -0.000002 -0.000001 -0.000000 -0.000001 0.000003 -0.091036 -0.000431 -0.018651 -0.728958 -5.787950 29.708806 1.245913 0.194840 14.762265 -0.000004 0.000008 0.000009 -0.000001 -0.000001 0.000003 -0.080767 -0.004867 -0.038063 2.193668 -5.652580 32.966605 -0.294415 1.242226 11.444925 0.000001 0.000002 0.000011 0.000000 -0.000001 -0.000001 0.045704 0.110147 -0.021608 -0.861947 -6.851224 -10.075375 -10.319732 -7.922351 -65.395769 -1.175635 -121.414098 -1.003750 23.450350 -12.381922 19.408140 0.024661 -0.015762 0.026817 -25.379653 1.064452 2.050496 7.677146 13.844571 -3.584286 0.026479 -0.015287 0.015288 -0.000008 0.000006 -0.000006 0.019989 -0.011541 0.011541 -0.000001 0.000002 0.000001 0.091093 -0.005180 0.022599 -5.158732 0.153472 -13.455867 0.262449 1.579643 -16.357150 -0.000003 0.000002 0.000000 -0.000001 0.000001 -0.000002 0.095334 0.000000 0.000000 -0.676422 2.071440 -17.944985 -0.189294 -0.524811 -16.039618 -0.000001 -0.000002 -0.000002 -0.000003 -0.000001 -0.000002 0.091045 -0.000430 -0.018651 0.825864 5.202046 -24.958520 -0.466894 -0.935611 -22.475255 0.000000 -0.000000 -0.000000 -0.000002 0.000001 -0.000002 0.080778 -0.004869 -0.038063 4.550625 7.709319 -25.968123 -0.626390 -3.139683 -18.610821 -0.000006 -0.000014 -0.000016 0.000000 0.000002 -0.000004 -0.082078 -0.067517 -0.015995 -26.908249 0.477576 -10.270399 39.605108 0.374436 1.561956 -15.040170 -8.208156 3.231759 -0.994701 -4.020517 2.417489 -0.000000 -0.000001 -0.000000 0.082078 -0.067517 -0.015995 -24.385500 5.091524 4.964940 43.076347 -0.938622 -1.629968 -7.706867 4.873928 -3.153022 -11.378597 -2.985079 -3.067955 -0.000000 0.000002 -0.000000 
-0.018230 0.982185 0.029073 2.616013 7.636910 4.014255 0.000000 0.101816 0.001315 2.997610 0.133364 -0.295684 5.993901 0.319154 -0.047777 5.993901 0.319155 -0.047777 0.000000 0.167404 -0.020490 10.236181 -7.467780 -3.893533 -0.000000 0.096178 0.016850 27.464659 -1.171890 -7.307852 -0.000000 0.220374 0.075011 0.000003 -0.000000 0.000001 -0.045700 0.110149 -0.021608 0.239554 5.710574 4.937005 -24.054658 2.506250 57.111668 -2.055559 134.926248 1.456141 -1.702935 -0.011769 -10.863360 -0.024648 -0.015740 0.026819 -28.184238 -8.799968 2.853198 1.069900 -1.936854 -0.044733 -0.026463 -0.015278 0.015278 -0.000001 0.000008 -0.000002 -0.019946 -0.011516 0.011516 0.000002 0.000001 -0.000000 -0.091083 -0.005179 0.022598 -5.200620 -5.543894 18.890345 0.317921 -1.583534 26.884072 0.000003 0.000004 -0.000006 0.000006 0.000003 -0.000000 -0.095325 0.000000 0.000000 0.162163 -3.788572 24.349419 -0.230915 0.941026 18.019554 0.000000 0.000001 0.000002 -0.000002 -0.000001 0.000001 -0.091036 -0.000431 -0.018651 -0.835085 -5.562466 29.006082 1.168924 0.165129 14.661559 -0.000003 0.000007 0.000009 0.000004 0.000002 0.000001 -0.080767 -0.004867 -0.038063 2.102135 -5.466625 32.537758 -0.289051 1.218754 11.263577 0.000000 0.000002 0.000015 0.000003 0.000004 0.000001 0.045704 0.110147 -0.021608 -0.755203 -6.377594 -9.332974 -5.854473 -7.912780 -66.480410 -1.190983 -118.403201 -1.048027 29.768027 -14.225341 21.823761 0.024661 -0.015762 0.026817 -24.092884 0.442615 2.504957 7.776496 13.790374 -3.878339 0.026479 -0.015287 0.015288 -0.000006 0.000009 -0.000013 0.019989 -0.011541 0.011541 0.000001 0.000003 -0.000002 0.091093 -0.005180 0.022599 -4.901277 -0.256401 -12.685901 0.236643 1.562025 -15.996143 -0.000001 -0.000000 0.000000 -0.000002 0.000004 0.000000 0.095334 0.000000 -0.000000 -0.690098 2.146926 -17.168611 -0.184994 -0.491564 -15.428921 -0.000002 -0.000000 0.000002 -0.000001 0.000001 0.000002 0.091045 -0.000430 -0.018651 0.911807 5.416845 -24.402774 -0.474076 -0.941587 -22.501536 0.000000 -0.000001 -0.000001 -0.000001 -0.000002 -0.000002 0.080778 -0.004869 -0.038063 4.515925 8.206979 -25.141510 -0.663671 -3.235424 -19.186676 -0.000010 -0.000016 -0.000014 0.000004 -0.000001 -0.000003 -0.082078 -0.067517 -0.015995 -26.117137 0.557211 -10.437835 39.381498 0.344185 1.552590 -15.222548 -8.193118 3.388744 -1.010654 -3.990294 2.420466 0.000000 0.000000 0.000000 0.082078 -0.067517 -0.015995 -23.857337 5.766726 5.054051 43.104456 -0.931915 -1.633571 -7.038117 4.696318 -3.230873 -12.238669 -2.900791 -3.016403 0.000000 0.000002 0.000000 
-0.016794 0.983257 0.033201 2.235131 7.511367 4.168252 0.000000 0.101815 0.001315 2.838204 0.178966 -0.241912 5.674426 0.406377 0.071912 5.674427 0.406379 0.071915 -0.000000 0.167404 -0.020490 10.756320 -4.995319 -4.139970 -0.000000 0.096179 0.016850 26.762245 1.110111 -6.943827 0.000000 0.220374 0.075011 0.000005 0.000000 -0.000001 -0.045700 0.110149 -0.021608 0.109270 5.851510 5.567491 -17.478058 -0.323449 56.435568 -2.042384 135.236038 1.438981 1.530469 1.069064 -11.539962 -0.024648 -0.015740 0.026819 -28.028108 -8.079701 3.864785 1.118921 -2.183975 -0.151888 -0.026463 -0.015278 0.015278 -0.000005 0.000010 -0.000004 -0.019946 -0.011516 0.011516 -0.000004 0.000002 0.000001 -0.091083 -0.005179 0.022598 -5.664475 -4.990985 19.027369 0.288024 -1.525217 25.527450 -0.000004 0.000005 -0.000003 -0.000002 0.000001 0.000002 -0.095325 0.000000 -0.000000 -0.216613 -3.431883 23.892610 -0.217293 0.899660 17.360181 0.000002 0.000001 0.000000 -0.000000 0.000001 -0.000001 -0.091036 -0.000431 -0.018651 -0.949446 -5.301202 28.203750 1.080764 0.131464 14.546317 -0.000002 0.000006 0.000011 0.000001 0.000002 0.000001 -0.080767 -0.004867 -0.038063 2.001024 -5.252024 32.048146 -0.283075 1.191886 11.056252 0.000002 0.000003 0.000012 0.000001 -0.000001 0.000002 0.045704 0.110147 -0.021608 -0.652940 -5.904417 -8.594348 -1.870583 -7.893229 -67.527621 -1.235793 -114.644807 -1.123643 36.390295 -15.260275 25.010508 0.024661 -0.015762 0.026817 -22.836797 -0.156649 2.960023 7.873102 13.737178 -4.164497 0.026479 -0.015288 0.015287 -0.000004 0.000009 -0.000008 0.019989 -0.011541 0.011541 -0.000000 -0.000003 0.000002 0.091093 -0.005180 0.022599 -4.641444 -0.648963 -11.932818 0.211540 1.544630 -15.644652 0.000002 0.000001 -0.000000 0.000004 0.000003 0.000001 0.095334 0.000000 0.000000 -0.704854 2.219876 -16.412562 -0.181156 -0.459228 -14.834341 -0.000001 -0.000001 -0.000001 0.000001 0.000000 0.000000 0.091045 -0.000430 -0.018651 0.991896 5.627217 -23.861508 -0.481088 -0.947393 -22.527115 0.000000 -0.000003 -0.000002 0.000001 -0.000002 -0.000001 0.080778 -0.004869 -0.038063 4.470288 8.689072 -24.332554 -0.700884 -3.328258 -19.747511 -0.000006 -0.000012 -0.000013 0.000007 0.000000 -0.000002 -0.082078 -0.067517 -0.015995 -25.290517 0.583807 -10.600098 39.116299 0.298051 1.540527 -15.457222 -8.132442 3.556526 -1.041223 -3.935043 2.375049 0.000000 -0.000000 -0.000000 0.082078 -0.067517 -0.015995 -23.302271 6.404691 5.163868 43.117840 -0.922632 -1.636643 -6.323379 4.457084 -3.352066 -13.181745 -2.839406 -2.913554 -0.000000 0.000000 0.000000 
-0.015111 0.984362 0.037366 1.843132 7.358903 4.278784 0.000000 0.101815 0.001315 2.676576 0.227075 -0.167114 5.350325 0.498147 0.228654 5.350327 0.498149 0.228653 -0.000000 0.167403 -0.020490 11.313941 -2.292823 -4.622194 0.000000 0.096178 0.016850 26.073206 3.451468 -6.248856 0.000000 0.220374 0.075011 -0.000005 0.000002 -0.000001 -0.045700 0.110149 -0.021608 -0.006915 5.928721 6.084125 -10.866579 -3.140224 56.346592 -2.009128 134.871825 1.424600 4.961054 2.184031 -12.495576 -0.024648 -0.015740 0.026819 -27.859097 -7.277314 4.968520 1.172829 -2.455817 -0.269832 -0.026463 -0.015278 0.015278 -0.000004 0.000006 -0.000006 -0.019946 -0.011516 0.011516 -0.000002 0.000003 -0.000004 -0.091083 -0.005179 0.022598 -6.176652 -4.385156 19.187101 0.256777 -1.460230 24.034630 -0.000002 0.000002 -0.000002 0.000002 0.000001 0.000002 -0.095325 0.000000 0.000000 -0.626544 -3.032459 23.394969 -0.202836 0.853964 16.634615 0.000001 0.000000 0.000002 -0.000001 -0.000001 0.000004 -0.091036 -0.000431 -0.018651 -1.065813 -5.009145 27.322539 0.983601 0.094903 14.419448 -0.000009 0.000007 0.000010 0.000003 0.000002 0.000000 -0.080767 -0.004867 -0.038063 1.894515 -5.013229 31.510521 -0.276602 1.162319 10.828063 0.000000 0.000001 0.000014 0.000004 0.000000 -0.000001 0.045704 0.110147 -0.021608 -0.569167 -5.497060 -7.953330 1.513212 -7.859748 -68.475795 -1.300872 -110.107123 -1.221966 42.951108 -14.840212 29.252686 0.024661 -0.015762 0.026817 -21.618329 -0.730490 3.412168 7.966500 13.685373 -4.441178 0.026479 -0.015287 0.015287 -0.000008 0.000013 -0.000012 0.019989 -0.011541 0.011541 -0.000004 0.000003 -0.000000 0.091093 -0.005180 0.022599 -4.381255 -1.022183 -11.200803 0.187330 1.527524 -15.304591 0.000003 0.000002 0.000000 0.000002 -0.000001 -0.000000 0.095334 0.000000 -0.000000 -0.720432 2.289897 -15.680981 -0.177795 -0.427911 -14.259044 0.000001 -0.000000 0.000000 -0.000002 -0.000000 -0.000000 0.091045 -0.000430 -0.018651 1.065908 5.831874 -23.337624 -0.487870 -0.952984 -22.551866 0.000001 0.000000 0.000002 0.000001 0.000001 0.000001 0.080778 -0.004869 -0.038063 4.414788 9.152871 -23.545699 -0.737731 -3.417692 -20.290250 -0.000011 -0.000013 -0.000014 -0.000004 -0.000001 -0.000000 -0.082078 -0.067517 -0.015995 -24.442305 0.538395 -10.752766 38.814930 0.232289 1.525635 -15.705938 -8.006099 3.739009 -1.039735 -3.839576 2.312219 -0.000000 -0.000000 -0.000000 0.082078 -0.067517 -0.015995 -22.720150 6.963861 5.286690 43.128864 -0.909462 -1.639380 -5.605642 4.178652 -3.502989 -14.174017 -2.819398 -2.772164 -0.000000 0.000000 0.000000 
-0.013263 0.985469 0.041537 1.452262 7.197214 4.347560 -0.000000 0.101815 0.001315 2.508438 0.275395 -0.077510 5.013035 0.589835 0.410514 5.013035 0.589833 0.410516 0.000000 0.167404 -0.020490 11.923266 0.560380 -5.231677 -0.000000 0.096178 0.016850 25.304037 5.814374 -5.303192 0.000000 0.220374 0.075011 0.000000 0.000000 -0.000001 -0.045700 0.110149 -0.021608 -0.111325 5.935481 6.496628 -4.289273 -5.881661 56.718738 -1.970374 133.802764 1.422812 8.431783 3.493065 -13.569218 -0.024648 -0.015740 0.026819 -27.684596 -6.409794 6.137597 1.230256 -2.746194 -0.395814 -0.026463 -0.015278 0.015278 -0.000003 0.000011 -0.000004 -0.019946 -0.011516 0.011516 0.000000 -0.000004 -0.000002 -0.091083 -0.005179 0.022598 -6.725920 -3.740776 19.367135 0.225309 -1.389905 22.439746 -0.000001 0.000004 -0.000001 -0.000001 -0.000002 -0.000000 -0.095325 0.000000 -0.000000 -1.057263 -2.598666 22.868508 -0.188039 0.804945 15.859418 0.000003 0.000003 0.000000 0.000001 0.000003 -0.000000 -0.091036 -0.000431 -0.018651 -1.180221 -4.692693 26.382728 0.879644 0.056255 14.283804 -0.000004 0.000005 0.000011 -0.000001 0.000001 0.000005 -0.080767 -0.004867 -0.038063 1.785694 -4.755459 30.937171 -0.269840 1.130669 10.584290 0.000001 0.000002 0.000014 0.000004 0.000000 0.000003 0.045704 0.110147 -0.021608 -0.502220 -5.159171 -7.420309 4.344351 -7.735488 -69.310396 -1.470215 -104.902956 -1.421091 48.902372 -13.511521 33.841586 0.024661 -0.015762 0.026817 -20.444383 -1.276015 3.857577 8.056099 13.635189 -4.706897 0.026479 -0.015288 0.015287 -0.000005 0.000013 -0.000009 0.019989 -0.011541 0.011541 0.000003 -0.000000 0.000002 0.091093 -0.005180 0.022599 -4.123445 -1.374830 -10.494383 0.164123 1.510850 -14.977848 -0.000001 -0.000003 -0.000001 -0.000001 -0.000001 -0.000000 0.095334 0.000000 -0.000000 -0.736598 2.356621 -14.977906 -0.174878 -0.397817 -13.706277 -0.000000 -0.000002 -0.000001 0.000000 -0.000003 -0.000001 0.091045 -0.000430 -0.018651 1.133877 6.029509 -22.834019 -0.494385 -0.958382 -22.575676 0.000000 -0.000000 0.000000 -0.000000 0.000001 -0.000000 0.080778 -0.004869 -0.038063 4.351144 9.595971 -22.785760 -0.773903 -3.503272 -20.811825 -0.000011 -0.000012 -0.000012 0.000001 -0.000002 -0.000003 -0.082078 -0.067517 -0.015995 -23.587637 0.449537 -10.884362 38.491647 0.145679 1.508262 -15.973340 -7.844074 3.923312 -1.020406 -3.715995 2.235813 -0.000000 0.000000 -0.000000 0.082078 -0.067517 -0.015995 -22.129461 7.438669 5.413812 43.138478 -0.894020 -1.641850 -4.907870 3.902455 -3.659775 -15.233543 -2.827372 -2.605642 0.000000 -0.000000 0.000000 
-0.011310 0.986518 0.045700 1.072342 7.036328 4.372326 0.000000 0.101815 0.001315 2.328283 0.323458 0.026810 4.651506 0.680515 0.616479 4.651506 0.680510 0.616479 0.000000 0.167404 -0.020490 12.598424 3.486646 -5.906380 -0.000000 0.096178 0.016850 24.401577 8.144423 -4.163795 0.000000 0.220374 0.075011 -0.000003 0.000000 0.000000 -0.045700 0.110149 -0.021608 -0.198325 5.832307 6.754291 2.107782 -8.380897 57.620719 -1.932086 131.877484 1.439283 11.689242 4.997052 -14.661647 -0.024648 -0.015740 0.026819 -27.506422 -5.492456 7.344263 1.290065 -3.048812 -0.527222 -0.026463 -0.015278 0.015278 -0.000006 0.000008 -0.000009 -0.019946 -0.011516 0.011516 0.000002 -0.000004 -0.000004 -0.091083 -0.005179 0.022598 -7.301345 -3.072547 19.566270 0.194689 -1.315662 20.776848 -0.000003 0.000002 -0.000005 0.000002 0.000005 0.000002 -0.095325 0.000000 -0.000000 -1.497471 -2.137793 22.326037 -0.173327 0.753632 15.051135 0.000000 0.000000 0.000004 -0.000002 0.000000 0.000004 -0.091036 -0.000431 -0.018651 -1.287123 -4.357486 25.404820 0.771080 0.016532 14.142235 -0.000006 0.000004 0.000010 0.000000 0.000002 -0.000001 -0.080767 -0.004867 -0.038063 1.678417 -4.483451 30.340773 -0.262946 1.097631 10.330101 0.000001 0.000004 0.000012 0.000001 -0.000002 0.000003 0.045704 0.110147 -0.021608 -0.456434 -4.925095 -7.047278 6.550651 -7.579467 -70.050673 -1.950827 -98.919588 -1.927593 53.642130 -11.325338 38.528400 0.024661 -0.015762 0.026817 -19.322151 -1.790635 4.292304 8.141444 13.586997 -4.960092 0.026479 -0.015287 0.015287 -0.000003 0.000014 -0.000013 0.019989 -0.011541 0.011541 -0.000002 0.000003 -0.000000 0.091093 -0.005180 0.022599 -3.870386 -1.705187 -9.817924 0.142039 1.494765 -14.666339 0.000001 -0.000001 0.000000 0.000002 -0.000001 0.000000 0.095334 0.000000 0.000000 -0.753148 2.419714 -14.307496 -0.172394 -0.369179 -13.179250 -0.000000 -0.000001 0.000000 0.000000 -0.000001 0.000000 0.091045 -0.000430 -0.018651 1.195695 6.218802 -22.353681 -0.500606 -0.963494 -22.598335 -0.000001 0.000000 -0.000000 -0.000001 0.000000 0.000000 0.080778 -0.004869 -0.038063 4.280845 10.015830 -22.057437 -0.809080 -3.584545 -21.309237 -0.000012 -0.000013 -0.000013 -0.000001 -0.000000 -0.000001 -0.082078 -0.067517 -0.015995 -22.750568 0.339613 -10.996108 38.171994 0.059502 1.491161 -16.210320 -7.681894 4.199103 -0.986177 -3.564047 2.144777 -0.000000 0.000001 0.000000 0.082078 -0.067517 -0.015995 -21.547013 7.810589 5.535994 43.160607 -0.875769 -1.644321 -4.270726 3.676197 -3.792648 -16.475002 -2.844857 -2.499314 -0.000000 0.000000 0.000000 
-0.009288 0.987526 0.049781 0.711829 6.892741 4.355272 0.000000 0.101816 0.001315 2.136889 0.365400 0.136962 4.267462 0.758424 0.828930 4.267458 0.758421 0.828930 0.000000 0.167403 -0.020490 13.264097 6.401552 -6.557263 -0.000000 0.096178 0.016850 23.359172 10.380667 -2.868679 0.000000 0.220374 0.075011 -0.000002 0.000002 0.000000 -0.045700 0.110149 -0.021608 -0.277034 5.659672 6.925103 8.100103 -10.570514 58.843671 -1.911358 129.141173 1.483108 14.731550 6.538543 -15.635758 -0.024648 -0.015740 0.026819 -27.331707 -4.545047 8.564138 1.350962 -3.357562 -0.661265 -0.026463 -0.015278 0.015278 -0.000002 0.000011 -0.000003 -0.019946 -0.011516 0.011516 0.000003 0.000002 0.000001 -0.091083 -0.005179 0.022598 -7.891186 -2.394209 19.780339 0.165686 -1.239001 19.080004 -0.000003 0.000004 -0.000004 0.000002 0.000003 0.000003 -0.095325 -0.000000 0.000000 -1.938254 -1.659684 21.778540 -0.159082 0.701049 14.226327 0.000003 0.000000 -0.000001 0.000003 -0.000002 -0.000002 -0.091036 -0.000431 -0.018651 -1.384567 -4.010893 24.408753 0.660132 -0.023480 13.997732 -0.000005 0.000005 0.000010 0.000001 0.000001 0.000001 -0.080767 -0.004867 -0.038063 1.574775 -4.202999 29.733395 -0.256134 1.063867 10.070713 0.000000 0.000002 0.000013 -0.000002 0.000001 -0.000002 0.045704 0.110147 -0.021608 -0.428155 -4.768762 -6.802637 8.349776 -6.990679 -70.532993 -5.138084 -92.801705 -5.132259 57.132839 -9.144708 42.335346 0.024661 -0.015762 0.026817 -18.258735 -2.271809 4.712119 8.222017 13.541198 -5.199220 0.026479 -0.015287 0.015288 -0.000004 0.000013 -0.000007 0.019989 -0.011541 0.011541 0.000001 0.000000 0.000003 0.091093 -0.005180 0.022599 -3.624932 -2.012219 -9.176073 0.121217 1.479361 -14.371951 -0.000001 -0.000001 -0.000000 -0.000001 -0.000001 -0.000000 0.095334 -0.000000 0.000000 -0.769739 2.478904 -13.673820 -0.170296 -0.342075 -12.681179 -0.000001 -0.000000 0.000000 -0.000002 -0.000000 -0.000000 0.091045 -0.000430 -0.018651 1.251507 6.398475 -21.899509 -0.506484 -0.968331 -22.619802 -0.000000 -0.000001 0.000002 0.000001 0.000000 0.000001 0.080778 -0.004869 -0.038063 4.205916 10.410202 -21.365752 -0.842955 -3.661013 -21.779395 -0.000007 -0.000012 -0.000010 0.000002 0.000000 0.000003 -0.082078 -0.067517 -0.015995 -21.948919 0.237287 -11.100574 37.855938 0.030227 1.478465 -16.268349 -7.581595 4.758721 -0.959083 -3.406985 2.048020 -0.000000 -0.000001 -0.000000 0.082078 -0.067517 -0.015995 -20.983789 8.074751 5.647433 43.184513 -0.856409 -1.646553 -3.690539 3.509300 -3.906686 -17.661100 -2.886686 -2.415160 -0.000000 0.000002 0.000000 
-0.007268 0.988513 0.053734 0.382061 6.786408 4.295974 0.000000 0.101815 0.001315 1.931129 0.396272 0.245692 3.854828 0.813628 1.033956 3.854829 0.813624 1.033956 -0.000000 0.167404 -0.020490 13.855190 9.252127 -7.060055 0.000000 0.096178 0.016850 22.166069 12.491265 -1.475805 0.000000 0.220374 0.075011 0.000000 -0.000000 -0.000001 -0.045700 0.110149 -0.021608 -0.354115 5.433331 7.047958 13.440421 -12.297004 60.264651 -1.927916 125.522293 1.569751 17.377275 8.107592 -16.344588 -0.024648 -0.015740 0.026819 -27.161425 -3.583901 9.770639 1.411778 -3.666110 -0.795352 -0.026463 -0.015278 0.015278 -0.000007 0.000004 -0.000003 -0.019946 -0.011516 0.011516 -0.000002 -0.000005 -0.000000 -0.091083 -0.005179 0.022598 -8.484301 -1.720128 20.006562 0.139035 -1.161496 17.383241 -0.000005 0.000006 -0.000001 0.000000 0.000002 -0.000000 -0.095325 0.000000 -0.000000 -2.369494 -1.172862 21.237891 -0.145572 0.648278 13.401547 0.000002 0.000001 0.000002 0.000002 0.000001 0.000001 -0.091036 -0.000431 -0.018651 -1.468574 -3.659440 23.414667 0.549011 -0.062902 13.853060 -0.000009 0.000010 0.000012 0.000002 0.000003 0.000005 -0.080767 -0.004867 -0.038063 1.477782 -3.919335 29.127427 -0.249496 1.030107 9.811355 -0.000001 0.000004 0.000013 -0.000000 0.000001 0.000001 0.045704 0.110147 -0.021608 -0.416478 -4.683830 -6.684254 9.928233 -5.436549 -70.498815 5.326857 -87.239418 5.320418 58.868567 -7.970287 43.869786 0.024661 -0.015762 0.026817 -17.261479 -2.717238 5.112794 8.297339 13.498092 -5.422811 0.026479 -0.015287 0.015287 -0.000004 0.000011 -0.000012 0.019989 -0.011541 0.011541 0.000004 0.000001 0.000005 0.091093 -0.005180 0.022599 -3.389766 -2.294623 -8.573328 0.101792 1.464796 -14.096593 0.000001 0.000000 0.000000 0.000002 -0.000001 0.000000 0.095334 0.000000 0.000000 -0.786101 2.533834 -13.080991 -0.168564 -0.316736 -12.215269 -0.000002 0.000000 0.000000 -0.000002 0.000000 -0.000000 0.091045 -0.000430 -0.018651 1.301368 6.567182 -21.474502 -0.511991 -0.972859 -22.639832 -0.000001 -0.000001 0.000003 0.000001 -0.000000 0.000002 0.080778 -0.004869 -0.038063 4.128275 10.776725 -20.715603 -0.875199 -3.732272 -22.219300 -0.000007 -0.000012 -0.000013 -0.000002 0.000000 -0.000003 -0.082078 -0.067517 -0.015995 -21.171821 0.153829 -11.162358 37.527897 -0.000867 1.465104 -16.285077 -7.523167 5.348875 -0.962489 -3.266156 1.953415 -0.000000 0.000000 -0.000000 0.082078 -0.067517 -0.015995 -20.453497 8.216179 5.740725 43.202582 -0.836906 -1.648375 -3.176947 3.435589 -3.990417 -18.765079 -2.949904 -2.372974 -0.000000 -0.000001 0.000000 
-0.005237 0.989477 0.057483 0.084456 6.717949 4.202726 0.000000 0.101815 0.001315 1.717582 0.413577 0.346054 3.426899 0.841310 1.218517 3.426901 0.841315 1.218520 0.000000 0.167403 -0.020490 14.248003 11.899476 -7.372593 -0.000000 0.096179 0.016850 20.855242 14.344500 -0.001298 -0.000000 0.220374 0.075011 -0.000003 0.000002 -0.000001 -0.045700 0.110149 -0.021608 -0.432278 5.186558 7.161305 18.067561 -13.682266 61.756398 -2.006295 121.186366 1.716983 19.922410 9.327864 -16.758293 -0.024648 -0.015740 0.026819 -27.001495 -2.631534 10.941945 1.471227 -3.968454 -0.926751 -0.026463 -0.015278 0.015278 -0.000006 0.000010 -0.000006 -0.019946 -0.011516 0.011516 0.000002 -0.000006 -0.000002 -0.091083 -0.005179 0.022598 -9.068418 -1.063342 20.238826 0.115203 -1.084805 15.720596 -0.000002 0.000003 -0.000004 -0.000001 -0.000000 0.000002 -0.095325 -0.000000 -0.000000 -2.783708 -0.688492 20.713998 -0.133085 0.596358 12.593332 -0.000002 0.000001 0.000001 -0.000001 0.000000 0.000003 -0.091036 -0.000431 -0.018651 -1.539289 -3.311186 22.442214 0.439927 -0.100991 13.711250 -0.000006 0.000007 0.000013 0.000000 0.000000 0.000004 -0.080767 -0.004867 -0.038063 1.388520 -3.638734 28.534813 -0.243150 0.996960 9.557185 -0.000002 0.000003 0.000014 0.000001 0.000002 0.000003 0.045704 0.110147 -0.021608 -0.418019 -4.644220 -6.656654 11.303912 -3.382151 -70.232574 2.086795 -81.940926 2.065955 59.756232 -7.437489 44.144920 0.024661 -0.015762 0.026817 -16.337666 -3.124688 5.489839 8.366840 13.458029 -5.629324 0.026479 -0.015287 0.015287 -0.000008 0.000013 -0.000009 0.019989 -0.011541 0.011541 0.000001 0.000002 0.000001 0.091093 -0.005180 0.022599 -3.167753 -2.551467 -8.014353 0.083874 1.451162 -13.842156 -0.000000 -0.000000 0.000000 0.000000 0.000000 0.000000 0.095334 0.000000 0.000000 -0.801951 2.584207 -12.533116 -0.167171 -0.293340 -11.784726 -0.000001 0.000000 0.000000 -0.000001 -0.000000 -0.000000 0.091045 -0.000430 -0.018651 1.345429 6.723543 -21.081580 -0.517089 -0.977048 -22.658388 0.000002 -0.000001 0.000002 0.000001 -0.000001 0.000002 0.080778 -0.004869 -0.038063 4.050096 11.113402 -20.112114 -0.905468 -3.797918 -22.625843 -0.000011 -0.000014 -0.000011 0.000001 0.000001 0.000002 -0.082078 -0.067517 -0.015995 -20.427639 0.091042 -11.186237 37.190332 -0.032590 1.451279 -16.264393 -7.506312 5.942463 -0.996326 -3.146197 1.864167 -0.000000 0.000000 -0.000001 0.082078 -0.067517 -0.015995 -19.955812 8.243126 5.812301 43.205895 -0.818820 -1.649624 -2.725233 3.430580 -4.068910 -19.767479 -3.037198 -2.342928 0.000000 0.000002 0.000000 
-0.003213 0.990424 0.060946 -0.176901 6.695914 4.083642 -0.000000 0.101816 0.001315 1.500251 0.412443 0.429090 2.991915 0.831860 1.365723 2.991916 0.831861 1.365724 -0.000000 0.167404 -0.020490 14.300189 14.242794 -7.391049 -0.000000 0.096179 0.016850 19.493893 15.849174 1.530811 0.000000 0.220374 0.075011 0.000000 0.000000 -0.000000 -0.045700 0.110149 -0.021608 -0.517560 4.955223 7.316965 21.790781 -14.735508 63.160549 -2.188505 116.210355 1.964056 22.563294 9.818998 -16.784275 -0.024648 -0.015740 0.026819 -26.852482 -1.705653 12.053108 1.528174 -4.258249 -1.052819 -0.026463 -0.015278 0.015278 -0.000003 0.000011 -0.000006 -0.019946 -0.011516 0.011516 0.000000 -0.000001 0.000003 -0.091083 -0.005179 0.022598 -9.631914 -0.437602 20.472548 0.094476 -1.010612 14.126143 -0.000002 0.000004 0.000000 0.000002 0.000001 0.000006 -0.095325 0.000000 0.000000 -3.172304 -0.216487 20.217674 -0.121807 0.546409 11.818229 -0.000001 0.000002 0.000001 -0.000000 0.000002 -0.000001 -0.091036 -0.000431 -0.018651 -1.594814 -2.973468 21.511184 0.335181 -0.136979 13.575109 -0.000003 0.000009 0.000012 0.000003 -0.000003 -0.000000 -0.080767 -0.004867 -0.038063 1.308993 -3.366954 27.967664 -0.237233 0.965173 9.313448 -0.000000 0.000001 0.000013 0.000003 0.000001 -0.000001 0.045704 0.110147 -0.021608 -0.430492 -4.630867 -6.695572 12.579230 -1.129930 -69.949709 1.538773 -76.718181 1.497422 60.577658 -7.626077 43.533560 0.024661 -0.015762 0.026817 -15.494742 -3.491975 5.838827 8.430059 13.421392 -5.817221 0.026479 -0.015287 0.015288 -0.000004 0.000011 -0.000014 0.019989 -0.011541 0.011541 0.000003 -0.000001 -0.000000 0.091093 -0.005180 0.022599 -2.961741 -2.781671 -7.503811 0.067583 1.438659 -13.610559 -0.000000 -0.000000 0.000000 -0.000000 0.000000 0.000001 0.095334 0.000000 0.000000 -0.816974 2.629766 -12.034285 -0.166057 -0.272047 -11.392828 0.000001 -0.000000 0.000000 0.000001 -0.000001 0.000001 0.091045 -0.000430 -0.018651 1.383866 6.866349 -20.723745 -0.521722 -0.980814 -22.675251 0.000000 -0.000001 0.000002 -0.000001 -0.000001 0.000000 0.080778 -0.004869 -0.038063 3.973549 11.418026 -19.560407 -0.933413 -3.857432 -22.996006 -0.000008 -0.000011 -0.000009 0.000000 -0.000001 -0.000003 -0.082078 -0.067517 -0.015995 -19.721335 0.056266 -11.173755 36.838277 -0.063389 1.436951 -16.202240 -7.535025 6.507528 -1.077419 -3.069975 1.790891 -0.000000 0.000000 -0.000000 0.082078 -0.067517 -0.015995 -19.495074 8.151242 5.853376 43.185387 -0.805014 -1.650236 -2.327395 3.489956 -4.159840 -20.652306 -3.157687 -2.306489 -0.000000 -0.000001 0.000000 
-0.001176 0.991319 0.064084 -0.398321 6.717106 3.937760 0.000000 0.101816 0.001315 1.283931 0.395866 0.493421 2.559459 0.791685 1.472338 2.559457 0.791686 1.472339 0.000000 0.167404 -0.020490 13.970401 16.109466 -7.072478 0.000000 0.096179 0.016850 18.073816 16.880415 3.002377 -0.000000 0.220374 0.075011 0.000000 0.000003 0.000000 -0.045700 0.110149 -0.021608 -0.607565 4.746683 7.514194 24.715922 -15.600495 64.462431 -2.553061 110.772384 2.387706 25.401557 9.528026 -16.453432 -0.024648 -0.015740 0.026819 -26.718693 -0.830866 13.084300 1.581354 -4.529399 -1.170753 -0.026463 -0.015278 0.015278 -0.000005 0.000010 -0.000006 -0.019946 -0.011516 0.011516 0.000001 -0.000003 -0.000002 -0.091083 -0.005179 0.022598 -10.161985 0.144706 20.700060 0.077031 -0.940673 12.633852 -0.000006 0.000002 -0.000002 -0.000004 0.000001 0.000003 -0.095325 0.000000 -0.000000 -3.529115 0.231128 19.758045 -0.111872 0.499538 11.092782 0.000001 -0.000000 0.000000 -0.000002 0.000001 -0.000000 -0.091036 -0.000431 -0.018651 -1.637105 -2.654617 20.641071 0.237022 -0.170220 13.447651 -0.000006 0.000006 0.000013 -0.000000 0.000001 0.000001 -0.080767 -0.004867 -0.038063 1.239348 -3.110484 27.437801 -0.231839 0.935363 9.085320 -0.000001 -0.000001 0.000016 0.000004 -0.000001 0.000001 0.045704 0.110147 -0.021608 -0.450464 -4.615636 -6.765053 13.672533 1.363405 -69.615890 1.369983 -71.700157 1.300500 61.099648 -8.180973 42.515250 0.024661 -0.015762 0.026817 -14.740149 -3.817154 6.155130 8.486487 13.388493 -5.985003 0.026479 -0.015287 0.015288 -0.000007 0.000013 -0.000012 0.019989 -0.011541 0.011541 0.000000 -0.000001 0.000001 0.091093 -0.005180 0.022599 -2.774584 -2.984495 -7.046392 0.053071 1.427387 -13.403659 0.000000 0.000000 -0.000001 0.000000 -0.000001 -0.000001 0.095334 0.000000 0.000000 -0.830881 2.670177 -11.588667 -0.165199 -0.253069 -11.042730 0.000000 0.000000 -0.000001 0.000000 0.000000 -0.000000 0.091045 -0.000430 -0.018651 1.416826 6.994237 -20.403991 -0.525861 -0.984216 -22.690310 0.000001 -0.000003 0.000005 0.000002 -0.000003 0.000003 0.080778 -0.004869 -0.038063 3.900800 11.688638 -19.065674 -0.958695 -3.910478 -23.326705 -0.000009 -0.000012 -0.000015 -0.000001 0.000000 0.000000 -0.082078 -0.067517 -0.015995 -19.069533 0.055573 -11.123782 36.491597 -0.093223 1.422778 -16.109577 -7.622077 7.042202 -1.179011 -3.004212 1.719056 -0.000000 -0.000000 -0.000000 0.082078 -0.067517 -0.015995 -19.075846 7.960165 5.874969 43.142576 -0.796931 -1.650326 -2.003070 3.583930 -4.273389 -21.380584 -3.297408 -2.242865 0.000000 -0.000002 0.000000 
0.000886 0.992123 0.066835 -0.574336 6.781044 3.770431 -0.000000 0.101816 0.001315 1.074662 0.363796 0.533414 2.141633 0.721039 1.527531 2.141634 0.721040 1.527531 0.000000 0.167404 -0.020490 13.173877 17.301037 -6.367404 0.000000 0.096178 0.016850 16.633777 17.306200 4.303638 0.000000 0.220374 0.075011 -0.000002 0.000001 0.000000 -0.045700 0.110149 -0.021608 -0.704224 4.581592 7.776690 26.834401 -16.389181 65.580594 -3.293475 105.070685 3.180812 28.708091 7.969466 -15.675245 -0.024648 -0.015740 0.026819 -26.600641 -0.026671 14.012272 1.629617 -4.775706 -1.277961 -0.026463 -0.015278 0.015278 -0.000003 0.000010 -0.000004 -0.019946 -0.011516 0.011516 -0.000000 -0.000000 0.000005 -0.091083 -0.005179 0.022598 -10.646344 0.670611 20.914937 0.062780 -0.876719 11.277798 -0.000003 0.000001 -0.000003 -0.000002 -0.000001 0.000002 -0.095325 0.000000 -0.000000 -3.846911 0.643144 19.344773 -0.103351 0.456834 10.433565 0.000000 -0.000001 0.000005 0.000001 -0.000001 0.000004 -0.091036 -0.000431 -0.018651 -1.666341 -2.362607 19.851400 0.147701 -0.200070 13.331736 -0.000006 0.000006 0.000010 -0.000002 -0.000003 0.000000 -0.080767 -0.004867 -0.038063 1.180585 -2.875591 26.957152 -0.227056 0.908252 8.878022 0.000005 0.000001 0.000013 0.000000 -0.000000 -0.000002 0.045704 0.110147 -0.021608 -0.475059 -4.565833 -6.824210 14.522468 4.064083 -69.280931 1.305597 -66.933641 1.201031 61.384194 -8.799304 41.723454 0.024661 -0.015762 0.026817 -14.081349 -4.098149 6.434300 8.535627 13.359715 -6.131148 0.026479 -0.015287 0.015287 -0.000009 0.000011 -0.000011 0.019989 -0.011541 0.011541 -0.000002 -0.000001 -0.000000 0.091093 -0.005180 0.022599 -2.609172 -3.158945 -6.646787 0.040439 1.417485 -13.223376 -0.000001 -0.000000 0.000002 -0.000000 0.000001 0.000001 0.095334 0.000000 0.000000 -0.843360 2.705195 -11.200329 -0.164540 -0.236484 -10.737659 -0.000000 0.000000 -0.000001 -0.000001 -0.000002 -0.000003 0.091045 -0.000430 -0.018651 1.444517 7.105912 -20.125258 -0.529472 -0.987185 -22.703462 -0.000002 -0.000000 0.000001 -0.000002 0.000000 0.000003 0.080778 -0.004869 -0.038063 3.834118 11.923227 -18.633108 -0.980958 -3.956543 -23.614918 -0.000011 -0.000011 -0.000018 0.000001 -0.000000 -0.000002 -0.082078 -0.067517 -0.015995 -18.490581 0.099971 -11.037331 36.168611 -0.120856 1.409489 -15.996954 -7.779940 7.521649 -1.287090 -2.936343 1.644181 0.000000 -0.000000 0.000000 0.082078 -0.067517 -0.015995 -18.704594 7.683276 5.879855 43.076784 -0.798031 -1.650106 -1.761302 3.682334 -4.431754 -21.919026 -3.452643 -2.119104 -0.000000 0.000000 0.000000 
0.002975 0.992858 0.069179 -0.705907 6.887511 3.570176 0.000000 0.101816 0.001315 0.873139 0.321067 0.553403 1.739674 0.629973 1.538090 1.739671 0.629973 1.538092 0.000000 0.167404 -0.020490 11.988725 17.730556 -5.276453 -0.000000 0.096178 0.016850 15.178482 17.098803 5.304539 0.000000 0.220374 0.075011 0.000002 0.000003 -0.000003 -0.045700 0.110149 -0.021608 -0.803380 4.454934 8.082245 28.273490 -17.178047 66.536144 -5.158826 99.130675 5.094167 32.177632 6.016456 -14.726084 -0.024648 -0.015740 0.026819 -26.500944 0.681929 14.818097 1.671768 -4.991044 -1.371710 -0.026463 -0.015278 0.015278 -0.000006 0.000006 -0.000008 -0.019946 -0.011516 0.011516 0.000000 -0.000001 -0.000000 -0.091083 -0.005179 0.022598 -11.071802 1.128185 21.108655 0.051574 -0.820541 10.092020 -0.000005 0.000000 -0.000002 -0.000000 -0.000002 -0.000000 -0.095325 -0.000000 0.000000 -4.120197 1.007195 18.986592 -0.096320 0.419407 9.857107 -0.000003 -0.000001 0.000001 -0.000005 0.000002 -0.000000 -0.091036 -0.000431 -0.018651 -1.685385 -2.105628 19.161642 0.069505 -0.225850 13.230341 -0.000009 0.000004 0.000010 -0.000000 -0.000001 0.000000 -0.080767 -0.004867 -0.038063 1.132446 -2.668870 26.537418 -0.222978 0.884534 8.696736 0.000000 0.000000 0.000012 0.000001 0.000002 0.000001 0.045704 0.110147 -0.021608 -0.503261 -4.476880 -6.864713 15.165644 6.901966 -68.910769 1.293582 -62.502132 1.147268 61.331219 -9.407142 41.068999 0.024661 -0.015762 0.026817 -13.525842 -4.333005 6.671873 8.576983 13.335438 -6.254162 0.026479 -0.015287 0.015288 -0.000007 0.000009 -0.000010 0.019989 -0.011541 0.011541 -0.000001 -0.000003 0.000001 0.091093 -0.005180 0.022599 -2.468161 -3.304139 -6.309598 0.029832 1.409133 -13.071631 -0.000000 -0.000001 0.000000 -0.000001 -0.000000 -0.000000 0.095334 0.000000 -0.000000 -0.854134 2.734492 -10.873382 -0.164072 -0.222563 -10.480848 0.000000 0.000002 -0.000001 -0.000001 0.000002 -0.000002 0.091045 -0.000430 -0.018651 1.467038 7.200079 -19.890532 -0.532512 -0.989671 -22.714510 -0.000001 0.000002 0.000001 -0.000001 0.000002 0.000001 0.080778 -0.004869 -0.038063 3.775493 12.119764 -18.267833 -0.999870 -3.995230 -23.857562 -0.000011 -0.000009 -0.000015 -0.000002 0.000002 0.000004 -0.082078 -0.067517 -0.015995 -17.984151 0.180655 -10.909127 35.867260 -0.148509 1.396830 -15.859090 -8.016096 7.983980 -1.379298 -2.827363 1.546759 0.000000 0.000001 -0.000000 0.082078 -0.067517 -0.015995 -18.378752 7.334518 5.884648 42.982862 -0.808821 -1.649429 -1.622734 3.782051 -4.617548 -22.234284 -3.605895 -1.944956 0.000000 -0.000001 0.000000 
0.005100 0.993532 0.071089 -0.790011 7.037731 3.329056 -0.000000 0.101815 0.001315 0.680245 0.271812 0.554667 1.355192 0.527102 1.505260 1.355191 0.527097 1.505257 0.000000 0.167404 -0.020490 10.504495 17.199350 -3.833549 -0.000000 0.096178 0.016850 13.673606 16.176535 5.805525 -0.000000 0.220374 0.075011 -0.000000 0.000001 0.000001 -0.045700 0.110149 -0.021608 -0.902932 4.373370 8.429604 29.136887 -18.080462 67.310401 -14.903531 93.088471 14.883097 35.702997 4.272790 -13.772603 -0.024648 -0.015740 0.026819 -26.420785 1.273128 15.480383 1.706620 -5.169253 -1.449343 -0.026463 -0.015278 0.015278 -0.000003 0.000010 -0.000004 -0.019946 -0.011516 0.011516 -0.000000 -0.000004 -0.000004 -0.091083 -0.005179 0.022598 -11.425522 1.505083 21.273343 0.043222 -0.773873 9.110462 0.000001 0.000000 -0.000006 -0.000000 -0.000003 0.000001 -0.095325 0.000000 -0.000000 -4.343017 1.311212 18.692447 -0.090769 0.388384 9.379929 -0.000002 0.000000 -0.000001 -0.000003 0.000000 -0.000003 -0.091036 -0.000431 -0.018651 -1.696260 -1.891984 18.591140 0.004718 -0.246999 13.146369 -0.000006 0.000006 0.000012 0.000000 0.000001 0.000004 -0.080767 -0.004867 -0.038063 1.094984 -2.496858 26.190444 -0.219673 0.864894 8.546678 0.000003 -0.000000 0.000013 0.000002 0.000003 -0.000003 0.045704 0.110147 -0.021608 -0.531625 -4.320194 -6.849950 15.585500 9.805118 -68.506155 1.300598 -58.440970 1.108120 60.874027 -9.824293 40.804739 0.024661 -0.015762 0.026817 -13.081031 -4.519604 6.863509 8.610003 13.315935 -6.352492 0.026479 -0.015288 0.015287 -0.000006 0.000013 -0.000012 0.019989 -0.011541 0.011541 0.000001 0.000002 0.000001 0.091093 -0.005180 0.022599 -2.354380 -3.419191 -6.039518 0.021353 1.402386 -12.950291 -0.000000 0.000001 0.000002 -0.000000 0.000003 0.000000 0.095334 0.000000 0.000000 -0.862913 2.757858 -10.611937 -0.163739 -0.211435 -10.275494 -0.000000 0.000002 -0.000001 -0.000000 0.000001 0.000001 0.091045 -0.000430 -0.018651 1.484576 7.275478 -19.702796 -0.534939 -0.991648 -22.723341 -0.000003 -0.000001 -0.000001 -0.000003 0.000001 0.000003 0.080778 -0.004869 -0.038063 3.727139 12.276321 -17.975089 -1.015119 -4.026084 -24.051606 -0.000010 -0.000014 -0.000012 0.000000 0.000001 -0.000000 -0.082078 -0.067517 -0.015995 -17.554807 0.308775 -10.727962 35.591354 -0.177423 1.384852 -15.694935 -8.359764 8.443646 -1.424867 -2.627648 1.402174 0.000000 -0.000000 0.000000 0.082078 -0.067517 -0.015995 -18.095449 6.930104 5.904378 42.849089 -0.831446 -1.648113 -1.609460 3.864185 -4.831013 -22.278445 -3.739485 -1.708283 0.000000 0.000001 0.000000 
0.007259 0.994160 0.072531 -0.833001 7.225515 3.041508 0.000000 0.101815 0.001315 0.501011 0.217829 0.540970 0.998113 0.416311 1.435428 0.998110 0.416317 1.435430 0.000000 0.167404 -0.020490 8.792195 15.800234 -2.123493 -0.000000 0.096178 0.016850 12.160439 14.628406 5.853815 0.000000 0.220374 0.075011 -0.000000 0.000004 -0.000001 -0.045700 0.110149 -0.021608 -0.997021 4.322988 8.780525 29.485937 -19.092044 67.922543 13.443988 86.623020 -13.421183 38.938085 3.061062 -13.035348 -0.024648 -0.015740 0.026819 -26.361144 1.723605 15.979074 1.733011 -5.304148 -1.508111 -0.026463 -0.015278 0.015278 -0.000006 0.000011 -0.000006 -0.019946 -0.011516 0.011516 -0.000000 -0.000003 -0.000000 -0.091083 -0.005179 0.022598 -11.694301 1.789338 21.400738 0.037443 -0.738421 8.367227 -0.000002 -0.000002 -0.000005 -0.000002 -0.000003 0.000002 -0.095325 0.000000 0.000000 -4.509589 1.543121 18.471195 -0.086761 0.364853 9.018624 0.000001 0.000000 0.000001 0.000003 -0.000001 -0.000001 -0.091036 -0.000431 -0.018651 -1.701390 -1.729488 18.159460 -0.044378 -0.262874 13.082759 -0.000007 0.000006 0.000008 -0.000001 0.000001 0.000002 -0.080767 -0.004867 -0.038063 1.068134 -2.366010 25.927943 -0.217211 0.850022 8.433076 0.000001 0.000004 0.000014 0.000003 -0.000002 -0.000000 0.045704 0.110147 -0.021608 -0.563331 -4.134750 -6.824128 15.888967 12.740432 -68.017769 1.330083 -54.953209 1.088833 59.972811 -10.066936 40.530267 0.024661 -0.015762 0.026817 -12.754364 -4.655916 7.005052 8.634246 13.301602 -6.424618 0.026479 -0.015287 0.015288 -0.000007 0.000014 -0.000015 0.019989 -0.011541 0.011541 0.000000 0.000000 0.000005 0.091093 -0.005180 0.022599 -2.270176 -3.502887 -5.841040 0.015136 1.397419 -12.861268 -0.000002 0.000000 -0.000002 -0.000003 0.000001 0.000000 0.095334 0.000000 0.000000 -0.869465 2.774920 -10.420121 -0.163525 -0.203264 -10.124845 0.000001 0.000002 0.000001 -0.000001 0.000003 0.000001 0.091045 -0.000430 -0.018651 1.497123 7.330892 -19.565021 -0.536723 -0.993114 -22.729843 -0.000002 0.000001 -0.000006 -0.000005 0.000004 -0.000005 0.080778 -0.004869 -0.038063 3.690642 12.390808 -17.759827 -1.026363 -4.048712 -24.193971 -0.000011 -0.000012 -0.000011 0.000002 -0.000003 -0.000004 -0.082078 -0.067517 -0.015995 -17.205188 0.434029 -10.510105 35.336592 -0.209794 1.373259 -15.496808 -8.756981 8.948763 -1.432421 -2.357026 1.221174 -0.000000 0.000000 -0.000001 0.082078 -0.067517 -0.015995 -17.856338 6.477518 5.946019 42.686244 -0.864263 -1.646385 -1.722641 3.950108 -5.044207 -22.066758 -3.842294 -1.438512 0.000000 -0.000001 0.000000 
0.009465 0.994728 0.073476 -0.840213 7.449076 2.693443 -0.000000 0.101815 0.001315 0.338780 0.159726 0.514441 0.675009 0.299145 1.330667 0.675007 0.299141 1.330666 0.000000 0.167404 -0.020490 6.933602 13.500852 -0.221848 -0.000000 0.096179 0.016850 10.630416 12.470671 5.397992 -0.000000 0.220374 0.075011 -0.000002 -0.000001 0.000002 -0.045700 0.110149 -0.021608 -1.079815 4.295702 9.103181 29.397643 -20.266986 68.375671 4.697411 80.235953 -4.629353 41.480842 3.167827 -12.902782 -0.024648 -0.015740 0.026819 -26.328247 1.981623 16.264248 1.748063 -5.381413 -1.541784 -0.026463 -0.015278 0.015278 -0.000006 0.000010 -0.000012 -0.019946 -0.011516 0.011516 0.000001 -0.000003 -0.000002 -0.091083 -0.005179 0.022598 -11.848380 1.951825 21.474321 0.034322 -0.718104 7.941752 -0.000002 -0.000001 -0.000004 0.000000 0.000002 -0.000001 -0.095325 0.000000 0.000000 -4.604449 1.676278 18.344874 -0.084533 0.351375 8.811786 0.000002 -0.000001 0.000002 -0.000000 0.000000 0.000003 -0.091036 -0.000431 -0.018651 -1.703653 -1.636370 17.912396 -0.072501 -0.271911 13.046343 -0.000005 0.000004 0.000011 -0.000001 -0.000002 0.000004 -0.080767 -0.004867 -0.038063 1.053125 -2.290983 25.777725 -0.215810 0.841501 8.368008 -0.000001 -0.000000 0.000014 -0.000002 -0.000002 0.000000 0.045704 0.110147 -0.021608 -0.601597 -3.939593 -6.816540 16.189778 15.672709 -67.390499 1.382586 -52.299066 1.093850 58.487333 -10.066576 39.914570 0.024661 -0.015762 0.026817 -12.571089 -4.732020 7.084734 8.647802 13.293564 -6.465017 0.026479 -0.015287 0.015287 -0.000008 0.000011 -0.000010 0.019989 -0.011541 0.011541 -0.000003 0.000002 -0.000000 0.091093 -0.005180 0.022599 -2.222861 -3.549676 -5.729731 0.011665 1.394647 -12.811350 0.000000 0.000000 -0.000001 0.000002 -0.000001 0.000002 0.095334 0.000000 -0.000000 -0.873156 2.784469 -10.312589 -0.163414 -0.198691 -10.040397 0.000002 0.000000 -0.000000 0.000002 0.000001 0.000002 0.091045 -0.000430 -0.018651 1.504098 7.361952 -19.487795 -0.537723 -0.993924 -22.733474 0.000001 -0.000001 -0.000000 0.000001 -0.000002 0.000000 0.080778 -0.004869 -0.038063 3.669994 12.454905 -17.639104 -1.032686 -4.061373 -24.273768 -0.000010 -0.000011 -0.000014 0.000000 0.000002 0.000005 -0.082078 -0.067517 -0.015995 -16.941275 0.525996 -10.255331 35.112326 -0.248695 1.362116 -15.262450 -9.193835 9.558583 -1.392960 -1.998257 0.994106 0.000000 0.000001 -0.000000 0.082078 -0.067517 -0.015995 -17.662417 5.984694 6.026600 42.505213 -0.907020 -1.644598 -1.983771 4.049500 -5.235448 -21.582148 -3.894656 -1.153953 -0.000000 -0.000001 0.000000 
0.011672 0.995331 0.073885 -0.811585 7.694968 2.302607 0.000000 0.101816 0.001315 0.199237 0.104909 0.480849 0.397047 0.190309 1.205479 0.397046 0.190304 1.205479 0.000000 0.167404 -0.020490 5.064521 10.486768 1.728558 0.000000 0.096178 0.016850 9.022861 9.851680 4.545736 -0.000000 0.220374 0.075011 0.000001 -0.000000 0.000000 -0.045700 0.110149 -0.021608 -1.147990 4.281866 9.377733 28.928173 -21.543544 68.689846 2.948910 73.756091 -2.831100 43.393558 3.821303 -13.028670 -0.024648 -0.015740 0.026819 -26.311297 2.110469 16.403679 1.755563 -5.419485 -1.558386 -0.026462 -0.015278 0.015278 -0.000005 0.000008 -0.000006 -0.019946 -0.011516 0.011516 0.000003 -0.000005 0.000001 -0.091083 -0.005179 0.022598 -11.924705 2.031648 21.511380 0.032860 -0.708038 7.731808 -0.000002 0.000003 -0.000002 -0.000002 -0.000003 -0.000000 -0.095325 0.000000 0.000000 -4.650670 1.742430 18.282953 -0.083416 0.344739 8.709704 0.000004 -0.000000 -0.000000 0.000004 0.000000 0.000001 -0.091036 -0.000431 -0.018651 -1.703869 -1.590249 17.790580 -0.086374 -0.276338 13.028373 -0.000004 0.000006 0.000009 0.000005 -0.000000 0.000001 -0.080767 -0.004867 -0.038063 1.046128 -2.253792 25.703697 -0.215141 0.837310 8.335936 0.000002 0.000002 0.000014 0.000005 -0.000001 -0.000001 0.045704 0.110147 -0.021608 -0.641425 -3.765539 -6.834325 16.479681 18.528626 -66.661144 1.451397 -50.373130 1.117840 56.639484 -9.884848 38.984654 0.024661 -0.015762 0.026817 -12.484415 -4.768005 7.122526 8.654254 13.289756 -6.484130 0.026479 -0.015288 0.015287 -0.000005 0.000013 -0.000009 0.019989 -0.011541 0.011541 0.000003 -0.000001 0.000001 0.091093 -0.005180 0.022599 -2.200298 -3.571610 -5.677015 0.010008 1.393311 -12.787760 -0.000001 -0.000001 -0.000001 -0.000001 -0.000000 -0.000002 0.095334 -0.000000 0.000000 -0.874923 2.788964 -10.261730 -0.163363 -0.196511 -10.000468 -0.000001 0.000002 0.000003 -0.000000 0.000004 0.000001 0.091045 -0.000430 -0.018651 1.507322 7.376665 -19.451255 -0.538195 -0.994325 -22.735190 -0.000002 -0.000000 0.000002 0.000001 -0.000001 0.000002 0.080778 -0.004869 -0.038063 3.660003 12.485119 -17.581860 -1.035683 -4.067345 -24.311532 -0.000010 -0.000013 -0.000011 0.000001 0.000002 -0.000001 -0.082078 -0.067517 -0.015995 -16.756508 0.533612 -9.998535 34.882756 -0.292598 1.350401 -14.977449 -9.575465 10.253957 -1.327219 -1.613861 0.755820 -0.000000 -0.000000 -0.000000 0.082078 -0.067517 -0.015995 -17.506866 5.467052 6.128700 42.285138 -0.955403 -1.641917 -2.346201 4.178897 -5.389368 -20.881828 -3.903355 -0.878608 0.000000 -0.000001 -0.000000 
0.013856 0.996068 0.073708 -0.752305 7.953222 1.874861 -0.000000 0.101816 0.001315 0.089675 0.061016 0.443885 0.178681 0.104729 1.071561 0.178680 0.104731 1.071561 0.000000 0.167404 -0.020490 3.272568 6.895435 3.657174 0.000000 0.096179 0.016850 7.288777 6.851862 3.393906 -0.000000 0.220374 0.075011 -0.000000 0.000000 -0.000001 -0.045700 0.110149 -0.021608 -1.196285 4.268165 9.568590 28.126745 -22.879165 68.882287 2.247722 67.264864 -2.072966 44.510215 4.628194 -13.311808 -0.024648 -0.015740 0.026819 -26.308299 2.134543 16.430261 1.756954 -5.426680 -1.561522 -0.026463 -0.015278 0.015278 -0.000003 0.000006 -0.000007 -0.019946 -0.011516 0.011516 -0.000003 -0.000007 0.000003 -0.091083 -0.005179 0.022598 -11.939084 2.046791 21.518274 0.032562 -0.706168 7.692095 -0.000001 0.000002 -0.000004 -0.000001 0.000000 -0.000001 -0.095325 0.000000 -0.000000 -4.659478 1.754902 18.271186 -0.083225 0.343452 8.690395 -0.000002 0.000001 -0.000001 0.000001 0.000000 0.000002 -0.091036 -0.000431 -0.018651 -1.704032 -1.581539 17.767532 -0.088999 -0.277194 13.024944 -0.000004 0.000006 0.000007 0.000005 0.000001 0.000000 -0.080767 -0.004867 -0.038063 1.044770 -2.246785 25.689660 -0.215019 0.836514 8.329862 -0.000000 0.000001 0.000012 -0.000004 -0.000001 -0.000001 0.045704 0.110147 -0.021608 -0.681611 -3.654066 -6.907579 16.811792 21.234720 -65.824855 1.537902 -49.244752 1.164955 54.493739 -9.519212 37.576596 0.024661 -0.015762 0.026817 -12.467516 -4.775013 7.129894 8.655481 13.289011 -6.487873 0.026479 -0.015287 0.015288 -0.000006 0.000008 -0.000009 0.019989 -0.011541 0.011541 -0.000003 0.000002 0.000001 0.091093 -0.005180 0.022599 -2.195937 -3.575934 -5.666756 0.009699 1.393055 -12.783165 0.000001 0.000004 0.000000 0.000001 0.000004 0.000000 0.095334 0.000000 0.000000 -0.875266 2.789832 -10.251830 -0.163352 -0.196096 -9.992684 -0.000001 0.000004 0.000003 -0.000000 0.000003 0.000004 0.091045 -0.000430 -0.018651 1.507963 7.379493 -19.444140 -0.538302 -0.994385 -22.735531 -0.000002 -0.000000 0.000000 -0.000001 -0.000002 0.000001 0.080778 -0.004869 -0.038063 3.658081 12.491005 -17.570737 -1.036264 -4.068535 -24.318858 -0.000011 -0.000012 -0.000016 0.000001 0.000000 0.000005 -0.082078 -0.067517 -0.015995 -16.642628 0.383878 -9.771007 34.611376 -0.343111 1.336767 -14.626551 -9.826604 11.068326 -1.253411 -1.249489 0.532266 -0.000000 -0.000000 -0.000001 0.082078 -0.067517 -0.015995 -17.378503 4.936218 6.245268 42.005547 -1.005765 -1.637556 -2.780883 4.358357 -5.482868 -20.138097 -3.865584 -0.645072 -0.000000 -0.000002 0.000000 
0.015944 0.996871 0.072960 -0.653005 8.208844 1.441435 -0.000000 0.101815 0.001315 0.009230 0.028437 0.403673 0.018225 0.042181 0.942356 0.018226 0.042181 0.942357 0.000000 0.167404 -0.020490 1.642672 2.913624 5.432381 -0.000000 0.096179 0.016850 5.401695 3.646832 1.959280 0.000000 0.220374 0.075011 -0.000000 -0.000001 -0.000000 -0.045700 0.110149 -0.021608 -1.226198 4.257021 9.684835 27.093129 -24.269534 68.963143 1.915052 61.030062 -1.675338 45.114960 5.242068 -13.405624 -0.024648 -0.015740 0.026819 -26.311267 2.110452 16.403666 1.755523 -5.419483 -1.558361 -0.026463 -0.015278 0.015278 -0.000002 0.000006 -0.000008 -0.019946 -0.011516 0.011516 0.000000 0.000002 -0.000004 -0.091083 -0.005179 0.022598 -11.924709 2.031647 21.511377 0.032858 -0.708068 7.731792 -0.000003 0.000000 -0.000004 0.000001 -0.000001 0.000002 -0.095325 0.000000 -0.000000 -4.650653 1.742445 18.282946 -0.083437 0.344708 8.709685 -0.000001 0.000001 -0.000000 0.000001 0.000000 -0.000001 -0.091036 -0.000431 -0.018651 -1.703876 -1.590246 17.790577 -0.086382 -0.276361 13.028358 -0.000004 0.000006 0.000009 -0.000001 -0.000001 0.000003 -0.080767 -0.004867 -0.038063 1.046139 -2.253792 25.703680 -0.215119 0.837279 8.335927 0.000001 0.000002 0.000012 -0.000002 -0.000001 0.000000 0.045704 0.110147 -0.021608 -0.716431 -3.593093 -7.002202 17.118600 23.755413 -64.956984 1.636429 -48.634140 1.228140 52.382599 -9.089985 35.946866 0.024661 -0.015762 0.026817 -12.484402 -4.768013 7.122515 8.654248 13.289771 -6.484156 0.026479 -0.015287 0.015288 -0.000007 0.000014 -0.000015 0.019989 -0.011541 0.011541 -0.000002 -0.000002 0.000003 0.091093 -0.005180 0.022599 -2.200296 -3.571620 -5.677014 0.010002 1.393312 -12.787776 -0.000002 0.000003 0.000001 -0.000002 0.000005 0.000002 0.095334 -0.000000 0.000000 -0.874920 2.788981 -10.261738 -0.163364 -0.196519 -10.000464 -0.000002 -0.000000 0.000000 0.000000 0.000001 -0.000001 0.091045 -0.000430 -0.018651 1.507328 7.376641 -19.451260 -0.538203 -0.994295 -22.735193 -0.000000 -0.000000 -0.000000 -0.000002 0.000002 0.000001 0.080778 -0.004869 -0.038063 3.660002 12.485127 -17.581884 -1.035683 -4.067357 -24.311517 -0.000009 -0.000010 -0.000012 -0.000003 0.000001 0.000003 -0.082078 -0.067517 -0.015995 -16.616416 0.115434 -9.592914 34.332352 -0.391495 1.323001 -14.247393 -9.871807 11.893607 -1.177470 -0.937072 0.342744 0.000000 0.000000 0.000000 0.082078 -0.067517 -0.015995 -17.294491 4.414513 6.353991 41.682059 -1.055892 -1.631829 -3.262421 4.580702 -5.516614 -19.640066 -3.798846 -0.487032 0.000000 0.000000 0.000000 
0.017910 0.997819 0.071616 -0.506571 8.444831 1.018113 0.000000 0.101816 0.001315 -0.038299 0.011831 0.373092 -0.076654 0.011955 0.835794 -0.076658 0.011956 0.835795 -0.000000 0.167404 -0.020490 0.229269 -1.259601 6.994786 -0.000000 0.096179 0.016850 3.333818 0.360690 0.327216 0.000000 0.220374 0.075011 0.000000 -0.000001 -0.000000 -0.045700 0.110149 -0.021608 -1.235705 4.243495 9.714391 25.907886 -25.690683 68.949885 1.752228 55.264273 -1.439895 45.350615 5.070212 -12.852083 -0.024648 -0.015740 0.026819 -26.311294 2.110444 16.403661 1.755535 -5.419481 -1.558368 -0.026463 -0.015278 0.015278 -0.000007 0.000006 -0.000002 -0.019946 -0.011516 0.011516 -0.000000 -0.000005 0.000001 -0.091083 -0.005179 0.022598 -11.924701 2.031623 21.511360 0.032865 -0.708054 7.731809 -0.000002 0.000003 -0.000005 0.000005 0.000000 -0.000002 -0.095325 -0.000000 0.000000 -4.650660 1.742424 18.282948 -0.083441 0.344715 8.709720 0.000003 0.000001 -0.000001 0.000006 0.000002 -0.000000 -0.091036 -0.000431 -0.018651 -1.703877 -1.590277 17.790597 -0.086377 -0.276336 13.028361 -0.000003 0.000006 0.000010 0.000004 0.000000 0.000001 -0.080767 -0.004867 -0.038063 1.046132 -2.253821 25.703696 -0.215145 0.837306 8.335939 -0.000001 0.000002 0.000014 -0.000000 -0.000000 0.000002 0.045704 0.110147 -0.021608 -0.739674 -3.596915 -7.103906 17.342077 26.036150 -64.109139 1.742974 -48.303627 1.301456 50.665759 -8.716105 34.267957 0.024661 -0.015762 0.026817 -12.484395 -4.768010 7.122544 8.654234 13.289757 -6.484158 0.026479 -0.015287 0.015288 -0.000007 0.000013 -0.000012 0.019989 -0.011541 0.011541 0.000000 0.000004 0.000003 0.091093 -0.005180 0.022599 -2.200295 -3.571634 -5.677004 0.010007 1.393310 -12.787768 0.000000 0.000001 0.000003 0.000005 -0.000001 0.000003 0.095334 0.000000 -0.000000 -0.874925 2.788959 -10.261726 -0.163368 -0.196512 -10.000486 -0.000001 -0.000002 0.000000 -0.000003 0.000000 0.000002 0.091045 -0.000430 -0.018651 1.507327 7.376627 -19.451247 -0.538205 -0.994293 -22.735210 -0.000001 -0.000001 0.000000 -0.000002 -0.000000 0.000001 0.080778 -0.004869 -0.038063 3.660005 12.485100 -17.581858 -1.035683 -4.067339 -24.311517 -0.000008 -0.000013 -0.000012 -0.000001 -0.000000 0.000003 -0.082078 -0.067517 -0.015995 -16.675386 -0.307648 -9.494661 34.014281 -0.433942 1.308453 -13.842160 -9.600650 12.666744 -1.118389 -0.728543 0.217912 -0.000000 -0.000000 -0.000000 0.082078 -0.067517 -0.015995 -17.257456 3.921421 6.439287 41.295911 -1.101416 -1.623917 -3.747209 4.853324 -5.476341 -19.035474 -3.725295 -0.388606 0.000000 0.000000 0.000000 
0.019662 0.998740 0.069739 -0.312057 8.657645 0.623796 -0.000000 0.101816 0.001315 -0.059524 0.004252 0.350126 -0.119053 -0.000324 0.749093 -0.119055 -0.000315 0.749095 0.000000 0.167404 -0.020490 -1.035942 -5.440843 8.281294 -0.000000 0.096179 0.016850 1.179764 -2.823102 -1.502911 -0.000000 0.220374 0.075011 -0.000000 -0.000000 -0.000000 -0.045700 0.110148 -0.021608 -1.230361 4.236206 9.686620 24.707325 -27.159020 68.852979 1.687410 50.206306 -1.296487 45.453888 4.441124 -11.862143 -0.024648 -0.015740 0.026819 -26.311268 2.110456 16.403669 1.755545 -5.419470 -1.558370 -0.026463 -0.015278 0.015278 -0.000008 0.000011 -0.000004 -0.019946 -0.011516 0.011516 0.000003 -0.000002 0.000001 -0.091083 -0.005179 0.022598 -11.924690 2.031650 21.511350 0.032858 -0.708063 7.731807 -0.000002 0.000004 -0.000007 0.000001 0.000001 -0.000000 -0.095325 0.000000 0.000000 -4.650653 1.742450 18.282941 -0.083417 0.344697 8.709698 0.000003 0.000001 0.000000 0.000006 0.000001 -0.000000 -0.091036 -0.000431 -0.018651 -1.703856 -1.590254 17.790566 -0.086378 -0.276341 13.028375 -0.000006 0.000005 0.000011 0.000002 0.000001 0.000001 -0.080767 -0.004868 -0.038063 1.046155 -2.253779 25.703687 -0.215141 0.837288 8.335906 -0.000001 0.000002 0.000013 -0.000002 -0.000000 0.000000 0.045704 0.110147 -0.021608 -0.751725 -3.628011 -7.181813 17.491151 28.064520 -63.330060 1.851248 -48.174472 1.379581 49.339688 -8.417650 32.638998 0.024661 -0.015762 0.026817 -12.484395 -4.768029 7.122526 8.654239 13.289765 -6.484153 0.026479 -0.015287 0.015288 -0.000009 0.000013 -0.000009 0.019989 -0.011541 0.011541 0.000001 -0.000002 -0.000002 0.091093 -0.005180 0.022599 -2.200302 -3.571637 -5.677015 0.010018 1.393306 -12.787750 -0.000002 0.000000 -0.000000 -0.000002 0.000001 -0.000001 0.095334 0.000000 -0.000000 -0.874921 2.788947 -10.261722 -0.163364 -0.196525 -10.000473 0.000000 0.000001 -0.000001 0.000001 0.000001 -0.000002 0.091045 -0.000430 -0.018651 1.507326 7.376630 -19.451252 -0.538196 -0.994303 -22.735208 -0.000000 0.000001 0.000002 -0.000001 0.000001 0.000003 0.080778 -0.004869 -0.038063 3.660003 12.485120 -17.581865 -1.035676 -4.067364 -24.311519 -0.000009 -0.000014 -0.000012 0.000001 -0.000001 -0.000003 -0.082078 -0.067517 -0.015995 -16.830353 -0.752512 -9.449617 33.730981 -0.462642 1.296246 -13.480428 -9.052062 13.267224 -1.060182 -0.608204 0.151755 0.000000 -0.000000 -0.000000 0.082078 -0.067517 -0.015995 -17.288010 3.466615 6.497652 40.890430 -1.142821 -1.615188 -4.241825 5.148042 -5.381598 -18.351175 -3.651217 -0.333485 -0.000000 -0.000002 0.000000 
0.021130 0.999516 0.067359 -0.059286 8.834639 0.280962 0.000000 0.101816 0.001315 -0.058166 0.003324 0.337831 -0.116336 0.000168 0.691466 -0.116339 0.000164 0.691467 0.000000 0.167404 -0.020490 -2.277438 -9.436282 9.237197 -0.000000 0.096178 0.016850 -0.908296 -5.759590 -3.450543 -0.000000 0.220374 0.075011 -0.000001 0.000000 0.000001 -0.045700 0.110149 -0.021608 -1.213308 4.243206 9.620574 23.666863 -28.718633 68.694914 1.687220 46.214716 -1.218059 45.752026 3.378819 -10.366730 -0.024648 -0.015740 0.026819 -26.311289 2.110450 16.403656 1.755537 -5.419492 -1.558383 -0.026463 -0.015278 0.015278 -0.000006 0.000008 -0.000003 -0.019946 -0.011516 0.011516 -0.000002 0.000000 0.000003 -0.091083 -0.005179 0.022598 -11.924708 2.031626 21.511384 0.032870 -0.708059 7.731805 -0.000002 0.000004 -0.000005 0.000001 -0.000001 0.000001 -0.095325 0.000000 -0.000000 -4.650669 1.742424 18.282943 -0.083428 0.344703 8.709698 -0.000000 -0.000000 -0.000001 -0.000001 0.000000 -0.000000 -0.091036 -0.000431 -0.018651 -1.703867 -1.590259 17.790601 -0.086383 -0.276348 13.028364 -0.000007 0.000006 0.000010 -0.000002 -0.000000 -0.000000 -0.080767 -0.004867 -0.038063 1.046134 -2.253808 25.703684 -0.215149 0.837283 8.335919 -0.000002 0.000002 0.000013 -0.000002 -0.000000 -0.000000 0.045704 0.110147 -0.021608 -0.749014 -3.658415 -7.197511 17.532860 29.803650 -62.683405 1.953632 -48.053943 1.453157 48.610528 -8.287648 31.216717 0.024661 -0.015762 0.026817 -12.484401 -4.768015 7.122526 8.654248 13.289762 -6.484145 0.026479 -0.015288 0.015287 -0.000008 0.000013 -0.000015 0.019989 -0.011541 0.011541 0.000001 0.000000 0.000005 0.091093 -0.005180 0.022599 -2.200305 -3.571625 -5.677009 0.010011 1.393299 -12.787764 0.000001 0.000001 0.000000 -0.000003 0.000005 0.000003 0.095334 0.000000 0.000000 -0.874926 2.788966 -10.261723 -0.163365 -0.196512 -10.000477 0.000000 -0.000001 -0.000001 0.000000 -0.000000 0.000000 0.091045 -0.000430 -0.018651 1.507323 7.376662 -19.451253 -0.538192 -0.994308 -22.735196 -0.000002 -0.000002 0.000002 -0.000002 -0.000001 0.000001 0.080778 -0.004869 -0.038063 3.660000 12.485115 -17.581868 -1.035693 -4.067348 -24.311520 -0.000010 -0.000012 -0.000013 0.000005 -0.000001 -0.000001 -0.082078 -0.067517 -0.015995 -17.098921 -1.118728 -9.451793 33.534637 -0.467607 1.288985 -13.208258 -8.176909 13.561230 -0.999769 -0.587363 0.152770 -0.000000 -0.000000 -0.000000 0.082078 -0.067517 -0.015995 -17.414191 3.073953 6.518384 40.498510 -1.179448 -1.606537 -4.741832 5.445869 -5.234944 -17.607698 -3.590106 -0.320604 -0.000000 0.000000 0.000000 
0.022212 1.000011 0.064547 0.231754 8.988343 0.002124 0.000000 0.101815 0.001315 -0.039167 0.000177 0.326407 -0.078324 -0.004431 0.644298 -0.078323 -0.004431 0.644298 -0.000000 0.167404 -0.020490 -3.474320 -13.068314 9.835427 -0.000000 0.096178 0.016850 -2.949081 -8.320884 -5.425443 0.000000 0.220374 0.075011 -0.000001 0.000001 -0.000001 -0.045700 0.110149 -0.021608 -1.189901 4.261232 9.536466 22.821856 -30.263940 68.500534 1.718523 43.238994 -1.177299 46.115948 2.161799 -8.727741 -0.024648 -0.015740 0.026819 -26.311265 2.110468 16.403676 1.755539 -5.419490 -1.558367 -0.026463 -0.015278 0.015278 -0.000003 0.000008 -0.000005 -0.019946 -0.011516 0.011516 -0.000000 -0.000002 0.000003 -0.091083 -0.005179 0.022598 -11.924680 2.031643 21.511377 0.032855 -0.708079 7.731798 -0.000002 0.000003 -0.000005 -0.000002 0.000000 -0.000000 -0.095325 -0.000000 -0.000000 -4.650651 1.742438 18.282939 -0.083428 0.344712 8.709714 -0.000002 0.000000 -0.000001 -0.000003 0.000001 -0.000000 -0.091036 -0.000431 -0.018651 -1.703847 -1.590248 17.790585 -0.086393 -0.276347 13.028354 -0.000004 0.000006 0.000010 -0.000002 0.000000 -0.000000 -0.080767 -0.004867 -0.038063 1.046153 -2.253798 25.703689 -0.215158 0.837301 8.335921 0.000002 0.000002 0.000012 -0.000000 0.000000 -0.000000 0.045704 0.110147 -0.021608 -0.736964 -3.673927 -7.158636 17.535846 31.274893 -62.167610 2.047103 -48.053625 1.522719 48.213339 -8.231291 29.994014 0.024661 -0.015762 0.026817 -12.484387 -4.768012 7.122511 8.654228 13.289748 -6.484127 0.026479 -0.015287 0.015288 -0.000007 0.000011 -0.000011 0.019989 -0.011541 0.011541 0.000001 -0.000003 -0.000000 0.091093 -0.005180 0.022599 -2.200298 -3.571631 -5.677011 0.010012 1.393307 -12.787769 0.000000 -0.000001 0.000001 -0.000000 0.000001 0.000001 0.095334 0.000000 -0.000000 -0.874922 2.788974 -10.261728 -0.163363 -0.196528 -10.000481 -0.000000 -0.000000 0.000000 0.000000 0.000002 0.000001 0.091045 -0.000430 -0.018651 1.507326 7.376644 -19.451274 -0.538189 -0.994326 -22.735179 0.000001 0.000000 0.000000 0.000000 0.000001 0.000001 0.080778 -0.004869 -0.038063 3.660009 12.485114 -17.581875 -1.035688 -4.067355 -24.311519 -0.000011 -0.000012 -0.000015 -0.000001 -0.000000 -0.000000 -0.082078 -0.067517 -0.015995 -17.475860 -1.337988 -9.478696 33.483479 -0.450017 1.288617 -13.055883 -7.151864 13.537236 -0.914218 -0.637177 0.207514 0.000000 -0.000000 0.000001 0.082078 -0.067517 -0.015995 -17.632830 2.723043 6.498938 40.158043 -1.212925 -1.599296 -5.247930 5.728670 -5.070597 -16.838930 -3.533479 -0.326470 -0.000000 -0.000002 0.000000 
0.022774 1.000031 0.061370 0.553840 9.120321 -0.189077 -0.000000 0.101815 0.001315 -0.008141 -0.013678 0.307992 -0.016211 -0.031169 0.594276 -0.016209 -0.031169 0.594276 0.000000 0.167404 -0.020490 -4.699799 -16.131852 10.059515 -0.000000 0.096179 0.016850 -4.820339 -10.373981 -7.313266 -0.000000 0.220374 0.075011 -0.000000 -0.000000 -0.000000 -0.045700 0.110149 -0.021608 -1.165403 4.295298 9.460022 22.299535 -31.731973 68.308674 1.765320 41.430220 -1.168182 46.616922 1.083175 -7.228757 -0.024648 -0.015740 0.026819 -26.311275 2.110454 16.403662 1.755534 -5.419474 -1.558384 -0.026463 -0.015278 0.015278 -0.000001 0.000006 -0.000005 -0.019946 -0.011516 0.011516 0.000000 0.000003 -0.000002 -0.091083 -0.005179 0.022598 -11.924692 2.031625 21.511360 0.032852 -0.708058 7.731807 -0.000000 0.000003 -0.000005 0.000004 0.000000 -0.000000 -0.095325 0.000000 -0.000000 -4.650653 1.742443 18.282951 -0.083435 0.344715 8.709714 0.000003 0.000000 -0.000000 0.000002 0.000000 -0.000000 -0.091036 -0.000431 -0.018651 -1.703858 -1.590260 17.790590 -0.086379 -0.276338 13.028357 -0.000005 0.000006 0.000010 0.000005 -0.000000 -0.000000 -0.080767 -0.004867 -0.038063 1.046147 -2.253797 25.703703 -0.215154 0.837290 8.335916 -0.000001 0.000003 0.000013 -0.000001 -0.000000 0.000000 0.045704 0.110147 -0.021608 -0.717975 -3.644789 -7.053480 17.565035 32.460969 -61.812269 2.128296 -48.211819 1.587071 47.972537 -8.191049 29.024650 0.024661 -0.015762 0.026817 -12.484403 -4.768023 7.122529 8.654253 13.289779 -6.484175 0.026479 -0.015287 0.015288 -0.000005 0.000009 -0.000009 0.019989 -0.011541 0.011541 -0.000001 0.000000 0.000001 0.091093 -0.005180 0.022599 -2.200303 -3.571632 -5.677012 0.010022 1.393305 -12.787763 0.000000 0.000001 -0.000002 0.000003 0.000001 -0.000002 0.095334 0.000000 -0.000000 -0.874913 2.788961 -10.261734 -0.163374 -0.196516 -10.000479 0.000001 0.000000 -0.000001 0.000000 0.000001 0.000001 0.091045 -0.000430 -0.018651 1.507329 7.376638 -19.451257 -0.538197 -0.994311 -22.735193 -0.000001 0.000000 -0.000001 -0.000001 -0.000000 -0.000000 0.080778 -0.004869 -0.038063 3.660004 12.485103 -17.581882 -1.035690 -4.067353 -24.311524 -0.000010 -0.000012 -0.000013 0.000000 -0.000001 0.000001 -0.082078 -0.067517 -0.015995 -17.969104 -1.260645 -9.496851 33.662051 -0.404882 1.298460 -13.083670 -6.078447 13.115427 -0.770941 -0.738551 0.311569 0.000000 -0.000000 0.000001 0.082078 -0.067517 -0.015995 -17.963363 2.412886 6.431030 39.925785 -1.244440 -1.595246 -5.769135 5.972872 -4.914201 -16.074749 -3.477716 -0.335223 -0.000000 0.000000 0.000000 
0.022846 0.999642 0.057877 0.879593 9.255064 -0.302864 0.000000 0.101816 0.001315 0.032615 -0.042041 0.282870 0.065416 -0.087399 0.539857 0.065413 -0.087394 0.539857 0.000000 0.167404 -0.020490 -5.864327 -18.497479 9.947111 -0.000000 0.096178 0.016850 -6.613108 -11.863251 -8.995999 -0.000000 0.220374 0.075011 -0.000000 0.000003 0.000000 -0.045700 0.110149 -0.021608 -1.140421 4.328746 9.381667 22.022403 -33.035873 68.124997 1.812528 40.544904 -1.178325 46.996913 0.139311 -6.010149 -0.024648 -0.015740 0.026819 -26.311274 2.110457 16.403671 1.755523 -5.419476 -1.558387 -0.026463 -0.015278 0.015278 -0.000002 0.000010 -0.000004 -0.019946 -0.011516 0.011516 -0.000000 0.000000 0.000001 -0.091083 -0.005179 0.022598 -11.924705 2.031644 21.511387 0.032846 -0.708082 7.731777 -0.000000 0.000002 -0.000004 0.000006 0.000000 0.000000 -0.095325 -0.000000 -0.000000 -4.650671 1.742431 18.282951 -0.083427 0.344711 8.709695 0.000002 0.000000 0.000001 -0.000000 0.000001 0.000001 -0.091036 -0.000431 -0.018651 -1.703864 -1.590249 17.790589 -0.086380 -0.276354 13.028363 -0.000007 0.000005 0.000010 0.000002 0.000000 0.000000 -0.080767 -0.004867 -0.038063 1.046133 -2.253786 25.703687 -0.215147 0.837289 8.335917 0.000003 0.000003 0.000013 -0.000001 -0.000001 0.000000 0.045704 0.110147 -0.021608 -0.696449 -3.589325 -6.914098 17.603090 33.441313 -61.589872 2.198064 -48.559510 1.647990 47.825415 -8.144326 28.282200 0.024661 -0.015762 0.026817 -12.484393 -4.768030 7.122531 8.654248 13.289765 -6.484154 0.026479 -0.015287 0.015288 -0.000005 0.000011 -0.000007 0.019989 -0.011541 0.011541 -0.000001 0.000006 -0.000004 0.091093 -0.005180 0.022599 -2.200294 -3.571638 -5.677009 0.010003 1.393326 -12.787764 0.000001 -0.000001 -0.000000 0.000001 -0.000002 0.000001 0.095334 0.000000 0.000000 -0.874920 2.788974 -10.261747 -0.163343 -0.196548 -10.000452 0.000000 -0.000001 0.000002 0.000000 -0.000002 0.000000 0.091045 -0.000430 -0.018651 1.507329 7.376626 -19.451257 -0.538195 -0.994305 -22.735196 0.000000 -0.000000 -0.000002 -0.000001 -0.000001 -0.000005 0.080778 -0.004869 -0.038063 3.660009 12.485108 -17.581880 -1.035697 -4.067337 -24.311509 -0.000014 -0.000012 -0.000015 -0.000001 0.000001 0.000001 -0.082078 -0.067517 -0.015995 -18.554721 -1.032323 -9.513813 34.043029 -0.342528 1.316696 -13.211714 -5.119979 12.414577 -0.593548 -0.872771 0.446909 -0.000000 -0.000000 0.000000 0.082078 -0.067517 -0.015995 -18.373053 2.111997 6.320255 39.791087 -1.275357 -1.594151 -6.284313 6.180107 -4.791029 -15.341773 -3.415187 -0.329036 0.000000 0.000000 0.000000 
0.022382 0.998777 0.054122 1.182751 9.414565 -0.335336 0.000000 0.101815 0.001315 0.078894 -0.093678 0.246531 0.158143 -0.190402 0.471708 0.158142 -0.190399 0.471707 -0.000000 0.167404 -0.020490 -6.873648 -19.960212 9.545843 -0.000000 0.096178 0.016850 -8.363378 -12.674676 -10.322199 -0.000000 0.220374 0.075011 -0.000001 0.000003 0.000000 -0.045700 0.110149 -0.021608 -1.117758 4.345970 9.301230 21.974925 -34.040652 67.964002 1.850269 40.439211 -1.200252 47.002565 -0.551967 -5.345374 -0.024648 -0.015740 0.026819 -26.311267 2.110459 16.403671 1.755521 -5.419481 -1.558376 -0.026463 -0.015278 0.015278 -0.000005 0.000008 -0.000007 -0.019946 -0.011516 0.011516 -0.000003 -0.000004 -0.000002 -0.091083 -0.005179 0.022598 -11.924693 2.031647 21.511367 0.032844 -0.708067 7.731807 0.000004 0.000002 -0.000004 0.000006 -0.000000 -0.000000 -0.095325 0.000000 -0.000000 -4.650656 1.742435 18.282941 -0.083440 0.344711 8.709696 -0.000002 0.000000 0.000000 -0.000002 0.000000 -0.000000 -0.091036 -0.000431 -0.018651 -1.703861 -1.590246 17.790585 -0.086379 -0.276347 13.028354 -0.000004 0.000005 0.000011 0.000002 0.000002 -0.000001 -0.080767 -0.004867 -0.038063 1.046147 -2.253797 25.703680 -0.215141 0.837298 8.335932 0.000005 0.000003 0.000013 0.000005 0.000002 -0.000000 0.045704 0.110147 -0.021608 -0.677938 -3.511733 -6.767993 17.694488 34.263559 -61.490096 2.256076 -49.176638 1.707465 47.598352 -8.029777 27.777187 0.024661 -0.015762 0.026817 -12.484383 -4.768031 7.122516 8.654231 13.289759 -6.484139 0.026479 -0.015288 0.015288 -0.000005 0.000011 -0.000015 0.019989 -0.011541 0.011541 -0.000001 -0.000000 0.000005 0.091093 -0.005180 0.022599 -2.200289 -3.571643 -5.677007 0.010014 1.393315 -12.787772 -0.000002 -0.000003 0.000000 -0.000003 -0.000001 -0.000002 0.095334 0.000000 0.000000 -0.874916 2.788971 -10.261756 -0.163350 -0.196539 -10.000466 -0.000001 0.000000 0.000000 -0.000003 0.000000 0.000000 0.091045 -0.000430 -0.018651 1.507330 7.376634 -19.451255 -0.538196 -0.994307 -22.735191 -0.000002 -0.000000 -0.000000 -0.000001 -0.000001 -0.000001 0.080778 -0.004869 -0.038063 3.660010 12.485110 -17.581875 -1.035676 -4.067367 -24.311522 -0.000013 -0.000012 -0.000013 -0.000001 -0.000001 -0.000001 -0.082078 -0.067517 -0.015995 -19.225427 -0.697387 -9.524470 34.663012 -0.268780 1.343972 -13.447605 -4.466171 11.491420 -0.379241 -1.020172 0.601025 0.000000 0.000000 -0.000000 0.082078 -0.067517 -0.015995 -18.848402 1.783512 6.162859 39.782225 -1.307459 -1.596933 -6.782900 6.348569 -4.732673 -14.675855 -3.328070 -0.288556 0.000000 0.000002 0.000000 
0.021482 0.997624 0.050152 1.452407 9.610413 -0.305222 -0.000000 0.101816 0.001315 0.130658 -0.162313 0.206341 0.261860 -0.327415 0.402127 0.261855 -0.327411 0.402127 0.000000 0.167404 -0.020490 -7.693586 -20.555265 8.945828 -0.000000 0.096178 0.016850 -10.063266 -12.849011 -11.301824 -0.000000 0.220374 0.075011 0.000002 0.000000 -0.000000 -0.045700 0.110148 -0.021608 -1.095707 4.349030 9.211942 22.057684 -34.828490 67.810869 1.881657 40.901659 -1.232143 46.694479 -1.033977 -5.134247 -0.024648 -0.015740 0.026819 -26.311296 2.110464 16.403673 1.755550 -5.419481 -1.558374 -0.026463 -0.015278 0.015278 -0.000006 0.000010 -0.000002 -0.019946 -0.011516 0.011516 0.000005 -0.000009 0.000002 -0.091083 -0.005179 0.022598 -11.924702 2.031637 21.511363 0.032844 -0.708074 7.731785 -0.000001 0.000002 -0.000005 0.000002 0.000000 0.000001 -0.095325 0.000000 0.000000 -4.650654 1.742446 18.282948 -0.083445 0.344714 8.709712 0.000003 -0.000000 -0.000000 0.000003 -0.000000 -0.000000 -0.091036 -0.000431 -0.018651 -1.703865 -1.590248 17.790577 -0.086378 -0.276351 13.028355 -0.000004 0.000003 0.000010 0.000002 0.000001 0.000000 -0.080767 -0.004867 -0.038063 1.046140 -2.253803 25.703672 -0.215144 0.837291 8.335912 -0.000001 0.000002 0.000013 0.000001 -0.000000 0.000000 0.045704 0.110147 -0.021608 -0.661727 -3.424469 -6.622649 17.716643 35.006031 -61.489768 2.304889 -49.955382 1.764759 47.446356 -7.904119 27.453192 0.024661 -0.015762 0.026817 -12.484402 -4.768032 7.122528 8.654242 13.289779 -6.484168 0.026479 -0.015287 0.015288 -0.000005 0.000008 -0.000013 0.019989 -0.011541 0.011541 0.000003 0.000003 -0.000000 0.091093 -0.005180 0.022599 -2.200303 -3.571642 -5.677016 0.010015 1.393302 -12.787769 0.000000 0.000001 -0.000004 -0.000003 0.000003 -0.000002 0.095334 -0.000000 0.000000 -0.874924 2.788966 -10.261745 -0.163360 -0.196533 -10.000472 0.000001 -0.000001 0.000000 0.000001 -0.000003 -0.000000 0.091045 -0.000430 -0.018651 1.507325 7.376621 -19.451252 -0.538206 -0.994304 -22.735190 0.000000 -0.000001 0.000000 -0.000000 -0.000000 0.000001 0.080778 -0.004869 -0.038063 3.660000 12.485119 -17.581887 -1.035681 -4.067364 -24.311503 -0.000012 -0.000013 -0.000013 -0.000001 -0.000000 0.000000 -0.082078 -0.067517 -0.015995 -19.941453 -0.410957 -9.538338 35.420518 -0.190479 1.376099 -13.682382 -4.125983 10.437467 -0.175293 -1.165295 0.752102 -0.000000 -0.000000 -0.000000 0.082078 -0.067517 -0.015995 -19.350088 1.443142 5.977105 39.840572 -1.341385 -1.601853 -7.241967 6.470006 -4.746985 -14.079591 -3.238849 -0.202536 0.000000 0.000000 0.000000 
0.020218 0.996294 0.046006 1.665365 9.867584 -0.226022 -0.000000 0.101815 0.001315 0.186514 -0.249005 0.166849 0.373779 -0.500427 0.338224 0.373780 -0.500433 0.338224 0.000000 0.167404 -0.020490 -8.180832 -20.200652 8.201572 -0.000000 0.096178 0.016850 -11.807206 -12.330156 -11.874004 0.000000 0.220374 0.075011 0.000003 0.000000 -0.000000 -0.045700 0.110149 -0.021608 -1.074396 4.327457 9.104230 22.160916 -35.401933 67.644308 1.906615 41.695901 -1.268356 45.965011 -1.284865 -5.442285 -0.024648 -0.015740 0.026819 -26.311270 2.110462 16.403661 1.755538 -5.419494 -1.558384 -0.026463 -0.015278 0.015278 -0.000006 0.000011 -0.000005 -0.019946 -0.011516 0.011516 0.000003 0.000000 0.000001 -0.091083 -0.005179 0.022598 -11.924691 2.031633 21.511358 0.032839 -0.708071 7.731795 -0.000002 0.000002 -0.000004 0.000001 -0.000000 -0.000000 -0.095325 -0.000000 -0.000000 -4.650648 1.742432 18.282934 -0.083436 0.344710 8.709715 -0.000001 0.000000 0.000000 -0.000001 0.000000 0.000000 -0.091036 -0.000431 -0.018651 -1.703866 -1.590265 17.790580 -0.086372 -0.276347 13.028354 -0.000007 0.000005 0.000011 0.000001 0.000001 0.000000 -0.080767 -0.004867 -0.038063 1.046145 -2.253810 25.703682 -0.215137 0.837298 8.335938 -0.000001 0.000001 0.000013 -0.000003 0.000001 -0.000001 0.045704 0.110147 -0.021608 -0.649919 -3.344847 -6.500883 17.590749 35.770387 -61.565624 2.346725 -50.857438 1.820316 47.465208 -7.806087 27.262616 0.024661 -0.015762 0.026817 -12.484389 -4.768036 7.122532 8.654248 13.289780 -6.484159 0.026479 -0.015287 0.015287 -0.000006 0.000011 -0.000006 0.019989 -0.011541 0.011541 -0.000000 0.000004 0.000001 0.091093 -0.005180 0.022599 -2.200297 -3.571641 -5.677009 0.010014 1.393302 -12.787764 -0.000001 0.000000 -0.000000 -0.000003 0.000003 -0.000001 0.095334 0.000000 -0.000000 -0.874914 2.788956 -10.261732 -0.163368 -0.196516 -10.000464 0.000001 -0.000001 -0.000001 0.000000 -0.000000 -0.000002 0.091045 -0.000430 -0.018651 1.507330 7.376617 -19.451257 -0.538198 -0.994298 -22.735190 -0.000001 0.000001 0.000003 -0.000002 0.000001 0.000000 0.080778 -0.004869 -0.038063 3.660007 12.485114 -17.581884 -1.035680 -4.067379 -24.311515 -0.000012 -0.000012 -0.000014 0.000001 0.000001 -0.000001 -0.082078 -0.067517 -0.015995 -20.679497 -0.360681 -9.581114 36.270309 -0.116311 1.410718 -13.830328 -4.228072 9.348747 -0.033263 -1.294145 0.876609 0.000000 0.000000 -0.000000 0.082078 -0.067517 -0.015995 -19.840147 1.077684 5.773065 39.935225 -1.377512 -1.608015 -7.642239 6.540164 -4.855222 -13.568412 -3.151075 -0.051693 0.000000 0.000002 0.000000 
0.018639 0.994953 0.041758 1.831948 10.167706 -0.110242 0.000000 0.101816 0.001315 0.246432 -0.339956 0.131216 0.493846 -0.681835 0.285248 0.493845 -0.681832 0.285247 -0.000000 0.167404 -0.020490 -8.406908 -19.091034 7.357313 -0.000000 0.096179 0.016850 -13.452626 -11.279203 -12.106108 -0.000000 0.220374 0.075011 -0.000002 0.000000 0.000000 -0.045700 0.110149 -0.021608 -1.050814 4.302914 8.988314 22.273850 -35.868373 67.473219 1.929893 42.732829 -1.309698 45.058259 -1.387018 -6.062854 -0.024648 -0.015740 0.026819 -26.311270 2.110450 16.403676 1.755535 -5.419480 -1.558381 -0.026463 -0.015278 0.015278 -0.000004 0.000008 -0.000010 -0.019946 -0.011516 0.011516 0.000002 -0.000003 0.000003 -0.091083 -0.005179 0.022598 -11.924691 2.031655 21.511379 0.032853 -0.708066 7.731817 -0.000000 0.000002 -0.000004 0.000002 0.000000 -0.000001 -0.095325 0.000000 -0.000000 -4.650650 1.742436 18.282965 -0.083446 0.344710 8.709686 -0.000001 -0.000000 -0.000000 0.000001 -0.000001 0.000001 -0.091036 -0.000431 -0.018651 -1.703874 -1.590242 17.790606 -0.086382 -0.276360 13.028368 -0.000006 0.000004 0.000010 0.000004 -0.000000 -0.000000 -0.080767 -0.004867 -0.038063 1.046137 -2.253788 25.703715 -0.215123 0.837308 8.335919 0.000002 0.000003 0.000013 -0.000002 -0.000001 0.000000 0.045704 0.110147 -0.021608 -0.638800 -3.262880 -6.380484 17.227074 36.534805 -61.705220 2.377765 -51.757138 1.867730 47.656661 -7.727290 27.186999 0.024661 -0.015762 0.026817 -12.484396 -4.768013 7.122532 8.654236 13.289749 -6.484153 0.026479 -0.015288 0.015287 -0.000008 0.000009 -0.000004 0.019989 -0.011541 0.011541 -0.000001 -0.000001 0.000003 0.091093 -0.005180 0.022599 -2.200307 -3.571641 -5.677009 0.010015 1.393303 -12.787789 -0.000000 0.000001 -0.000000 -0.000002 0.000003 -0.000001 0.095334 0.000000 0.000000 -0.874919 2.788946 -10.261736 -0.163366 -0.196530 -10.000465 0.000001 -0.000002 0.000002 0.000003 -0.000002 0.000002 0.091045 -0.000430 -0.018651 1.507319 7.376627 -19.451264 -0.538187 -0.994309 -22.735190 -0.000003 -0.000000 -0.000000 -0.000002 -0.000000 0.000000 0.080778 -0.004869 -0.038063 3.660004 12.485090 -17.581867 -1.035691 -4.067353 -24.311532 -0.000009 -0.000012 -0.000015 0.000002 -0.000000 0.000000 -0.082078 -0.067517 -0.015995 -21.381520 -0.490441 -9.637886 37.076121 -0.045739 1.443275 -13.881479 -4.634268 8.233720 0.060775 -1.386113 0.963825 0.000000 -0.000000 0.000000 0.082078 -0.067517 -0.015995 -20.288764 0.741077 5.553642 40.013745 -1.384193 -1.611660 -8.089356 6.526080 -4.857336 -12.938422 -3.086385 0.003369 -0.000000 0.000000 0.000000 
0.016828 0.993796 0.037475 1.948089 10.509552 0.026209 0.000000 0.101816 0.001315 0.311442 -0.425558 0.105834 0.624138 -0.852312 0.253659 0.624139 -0.852309 0.253659 -0.000000 0.167403 -0.020490 -8.372733 -17.324278 6.417694 -0.000000 0.096178 0.016850 -14.948472 -9.753992 -12.070289 0.000000 0.220374 0.075011 0.000001 0.000002 -0.000001 -0.045700 0.110149 -0.021608 -1.024038 4.291888 8.867950 22.332625 -36.335315 67.291413 1.955474 43.864103 -1.355153 44.140350 -1.392951 -6.836286 -0.024648 -0.015740 0.026819 -26.311275 2.110467 16.403673 1.755516 -5.419485 -1.558357 -0.026463 -0.015278 0.015278 -0.000005 0.000008 -0.000006 -0.019946 -0.011516 0.011516 -0.000001 -0.000005 -0.000002 -0.091083 -0.005179 0.022598 -11.924705 2.031625 21.511363 0.032861 -0.708061 7.731807 -0.000004 0.000002 -0.000005 0.000000 -0.000000 -0.000001 -0.095325 0.000000 0.000000 -4.650663 1.742429 18.282951 -0.083437 0.344719 8.709714 -0.000000 -0.000000 -0.000000 -0.000002 0.000000 -0.000000 -0.091036 -0.000431 -0.018651 -1.703871 -1.590254 17.790590 -0.086382 -0.276352 13.028364 -0.000007 0.000005 0.000010 0.000003 0.000001 0.000000 -0.080767 -0.004867 -0.038063 1.046140 -2.253790 25.703699 -0.215139 0.837288 8.335901 -0.000000 0.000003 0.000014 -0.000001 -0.000001 0.000000 0.045704 0.110147 -0.021608 -0.626752 -3.175494 -6.250107 16.503928 37.339104 -61.897968 2.394222 -52.530469 1.900488 48.126367 -7.695995 27.184908 0.024661 -0.015762 0.026817 -12.484402 -4.768011 7.122516 8.654239 13.289766 -6.484161 0.026479 -0.015287 0.015287 -0.000009 0.000014 -0.000011 0.019989 -0.011541 0.011541 0.000001 0.000001 0.000001 0.091093 -0.005180 0.022599 -2.200311 -3.571618 -5.677017 0.010019 1.393291 -12.787756 -0.000001 -0.000001 -0.000000 -0.000002 -0.000002 -0.000001 0.095334 0.000000 0.000000 -0.874929 2.788965 -10.261733 -0.163359 -0.196525 -10.000466 0.000001 0.000001 -0.000003 0.000001 -0.000000 -0.000002 0.091045 -0.000430 -0.018651 1.507322 7.376653 -19.451253 -0.538196 -0.994319 -22.735179 0.000000 -0.000001 -0.000001 0.000001 -0.000001 -0.000001 0.080778 -0.004869 -0.038063 3.659999 12.485129 -17.581877 -1.035691 -4.067359 -24.311534 -0.000011 -0.000012 -0.000014 -0.000001 -0.000000 -0.000003 -0.082078 -0.067517 -0.015995 -21.938006 -0.873397 -9.701596 37.633775 0.004800 1.466136 -13.875285 -5.306350 7.114484 0.097755 -1.409056 0.989216 0.000000 0.000000 0.000000 0.082078 -0.067517 -0.015995 -20.678488 0.458901 5.362519 40.048978 -1.379781 -1.613213 -8.547032 6.434247 -4.958892 -12.151964 -3.093797 0.148902 0.000000 -0.000002 0.000000 
0.014756 0.992858 0.033235 2.034479 10.864819 0.179328 0.000000 0.101816 0.001315 0.378298 -0.495244 0.087120 0.758150 -0.990855 0.236278 0.758149 -0.990854 0.236278 -0.000000 0.167403 -0.020490 -8.125640 -15.117917 5.394980 -0.000000 0.096178 0.016850 -16.211860 -7.958226 -11.779774 -0.000000 0.220374 0.075011 -0.000000 -0.000002 -0.000000 -0.045700 0.110149 -0.021608 -0.992053 4.305581 8.747930 22.389066 -36.805735 67.123185 1.983370 45.039674 -1.403539 43.337711 -1.369080 -7.686294 -0.024648 -0.015740 0.026819 -26.311280 2.110462 16.403661 1.755521 -5.419483 -1.558380 -0.026463 -0.015278 0.015278 -0.000006 0.000010 -0.000006 -0.019946 -0.011516 0.011516 -0.000002 -0.000001 -0.000000 -0.091083 -0.005179 0.022598 -11.924707 2.031641 21.511370 0.032856 -0.708066 7.731794 -0.000002 0.000003 -0.000004 -0.000000 0.000000 0.000001 -0.095325 -0.000000 0.000000 -4.650648 1.742441 18.282943 -0.083446 0.344712 8.709717 0.000001 0.000000 0.000001 0.000006 0.000001 0.000001 -0.091036 -0.000431 -0.018651 -1.703878 -1.590240 17.790585 -0.086360 -0.276354 13.028360 -0.000004 0.000006 0.000010 0.000004 0.000002 -0.000001 -0.080767 -0.004867 -0.038063 1.046142 -2.253794 25.703689 -0.215147 0.837289 8.335920 0.000002 0.000002 0.000013 0.000001 0.000001 -0.000000 0.045704 0.110147 -0.021608 -0.614316 -3.073057 -6.104614 15.438456 38.098023 -62.111869 2.388892 -53.140685 1.911617 48.657031 -7.637522 27.275443 0.024661 -0.015762 0.026817 -12.484408 -4.768021 7.122529 8.654254 13.289779 -6.484167 0.026479 -0.015288 0.015287 -0.000007 0.000013 -0.000014 0.019989 -0.011541 0.011541 -0.000001 -0.000002 -0.000000 0.091093 -0.005180 0.022599 -2.200303 -3.571628 -5.677017 0.010014 1.393296 -12.787769 0.000001 0.000001 0.000003 0.000001 0.000002 0.000003 0.095334 0.000000 0.000000 -0.874924 2.788975 -10.261747 -0.163374 -0.196523 -10.000464 0.000000 -0.000002 0.000000 -0.000001 -0.000001 -0.000001 0.091045 -0.000430 -0.018651 1.507323 7.376652 -19.451272 -0.538197 -0.994306 -22.735190 -0.000002 -0.000001 -0.000001 0.000001 -0.000002 -0.000001 0.080778 -0.004869 -0.038063 3.660000 12.485115 -17.581884 -1.035686 -4.067351 -24.311531 -0.000011 -0.000013 -0.000014 0.000003 0.000001 -0.000000 -0.082078 -0.067517 -0.015995 -22.377552 -1.332405 -9.754132 37.963332 0.049411 1.481001 -13.776144 -6.103671 6.038285 0.094658 -1.383258 0.970725 0.000000 -0.000000 0.000000 0.082078 -0.067517 -0.015995 -21.029586 0.241623 5.215716 40.041205 -1.380887 -1.613843 -8.953147 6.295046 -5.254219 -11.283151 -3.173687 0.458719 0.000000 0.000000 0.000000 
0.012425 0.992264 0.029129 2.105443 11.206787 0.341965 -0.000000 0.101816 0.001315 0.445883 -0.535639 0.074874 0.893617 -1.070618 0.231692 0.893616 -1.070616 0.231692 -0.000000 0.167404 -0.020490 -7.752996 -12.672008 4.301733 0.000000 0.096178 0.016850 -17.117685 -6.054194 -11.333230 0.000000 0.220374 0.075011 0.000001 -0.000000 -0.000001 -0.045700 0.110149 -0.021608 -0.953519 4.365831 8.633018 22.475330 -37.331697 66.997729 2.014719 46.181593 -1.453801 42.853061 -1.405693 -8.482225 -0.024648 -0.015740 0.026819 -26.311268 2.110476 16.403688 1.755526 -5.419494 -1.558373 -0.026463 -0.015278 0.015278 -0.000005 0.000011 -0.000004 -0.019946 -0.011516 0.011516 0.000001 0.000000 0.000001 -0.091083 -0.005179 0.022598 -11.924692 2.031653 21.511380 0.032850 -0.708071 7.731804 -0.000000 0.000003 -0.000003 -0.000000 0.000001 -0.000001 -0.095325 -0.000000 0.000000 -4.650643 1.742447 18.282958 -0.083437 0.344709 8.709696 -0.000002 0.000000 0.000000 -0.000003 -0.000000 0.000002 -0.091036 -0.000431 -0.018651 -1.703870 -1.590243 17.790583 -0.086377 -0.276354 13.028370 -0.000005 0.000005 0.000010 -0.000001 -0.000000 0.000002 -0.080767 -0.004867 -0.038063 1.046136 -2.253786 25.703685 -0.215134 0.837297 8.335917 0.000001 0.000002 0.000012 -0.000000 0.000000 0.000001 0.045704 0.110147 -0.021608 -0.601575 -2.936161 -5.922322 13.977343 38.757553 -62.332757 2.351639 -53.492105 1.890408 49.113838 -7.483902 27.474503 0.024661 -0.015762 0.026817 -12.484394 -4.768017 7.122512 8.654232 13.289759 -6.484124 0.026479 -0.015287 0.015288 -0.000008 0.000008 -0.000012 0.019989 -0.011541 0.011541 -0.000001 0.000000 0.000005 0.091093 -0.005180 0.022599 -2.200301 -3.571646 -5.677019 0.010016 1.393304 -12.787759 -0.000000 0.000001 -0.000001 -0.000001 0.000003 -0.000001 0.095334 0.000000 -0.000000 -0.874923 2.788960 -10.261739 -0.163355 -0.196528 -10.000455 0.000000 -0.000001 -0.000001 -0.000002 -0.000001 -0.000004 0.091045 -0.000430 -0.018651 1.507323 7.376635 -19.451255 -0.538195 -0.994302 -22.735174 0.000000 0.000001 0.000001 -0.000001 0.000001 0.000001 0.080778 -0.004869 -0.038063 3.660000 12.485121 -17.581870 -1.035678 -4.067360 -24.311519 -0.000008 -0.000012 -0.000010 -0.000003 0.000001 0.000001 -0.082078 -0.067517 -0.015995 -22.667292 -1.735623 -9.764534 37.969264 0.093655 1.485220 -13.543140 -6.878926 5.038552 0.065746 -1.298502 0.905278 0.000000 0.000000 0.000000 0.082078 -0.067517 -0.015995 -21.312690 0.136839 5.114428 39.911773 -1.371795 -1.610248 -9.263062 6.078837 -5.570841 -10.439827 -3.341055 0.774597 0.000000 0.000002 0.000000 
0.009818 0.991982 0.025089 2.065446 11.524758 0.457398 0.000000 0.101816 0.001315 0.511076 -0.546714 0.067829 1.024193 -1.091798 0.232901 1.024191 -1.091797 0.232900 0.000000 0.167404 -0.020490 -7.231864 -10.117751 3.162810 -0.000000 0.096179 0.016850 -17.739652 -4.155758 -10.725556 -0.000000 0.220374 0.075011 -0.000001 0.000001 0.000001 -0.045700 0.110149 -0.021608 -0.902210 4.454336 8.515832 22.578278 -37.859001 66.897106 2.048293 47.221845 -1.503660 42.616019 -1.475332 -9.214599 -0.024648 -0.015740 0.026819 -26.315875 2.102527 16.399728 1.753018 -5.417578 -1.560504 -0.026463 -0.015278 0.015278 -0.000004 0.000003 -0.000006 -0.019946 -0.011516 0.011516 0.000002 -0.000004 -0.000002 -0.091083 -0.005179 0.022598 -11.924699 2.031649 21.511358 0.032807 -0.707842 7.733932 -0.000004 0.000003 -0.000004 0.000001 0.000000 0.000001 -0.095325 0.000000 -0.000000 -4.650660 1.742431 18.282934 -0.083453 0.344921 8.711823 0.000003 -0.000000 -0.000001 0.000003 -0.000000 -0.000001 -0.091036 -0.000431 -0.018651 -1.703879 -1.590269 17.790578 -0.086387 -0.276247 13.030480 -0.000011 0.000005 0.000012 0.000002 -0.000000 -0.000000 -0.080767 -0.004868 -0.038063 1.046141 -2.253789 25.703672 -0.215146 0.837279 8.338047 0.000004 0.000002 0.000012 0.000002 -0.000001 -0.000000 0.045704 0.110147 -0.021608 -0.589608 -2.783205 -5.733219 12.203673 39.254849 -62.495159 2.285821 -53.631567 1.840889 49.344101 -7.250976 27.738675 0.024661 -0.015762 0.026817 -12.498396 -4.762846 7.125566 8.656704 13.292243 -6.485358 0.026479 -0.015287 0.015287 -0.000006 0.000011 -0.000018 0.019989 -0.011541 0.011541 -0.000003 0.000004 0.000003 0.091093 -0.005180 0.022599 -2.200331 -3.571963 -5.682723 0.010036 1.393432 -12.786346 -0.000003 0.000000 -0.000001 -0.000002 -0.000000 -0.000000 0.095334 0.000000 0.000000 -0.874991 2.788584 -10.267433 -0.163340 -0.196411 -9.999061 -0.000001 -0.000001 -0.000000 0.000000 -0.000001 0.000001 0.091045 -0.000430 -0.018651 1.507148 7.376168 -19.456936 -0.538142 -0.994223 -22.733769 0.000001 -0.000000 0.000000 0.000002 -0.000001 0.000000 0.080778 -0.004869 -0.038063 3.659813 12.484525 -17.587519 -1.035649 -4.067266 -24.310088 -0.000013 -0.000011 -0.000013 -0.000000 0.000000 0.000001 -0.082078 -0.067517 -0.015995 -22.723957 -2.073853 -9.665286 37.709594 0.153436 1.481142 -13.212661 -7.605354 4.155528 0.011345 -1.212921 0.832747 0.000000 0.000000 0.000000 0.082078 -0.067517 -0.015995 -21.469552 0.074723 5.132513 39.740756 -1.484694 -1.603364 -9.479090 5.815751 -5.900727 -9.667926 -3.557533 1.109126 -0.000000 0.000002 0.000000 
0.006806 0.991971 0.021375 2.041672 11.799758 0.570024 0.000000 0.101816 0.001315 0.570210 -0.521683 0.058872 1.142489 -1.040693 0.230626 1.142488 -1.040699 0.230627 -0.000000 0.167404 -0.020490 -6.609922 -7.632374 2.019548 -0.000000 0.096178 0.016850 -18.069235 -2.423442 -9.990013 -0.000000 0.220374 0.075011 -0.000000 0.000000 0.000000 -0.045700 0.110149 -0.021608 -0.831856 4.566586 8.385619 22.725610 -38.358950 66.840054 2.081921 48.079443 -1.549643 42.675708 -1.597704 -9.846349 -0.024648 -0.015740 0.026819 -26.329508 2.078959 16.388009 1.745509 -5.411897 -1.566751 -0.026463 -0.015278 0.015278 -0.000004 0.000008 -0.000003 -0.019946 -0.011516 0.011516 0.000002 -0.000007 0.000003 -0.091083 -0.005179 0.022598 -11.924696 2.031632 21.511363 0.032726 -0.707157 7.740165 -0.000000 0.000002 -0.000005 0.000001 -0.000000 -0.000001 -0.095325 -0.000000 -0.000000 -4.650649 1.742437 18.282960 -0.083571 0.345490 8.718063 0.000001 -0.000000 0.000000 0.000000 -0.000000 -0.000000 -0.091036 -0.000431 -0.018651 -1.703870 -1.590257 17.790590 -0.086448 -0.276014 13.036782 -0.000005 0.000005 0.000010 0.000005 0.000000 -0.000002 -0.080767 -0.004867 -0.038063 1.046156 -2.253796 25.703699 -0.215134 0.837242 8.344357 0.000002 0.000003 0.000013 0.000004 0.000000 0.000000 0.045704 0.110147 -0.021608 -0.581123 -2.613031 -5.547228 10.151388 39.512579 -62.544254 2.190959 -53.556818 1.763110 49.108428 -6.900248 28.037636 0.024661 -0.015762 0.026817 -12.540005 -4.747502 7.134628 8.664028 13.299643 -6.489023 0.026479 -0.015288 0.015288 -0.000007 0.000009 -0.000009 0.019989 -0.011541 0.011541 0.000001 0.000004 0.000001 0.091093 -0.005180 0.022599 -2.200439 -3.572967 -5.699741 0.010121 1.393746 -12.782137 0.000000 -0.000001 -0.000002 -0.000000 0.000001 0.000000 0.095334 0.000000 0.000000 -0.875196 2.787414 -10.284417 -0.163293 -0.196066 -9.994851 0.000000 0.000000 0.000001 0.000001 0.000001 -0.000001 0.091045 -0.000430 -0.018651 1.506618 7.374700 -19.473838 -0.538017 -0.993912 -22.729562 0.000001 -0.000001 -0.000003 0.000000 -0.000001 -0.000003 0.080778 -0.004869 -0.038063 3.659242 12.482774 -17.604334 -1.035527 -4.067007 -24.305874 -0.000012 -0.000012 -0.000011 0.000000 0.000001 -0.000000 -0.082078 -0.067517 -0.015995 -22.693570 -2.170351 -9.503121 37.260331 0.222357 1.471126 -12.816339 -8.190452 3.462253 -0.205932 -1.184327 1.025940 -0.000000 0.000000 0.000000 0.082078 -0.067517 -0.015995 -21.594464 0.079356 5.198442 39.481314 -1.589968 -1.593505 -9.572150 5.523253 -6.232913 -8.997747 -3.779310 1.406986 0.000000 -0.000002 0.000000 
0.003444 0.992186 0.017938 2.037306 12.044223 0.659002 0.000000 0.101816 0.001315 0.624337 -0.469455 0.052614 1.250640 -0.935139 0.230682 1.250637 -0.935134 0.230681 0.000000 0.167404 -0.020490 -5.884176 -5.251616 0.891640 -0.000000 0.096178 0.016850 -18.212727 -0.853142 -9.156932 0.000000 0.220374 0.075011 0.000002 0.000000 -0.000000 -0.045700 0.110149 -0.021608 -0.747483 4.690484 8.255816 22.828871 -38.809391 66.743570 2.116460 48.720880 -1.591623 42.878999 -1.721850 -10.328895 -0.024648 -0.015740 0.026819 -26.352033 2.040097 16.368622 1.733155 -5.402542 -1.577092 -0.026463 -0.015278 0.015278 -0.000003 0.000008 -0.000007 -0.019946 -0.011516 0.011516 -0.000002 0.000000 0.000001 -0.091083 -0.005179 0.022598 -11.924699 2.031643 21.511355 0.032594 -0.706016 7.750526 0.000000 0.000002 -0.000005 0.000002 0.000000 -0.000000 -0.095325 0.000000 0.000000 -4.650646 1.742447 18.282938 -0.083698 0.346475 8.728429 0.000001 0.000001 0.000000 0.000001 0.000001 0.000000 -0.091036 -0.000431 -0.018651 -1.703859 -1.590242 17.790597 -0.086542 -0.275591 13.047167 -0.000008 0.000004 0.000009 0.000004 0.000001 0.000002 -0.080767 -0.004867 -0.038063 1.046151 -2.253786 25.703672 -0.215120 0.837169 8.354751 -0.000000 0.000003 0.000012 0.000003 0.000001 -0.000001 0.045704 0.110147 -0.021608 -0.577317 -2.459030 -5.405283 7.922455 39.523897 -62.441098 2.079340 -53.319479 1.668627 48.535536 -6.529815 28.348511 0.024661 -0.015762 0.026817 -12.608687 -4.722207 7.149594 8.676127 13.311888 -6.495067 0.026479 -0.015288 0.015287 -0.000008 0.000008 -0.000008 0.019989 -0.011541 0.011541 0.000001 -0.000002 -0.000000 0.091093 -0.005180 0.022599 -2.200609 -3.574616 -5.727806 0.010242 1.394313 -12.775207 -0.000001 -0.000002 -0.000001 0.000000 -0.000001 0.000001 0.095334 0.000000 0.000000 -0.875560 2.785510 -10.312460 -0.163179 -0.195508 -9.987891 -0.000000 -0.000000 0.000002 -0.000000 -0.000000 0.000001 0.091045 -0.000430 -0.018651 1.505767 7.372295 -19.501712 -0.537822 -0.993428 -22.722603 -0.000001 -0.000001 -0.000002 0.000000 -0.000001 -0.000005 0.080778 -0.004869 -0.038063 3.658303 12.479878 -17.632080 -1.035347 -4.066585 -24.298893 -0.000011 -0.000013 -0.000014 0.000001 -0.000000 -0.000000 -0.082078 -0.067517 -0.015995 -22.615583 -2.132164 -9.286714 36.701335 0.295894 1.457438 -12.394364 -8.669380 2.925883 -0.844907 -1.227300 1.953088 -0.000000 0.000000 0.000000 0.082078 -0.067517 -0.015995 -21.701582 0.078239 5.303892 39.157915 -1.690842 -1.581638 -9.556659 5.246814 -6.563735 -8.431171 -3.964916 1.662052 0.000000 0.000000 0.000000 
-0.000239 0.992582 0.014786 2.064495 12.262295 0.703920 -0.000000 0.101815 0.001315 0.670227 -0.393695 0.050600 1.342167 -0.782544 0.234055 1.342166 -0.782547 0.234054 0.000000 0.167404 -0.020490 -5.066238 -3.064026 -0.175415 0.000000 0.096178 0.016850 -18.250137 0.491904 -8.238717 0.000000 0.220374 0.075011 0.000003 0.000001 0.000001 -0.045700 0.110148 -0.021608 -0.653882 4.816741 8.137671 22.837525 -39.189607 66.550898 2.151237 49.075285 -1.627325 43.128519 -1.805067 -10.613463 -0.024648 -0.015740 0.026819 -26.383300 1.986285 16.341748 1.716018 -5.389565 -1.591395 -0.026463 -0.015278 0.015278 0.000000 0.000008 -0.000005 -0.019946 -0.011516 0.011516 0.000003 0.000001 -0.000002 -0.091083 -0.005179 0.022598 -11.924694 2.031650 21.511379 0.032352 -0.704461 7.764835 -0.000004 0.000003 -0.000003 0.000001 0.000000 -0.000000 -0.095325 0.000000 0.000000 -4.650646 1.742437 18.282962 -0.083917 0.347840 8.742774 -0.000001 0.000000 -0.000001 0.000001 0.000001 -0.000002 -0.091036 -0.000431 -0.018651 -1.703872 -1.590251 17.790585 -0.086675 -0.275030 13.061565 -0.000007 0.000004 0.000010 0.000004 0.000001 0.000000 -0.080767 -0.004867 -0.038063 1.046133 -2.253806 25.703699 -0.215098 0.837074 8.369141 -0.000000 0.000001 0.000012 0.000001 -0.000001 -0.000000 0.045704 0.110147 -0.021608 -0.582725 -2.352641 -5.358471 5.612793 39.246209 -62.116787 1.962710 -52.964623 1.568407 47.600196 -6.213556 28.641809 0.024661 -0.015762 0.026817 -12.703900 -4.687269 7.170377 8.692884 13.328802 -6.503421 0.026479 -0.015288 0.015288 -0.000009 0.000009 -0.000008 0.019989 -0.011541 0.011541 -0.000000 0.000006 0.000001 0.091093 -0.005180 0.022599 -2.200834 -3.576906 -5.766719 0.010421 1.395066 -12.765558 0.000000 -0.000002 -0.000002 0.000002 -0.000004 -0.000002 0.095334 0.000000 0.000000 -0.876035 2.782859 -10.351275 -0.163045 -0.194723 -9.978278 0.000001 0.000001 -0.000001 0.000001 -0.000000 -0.000000 0.091045 -0.000430 -0.018651 1.504578 7.368945 -19.540355 -0.537550 -0.992770 -22.712959 -0.000001 -0.000000 -0.000004 -0.000001 -0.000001 -0.000007 0.080778 -0.004869 -0.038063 3.657000 12.475884 -17.670516 -1.035075 -4.066014 -24.289247 -0.000011 -0.000011 -0.000012 -0.000000 0.000000 0.000003 -0.082078 -0.067517 -0.015995 -22.547131 -1.993880 -9.023791 36.181151 0.359110 1.443608 -12.196820 -9.033117 2.543109 -1.131074 -1.343779 2.304071 0.000000 -0.000000 -0.000000 0.082078 -0.067517 -0.015995 -21.813058 0.007394 5.443736 38.796677 -1.791897 -1.568851 -9.432177 5.034672 -6.885943 -7.992479 -4.067180 1.860576 -0.000000 0.000000 0.000000 
-0.004197 0.993122 0.011831 2.115858 12.460114 0.700541 -0.000000 0.101816 0.001315 0.715850 -0.303650 0.055611 1.433059 -0.601433 0.246201 1.433060 -0.601432 0.246201 -0.000000 0.167404 -0.020490 -4.220847 -1.065282 -1.182139 -0.000000 0.096178 0.016850 -18.232370 1.645066 -7.267539 0.000000 0.220374 0.075011 0.000000 -0.000000 -0.000000 -0.045700 0.110149 -0.021608 -0.554195 4.942976 8.036727 22.679536 -39.480303 66.202216 2.186413 49.184103 -1.657678 43.316903 -1.849788 -10.672462 -0.024648 -0.015740 0.026819 -26.423161 1.917873 16.307468 1.694202 -5.373060 -1.609597 -0.026463 -0.015278 0.015278 -0.000004 0.000008 -0.000007 -0.019946 -0.011516 0.011516 -0.000000 -0.000007 0.000001 -0.091083 -0.005179 0.022598 -11.924693 2.031641 21.511363 0.032077 -0.702467 7.783042 -0.000003 0.000002 -0.000003 0.000002 0.000001 0.000002 -0.095325 0.000000 -0.000000 -4.650645 1.742440 18.282939 -0.084183 0.349550 8.761034 0.000000 0.000000 -0.000001 -0.000002 0.000000 0.000002 -0.091036 -0.000431 -0.018651 -1.703870 -1.590258 17.790582 -0.086849 -0.274291 13.079871 -0.000009 0.000005 0.000011 0.000004 0.000000 -0.000001 -0.080767 -0.004867 -0.038063 1.046140 -2.253788 25.703679 -0.215099 0.836945 8.387481 0.000001 0.000004 0.000013 0.000004 0.000001 -0.000001 0.045704 0.110147 -0.021608 -0.593969 -2.299548 -5.394775 3.291025 38.720564 -61.617793 1.850021 -52.514227 1.470272 46.535534 -5.977019 28.919977 0.024661 -0.015762 0.026817 -12.825101 -4.642998 7.196909 8.714206 13.350342 -6.514085 0.026479 -0.015287 0.015287 -0.000007 0.000013 -0.000011 0.019989 -0.011541 0.011541 0.000001 -0.000006 -0.000000 0.091093 -0.005180 0.022599 -2.201133 -3.579825 -5.816198 0.010636 1.396059 -12.753333 0.000000 0.000003 0.000001 0.000001 0.000000 0.000001 0.095334 0.000000 -0.000000 -0.876662 2.779503 -10.400694 -0.162860 -0.193714 -9.966010 -0.000002 -0.000002 -0.000001 -0.000001 -0.000000 -0.000002 0.091045 -0.000430 -0.018651 1.503050 7.364710 -19.589514 -0.537187 -0.991913 -22.700690 0.000001 0.000000 0.000000 0.000001 -0.000000 -0.000002 0.080778 -0.004869 -0.038063 3.655335 12.470796 -17.719423 -1.034751 -4.065258 -24.276977 -0.000011 -0.000011 -0.000010 0.000001 0.000001 -0.000001 -0.082078 -0.067517 -0.015995 -22.487507 -1.835033 -8.708820 35.728231 0.393315 1.429243 -12.444188 -9.322658 2.196541 -0.975582 -1.475458 1.584123 0.000000 0.000000 0.000000 0.082078 -0.067517 -0.015995 -21.926480 -0.161117 5.611611 38.406867 -1.894907 -1.555516 -9.219682 4.901088 -7.201444 -7.662114 -4.087129 2.008010 0.000000 -0.000001 0.000000 
-0.008379 0.993776 0.009017 2.190877 12.645780 0.631293 0.000000 0.101816 0.001315 0.765418 -0.208101 0.071247 1.531803 -0.409313 0.274433 1.531800 -0.409313 0.274434 0.000000 0.167404 -0.020490 -3.397326 0.723157 -2.096683 -0.000000 0.096178 0.016850 -18.222064 2.606526 -6.260861 -0.000000 0.220374 0.075011 -0.000000 -0.000001 0.000000 -0.045700 0.110149 -0.021608 -0.453498 5.062564 7.968166 22.259342 -39.658732 65.609233 2.222735 49.027637 -1.682593 43.291809 -1.831005 -10.445151 -0.024648 -0.015740 0.026819 -26.471423 1.835244 16.265916 1.667829 -5.353087 -1.631607 -0.026463 -0.015278 0.015278 -0.000003 0.000010 -0.000009 -0.019946 -0.011516 0.011516 0.000003 -0.000006 -0.000000 -0.091083 -0.005179 0.022598 -11.924704 2.031627 21.511358 0.031756 -0.700046 7.805088 -0.000004 0.000002 -0.000003 0.000001 0.000000 0.000001 -0.095325 -0.000000 0.000000 -4.650656 1.742426 18.282960 -0.084512 0.351629 8.783112 -0.000003 0.000001 0.000000 0.000001 0.000002 0.000002 -0.091036 -0.000431 -0.018651 -1.703875 -1.590263 17.790582 -0.087052 -0.273418 13.102027 -0.000006 0.000005 0.000011 0.000003 0.000000 0.000002 -0.080767 -0.004867 -0.038063 1.046140 -2.253804 25.703675 -0.215070 0.836810 8.409661 0.000000 0.000003 0.000013 0.000001 0.000000 -0.000000 0.045704 0.110147 -0.021608 -0.610195 -2.323151 -5.535197 1.051162 37.957584 -60.939200 1.753171 -52.000153 1.384517 45.550405 -5.894505 29.188301 0.024661 -0.015762 0.026817 -12.971741 -4.589748 7.229129 8.740010 13.376405 -6.527004 0.026479 -0.015288 0.015287 -0.000004 0.000009 -0.000010 0.019989 -0.011541 0.011541 0.000003 0.000003 0.000001 0.091093 -0.005180 0.022599 -2.201491 -3.583362 -5.876059 0.010903 1.397232 -12.738520 -0.000001 0.000003 -0.000002 -0.000001 0.000001 -0.000000 0.095334 0.000000 0.000000 -0.877396 2.775420 -10.460462 -0.162657 -0.192506 -9.951205 -0.000000 -0.000001 -0.000003 0.000001 -0.000002 0.000000 0.091045 -0.000430 -0.018651 1.501216 7.359577 -19.648981 -0.536760 -0.990896 -22.685869 -0.000001 -0.000002 -0.000002 -0.000000 -0.000002 -0.000003 0.080778 -0.004869 -0.038063 3.653323 12.464629 -17.778586 -1.034331 -4.064361 -24.262097 -0.000011 -0.000013 -0.000011 0.000000 -0.000001 -0.000003 -0.082078 -0.067517 -0.015995 -22.453958 -1.757764 -8.343604 35.265066 0.434447 1.414927 -12.567592 -9.565365 1.870850 -0.687030 -1.637598 1.304777 -0.000000 -0.000000 0.000000 0.082078 -0.067517 -0.015995 -22.044070 -0.495783 5.800052 38.002705 -2.004432 -1.542391 -8.938392 4.892316 -7.512107 -7.431329 -3.991385 2.103161 0.000000 -0.000001 0.000000 
-0.012777 0.994478 0.006245 2.279630 12.816629 0.518628 0.000000 0.101816 0.001315 0.826334 -0.111660 0.094835 1.653203 -0.215484 0.313912 1.653203 -0.215483 0.313912 -0.000000 0.167404 -0.020490 -2.658667 2.311407 -2.928744 -0.000000 0.096178 0.016850 -18.247796 3.393076 -5.237363 0.000000 0.220374 0.075011 -0.000001 -0.000001 0.000001 -0.045700 0.110149 -0.021608 -0.347262 5.176997 7.914570 21.603371 -39.710710 64.806085 2.259866 48.715850 -1.704292 43.088351 -1.792704 -9.983225 -0.024648 -0.015740 0.026819 -26.528007 1.738788 16.217186 1.636985 -5.329723 -1.657294 -0.026463 -0.015278 0.015278 -0.000002 0.000010 -0.000004 -0.019946 -0.011516 0.011516 -0.000000 -0.000005 -0.000002 -0.091083 -0.005179 0.022598 -11.924691 2.031649 21.511367 0.031373 -0.697226 7.830862 -0.000000 0.000002 -0.000006 0.000005 0.000001 -0.000001 -0.095325 0.000000 -0.000000 -4.650661 1.742432 18.282938 -0.084857 0.354067 8.808936 0.000000 0.000000 0.000000 0.000000 -0.000001 0.000001 -0.091036 -0.000431 -0.018651 -1.703862 -1.590256 17.790587 -0.087296 -0.272391 13.127924 -0.000004 0.000005 0.000010 0.000000 0.000001 0.000002 -0.080767 -0.004867 -0.038063 1.046145 -2.253798 25.703684 -0.215033 0.836633 8.435556 -0.000003 0.000003 0.000014 -0.000004 0.000002 -0.000000 0.045704 0.110147 -0.021608 -0.624837 -2.403534 -5.730457 -1.090263 37.009168 -60.165606 1.672124 -51.434695 1.311179 44.691133 -5.892954 29.413154 0.024661 -0.015762 0.026817 -13.143343 -4.527877 7.266938 8.770187 13.406849 -6.542116 0.026479 -0.015287 0.015288 -0.000010 0.000013 -0.000009 0.019989 -0.011541 0.011541 -0.000000 0.000004 0.000007 0.091093 -0.005180 0.022599 -2.201921 -3.587492 -5.946066 0.011212 1.398603 -12.721190 0.000000 0.000000 0.000002 0.000000 -0.000000 0.000005 0.095334 0.000000 0.000000 -0.878277 2.770661 -10.530352 -0.162416 -0.191107 -9.933882 0.000001 0.000003 0.000001 0.000001 -0.000001 0.000002 0.091045 -0.000430 -0.018651 1.499045 7.353557 -19.718493 -0.536261 -0.989671 -22.668529 0.000000 -0.000000 -0.000000 0.000000 -0.000000 -0.000003 0.080778 -0.004869 -0.038063 3.650959 12.457429 -17.847771 -1.033875 -4.063309 -24.244728 -0.000010 -0.000012 -0.000011 -0.000000 0.000000 0.000002 -0.082078 -0.067517 -0.015995 -22.459569 -1.719351 -7.936841 34.822692 0.479198 1.401682 -12.579908 -9.787857 1.562318 -0.479996 -1.802513 1.104315 0.000000 0.000000 0.000000 0.082078 -0.067517 -0.015995 -22.166858 -0.938510 6.007633 37.593402 -2.118923 -1.529650 -8.599558 4.964506 -7.813707 -7.283790 -3.830862 2.152682 0.000000 -0.000001 0.000000 
-0.017374 0.995167 0.003416 2.374964 12.971411 0.372148 -0.000000 0.101816 0.001315 0.907237 -0.021182 0.125121 1.814572 -0.033521 0.364463 1.814575 -0.033520 0.364463 -0.000000 0.167404 -0.020490 -2.076335 3.703387 -3.670573 -0.000000 0.096179 0.016850 -18.357749 4.009051 -4.205959 -0.000000 0.220374 0.075011 -0.000001 0.000001 0.000001 -0.045700 0.110149 -0.021608 -0.234581 5.285464 7.867878 20.684328 -39.611112 63.779296 2.298295 48.317110 -1.724776 42.663776 -1.764650 -9.288559 -0.024648 -0.015740 0.026819 -26.592770 1.628874 16.161380 1.601783 -5.303038 -1.686603 -0.026463 -0.015278 0.015278 -0.000007 0.000008 -0.000003 -0.019946 -0.011516 0.011516 -0.000001 -0.000000 -0.000004 -0.091083 -0.005179 0.022598 -11.924687 2.031645 21.511370 0.030919 -0.694009 7.860260 -0.000003 0.000002 -0.000004 0.000002 -0.000000 0.000001 -0.095325 0.000000 0.000000 -4.650642 1.742448 18.282950 -0.085314 0.356842 8.838386 -0.000000 -0.000000 0.000000 0.000003 0.000002 0.000000 -0.091036 -0.000431 -0.018651 -1.703862 -1.590245 17.790568 -0.087576 -0.271232 13.157507 -0.000006 0.000005 0.000009 0.000000 -0.000000 -0.000001 -0.080767 -0.004867 -0.038063 1.046148 -2.253787 25.703667 -0.215024 0.836442 8.465184 0.000000 0.000003 0.000013 0.000002 0.000001 0.000002 0.045704 0.110147 -0.021608 -0.632756 -2.532412 -5.945898 -3.084266 35.922004 -59.366987 1.610078 -50.836497 1.252960 44.120744 -5.934074 29.573783 0.024661 -0.015762 0.026817 -13.339330 -4.457727 7.310328 8.804614 13.441619 -6.559399 0.026479 -0.015287 0.015287 -0.000007 0.000011 -0.000012 0.019989 -0.011541 0.011541 0.000001 -0.000005 -0.000002 0.091093 -0.005180 0.022599 -2.202413 -3.592198 -6.025965 0.011562 1.400164 -12.701423 -0.000000 -0.000000 -0.000002 0.000000 0.000001 0.000000 0.095334 0.000000 0.000000 -0.879301 2.765223 -10.610117 -0.162132 -0.189501 -9.914083 -0.000000 -0.000001 0.000001 0.000000 -0.000000 0.000001 0.091045 -0.000430 -0.018651 1.496561 7.346723 -19.797874 -0.535680 -0.988297 -22.648733 -0.000000 0.000000 0.000001 -0.000000 -0.000000 -0.000000 0.080778 -0.004869 -0.038063 3.648244 12.449220 -17.926723 -1.033325 -4.062107 -24.224900 -0.000009 -0.000012 -0.000009 0.000000 0.000001 -0.000002 -0.082078 -0.067517 -0.015995 -22.597640 -1.704831 -7.501288 34.538498 0.541197 1.395030 -12.377469 -10.041745 1.246172 -0.524946 -1.941033 1.185805 -0.000000 0.000000 0.000000 0.082078 -0.067517 -0.015995 -22.296668 -1.480107 6.228007 37.191927 -2.239243 -1.517689 -8.219507 5.110122 -8.104179 -7.204148 -3.627877 2.159820 0.000000 -0.000001 0.000000 
-0.022153 0.995783 0.000522 2.468295 13.113368 0.218039 0.000000 0.101815 0.001315 1.009321 0.060929 0.157661 2.018290 0.131787 0.419223 2.018288 0.131788 0.419223 0.000000 0.167404 -0.020490 -1.661398 4.906621 -4.320172 -0.000000 0.096179 0.016850 -18.547281 4.474755 -3.200499 -0.000000 0.220374 0.075011 -0.000001 -0.000001 0.000001 -0.045700 0.110149 -0.021608 -0.112235 5.389051 7.814968 19.577311 -39.368213 62.591922 2.338249 47.936047 -1.746839 42.097553 -1.767066 -8.451532 -0.024648 -0.015740 0.026819 -26.665574 1.505916 16.098565 1.562301 -5.273117 -1.719455 -0.026463 -0.015278 0.015278 -0.000004 0.000008 -0.000002 -0.019946 -0.011516 0.011516 0.000001 -0.000007 0.000005 -0.091083 -0.005179 0.022598 -11.924697 2.031663 21.511363 0.030445 -0.690415 7.893231 -0.000005 0.000002 -0.000004 -0.000004 -0.000001 0.000000 -0.095325 0.000000 0.000000 -4.650645 1.742452 18.282950 -0.085793 0.359958 8.871420 0.000003 0.000002 0.000001 0.000003 0.000002 -0.000000 -0.091036 -0.000431 -0.018651 -1.703861 -1.590249 17.790580 -0.087877 -0.269902 13.190663 -0.000006 0.000006 0.000011 0.000002 0.000000 0.000000 -0.080767 -0.004867 -0.038063 1.046145 -2.253783 25.703699 -0.214980 0.836239 8.498354 0.000002 0.000001 0.000012 -0.000002 0.000000 0.000000 0.045704 0.110147 -0.021608 -0.631220 -2.697351 -6.157278 -4.944590 34.722841 -58.573551 1.564291 -50.216473 1.207653 43.696781 -5.986672 29.639083 0.024661 -0.015762 0.026817 -13.559241 -4.379743 7.359250 8.843241 13.480583 -6.578814 0.026479 -0.015287 0.015288 -0.000007 0.000009 -0.000010 0.019989 -0.011541 0.011541 -0.000000 0.000001 -0.000002 0.091093 -0.005180 0.022599 -2.202979 -3.597475 -6.115544 0.011963 1.401934 -12.679263 0.000000 0.000001 0.000002 0.000001 -0.000000 0.000004 0.095334 0.000000 0.000000 -0.880454 2.759136 -10.699546 -0.161812 -0.187698 -9.891911 0.000001 -0.000000 0.000001 0.000001 -0.000001 0.000001 0.091045 -0.000430 -0.018651 1.493772 7.339060 -19.886832 -0.535041 -0.986754 -22.626540 0.000001 0.000000 0.000001 0.000002 0.000000 0.000000 0.080778 -0.004869 -0.038063 3.645187 12.440022 -18.015240 -1.032725 -4.060763 -24.202659 -0.000010 -0.000013 -0.000013 -0.000001 0.000001 0.000002 -0.082078 -0.067517 -0.015995 -22.758168 -1.715432 -7.057104 34.269897 0.595034 1.388555 -12.154163 -10.293851 0.948432 -0.561479 -2.040576 1.243123 0.000000 0.000000 0.000001 0.082078 -0.067517 -0.015995 -22.435005 -2.040284 6.462460 36.806971 -2.363312 -1.506630 -7.808610 5.269357 -8.382726 -7.175950 -3.428914 2.136805 0.000000 -0.000001 0.000000 
-0.027107 0.996244 -0.002502 2.548677 13.243173 0.085262 -0.000000 0.101816 0.001315 1.138656 0.130080 0.187678 2.276531 0.271508 0.471555 2.276530 0.271510 0.471554 -0.000000 0.167404 -0.020490 -1.451586 5.923747 -4.881992 0.000000 0.096178 0.016850 -18.842607 4.804199 -2.252838 -0.000000 0.220374 0.075011 -0.000001 0.000000 -0.000001 -0.045700 0.110149 -0.021608 0.024617 5.489429 7.735956 18.336058 -38.974699 61.297451 2.380023 47.692995 -1.774096 41.450512 -1.835876 -7.531113 -0.024648 -0.015740 0.026819 -26.746336 1.370289 16.028857 1.518647 -5.240017 -1.755705 -0.026463 -0.015278 0.015278 -0.000005 0.000006 -0.000005 -0.019946 -0.011516 0.011516 0.000001 -0.000001 -0.000000 -0.091083 -0.005179 0.022598 -11.924696 2.031640 21.511370 0.029873 -0.686430 7.929685 -0.000005 0.000002 -0.000005 -0.000002 -0.000000 -0.000001 -0.095325 0.000000 -0.000000 -4.650663 1.742431 18.282938 -0.086330 0.363394 8.907922 0.000004 -0.000001 -0.000001 0.000004 0.000000 -0.000001 -0.091036 -0.000431 -0.018651 -1.703870 -1.590247 17.790611 -0.088221 -0.268462 13.227290 -0.000007 0.000003 0.000008 0.000001 0.000000 0.000000 -0.080767 -0.004867 -0.038063 1.046145 -2.253798 25.703701 -0.214947 0.835982 8.535027 -0.000002 0.000002 0.000013 -0.000002 0.000001 -0.000001 0.045704 0.110147 -0.021608 -0.614641 -2.882342 -6.323017 -6.665287 33.450203 -57.847468 1.532900 -49.590913 1.173831 43.357371 -5.994056 29.555738 0.024661 -0.015762 0.026817 -13.802520 -4.294341 7.413626 8.885933 13.523680 -6.600303 0.026479 -0.015288 0.015287 -0.000007 0.000009 -0.000008 0.019989 -0.011541 0.011541 -0.000000 0.000003 0.000001 0.091093 -0.005180 0.022599 -2.203624 -3.603302 -6.214563 0.012411 1.403899 -12.654770 -0.000001 -0.000001 0.000002 -0.000001 0.000000 0.000001 0.095334 0.000000 -0.000000 -0.881731 2.752403 -10.798406 -0.161470 -0.185709 -9.867414 -0.000001 -0.000002 -0.000001 -0.000001 -0.000001 -0.000001 0.091045 -0.000430 -0.018651 1.490667 7.330577 -19.985198 -0.534324 -0.985051 -22.601980 -0.000000 -0.000001 0.000000 -0.000000 0.000000 -0.000002 0.080778 -0.004869 -0.038063 3.641788 12.429861 -18.113107 -1.032048 -4.059287 -24.178043 -0.000010 -0.000014 -0.000010 -0.000000 0.000001 -0.000001 -0.082078 -0.067517 -0.015995 -22.949391 -1.718639 -6.632114 34.053684 0.642063 1.383549 -11.921918 -10.544112 0.707673 -0.591019 -2.079806 1.261633 -0.000000 0.000000 0.000000 0.082078 -0.067517 -0.015995 -22.590304 -2.540842 6.706798 36.455267 -2.488163 -1.496736 -7.377249 5.385559 -8.638254 -7.187525 -3.297335 2.087268 -0.000000 0.000000 0.000000 
-0.032180 0.996556 -0.005618 2.617057 13.367450 -0.023382 -0.000000 0.101815 0.001315 1.289297 0.185559 0.214866 2.577430 0.384279 0.520990 2.577428 0.384278 0.520991 0.000000 0.167404 -0.020490 -1.422673 6.766330 -5.340046 0.000000 0.096178 0.016850 -19.195661 5.017585 -1.379778 -0.000000 0.220374 0.075011 0.000001 0.000000 -0.000000 -0.045700 0.110149 -0.021608 0.171613 5.583724 7.644037 16.999728 -38.455608 59.912459 2.422782 47.610448 -1.806762 40.738643 -1.950188 -6.625510 -0.024648 -0.015740 0.026819 -26.834903 1.222455 15.952298 1.470921 -5.203826 -1.795291 -0.026463 -0.015278 0.015278 -0.000001 0.000010 -0.000006 -0.019946 -0.011516 0.011516 0.000004 -0.000006 -0.000000 -0.091083 -0.005179 0.022598 -11.924704 2.031635 21.511368 0.029277 -0.682069 7.969550 -0.000002 0.000001 -0.000005 0.000001 -0.000001 -0.000000 -0.095325 0.000000 -0.000000 -4.650656 1.742428 18.282950 -0.086933 0.367159 8.947863 -0.000001 0.000000 -0.000001 -0.000001 -0.000000 0.000000 -0.091036 -0.000431 -0.018651 -1.703864 -1.590254 17.790578 -0.088606 -0.266854 13.267375 -0.000009 0.000004 0.000009 -0.000004 -0.000002 -0.000001 -0.080767 -0.004867 -0.038063 1.046151 -2.253801 25.703697 -0.214926 0.835715 8.575123 0.000001 0.000001 0.000012 -0.000001 -0.000002 0.000001 0.045704 0.110147 -0.021608 -0.586284 -3.090059 -6.459051 -8.262727 32.115536 -57.156956 1.514070 -48.961900 1.149800 43.021599 -5.991570 29.369373 0.024661 -0.015762 0.026817 -14.068681 -4.201946 7.473460 8.932613 13.570757 -6.623881 0.026479 -0.015287 0.015287 -0.000003 0.000011 -0.000010 0.019989 -0.011541 0.011541 -0.000003 0.000002 0.000001 0.091093 -0.005180 0.022599 -2.204317 -3.609691 -6.322809 0.012876 1.406023 -12.627988 0.000001 -0.000000 -0.000001 0.000001 0.000001 -0.000000 0.095334 0.000000 0.000000 -0.883133 2.745043 -10.906479 -0.161098 -0.183515 -9.840626 0.000001 0.000003 -0.000000 -0.000001 0.000002 0.000000 0.091045 -0.000430 -0.018651 1.487261 7.321308 -20.092695 -0.533545 -0.983193 -22.575182 0.000000 0.000001 -0.000002 -0.000001 0.000002 -0.000001 0.080778 -0.004869 -0.038063 3.638053 12.418737 -18.220050 -1.031321 -4.057645 -24.151187 -0.000011 -0.000012 -0.000011 0.000000 0.000000 0.000002 -0.082078 -0.067517 -0.015995 -23.165847 -1.755662 -6.249794 33.879442 0.682056 1.379610 -11.678176 -10.744761 0.551673 -0.634483 -2.072455 1.245065 0.000000 0.000000 0.000000 0.082078 -0.067517 -0.015995 -22.758914 -2.963901 6.960773 36.129167 -2.611694 -1.487636 -6.941280 5.440575 -8.880115 -7.214212 -3.202554 2.026833 -0.000000 -0.000001 0.000000 
-0.037342 0.996680 -0.008842 2.664125 13.494437 -0.090057 -0.000000 0.101815 0.001315 1.460716 0.224089 0.237049 2.919937 0.463553 0.564137 2.919935 0.463560 0.564137 0.000000 0.167403 -0.020490 -1.569732 7.435088 -5.690528 0.000000 0.096178 0.016850 -19.585093 5.141040 -0.617164 0.000000 0.220374 0.075011 0.000001 -0.000002 0.000000 -0.045700 0.110149 -0.021608 0.327823 5.674096 7.543036 15.629274 -37.824088 58.467471 2.466494 47.770391 -1.847389 39.992684 -2.107274 -5.829497 -0.024648 -0.015740 0.026819 -26.931209 1.062790 15.868987 1.419250 -5.164607 -1.838083 -0.026463 -0.015278 0.015278 -0.000008 0.000010 -0.000003 -0.019946 -0.011516 0.011516 0.000004 -0.000005 0.000001 -0.091083 -0.005179 0.022598 -11.924693 2.031637 21.511368 0.028609 -0.677349 8.012672 0.000001 0.000001 -0.000004 0.000004 -0.000000 -0.000001 -0.095325 0.000000 0.000000 -4.650637 1.742438 18.282958 -0.087572 0.371222 8.991087 -0.000000 -0.000000 -0.000001 0.000001 -0.000000 -0.000001 -0.091036 -0.000431 -0.018651 -1.703864 -1.590252 17.790594 -0.088995 -0.265127 13.310749 -0.000005 0.000005 0.000009 -0.000003 0.000002 0.000001 -0.080767 -0.004867 -0.038063 1.046145 -2.253785 25.703679 -0.214884 0.835419 8.618561 -0.000004 -0.000000 0.000013 -0.000003 0.000000 0.000001 0.045704 0.110146 -0.021608 -0.546055 -3.321759 -6.564895 -9.750489 30.737518 -56.492348 1.505515 -48.339352 1.133914 42.566439 -5.985606 29.089813 0.024661 -0.015762 0.026817 -14.357237 -4.103017 7.538697 8.983192 13.621768 -6.649446 0.026479 -0.015287 0.015288 -0.000004 0.000011 -0.000012 0.019989 -0.011541 0.011541 -0.000001 0.000003 -0.000002 0.091093 -0.005180 0.022599 -2.205101 -3.616567 -6.440039 0.013395 1.408327 -12.598982 -0.000002 -0.000002 -0.000000 -0.000001 -0.000002 -0.000002 0.095334 0.000000 0.000000 -0.884690 2.737099 -11.023500 -0.160676 -0.181171 -9.811606 -0.000001 -0.000001 -0.000000 0.000000 -0.000001 -0.000001 0.091045 -0.000430 -0.018651 1.483555 7.311293 -20.209114 -0.532722 -0.981157 -22.546144 0.000000 -0.000000 -0.000004 0.000001 -0.000001 -0.000004 0.080778 -0.004869 -0.038063 3.633982 12.406740 -18.335875 -1.030526 -4.055897 -24.122099 -0.000011 -0.000013 -0.000007 -0.000001 -0.000001 0.000003 -0.082078 -0.067517 -0.015995 -23.404251 -1.859669 -5.949206 33.757722 0.713777 1.376868 -11.423359 -10.839823 0.534678 -0.714567 -2.016799 1.186287 -0.000000 0.000000 0.000000 0.082078 -0.067517 -0.015995 -22.943531 -3.252413 7.223343 35.834724 -2.730257 -1.479212 -6.513248 5.387546 -9.108945 -7.235475 -3.149476 1.969082 0.000000 0.000000 0.000000 
-0.042508 0.996676 -0.012084 2.709887 13.620009 -0.131929 0.000000 0.101815 0.001315 1.642660 0.248802 0.256539 3.283562 0.515659 0.604335 3.283561 0.515668 0.604334 -0.000000 0.167404 -0.020490 -1.860809 7.951356 -5.927981 -0.000000 0.096178 0.016850 -19.963077 5.184780 0.056956 -0.000000 0.220374 0.075011 -0.000000 -0.000001 0.000001 -0.045700 0.110149 -0.021608 0.488357 5.747475 7.441631 14.207657 -37.111775 56.968265 2.509599 48.112177 -1.893321 39.233624 -2.277805 -5.212141 -0.024648 -0.015740 0.026819 -27.035132 0.891722 15.778963 1.363709 -5.122423 -1.884002 -0.026463 -0.015278 0.015278 -0.000005 0.000013 -0.000004 -0.019946 -0.011516 0.011516 -0.000000 -0.000004 -0.000002 -0.091083 -0.005179 0.022598 -11.924686 2.031633 21.511361 0.027895 -0.672286 8.059063 -0.000001 0.000002 -0.000003 -0.000001 -0.000001 0.000000 -0.095325 0.000000 0.000000 -4.650648 1.742442 18.282931 -0.088249 0.375603 9.037549 -0.000001 -0.000001 -0.000001 -0.000002 -0.000001 0.000002 -0.091036 -0.000431 -0.018651 -1.703864 -1.590247 17.790575 -0.089441 -0.263281 13.357377 -0.000009 0.000004 0.000009 -0.000001 -0.000002 -0.000001 -0.080767 -0.004867 -0.038063 1.046157 -2.253789 25.703696 -0.214825 0.835108 8.665215 -0.000000 0.000002 0.000014 -0.000001 0.000000 -0.000001 0.045704 0.110147 -0.021608 -0.498031 -3.565458 -6.647852 -11.131701 29.331581 -55.847588 1.505984 -47.716904 1.124876 42.056439 -6.006427 28.769006 0.024661 -0.015762 0.026817 -14.667631 -3.998010 7.609299 9.037536 13.676536 -6.676969 0.026479 -0.015287 0.015288 -0.000006 0.000009 -0.000015 0.019989 -0.011541 0.011541 -0.000001 0.000005 -0.000000 0.091093 -0.005180 0.022599 -2.205936 -3.623975 -6.566024 0.013952 1.410795 -12.567817 0.000001 0.000001 -0.000003 0.000001 0.000001 -0.000003 0.095334 -0.000000 0.000000 -0.886359 2.728537 -11.149290 -0.160239 -0.178629 -9.780418 0.000001 0.000002 -0.000001 -0.000001 0.000002 -0.000003 0.091045 -0.000430 -0.018651 1.479550 7.300550 -20.334248 -0.531804 -0.978993 -22.514925 0.000000 0.000001 0.000000 -0.000001 0.000000 -0.000001 0.080778 -0.004869 -0.038063 3.629604 12.393842 -18.460371 -1.029673 -4.054008 -24.090803 -0.000011 -0.000014 -0.000009 -0.000001 -0.000002 -0.000001 -0.082078 -0.067517 -0.015995 -23.665212 -2.021177 -5.708993 33.665354 0.736667 1.374493 -11.160838 -10.852284 0.610750 -0.826360 -1.937574 1.103423 0.000000 -0.000000 -0.000000 0.082078 -0.067517 -0.015995 -23.140278 -3.445470 7.491178 35.548843 -2.843328 -1.470772 -6.108525 5.254812 -9.334620 -7.231055 -3.091463 1.922792 -0.000000 0.000000 0.000000 
-0.047609 0.996570 -0.015291 2.764694 13.746855 -0.154937 0.000000 0.101816 0.001315 1.827034 0.260086 0.274013 3.652119 0.541380 0.643074 3.652119 0.541385 0.643073 -0.000000 0.167404 -0.020490 -2.271615 8.325212 -6.045186 -0.000000 0.096178 0.016850 -20.277418 5.168668 0.646424 0.000000 0.220373 0.075011 0.000002 0.000000 0.000000 -0.045700 0.110149 -0.021608 0.647419 5.793916 7.354311 12.741212 -36.347210 55.417474 2.550717 48.619756 -1.943074 38.487167 -2.431514 -4.887452 -0.024648 -0.015740 0.026819 -27.146595 0.709709 15.682324 1.304405 -5.077371 -1.932963 -0.026463 -0.015278 0.015278 -0.000005 0.000008 -0.000006 -0.019946 -0.011516 0.011516 -0.000004 -0.000003 0.000001 -0.091083 -0.005179 0.022598 -11.924688 2.031655 21.511368 0.027101 -0.666886 8.108579 -0.000002 0.000002 -0.000005 -0.000001 -0.000001 0.000000 -0.095325 0.000000 0.000000 -4.650657 1.742432 18.282943 -0.089007 0.380280 9.087139 -0.000002 0.000000 -0.000001 -0.000002 0.000000 -0.000001 -0.091036 -0.000431 -0.018651 -1.703859 -1.590248 17.790583 -0.089921 -0.261318 13.407152 -0.000002 0.000006 0.000010 -0.000001 -0.000001 -0.000002 -0.080767 -0.004867 -0.038063 1.046142 -2.253793 25.703696 -0.214764 0.834778 8.715019 -0.000002 0.000002 0.000012 0.000001 -0.000001 -0.000001 0.045704 0.110147 -0.021608 -0.446367 -3.817038 -6.720840 -12.413017 27.910728 -55.198085 1.514041 -47.091644 1.121375 41.495001 -6.087369 28.466325 0.024661 -0.015762 0.026817 -14.999404 -3.887409 7.685239 9.095567 13.735031 -6.706458 0.026479 -0.015287 0.015288 -0.000008 0.000008 -0.000011 0.019989 -0.011541 0.011541 0.000002 -0.000002 -0.000000 0.091093 -0.005180 0.022599 -2.206860 -3.631900 -6.700536 0.014533 1.413446 -12.534542 0.000002 0.000001 -0.000001 0.000001 0.000000 0.000002 0.095334 0.000000 -0.000000 -0.888168 2.719410 -11.283548 -0.159784 -0.175905 -9.747137 0.000000 0.000001 0.000002 -0.000001 0.000001 0.000003 0.091045 -0.000430 -0.018651 1.475253 7.289057 -20.467825 -0.530863 -0.976664 -22.481610 -0.000001 0.000001 -0.000000 -0.000001 0.000001 -0.000002 0.080778 -0.004869 -0.038063 3.624874 12.380063 -18.593247 -1.028766 -4.051981 -24.057419 -0.000009 -0.000013 -0.000010 -0.000001 -0.000001 -0.000000 -0.082078 -0.067517 -0.015995 -23.948255 -2.265613 -5.535970 33.587428 0.749167 1.371799 -10.889760 -10.761310 0.776902 -0.979696 -1.852496 1.005841 -0.000000 -0.000000 -0.000000 0.082078 -0.067517 -0.015995 -23.345935 -3.550146 7.762913 35.256590 -2.949031 -1.461728 -5.748427 5.043392 -9.569302 -7.170846 -2.984695 1.903643 0.000000 0.000000 0.000000 
-0.052574 0.996412 -0.018375 2.847891 13.863619 -0.174306 -0.000000 0.101815 0.001315 2.006948 0.263099 0.291050 4.011783 0.550904 0.682503 4.011776 0.550899 0.682504 0.000000 0.167403 -0.020490 -2.762560 8.577936 -6.063650 0.000000 0.096179 0.016850 -20.528823 5.099334 1.171329 0.000000 0.220374 0.075011 -0.000000 -0.000001 0.000000 -0.045700 0.110149 -0.021608 0.806587 5.806323 7.268550 11.218221 -35.554604 53.851418 2.589325 49.243393 -1.994847 37.770950 -2.558813 -4.811220 -0.024648 -0.015740 0.026819 -27.265512 0.517121 15.579098 1.241411 -5.029479 -1.984856 -0.026463 -0.015278 0.015278 -0.000005 0.000008 -0.000005 -0.019946 -0.011516 0.011516 -0.000000 -0.000004 -0.000000 -0.091083 -0.005179 0.022598 -11.924705 2.031631 21.511370 0.026301 -0.661135 8.161122 -0.000003 0.000001 -0.000005 -0.000002 -0.000001 -0.000002 -0.095325 -0.000000 -0.000000 -4.650667 1.742427 18.282948 -0.089810 0.385218 9.139803 -0.000000 0.000000 -0.000001 0.000002 0.000001 0.000000 -0.091036 -0.000431 -0.018651 -1.703877 -1.590267 17.790602 -0.090417 -0.259202 13.460005 -0.000004 0.000007 0.000009 0.000001 0.000001 -0.000000 -0.080767 -0.004867 -0.038063 1.046138 -2.253808 25.703697 -0.214722 0.834446 8.767918 -0.000000 0.000002 0.000013 0.000001 -0.000003 -0.000002 0.045704 0.110147 -0.021608 -0.391120 -4.054063 -6.766271 -13.595812 26.500610 -54.589177 1.527765 -46.466600 1.121991 40.944874 -6.227650 28.165188 0.024661 -0.015762 0.026817 -15.352051 -3.771734 7.766503 9.157215 13.797141 -6.737894 0.026479 -0.015288 0.015288 -0.000004 0.000014 -0.000013 0.019989 -0.011541 0.011541 -0.000000 -0.000003 0.000005 0.091093 -0.005180 0.022599 -2.207861 -3.640295 -6.843342 0.015165 1.416246 -12.499212 -0.000000 0.000001 -0.000000 -0.000001 0.000002 0.000004 0.095334 -0.000000 0.000000 -0.890121 2.709728 -11.426124 -0.159283 -0.173056 -9.711793 0.000000 0.000001 -0.000003 0.000000 0.000003 -0.000003 0.091045 -0.000430 -0.018651 1.470653 7.276883 -20.609659 -0.529829 -0.974198 -22.446201 0.000002 0.000001 -0.000001 0.000002 0.000002 -0.000002 0.080778 -0.004869 -0.038063 3.619816 12.365445 -18.734316 -1.027813 -4.049822 -24.021965 -0.000011 -0.000014 -0.000010 -0.000001 0.000000 -0.000001 -0.082078 -0.067517 -0.015995 -24.254941 -2.520875 -5.386650 33.511442 0.753559 1.368561 -10.625760 -10.645147 0.959144 -1.153472 -1.780911 0.912433 0.000000 0.000000 0.000000 0.082078 -0.067517 -0.015995 -23.560498 -3.605710 8.033771 34.945983 -3.048555 -1.451809 -5.435447 4.787854 -9.809188 -7.060973 -2.826988 1.904220 -0.000000 0.000000 0.000000 
-0.057312 0.996255 -0.021237 2.989626 13.960367 -0.207972 -0.000000 0.101816 0.001315 2.171258 0.262018 0.309086 4.340283 0.552500 0.724208 4.340277 0.552489 0.724210 0.000000 0.167403 -0.020490 -3.294318 8.731274 -5.995520 0.000000 0.096178 0.016850 -20.688962 4.989884 1.654115 0.000000 0.220374 0.075011 0.000001 0.000002 -0.000000 -0.045700 0.110149 -0.021608 0.964299 5.769508 7.179216 9.615145 -34.767780 52.296713 2.623136 49.928072 -2.045116 37.137115 -2.637563 -5.017555 -0.024648 -0.015740 0.026819 -27.391753 0.314485 15.469357 1.174898 -4.978866 -2.039575 -0.026463 -0.015278 0.015278 -0.000005 0.000011 -0.000005 -0.019946 -0.011516 0.011516 -0.000000 -0.000002 0.000003 -0.091083 -0.005179 0.022598 -11.924712 2.031647 21.511367 0.025412 -0.655092 8.216671 -0.000003 0.000002 -0.000005 -0.000002 0.000000 -0.000002 -0.095325 -0.000000 -0.000000 -4.650658 1.742425 18.282941 -0.090642 0.390484 9.195458 0.000001 -0.000000 0.000000 -0.000002 -0.000000 0.000001 -0.091036 -0.000431 -0.018651 -1.703874 -1.590263 17.790585 -0.090951 -0.256986 13.515819 -0.000002 0.000006 0.000009 0.000006 -0.000001 -0.000000 -0.080767 -0.004867 -0.038063 1.046127 -2.253817 25.703699 -0.214641 0.834066 8.823798 0.000001 0.000000 0.000011 0.000001 0.000001 -0.000001 0.045704 0.110147 -0.021608 -0.333905 -4.250659 -6.770756 -14.675589 25.132070 -54.052440 1.545564 -45.846730 1.125497 40.479591 -6.443177 27.871301 0.024661 -0.015762 0.026817 -15.725063 -3.651447 7.853042 9.222343 13.862713 -6.771161 0.026479 -0.015288 0.015287 -0.000007 0.000013 -0.000009 0.019989 -0.011541 0.011541 0.000002 -0.000004 -0.000002 0.091093 -0.005180 0.022599 -2.208949 -3.649175 -6.994215 0.015820 1.419225 -12.461868 -0.000000 -0.000001 0.000002 -0.000001 -0.000001 0.000004 0.095334 0.000000 0.000000 -0.892211 2.699486 -11.576724 -0.158765 -0.170008 -9.674449 0.000002 0.000002 -0.000004 -0.000000 0.000002 -0.000003 0.091045 -0.000430 -0.018651 1.465755 7.264015 -20.759455 -0.528748 -0.971600 -22.408836 -0.000003 -0.000001 -0.000001 -0.000001 -0.000001 -0.000002 0.080778 -0.004869 -0.038063 3.614437 12.350024 -18.883332 -1.026795 -4.047552 -23.984508 -0.000009 -0.000012 -0.000007 0.000001 -0.000002 -0.000000 -0.082078 -0.067517 -0.015995 -24.596585 -2.740545 -5.228524 33.419535 0.754058 1.364552 -10.381423 -10.555946 1.097025 -1.332363 -1.751432 0.845961 0.000000 0.000000 0.000000 0.082078 -0.067517 -0.015995 -23.788121 -3.649121 8.300271 34.596985 -3.141137 -1.439696 -5.183035 4.517530 -10.062477 -6.888779 -2.588267 1.928400 -0.000000 0.000001 0.000000 
-0.061805 0.996117 -0.023842 3.167861 14.036368 -0.255695 -0.000000 0.101816 0.001315 2.324265 0.260084 0.329418 4.646153 0.552615 0.770468 4.646153 0.552609 0.770469 0.000000 0.167404 -0.020490 -3.830448 8.790046 -5.868805 0.000000 0.096178 0.016850 -20.797492 4.839291 2.094750 -0.000000 0.220374 0.075011 0.000001 0.000001 0.000001 -0.045700 0.110149 -0.021608 1.124472 5.697854 7.079862 7.966885 -33.986933 50.781036 2.654600 50.675458 -2.095674 36.506716 -2.675440 -5.383401 -0.024648 -0.015740 0.026819 -27.525232 0.102174 15.353143 1.104888 -4.925571 -2.097004 -0.026463 -0.015278 0.015278 -0.000003 0.000010 -0.000006 -0.019946 -0.011516 0.011516 -0.000001 0.000001 0.000003 -0.091083 -0.005179 0.022598 -11.924686 2.031646 21.511361 0.024491 -0.648683 8.275082 -0.000004 0.000001 -0.000007 0.000003 0.000001 -0.000002 -0.095325 0.000000 0.000000 -4.650648 1.742439 18.282946 -0.091546 0.395978 9.253956 0.000001 -0.000002 -0.000001 -0.000002 -0.000002 -0.000003 -0.091036 -0.000431 -0.018651 -1.703866 -1.590249 17.790583 -0.091505 -0.254660 13.574555 -0.000003 0.000004 0.000008 0.000000 0.000001 0.000001 -0.080767 -0.004867 -0.038063 1.046132 -2.253806 25.703692 -0.214583 0.833678 8.882581 -0.000002 0.000000 0.000013 0.000000 0.000001 -0.000000 0.045704 0.110147 -0.021608 -0.273684 -4.412720 -6.735761 -15.679437 23.803336 -53.602734 1.565036 -45.222122 1.129917 40.070674 -6.717955 27.575934 0.024661 -0.015762 0.026817 -16.117961 -3.527042 7.944792 9.290882 13.931692 -6.806291 0.026479 -0.015287 0.015288 -0.000009 0.000016 -0.000012 0.019989 -0.011541 0.011541 -0.000001 -0.000002 -0.000000 0.091093 -0.005180 0.022599 -2.210118 -3.658512 -7.152928 0.016515 1.422349 -12.422623 0.000001 -0.000000 0.000000 0.000000 0.000001 0.000003 0.095334 -0.000000 -0.000000 -0.894439 2.688734 -11.735159 -0.158221 -0.166813 -9.635163 0.000001 -0.000000 -0.000002 0.000001 0.000001 -0.000001 0.091045 -0.000430 -0.018651 1.460572 7.250518 -20.917079 -0.527621 -0.968859 -22.369535 -0.000000 0.000000 0.000001 -0.000001 0.000001 0.000003 0.080778 -0.004869 -0.038063 3.608731 12.333809 -19.040112 -1.025729 -4.045173 -23.945112 -0.000010 -0.000013 -0.000009 -0.000002 -0.000001 0.000001 -0.082078 -0.067517 -0.015995 -24.941213 -2.874197 -5.035022 33.309501 0.755064 1.360049 -10.177695 -10.551240 1.153581 -1.509773 -1.755512 0.802366 0.000000 0.000000 0.000000 0.082078 -0.067517 -0.015995 -24.006471 -3.695247 8.561676 34.217007 -3.228706 -1.426522 -4.980991 4.247882 -10.316850 -6.679130 -2.303585 1.961756 -0.000000 0.000000 0.000000 
-0.066000 0.996040 -0.026124 3.385193 14.080990 -0.327873 0.000000 0.101815 0.001315 2.463691 0.262133 0.354236 4.924837 0.560635 0.823356 4.924833 0.560635 0.823356 0.000000 0.167404 -0.020490 -4.322461 8.772854 -5.711294 -0.000000 0.096179 0.016850 -20.877281 4.655165 2.501102 -0.000000 0.220374 0.075011 -0.000001 -0.000000 -0.000000 -0.045700 0.110149 -0.021608 1.289781 5.597761 6.961488 6.283986 -33.230940 49.340002 2.684198 51.473836 -2.146450 35.835643 -2.677329 -5.822582 -0.024648 -0.015740 0.026819 -27.665917 -0.119336 15.230530 1.031523 -4.869679 -2.157079 -0.026463 -0.015278 0.015278 -0.000002 0.000008 -0.000008 -0.019946 -0.011516 0.011516 0.000001 -0.000002 -0.000004 -0.091083 -0.005179 0.022598 -11.924707 2.031643 21.511363 0.023529 -0.642015 8.336296 -0.000002 0.000002 -0.000005 0.000000 0.000000 -0.000001 -0.095325 0.000000 -0.000000 -4.650660 1.742442 18.282938 -0.092490 0.401741 9.315272 -0.000002 0.000000 0.000001 -0.000003 -0.000001 -0.000001 -0.091036 -0.000431 -0.018651 -1.703863 -1.590239 17.790580 -0.092091 -0.252213 13.636096 -0.000002 0.000007 0.000011 0.000003 0.000002 0.000001 -0.080767 -0.004867 -0.038063 1.046139 -2.253796 25.703682 -0.214528 0.833266 8.944189 0.000002 0.000002 0.000012 0.000005 0.000000 -0.000001 0.045704 0.110147 -0.021608 -0.209674 -4.528769 -6.649101 -16.621685 22.538188 -53.277979 1.583882 -44.596037 1.133546 39.724104 -7.044972 27.262627 0.024661 -0.015762 0.026817 -16.530219 -3.399045 8.041715 9.362729 14.003962 -6.843194 0.026479 -0.015288 0.015288 -0.000010 0.000016 -0.000012 0.019989 -0.011541 0.011541 0.000001 0.000001 0.000001 0.091093 -0.005180 0.022599 -2.211359 -3.668275 -7.319246 0.017233 1.425612 -12.381468 0.000000 -0.000000 0.000000 0.000001 0.000001 -0.000000 0.095334 0.000000 -0.000000 -0.896793 2.677489 -11.901173 -0.157644 -0.163470 -9.593997 -0.000000 -0.000001 0.000001 -0.000001 0.000002 0.000001 0.091045 -0.000430 -0.018651 1.455102 7.236386 -21.082221 -0.526443 -0.965981 -22.328307 -0.000001 -0.000000 -0.000001 -0.000001 0.000001 -0.000005 0.080778 -0.004869 -0.038063 3.602712 12.316866 -19.204385 -1.024616 -4.042680 -23.903838 -0.000010 -0.000010 -0.000009 -0.000000 0.000001 0.000005 -0.082078 -0.067517 -0.015995 -25.280868 -2.841080 -4.762585 33.178767 0.765783 1.355713 -10.026413 -10.715870 1.068632 -1.671935 -1.802265 0.791047 -0.000000 -0.000000 0.000000 0.082078 -0.067517 -0.015995 -24.204739 -3.771246 8.818966 33.802053 -3.313488 -1.412395 -4.827456 4.004213 -10.568634 -6.444504 -1.989276 1.996804 -0.000000 0.000001 0.000000 
-0.069902 0.996020 -0.028109 3.597758 14.112996 -0.412478 -0.000000 0.101815 0.001315 2.598149 0.267961 0.384302 5.193529 0.576160 0.884411 5.193529 0.576167 0.884410 -0.000000 0.167404 -0.020490 -4.763486 8.664844 -5.535496 0.000000 0.096178 0.016850 -20.951571 4.418773 2.872283 0.000000 0.220374 0.075011 0.000001 0.000002 -0.000000 -0.045700 0.110149 -0.021608 1.461346 5.477367 6.824844 4.608145 -32.477211 47.972274 2.714133 52.307983 -2.198673 35.070354 -2.638070 -6.259896 -0.024648 -0.015740 0.026819 -27.813654 -0.349633 15.101547 0.954872 -4.811263 -2.219667 -0.026463 -0.015278 0.015278 -0.000002 0.000006 -0.000001 -0.019946 -0.011516 0.011516 0.000003 -0.000003 -0.000000 -0.091083 -0.005179 0.022598 -11.924696 2.031652 21.511380 0.022493 -0.635014 8.400215 -0.000008 0.000001 -0.000004 0.000001 0.000001 -0.000000 -0.095325 -0.000000 -0.000000 -4.650645 1.742440 18.282953 -0.093468 0.407780 9.379313 0.000004 0.000001 0.000000 0.000005 0.000002 -0.000000 -0.091036 -0.000431 -0.018651 -1.703870 -1.590250 17.790580 -0.092719 -0.249675 13.700364 -0.000003 0.000005 0.000010 -0.000005 0.000001 0.000001 -0.080767 -0.004867 -0.038063 1.046144 -2.253794 25.703701 -0.214457 0.832845 9.008470 -0.000000 0.000002 0.000013 -0.000002 0.000001 0.000002 0.045704 0.110147 -0.021608 -0.143493 -4.624998 -6.538555 -17.537096 21.291457 -53.040360 1.600864 -43.933768 1.134873 39.409618 -7.412753 26.960773 0.024661 -0.015762 0.026817 -16.961320 -3.267984 8.143798 9.437774 14.079438 -6.881914 0.026479 -0.015287 0.015288 -0.000007 0.000013 -0.000011 0.019989 -0.011541 0.011541 0.000001 0.000004 0.000003 0.091093 -0.005180 0.022599 -2.212679 -3.678477 -7.492912 0.017973 1.429043 -12.338509 -0.000000 -0.000001 0.000000 -0.000001 -0.000002 0.000002 0.095334 -0.000000 0.000000 -0.899282 2.665715 -12.074546 -0.157065 -0.159955 -9.551033 0.000002 -0.000001 0.000001 0.000002 -0.000002 -0.000001 0.091045 -0.000430 -0.018651 1.449353 7.221635 -21.254683 -0.525215 -0.962989 -22.285283 0.000000 0.000000 0.000000 -0.000001 0.000002 -0.000004 0.080778 -0.004869 -0.038063 3.596380 12.299154 -19.375932 -1.023453 -4.040057 -23.860692 -0.000010 -0.000012 -0.000010 0.000001 -0.000002 0.000001 -0.082078 -0.067517 -0.015995 -25.577402 -2.682681 -4.433338 33.034172 0.787326 1.351774 -9.923824 -11.018833 0.875341 -1.824377 -1.867673 0.794330 0.000000 0.000000 0.000000 0.082078 -0.067517 -0.015995 -24.352710 -3.877089 9.067413 33.366932 -3.395024 -1.397848 -4.710191 3.787750 -10.805276 -6.204109 -1.687236 2.023055 -0.000000 0.000000 0.000000 
-0.073510 0.996066 -0.029785 3.766802 14.141286 -0.503802 0.000000 0.101816 0.001315 2.735419 0.279798 0.421439 5.467752 0.603446 0.956400 5.467751 0.603444 0.956400 -0.000000 0.167404 -0.020490 -5.125959 8.463451 -5.363193 -0.000000 0.096179 0.016850 -21.053758 4.117004 3.210298 -0.000000 0.220374 0.075011 -0.000001 0.000001 0.000001 -0.045700 0.110149 -0.021608 1.641242 5.350378 6.668826 2.977826 -31.719426 46.689418 2.747017 53.178835 -2.254431 34.114251 -2.556767 -6.590176 -0.024648 -0.015740 0.026819 -27.968429 -0.588244 14.966244 0.875096 -4.750385 -2.284719 -0.026463 -0.015278 0.015278 -0.000000 0.000008 -0.000000 -0.019946 -0.011516 0.011516 0.000006 -0.000004 0.000003 -0.091083 -0.005179 0.022598 -11.924704 2.031639 21.511355 0.021433 -0.627759 8.466782 -0.000004 0.000001 -0.000003 -0.000003 -0.000000 0.000003 -0.095325 0.000000 -0.000000 -4.650655 1.742449 18.282938 -0.094516 0.414048 9.446013 -0.000000 0.000000 0.000000 -0.000002 -0.000001 0.000003 -0.091036 -0.000431 -0.018651 -1.703871 -1.590256 17.790573 -0.093365 -0.247015 13.767278 -0.000005 0.000006 0.000009 -0.000002 0.000001 0.000002 -0.080767 -0.004867 -0.038063 1.046139 -2.253800 25.703685 -0.214403 0.832392 9.075472 0.000001 0.000003 0.000013 -0.000000 -0.000000 0.000003 0.045704 0.110147 -0.021608 -0.075817 -4.719927 -6.422102 -18.463893 20.036515 -52.875520 1.613857 -43.205318 1.131768 39.098964 -7.809528 26.697654 0.024661 -0.015762 0.026817 -17.410796 -3.134351 8.250940 9.515931 14.158005 -6.922350 0.026479 -0.015288 0.015288 -0.000006 0.000014 -0.000008 0.019989 -0.011541 0.011541 0.000004 -0.000002 0.000003 0.091093 -0.005180 0.022599 -2.214108 -3.689097 -7.673759 0.018762 1.432599 -12.293756 0.000001 -0.000001 -0.000000 -0.000000 -0.000000 0.000004 0.095334 0.000000 0.000000 -0.901930 2.653502 -12.255056 -0.156442 -0.156335 -9.506263 0.000001 -0.000000 0.000000 -0.000000 0.000000 -0.000001 0.091045 -0.000430 -0.018651 1.443304 7.206307 -21.434232 -0.523932 -0.959859 -22.240501 -0.000002 0.000002 -0.000000 -0.000001 0.000002 -0.000000 0.080778 -0.004869 -0.038063 3.589718 12.280755 -19.554528 -1.022241 -4.037344 -23.815785 -0.000010 -0.000011 -0.000009 0.000001 -0.000001 0.000000 -0.082078 -0.067517 -0.015995 -25.791346 -2.379881 -4.037470 32.880442 0.824736 1.348697 -9.881507 -11.489538 0.559515 -1.970503 -1.932803 0.798980 0.000000 -0.000000 0.000000 0.082078 -0.067517 -0.015995 -24.414749 -4.024962 9.305533 32.920351 -3.473960 -1.383353 -4.625880 3.609871 -11.016781 -5.969956 -1.448569 2.031209 -0.000000 -0.000001 0.000000 
-0.076800 0.996163 -0.031186 3.879728 14.184024 -0.593024 0.000000 0.101816 0.001315 2.875900 0.295496 0.464274 5.748328 0.638385 1.037593 5.748331 0.638390 1.037593 -0.000000 0.167404 -0.020490 -5.423361 8.154144 -5.192376 0.000000 0.096179 0.016850 -21.174819 3.736957 3.512080 0.000000 0.220374 0.075011 0.000000 0.000001 -0.000000 -0.045700 0.110149 -0.021608 1.828243 5.205868 6.488091 1.409897 -30.927240 45.486369 2.781608 54.025563 -2.311178 33.051128 -2.434401 -6.817085 -0.024648 -0.015740 0.026819 -28.130108 -0.834713 14.824687 0.792204 -4.687139 -2.352048 -0.026463 -0.015278 0.015278 -0.000005 0.000006 -0.000005 -0.019946 -0.011516 0.011516 -0.000002 0.000004 0.000001 -0.091083 -0.005179 0.022598 -11.924700 2.031632 21.511361 0.020295 -0.620200 8.535879 -0.000002 0.000003 -0.000005 0.000003 0.000003 -0.000002 -0.095325 0.000000 -0.000000 -4.650654 1.742437 18.282936 -0.095593 0.420556 9.515213 0.000005 0.000000 0.000001 0.000006 0.000001 0.000003 -0.091036 -0.000431 -0.018651 -1.703878 -1.590259 17.790583 -0.094032 -0.244269 13.836770 -0.000002 0.000006 0.000009 -0.000002 -0.000000 0.000001 -0.080767 -0.004867 -0.038063 1.046139 -2.253806 25.703682 -0.214325 0.831939 9.145002 -0.000004 0.000003 0.000012 -0.000005 0.000002 -0.000000 0.045704 0.110147 -0.021608 -0.009285 -4.825389 -6.317231 -19.402693 18.740567 -52.754199 1.624261 -42.401176 1.124989 38.793716 -8.231945 26.464189 0.024661 -0.015762 0.026817 -17.878106 -2.998706 8.363112 9.597110 14.239546 -6.964519 0.026479 -0.015287 0.015288 -0.000007 0.000016 -0.000013 0.019989 -0.011541 0.011541 0.000001 0.000000 0.000003 0.091093 -0.005180 0.022599 -2.215612 -3.700115 -7.861515 0.019558 1.436293 -12.247321 0.000000 0.000001 0.000000 0.000001 -0.000000 -0.000002 0.095334 0.000000 -0.000000 -0.904709 2.640790 -12.442459 -0.155811 -0.152543 -9.459815 -0.000001 -0.000000 0.000000 -0.000001 -0.000000 -0.000000 0.091045 -0.000430 -0.018651 1.436992 7.190390 -21.620641 -0.522612 -0.956621 -22.194001 0.000001 -0.000001 0.000000 -0.000001 0.000000 0.000002 0.080778 -0.004869 -0.038063 3.582748 12.261657 -19.739931 -1.021012 -4.034507 -23.769219 -0.000014 -0.000012 -0.000014 -0.000000 -0.000002 -0.000001 -0.082078 -0.067517 -0.015995 -25.920694 -2.031911 -3.627428 32.722053 0.873266 1.346206 -9.877297 -12.029909 0.191643 -2.103043 -1.990727 0.802241 0.000000 -0.000000 -0.000000 0.082078 -0.067517 -0.015995 -24.403064 -4.206217 9.524596 32.488635 -3.550095 -1.369688 -4.547299 3.464899 -11.192871 -5.775055 -1.260859 2.015142 0.000000 0.000001 0.000000 
-0.079769 0.996305 -0.032344 3.904540 14.265970 -0.667805 -0.000000 0.101815 0.001315 3.024491 0.313951 0.512193 6.045057 0.679274 1.128923 6.045063 0.679273 1.128926 0.000000 0.167403 -0.020490 -5.653984 7.718633 -5.031779 0.000000 0.096179 0.016850 -21.323731 3.253855 3.779631 -0.000000 0.220374 0.075011 0.000001 -0.000001 -0.000001 -0.045700 0.110149 -0.021608 2.021986 5.039339 6.278026 -0.067324 -30.075758 44.360982 2.817668 54.802351 -2.367481 31.905415 -2.267829 -6.901373 -0.024648 -0.015740 0.026819 -28.298606 -1.088579 14.676936 0.706406 -4.621568 -2.421643 -0.026463 -0.015278 0.015278 -0.000000 0.000008 -0.000005 -0.019946 -0.011516 0.011516 -0.000002 -0.000000 -0.000004 -0.091083 -0.005179 0.022598 -11.924696 2.031647 21.511356 0.019112 -0.612390 8.607448 0.000000 0.000004 -0.000006 0.000001 -0.000001 0.000002 -0.095325 0.000000 0.000000 -4.650645 1.742451 18.282934 -0.096737 0.427302 9.586923 -0.000001 0.000001 -0.000001 0.000001 0.000002 -0.000001 -0.091036 -0.000431 -0.018651 -1.703875 -1.590266 17.790572 -0.094733 -0.241392 13.908690 -0.000002 0.000005 0.000008 0.000001 0.000000 0.000001 -0.080767 -0.004867 -0.038063 1.046144 -2.253800 25.703674 -0.214239 0.831459 9.217013 0.000003 0.000002 0.000012 0.000004 0.000001 0.000001 0.045704 0.110147 -0.021608 0.053201 -4.965199 -6.253898 -20.376614 17.354662 -52.636979 1.632142 -41.488297 1.113911 38.495359 -8.670512 26.282921 0.024661 -0.015762 0.026817 -18.362789 -2.861489 8.480202 9.681219 14.323969 -7.008344 0.026479 -0.015287 0.015288 -0.000006 0.000013 -0.000015 0.019989 -0.011541 0.011541 0.000001 0.000004 0.000001 0.091093 -0.005180 0.022599 -2.217209 -3.711521 -8.055943 0.020384 1.440135 -12.199219 -0.000002 -0.000000 -0.000001 -0.000001 0.000004 0.000001 0.095334 0.000000 0.000000 -0.907635 2.627687 -12.636534 -0.155154 -0.148639 -9.411691 0.000001 0.000003 0.000003 0.000001 0.000003 0.000003 0.091045 -0.000430 -0.018651 1.430379 7.173966 -21.813679 -0.521236 -0.953264 -22.145833 0.000000 0.000001 0.000002 -0.000002 0.000001 0.000001 0.080778 -0.004869 -0.038063 3.575457 12.241912 -19.931897 -1.019714 -4.031558 -23.720960 -0.000010 -0.000013 -0.000013 0.000003 -0.000003 0.000001 -0.082078 -0.067517 -0.015995 -25.939105 -1.718121 -3.243750 32.564754 0.928988 1.344016 -9.900830 -12.570185 -0.181600 -2.222238 -2.027285 0.794937 -0.000000 -0.000000 0.000000 0.082078 -0.067517 -0.015995 -24.362158 -4.440489 9.718811 32.171243 -3.721002 -1.367802 -4.346584 3.346366 -11.301558 -5.837360 -1.147866 1.886095 0.000000 0.000000 0.000000 
-0.082379 0.996470 -0.033258 3.860748 14.376230 -0.730333 0.000000 0.101815 0.001315 3.175410 0.333962 0.562874 6.346372 0.723366 1.225229 6.346368 0.723359 1.225229 -0.000000 0.167404 -0.020490 -5.834506 7.165958 -4.868126 0.000000 0.096179 0.016850 -21.479106 2.690622 3.997799 -0.000000 0.220374 0.075011 -0.000000 0.000001 0.000001 -0.045700 0.110149 -0.021608 2.221787 4.844977 6.035973 -1.449229 -29.142180 43.315779 2.852244 55.466689 -2.419887 30.757616 -2.072899 -6.865366 -0.024648 -0.015740 0.026819 -28.473860 -1.349434 14.523019 0.617694 -4.553746 -2.493331 -0.026463 -0.015278 0.015278 -0.000006 0.000006 -0.000007 -0.019946 -0.011516 0.011516 -0.000000 -0.000001 -0.000000 -0.091083 -0.005179 0.022598 -11.924712 2.031637 21.511370 0.017888 -0.604333 8.681380 -0.000004 0.000002 -0.000005 -0.000001 -0.000001 -0.000001 -0.095325 -0.000000 -0.000000 -4.650661 1.742443 18.282962 -0.097901 0.434282 9.660982 0.000003 0.000001 0.000000 0.000001 0.000000 -0.000000 -0.091036 -0.000431 -0.018651 -1.703877 -1.590269 17.790587 -0.095471 -0.238453 13.983048 -0.000007 0.000006 0.000010 0.000002 0.000002 0.000000 -0.080767 -0.004867 -0.038063 1.046135 -2.253802 25.703694 -0.214152 0.830962 9.291388 0.000001 0.000002 0.000014 -0.000002 0.000002 0.000000 0.045704 0.110147 -0.021608 0.113023 -5.122182 -6.213258 -21.354014 15.899591 -52.543078 1.640123 -40.507618 1.101114 38.175860 -9.132254 26.086748 0.024661 -0.015762 0.026817 -18.864264 -2.723305 8.602155 9.768118 14.411183 -7.053769 0.026479 -0.015288 0.015287 -0.000005 0.000013 -0.000012 0.019989 -0.011541 0.011541 0.000001 -0.000002 -0.000000 0.091093 -0.005180 0.022599 -2.218908 -3.723297 -8.256823 0.021254 1.444099 -12.149514 0.000001 -0.000001 -0.000003 0.000000 -0.000002 -0.000002 0.095334 0.000000 0.000000 -0.910703 2.614115 -12.837044 -0.154493 -0.144568 -9.361964 -0.000001 -0.000001 -0.000001 -0.000000 -0.000000 0.000000 0.091045 -0.000430 -0.018651 1.423500 7.156997 -22.013116 -0.519823 -0.949802 -22.096073 -0.000000 0.000000 0.000002 0.000001 -0.000001 0.000002 0.080778 -0.004869 -0.038063 3.567849 12.221546 -20.130260 -1.018366 -4.028554 -23.671088 -0.000011 -0.000014 -0.000015 0.000002 -0.000001 0.000003 -0.082078 -0.067517 -0.015995 -25.873522 -1.480525 -2.907518 32.415579 0.986849 1.342024 -9.937561 -13.054021 -0.524235 -2.309192 -2.044908 0.783690 0.000000 -0.000000 0.000000 0.082078 -0.067517 -0.015995 -24.257758 -4.681746 9.896938 31.893531 -3.961331 -1.373432 -4.157397 3.246403 -11.366341 -6.098270 -1.068018 1.473894 0.000000 0.000001 0.000000 
-0.084587 0.996643 -0.033950 3.751753 14.524146 -0.775127 -0.000000 0.101815 0.001315 3.325537 0.353324 0.614422 6.646058 0.766417 1.323773 6.646050 0.766417 1.323770 -0.000000 0.167404 -0.020490 -5.977268 6.489427 -4.697435 0.000000 0.096179 0.016850 -21.626479 2.049110 4.154977 0.000000 0.220374 0.075011 0.000001 -0.000000 -0.000000 -0.045700 0.110149 -0.021608 2.426575 4.611876 5.754644 -2.721066 -28.097202 42.351271 2.882174 55.959480 -2.464192 29.705299 -1.866201 -6.709121 -0.024648 -0.015740 0.026819 -28.667578 -1.617789 14.371961 0.526755 -4.483103 -2.568671 -0.026463 -0.015278 0.015278 -0.000000 0.000008 -0.000003 -0.019946 -0.011516 0.011516 -0.000005 -0.000001 -0.000005 -0.091083 -0.005179 0.022598 -11.926413 2.037114 21.503131 0.014593 -0.595224 8.734985 -0.000003 0.000003 -0.000001 0.000002 0.000002 0.000001 -0.095325 -0.000000 0.000000 -4.649729 1.744888 18.273095 -0.098867 0.439986 9.714399 -0.000000 0.000001 0.000001 0.000001 0.000001 -0.000001 -0.091036 -0.000431 -0.018651 -1.703190 -1.590558 17.780029 -0.094553 -0.237399 14.040291 -0.000004 0.000005 0.000010 -0.000002 -0.000001 -0.000003 -0.080767 -0.004867 -0.038063 1.049168 -2.255107 25.696234 -0.211919 0.828395 9.347633 -0.000001 0.000002 0.000015 0.000002 0.000002 0.000003 0.045704 0.110147 -0.021608 0.168381 -5.297761 -6.200612 -22.317148 14.362102 -52.464141 1.650024 -39.474409 1.088135 37.808208 -9.613485 25.830826 0.024661 -0.015762 0.026817 -19.402457 -2.582903 8.732399 9.859649 14.501933 -7.101098 0.026479 -0.015288 0.015287 -0.000009 0.000011 -0.000009 0.019989 -0.011541 0.011541 0.000001 0.000005 -0.000000 0.091093 -0.005180 0.022599 -2.218984 -3.739698 -8.451861 0.019805 1.446976 -12.076486 -0.000001 -0.000002 -0.000003 -0.000002 -0.000002 -0.000003 0.095334 0.000000 -0.000000 -0.912628 2.599360 -13.032254 -0.153673 -0.139208 -9.288001 0.000001 -0.000000 0.000003 0.000002 0.000000 0.000001 0.091045 -0.000430 -0.018651 1.416300 7.141718 -22.208381 -0.516295 -0.944088 -22.027377 0.000002 0.000001 -0.000000 0.000003 0.000001 0.000002 0.080778 -0.004869 -0.038063 3.560998 12.204792 -20.325465 -1.014041 -4.023146 -23.602509 -0.000011 -0.000012 -0.000015 0.000001 -0.000002 0.000003 -0.082078 -0.067517 -0.015995 -25.731916 -1.408621 -2.663753 32.278231 1.038711 1.339671 -9.966075 -13.392132 -0.774534 -2.344283 -2.039317 0.770840 0.000000 0.000000 0.000000 0.082078 -0.067517 -0.015995 -24.103097 -4.907613 10.054745 31.659928 -4.288628 -1.388129 -3.982469 3.157754 -11.376835 -6.362066 -0.987017 1.116855 0.000000 0.000001 -0.000000 
-0.086398 0.996791 -0.034408 3.593709 14.673396 -0.811013 -0.000000 0.101815 0.001315 3.472026 0.373376 0.664312 6.938445 0.810720 1.418580 6.938448 0.810722 1.418580 0.000000 0.167404 -0.020490 -6.092614 5.716695 -4.499154 0.000000 0.096178 0.016850 -21.759135 1.369957 4.245305 0.000000 0.220374 0.075011 -0.000000 0.000001 0.000000 -0.045700 0.110149 -0.021608 2.635541 4.350167 5.442948 -3.886333 -26.935271 41.469589 2.905610 56.286626 -2.498965 28.721625 -1.642858 -6.460172 -0.024648 -0.015740 0.026819 -28.844254 -1.890193 14.196948 0.432110 -4.411686 -2.642742 -0.026463 -0.015278 0.015278 -0.000006 0.000013 -0.000007 -0.019946 -0.011516 0.011516 0.000003 -0.000006 0.000005 -0.091083 -0.005179 0.022598 -11.924691 2.031654 21.511365 0.015292 -0.587447 8.836036 0.000001 0.000003 -0.000003 -0.000002 0.000000 0.000001 -0.095325 0.000000 0.000000 -4.650646 1.742449 18.282956 -0.100407 0.448845 9.815921 0.000002 0.000001 -0.000003 0.000002 0.000001 -0.000003 -0.091036 -0.000431 -0.018651 -1.703869 -1.590240 17.790585 -0.096999 -0.232311 14.138516 -0.000006 0.000007 0.000008 -0.000002 0.000001 0.000000 -0.080767 -0.004867 -0.038063 1.046149 -2.253793 25.703680 -0.213988 0.829943 9.447014 -0.000001 0.000003 0.000014 -0.000000 0.000002 0.000003 0.045704 0.110147 -0.021608 0.224738 -5.460207 -6.173326 -23.249711 12.796338 -52.442595 1.663294 -38.432487 1.076716 37.385819 -10.129984 25.469195 0.024661 -0.015762 0.026817 -19.915648 -2.445933 8.860239 9.950074 14.593544 -7.149462 0.026479 -0.015287 0.015288 -0.000009 0.000008 -0.000012 0.019989 -0.011541 0.011541 -0.000001 -0.000006 -0.000002 0.091093 -0.005180 0.022599 -2.222581 -3.747930 -8.677045 0.023022 1.452377 -12.045569 -0.000001 0.000000 -0.000004 -0.000001 -0.000001 -0.000003 0.095334 -0.000000 -0.000000 -0.917266 2.585783 -13.256445 -0.153100 -0.136105 -9.257988 0.000000 -0.000001 0.000002 0.000001 -0.000001 0.000001 0.091045 -0.000430 -0.018651 1.408924 7.121563 -22.430271 -0.516879 -0.942512 -21.991968 0.000001 0.000001 0.000000 0.000004 -0.000001 0.000002 0.080778 -0.004869 -0.038063 3.551720 12.178989 -20.545107 -1.015598 -4.022217 -23.566786 -0.000008 -0.000013 -0.000013 0.000001 -0.000003 -0.000003 -0.082078 -0.067517 -0.015995 -25.539565 -1.442811 -2.479105 32.168555 1.085464 1.337707 -9.991703 -13.616357 -0.959738 -2.329845 -2.016728 0.759904 -0.000000 0.000000 0.000000 0.082078 -0.067517 -0.015995 -23.919855 -5.084274 10.212677 31.489194 -4.663798 -1.409040 -3.834910 3.041126 -11.338764 -6.667823 -0.899886 0.882085 0.000000 -0.000001 -0.000000 
-0.087794 0.996891 -0.034628 3.403543 14.798894 -0.843886 0.000000 0.101815 0.001315 3.610743 0.394038 0.709901 7.215304 0.855773 1.503614 7.215298 0.855774 1.503614 -0.000000 0.167404 -0.020490 -6.192636 4.864011 -4.254176 0.000000 0.096178 0.016850 -21.866063 0.688163 4.254027 -0.000000 0.220374 0.075011 -0.000000 0.000000 -0.000000 -0.045700 0.110149 -0.021608 2.847736 4.060341 5.100916 -4.941452 -25.633546 40.676584 2.919888 56.421427 -2.521240 27.832831 -1.409655 -6.135192 -0.024648 -0.015740 0.026819 -28.979782 -2.163633 13.979124 0.332817 -4.340924 -2.712182 -0.026463 -0.015278 0.015278 -0.000007 0.000010 -0.000011 -0.019946 -0.011516 0.011516 0.000004 -0.000007 0.000003 -0.091083 -0.005179 0.022598 -11.916010 2.003897 21.553254 0.024155 -0.582833 9.031791 -0.000004 0.000003 -0.000002 0.000002 0.000002 0.000001 -0.095325 0.000000 -0.000000 -4.655419 1.730018 18.333128 -0.103156 0.463924 10.013553 0.000003 -0.000001 0.000000 0.000002 -0.000001 -0.000003 -0.091036 -0.000431 -0.018651 -1.707335 -1.588631 17.844301 -0.106267 -0.218973 14.318183 -0.000008 0.000007 0.000009 -0.000001 -0.000000 0.000002 -0.080767 -0.004867 -0.038063 1.030780 -2.246992 25.741532 -0.224831 0.840156 9.632303 0.000000 0.000003 0.000013 0.000002 0.000000 0.000002 0.045704 0.110147 -0.021608 0.285016 -5.581578 -6.096332 -24.127973 11.239248 -52.513438 1.681680 -37.425403 1.068892 36.873384 -10.693461 24.931568 0.024661 -0.015762 0.026817 -20.359090 -2.315962 8.977928 10.035448 14.684164 -7.198357 0.026479 -0.015287 0.015288 -0.000007 0.000009 -0.000006 0.019989 -0.011541 0.011541 -0.000002 0.000003 -0.000000 0.091093 -0.005180 0.022599 -2.233437 -3.739128 -8.957405 0.035805 1.462860 -12.102400 0.000001 0.000001 -0.000003 -0.000002 0.000004 -0.000005 0.095334 0.000000 0.000000 -0.927414 2.574990 -13.533374 -0.153055 -0.137627 -9.319503 0.000000 -0.000002 0.000001 -0.000003 0.000000 0.000001 0.091045 -0.000430 -0.018651 1.401458 7.091956 -22.700170 -0.525889 -0.949537 -22.026156 -0.000002 0.000002 -0.000000 -0.000000 0.000001 -0.000000 0.080778 -0.004869 -0.038063 3.537871 12.135341 -20.808378 -1.029266 -4.030647 -23.599786 -0.000013 -0.000011 -0.000013 -0.000002 0.000001 0.000000 -0.082078 -0.067517 -0.015995 -25.320889 -1.578571 -2.348325 32.095018 1.123336 1.336273 -10.005677 -13.711392 -1.070275 -2.253836 -1.978413 0.754789 0.000000 -0.000000 0.000000 0.082078 -0.067517 -0.015995 -23.733806 -5.162601 10.388870 31.394456 -5.068088 -1.434776 -3.722972 2.853093 -11.248680 -7.055973 -0.786063 0.826971 -0.000000 -0.000000 0.000000 
-0.088796 0.996906 -0.034597 3.182788 14.876562 -0.880168 0.000000 0.101815 0.001315 3.742787 0.417192 0.750460 7.478792 0.904994 1.576480 7.478787 0.905000 1.576479 -0.000000 0.167404 -0.020490 -6.281119 3.957616 -3.955337 0.000000 0.096178 0.016850 -21.952790 0.022686 4.200460 0.000000 0.220374 0.075011 -0.000000 0.000003 0.000000 -0.045700 0.110149 -0.021608 3.061608 3.760451 4.746891 -5.896055 -24.214291 39.959527 2.925913 56.402732 -2.532809 26.977987 -1.145553 -5.766366 -0.024648 -0.015740 0.026819 -29.053835 -2.435674 13.703741 0.228035 -4.272103 -2.774130 -0.026463 -0.015278 0.015278 -0.000008 0.000013 -0.000007 -0.019946 -0.011516 0.011516 0.000001 -0.000006 -0.000000 -0.091083 -0.005179 0.022598 -11.897045 1.944545 21.643070 0.044639 -0.582282 9.361255 -0.000002 0.000004 -0.000003 0.000004 0.000000 0.000002 -0.095325 0.000000 -0.000000 -4.665371 1.703332 18.440635 -0.107669 0.487792 10.346867 0.000002 -0.000001 0.000001 -0.000001 -0.000001 -0.000000 -0.091036 -0.000431 -0.018651 -1.714758 -1.585186 17.959479 -0.125378 -0.194190 14.612674 -0.000004 0.000005 0.000010 0.000002 0.000002 0.000000 -0.080767 -0.004867 -0.038063 0.997801 -2.232579 25.822659 -0.248189 0.862234 9.938736 -0.000001 0.000003 0.000013 0.000001 -0.000000 0.000003 0.045704 0.110147 -0.021608 0.352086 -5.651876 -5.953393 -24.960622 9.731710 -52.687567 1.704672 -36.468627 1.064581 36.324360 -11.303146 24.241786 0.024661 -0.015762 0.026817 -20.701166 -2.196008 9.079610 10.112503 14.772193 -7.247258 0.026479 -0.015287 0.015288 -0.000013 0.000014 -0.000016 0.019989 -0.011541 0.011541 0.000000 -0.000001 0.000003 0.091093 -0.005180 0.022599 -2.254147 -3.705838 -9.313539 0.062137 1.480136 -12.284695 0.000000 0.000001 0.000000 0.000002 0.000001 0.000001 0.095334 0.000000 -0.000000 -0.945181 2.568446 -13.882719 -0.153785 -0.145906 -9.511862 0.000000 -0.000003 0.000001 0.000001 -0.000005 0.000003 0.091045 -0.000430 -0.018651 1.393775 7.049072 -23.035701 -0.547008 -0.968519 -22.160031 -0.000003 0.000001 -0.000001 -0.000003 0.000001 -0.000004 0.080778 -0.004869 -0.038063 3.517277 12.066634 -21.130956 -1.060150 -4.052135 -23.731325 -0.000009 -0.000012 -0.000013 0.000001 -0.000001 0.000002 -0.082078 -0.067517 -0.015995 -25.083089 -1.741129 -2.233012 32.072232 1.157719 1.336402 -10.029806 -13.729572 -1.148954 -2.139926 -1.934955 0.756116 0.000000 -0.000000 0.000000 0.082078 -0.067517 -0.015995 -23.544378 -5.167353 10.586594 31.394466 -5.457887 -1.462259 -3.661043 2.598620 -11.120602 -7.424168 -0.657683 0.769969 -0.000000 -0.000000 0.000000 
-0.089423 0.996799 -0.034293 2.937408 14.869848 -0.931420 -0.000000 0.101816 0.001315 3.867304 0.445259 0.784188 7.727252 0.962811 1.632134 7.727247 0.962808 1.632133 0.000000 0.167404 -0.020490 -6.357843 3.022801 -3.582435 0.000000 0.096179 0.016850 -22.024027 -0.593891 4.091475 -0.000000 0.220374 0.075011 -0.000002 0.000001 -0.000001 -0.045700 0.110149 -0.021608 3.276727 3.464297 4.392514 -6.755203 -22.679756 39.317560 2.923263 56.242974 -2.533557 26.114994 -0.827875 -5.379920 -0.024648 -0.015740 0.026819 -29.033983 -2.702442 13.345046 0.116350 -4.207233 -2.824005 -0.026463 -0.015278 0.015278 -0.000006 0.000010 -0.000009 -0.019946 -0.011516 0.011516 0.000005 -0.000006 -0.000003 -0.091083 -0.005179 0.022598 -11.862789 1.838063 21.804385 0.082451 -0.588095 9.889169 -0.000004 0.000003 -0.000002 -0.000002 0.000001 0.000000 -0.095325 -0.000000 -0.000000 -4.683146 1.655398 18.633714 -0.115025 0.524578 10.881518 0.000001 0.000000 -0.000000 -0.000003 -0.000002 0.000001 -0.091036 -0.000431 -0.018651 -1.728110 -1.578988 18.166283 -0.159277 -0.152412 15.077455 -0.000006 0.000005 0.000009 0.000004 0.000000 -0.000002 -0.080767 -0.004867 -0.038063 0.938533 -2.206802 25.968326 -0.290405 0.902135 10.424983 -0.000005 0.000001 0.000015 -0.000002 -0.000001 -0.000001 0.045704 0.110147 -0.021608 0.430771 -5.644787 -5.707770 -25.751186 8.329015 -52.996985 1.732540 -35.589643 1.064497 35.774021 -11.974738 23.381834 0.024661 -0.015762 0.026817 -20.884244 -2.089750 9.156004 10.175765 14.855095 -7.295410 0.026479 -0.015288 0.015287 -0.000005 0.000011 -0.000012 0.019989 -0.011541 0.011541 -0.000001 -0.000001 0.000007 0.091093 -0.005180 0.022599 -2.289613 -3.635770 -9.779749 0.108867 1.507448 -12.654992 -0.000001 0.000002 -0.000004 -0.000000 0.000000 -0.000004 0.095334 0.000000 0.000000 -0.974390 2.568520 -14.337088 -0.155748 -0.164236 -9.900191 0.000001 -0.000003 0.000003 0.000000 -0.000005 0.000002 0.091045 -0.000430 -0.018651 1.385868 6.986718 -23.466208 -0.586321 -1.005456 -22.443387 -0.000000 -0.000002 -0.000000 0.000002 -0.000001 -0.000004 0.080778 -0.004869 -0.038063 3.486762 11.960842 -21.539201 -1.116960 -4.093073 -24.010601 -0.000014 -0.000013 -0.000013 -0.000000 -0.000001 0.000000 -0.082078 -0.067517 -0.015995 -24.839887 -1.853124 -2.089275 32.114679 1.191646 1.339011 -10.079121 -13.716282 -1.235448 -2.004048 -1.898350 0.767595 0.000000 -0.000000 -0.000000 0.082078 -0.067517 -0.015995 -23.358386 -5.089676 10.825182 31.510600 -5.779126 -1.487429 -3.664621 2.247063 -10.967058 -7.780162 -0.518009 0.716075 0.000000 -0.000002 -0.000000 
-0.089664 0.996553 -0.033735 2.671609 14.792055 -0.991298 0.000000 0.101815 0.001315 3.985820 0.476167 0.811503 7.963756 1.025315 1.672303 7.963764 1.025308 1.672306 0.000000 0.167404 -0.020490 -6.444754 2.077900 -3.157101 -0.000000 0.096179 0.016850 -22.070452 -1.168951 3.950596 -0.000000 0.220374 0.075011 -0.000000 0.000001 0.000001 -0.045700 0.110149 -0.021608 3.491048 3.186397 4.056792 -7.528460 -21.067307 38.721374 2.914541 55.993406 -2.527055 25.214842 -0.462918 -5.008400 -0.024648 -0.015740 0.026819 -28.935437 -2.965128 12.916343 -0.001495 -4.145625 -2.863843 -0.026463 -0.015278 0.015278 -0.000001 0.000013 -0.000001 -0.019946 -0.011516 0.011516 0.000000 -0.000005 -0.000000 -0.091083 -0.005179 0.022598 -11.814696 1.691954 22.026604 0.134920 -0.598196 10.585611 -0.000000 0.000002 -0.000003 -0.000001 0.000001 -0.000001 -0.095325 0.000000 -0.000000 -4.706979 1.589305 18.899314 -0.125119 0.572283 11.587195 0.000001 -0.000001 -0.000001 0.000000 -0.000002 0.000001 -0.091036 -0.000431 -0.018651 -1.746494 -1.570438 18.450851 -0.206291 -0.096894 15.686938 -0.000007 0.000006 0.000008 -0.000002 -0.000001 0.000001 -0.080767 -0.004867 -0.038063 0.856852 -2.171746 26.168878 -0.348975 0.956177 11.063972 -0.000001 0.000003 0.000012 -0.000001 -0.000001 0.000001 0.045704 0.110147 -0.021608 0.517358 -5.580494 -5.386709 -26.492683 7.026240 -53.411045 1.763616 -34.795869 1.067825 35.241478 -12.668636 22.404733 0.024661 -0.015762 0.026817 -20.939861 -1.996059 9.211617 10.227574 14.933886 -7.343053 0.026479 -0.015288 0.015287 -0.000006 0.000011 -0.000017 0.019989 -0.011541 0.011541 -0.000002 0.000001 0.000001 0.091093 -0.005180 0.022599 -2.336633 -3.534200 -10.339711 0.173015 1.542242 -13.184678 -0.000001 -0.000000 -0.000000 -0.000001 -0.000001 -0.000004 0.095334 0.000000 0.000000 -1.013075 2.574462 -14.881111 -0.158941 -0.191069 -10.454611 0.000000 -0.000002 0.000000 -0.000000 0.000000 -0.000001 0.091045 -0.000430 -0.018651 1.377218 6.907747 -23.977755 -0.641448 -1.056931 -22.853506 -0.000001 -0.000001 -0.000002 0.000003 -0.000004 -0.000002 0.080778 -0.004869 -0.038063 3.446913 11.823758 -22.020557 -1.195891 -4.149671 -24.415210 -0.000013 -0.000013 -0.000011 -0.000001 -0.000001 0.000001 -0.082078 -0.067517 -0.015995 -24.597087 -1.916287 -1.930056 32.227752 1.227345 1.344398 -10.164635 -13.675733 -1.329688 -1.857477 -1.865437 0.784219 -0.000000 0.000000 0.000000 0.082078 -0.067517 -0.015995 -23.174938 -4.982328 11.077424 31.741573 -6.040910 -1.511190 -3.734578 1.857722 -10.793405 -8.517011 -0.412976 1.079650 0.000000 -0.000000 0.000000 
-0.089531 0.996130 -0.032921 2.389243 14.634584 -1.062379 0.000000 0.101815 0.001315 4.099131 0.509819 0.831883 8.189904 1.092149 1.695720 8.189899 1.092157 1.695718 0.000000 0.167404 -0.020490 -6.556326 1.144810 -2.684239 0.000000 0.096178 0.016850 -22.087134 -1.695546 3.802242 0.000000 0.220374 0.075011 0.000000 0.000001 0.000000 -0.045700 0.110149 -0.021608 3.703771 2.945807 3.760526 -8.221523 -19.403811 38.148280 2.901138 55.693943 -2.515452 24.230665 -0.038121 -4.697266 -0.024648 -0.015740 0.026819 -28.761828 -3.223850 12.420537 -0.125296 -4.087261 -2.894008 -0.026463 -0.015278 0.015278 -0.000006 0.000013 -0.000003 -0.019946 -0.011516 0.011516 -0.000000 0.000004 0.000001 -0.091083 -0.005179 0.022598 -11.752724 1.507960 22.307524 0.201547 -0.611836 11.444395 -0.000005 0.000002 -0.000006 0.000002 0.000002 -0.000001 -0.095325 0.000000 -0.000000 -4.736337 1.505689 19.234736 -0.138340 0.630373 12.457571 -0.000001 0.000000 -0.000001 0.000000 -0.000001 -0.000000 -0.091036 -0.000431 -0.018651 -1.769774 -1.559652 18.810249 -0.266431 -0.028608 16.435786 -0.000009 0.000004 0.000012 -0.000003 -0.000001 0.000002 -0.080767 -0.004867 -0.038063 0.753473 -2.127989 26.422221 -0.423680 1.023250 11.850180 -0.000004 0.000003 0.000012 0.000000 0.000000 0.000001 0.045704 0.110147 -0.021608 0.611786 -5.461792 -4.992561 -27.189231 5.851821 -53.922475 1.796209 -34.103561 1.073939 34.778155 -13.364681 21.356472 0.024661 -0.015762 0.026817 -20.876963 -1.914453 9.248145 10.268340 15.008719 -7.390283 0.026479 -0.015288 0.015287 -0.000006 0.000014 -0.000016 0.019989 -0.011541 0.011541 -0.000001 0.000004 0.000003 0.091093 -0.005180 0.022599 -2.394177 -3.402077 -10.989877 0.254209 1.583531 -13.867856 0.000001 0.000003 -0.000000 0.000003 0.000002 -0.000001 0.095334 0.000000 -0.000000 -1.060834 2.586305 -15.511462 -0.163529 -0.226080 -11.168926 0.000001 0.000001 -0.000003 -0.000000 0.000003 -0.000002 0.091045 -0.000430 -0.018651 1.367474 6.812822 -24.567294 -0.712174 -1.121942 -23.385743 0.000002 0.000001 0.000000 0.000005 -0.000000 0.000001 0.080778 -0.004869 -0.038063 3.397492 11.656690 -22.572148 -1.296483 -4.220674 -24.940656 -0.000009 -0.000012 -0.000015 0.000004 -0.000002 0.000002 -0.082078 -0.067517 -0.015995 -24.364075 -1.892619 -1.739698 32.423547 1.268071 1.353250 -10.305316 -13.634095 -1.454263 -1.720293 -1.838248 0.802114 0.000000 -0.000000 0.000000 0.082078 -0.067517 -0.015995 -22.993045 -4.887125 11.333227 32.099232 -6.221546 -1.532159 -3.881406 1.463373 -10.612381 -9.297846 -0.333874 1.502333 0.000000 -0.000001 0.000000 
-0.088986 0.995562 -0.031893 2.097619 14.426760 -1.130191 -0.000000 0.101815 0.001315 4.208582 0.542803 0.846332 8.408424 1.157092 1.706435 8.408424 1.157095 1.706435 0.000000 0.167403 -0.020490 -6.722224 0.235302 -2.199947 0.000000 0.096178 0.016850 -22.060671 -2.185550 3.651816 0.000000 0.220374 0.075011 -0.000000 -0.000001 -0.000001 -0.045700 0.110149 -0.021608 3.914049 2.744167 3.508796 -8.845044 -17.724064 37.579311 2.885677 55.390129 -2.502226 23.174665 0.419102 -4.434351 -0.024648 -0.015740 0.026819 -28.515801 -3.479150 11.861895 -0.254842 -4.032107 -2.914864 -0.026463 -0.015278 0.015278 -0.000005 0.000011 -0.000007 -0.019946 -0.011516 0.011516 -0.000000 -0.000003 -0.000000 -0.091083 -0.005179 0.022598 -11.676277 1.288093 22.645190 0.281673 -0.627520 12.459306 -0.000006 0.000001 -0.000005 -0.000006 -0.000001 0.000000 -0.095325 0.000000 -0.000000 -4.770240 1.405090 19.637263 -0.155070 0.698347 13.486270 -0.000001 0.000000 -0.000001 -0.000001 0.000000 -0.000000 -0.091036 -0.000431 -0.018651 -1.797801 -1.546700 19.241652 -0.339870 0.050986 17.318737 -0.000011 0.000005 0.000010 -0.000001 -0.000000 0.000001 -0.080767 -0.004867 -0.038063 0.629050 -2.076375 26.726457 -0.514332 1.101567 12.778019 -0.000004 0.000003 0.000011 0.000001 0.000001 -0.000000 0.045704 0.110147 -0.021608 0.708772 -5.314636 -4.563914 -27.808010 4.758981 -54.491861 1.828477 -33.513751 1.081846 34.328415 -14.027101 20.247336 0.024661 -0.015762 0.026817 -20.705211 -1.845876 9.266229 10.298467 15.079717 -7.437129 0.026479 -0.015288 0.015288 -0.000001 0.000011 -0.000014 0.019989 -0.011541 0.011541 0.000001 -0.000001 0.000001 0.091093 -0.005180 0.022599 -2.460499 -3.240090 -11.726427 0.351823 1.629622 -14.698765 0.000001 0.000001 -0.000000 0.000002 0.000001 -0.000002 0.095334 0.000000 -0.000000 -1.116965 2.604286 -16.224686 -0.169798 -0.268899 -12.037098 0.000001 0.000001 0.000002 -0.000000 0.000002 0.000001 0.091045 -0.000430 -0.018651 1.356021 6.702566 -25.231644 -0.798491 -1.198992 -24.035574 -0.000000 0.000001 -0.000000 0.000001 0.000002 0.000001 0.080778 -0.004869 -0.038063 3.337744 11.461166 -23.191110 -1.418119 -4.304362 -25.582421 -0.000010 -0.000012 -0.000012 -0.000004 -0.000003 0.000000 -0.082078 -0.067517 -0.015995 -24.144056 -1.825008 -1.559149 32.691973 1.312539 1.364966 -10.491056 -13.570530 -1.583114 -1.582046 -1.813370 0.821795 0.000000 -0.000000 -0.000000 0.082078 -0.067517 -0.015995 -22.811799 -4.825980 11.559266 32.555619 -6.361917 -1.553189 -4.089400 1.115455 -10.417791 -10.002862 -0.283114 1.858954 -0.000000 -0.000001 0.000000 
-0.088006 0.994842 -0.030685 1.805794 14.190515 -1.182484 -0.000000 0.101816 0.001315 4.315505 0.571413 0.855046 8.622016 1.213129 1.706599 8.622012 1.213136 1.706600 0.000000 0.167404 -0.020490 -6.983305 -0.633249 -1.737498 0.000000 0.096179 0.016850 -21.972816 -2.646699 3.515405 -0.000000 0.220374 0.075011 0.000000 0.000001 0.000000 -0.045700 0.110149 -0.021608 4.120858 2.595353 3.319607 -9.407917 -16.068462 36.981154 2.870706 55.137235 -2.490897 22.032445 0.890191 -4.237619 -0.024648 -0.015740 0.026819 -28.200371 -3.731617 11.243889 -0.389931 -3.980160 -2.926804 -0.026463 -0.015278 0.015278 -0.000008 0.000015 -0.000009 -0.019946 -0.011516 0.011516 -0.000002 -0.000001 0.000003 -0.091083 -0.005179 0.022598 -11.584939 1.034236 23.037567 0.374816 -0.644058 13.624080 -0.000000 0.000001 -0.000003 0.000003 0.000001 0.000000 -0.095325 0.000000 -0.000000 -4.807926 1.288083 20.104131 -0.175730 0.775645 14.666974 -0.000002 0.000000 -0.000001 0.000001 0.000001 0.000002 -0.091036 -0.000431 -0.018651 -1.830394 -1.531616 19.742136 -0.426859 0.140598 18.330464 -0.000008 0.000005 0.000010 -0.000005 -0.000001 -0.000000 -0.080767 -0.004867 -0.038063 0.484301 -2.017605 27.079576 -0.620874 1.189594 13.841919 -0.000002 0.000002 0.000013 0.000000 -0.000000 -0.000000 0.045704 0.110147 -0.021608 0.803882 -5.162678 -4.134165 -28.324658 3.722877 -55.083314 1.860116 -33.038342 1.091813 33.866219 -14.609032 19.120454 0.024661 -0.015762 0.026817 -20.434058 -1.790763 9.266787 10.318341 15.146986 -7.483596 0.026479 -0.015287 0.015288 -0.000006 0.000016 -0.000006 0.019989 -0.011541 0.011541 0.000003 0.000000 0.000003 0.091093 -0.005180 0.022599 -2.534091 -3.049116 -12.545731 0.465480 1.679063 -15.671570 -0.000003 -0.000001 -0.000000 -0.000001 0.000000 -0.000001 0.095334 0.000000 0.000000 -1.180892 2.628540 -17.017437 -0.178018 -0.319201 -13.052874 -0.000003 0.000003 -0.000000 -0.000006 0.000005 -0.000002 0.091045 -0.000430 -0.018651 1.342381 6.577573 -25.967712 -0.900320 -1.286771 -24.798301 0.000003 -0.000000 0.000000 -0.000000 0.000001 -0.000003 0.080778 -0.004869 -0.038063 3.267188 11.238529 -23.874574 -1.560444 -4.399142 -26.336088 -0.000011 -0.000012 -0.000011 0.000004 -0.000001 -0.000000 -0.082078 -0.067517 -0.015995 -23.946805 -1.744081 -1.421026 33.033735 1.361844 1.379477 -10.724104 -13.469829 -1.699251 -1.444849 -1.781219 0.836382 0.000000 0.000000 0.000000 0.082078 -0.067517 -0.015995 -22.634298 -4.836172 11.721482 33.097878 -6.491807 -1.576734 -4.352214 0.874506 -10.208599 -10.549844 -0.264828 2.064258 -0.000000 0.000000 0.000000 
-0.086555 0.994047 -0.029321 1.512212 13.938296 -1.213110 -0.000000 0.101815 0.001315 4.420971 0.596679 0.860169 8.832785 1.262626 1.700997 8.832787 1.262623 1.700998 -0.000000 0.167404 -0.020490 -7.334759 -1.459306 -1.318249 -0.000000 0.096179 0.016850 -21.830893 -3.085037 3.386838 0.000000 0.220374 0.075011 -0.000001 0.000000 -0.000001 -0.045700 0.110149 -0.021608 4.325091 2.482173 3.174068 -9.915046 -14.448743 36.375699 2.856712 54.945368 -2.482100 20.836832 1.362236 -4.065708 -0.024648 -0.015740 0.026819 -27.817982 -3.982048 10.570946 -0.530366 -3.931413 -2.930180 -0.026463 -0.015278 0.015278 -0.000007 0.000013 -0.000007 -0.019946 -0.011516 0.011516 0.000005 -0.000006 0.000005 -0.091083 -0.005179 0.022598 -11.477995 0.748498 23.482691 0.480166 -0.659774 14.932496 -0.000002 0.000002 -0.000003 0.000000 0.000000 0.000003 -0.095325 -0.000000 0.000000 -4.848336 1.155244 20.632634 -0.200797 0.861674 15.993368 -0.000002 0.000000 -0.000001 -0.000003 -0.000001 -0.000003 -0.091036 -0.000431 -0.018651 -1.867443 -1.514536 20.308854 -0.527573 0.238574 19.465669 -0.000012 0.000005 0.000009 0.000002 0.000000 0.000002 -0.080767 -0.004867 -0.038063 0.319844 -1.952632 27.479632 -0.743050 1.285351 15.036337 -0.000001 0.000003 0.000012 0.000001 0.000001 -0.000002 0.045704 0.110147 -0.021608 0.895264 -5.016977 -3.719614 -28.720399 2.709634 -55.682369 1.893613 -32.661002 1.105197 33.359033 -15.129817 17.930703 0.024661 -0.015762 0.026817 -20.073110 -1.749918 9.250719 10.328370 15.210669 -7.529790 0.026479 -0.015287 0.015287 -0.000009 0.000009 -0.000012 0.019989 -0.011541 0.011541 -0.000001 0.000004 0.000001 0.091093 -0.005180 0.022599 -2.613003 -2.829894 -13.444048 0.594465 1.730019 -16.780445 -0.000001 0.000002 0.000000 0.000001 0.000002 0.000001 0.095334 0.000000 0.000000 -1.251877 2.659300 -17.886368 -0.188524 -0.376549 -14.210195 -0.000002 -0.000002 0.000001 -0.000001 -0.000003 0.000001 0.091045 -0.000430 -0.018651 1.325845 6.438535 -26.772359 -1.017666 -1.383658 -25.669487 0.000002 0.000000 -0.000001 -0.000001 0.000003 -0.000002 0.080778 -0.004869 -0.038063 3.184930 10.990373 -24.619644 -1.722804 -4.503045 -27.197291 -0.000015 -0.000010 -0.000012 0.000001 -0.000002 0.000002 -0.082078 -0.067517 -0.015995 -23.759281 -1.649978 -1.335597 33.424965 1.415017 1.395844 -10.983485 -13.342062 -1.796337 -1.291079 -1.762407 0.864037 0.000000 0.000000 0.000000 0.082078 -0.067517 -0.015995 -22.445892 -4.912297 11.807457 33.691407 -6.620984 -1.602659 -4.652654 0.746276 -9.981298 -10.965455 -0.276908 2.148554 -0.000000 -0.000000 0.000000 
-0.084584 0.993229 -0.027840 1.220272 13.694760 -1.209349 0.000000 0.101816 0.001315 4.526772 0.616749 0.863644 9.044271 1.302265 1.695162 9.044262 1.302256 1.695164 0.000000 0.167404 -0.020490 -7.801854 -2.231153 -0.976351 0.000000 0.096178 0.016850 -21.629293 -3.509006 3.267688 -0.000000 0.220374 0.075011 0.000000 -0.000001 -0.000001 -0.045700 0.110149 -0.021608 4.526255 2.400659 3.069745 -10.378169 -12.895363 35.755569 2.845725 54.850937 -2.478470 19.605778 1.813695 -3.880865 -0.024648 -0.015740 0.026819 -27.371210 -4.231430 9.846996 -0.675888 -3.885845 -2.925412 -0.026463 -0.015278 0.015278 -0.000003 0.000011 -0.000003 -0.019946 -0.011516 0.011516 -0.000001 -0.000003 -0.000000 -0.091083 -0.005179 0.022598 -11.354777 0.432919 23.978649 0.597105 -0.673210 16.378372 -0.000005 0.000002 -0.000004 -0.000002 0.000001 0.000001 -0.095325 0.000000 -0.000000 -4.890506 1.007131 21.220047 -0.230841 0.955735 17.459114 -0.000001 0.000000 -0.000001 -0.000002 0.000001 -0.000001 -0.091036 -0.000431 -0.018651 -1.908807 -1.495539 20.938920 -0.642339 0.343395 20.719141 -0.000011 0.000005 0.000011 -0.000003 -0.000001 0.000001 -0.080767 -0.004867 -0.038063 0.136351 -1.882297 27.924696 -0.880802 1.387017 16.355791 0.000001 0.000003 0.000012 -0.000000 0.000000 -0.000001 0.045704 0.110147 -0.021608 0.979363 -4.899012 -3.351824 -28.961467 1.668389 -56.257051 1.930128 -32.373594 1.122637 32.752905 -15.578642 16.656343 0.024661 -0.015762 0.026817 -19.632134 -1.724132 9.218535 10.328970 15.270879 -7.575715 0.026479 -0.015288 0.015288 -0.000009 0.000009 -0.000014 0.019989 -0.011541 0.011541 -0.000001 -0.000004 -0.000000 0.091093 -0.005180 0.022599 -2.695435 -2.583221 -14.417677 0.738286 1.780740 -18.019612 -0.000003 0.000001 -0.000000 -0.000004 0.000000 -0.000002 0.095334 0.000000 0.000000 -1.329221 2.696833 -18.828041 -0.201660 -0.440579 -15.502935 0.000000 -0.000001 0.000000 -0.000002 0.000000 -0.000001 0.091045 -0.000430 -0.018651 1.305791 6.286031 -27.642450 -1.150533 -1.488069 -26.644549 0.000002 0.000000 0.000000 -0.000001 0.000001 -0.000000 0.080778 -0.004869 -0.038063 3.090274 10.718151 -25.423480 -1.904840 -4.614231 -28.161568 -0.000014 -0.000012 -0.000013 -0.000001 -0.000001 0.000000 -0.082078 -0.067517 -0.015995 -23.577371 -1.567677 -1.333484 33.850520 1.471719 1.413356 -11.254537 -13.180297 -1.855845 -1.106308 -1.767324 0.915835 -0.000000 0.000000 -0.000000 0.082078 -0.067517 -0.015995 -22.239622 -5.073778 11.786319 34.305380 -6.775934 -1.632542 -4.974373 0.770163 -9.730591 -11.229223 -0.328761 2.098930 0.000000 -0.000001 0.000000 
-0.082015 0.992440 -0.026247 0.923902 13.444097 -1.176631 0.000000 0.101816 0.001315 4.632111 0.636951 0.866042 9.254824 1.342525 1.688934 9.254814 1.342525 1.688934 0.000000 0.167404 -0.020490 -8.343050 -2.957536 -0.705215 0.000000 0.096178 0.016850 -21.388778 -3.918772 3.150130 -0.000000 0.220374 0.075011 -0.000001 0.000001 -0.000001 -0.045700 0.110149 -0.021608 4.725839 2.324346 2.976024 -10.788615 -11.392024 35.176861 2.835442 54.829320 -2.477272 18.369159 2.247095 -3.692851 -0.024648 -0.015740 0.026819 -26.862376 -4.480610 9.076649 -0.826307 -3.843505 -2.912859 -0.026463 -0.015278 0.015278 -0.000002 0.000011 -0.000004 -0.019946 -0.011516 0.011516 -0.000000 -0.000001 -0.000000 -0.091083 -0.005179 0.022598 -11.214523 0.089757 24.523582 0.724671 -0.682640 17.955428 -0.000008 0.000001 -0.000004 -0.000002 0.000000 -0.000000 -0.095325 0.000000 0.000000 -4.933361 0.844403 21.863646 -0.266324 1.057245 19.057917 0.000001 0.000000 -0.000001 0.000001 0.000000 -0.000002 -0.091036 -0.000431 -0.018651 -1.954347 -1.474676 21.629443 -0.771278 0.453222 22.085548 -0.000009 0.000005 0.000010 -0.000001 0.000001 -0.000001 -0.080767 -0.004867 -0.038063 -0.065525 -1.807548 28.412778 -1.033768 1.492462 17.794699 -0.000003 0.000003 0.000013 -0.000002 0.000001 -0.000001 0.045704 0.110147 -0.021608 1.057804 -4.801922 -3.018122 -29.065085 0.620112 -56.826197 1.969490 -32.163521 1.143806 32.085111 -15.991940 15.270556 0.024661 -0.015762 0.026817 -19.120660 -1.713696 9.171522 10.320522 15.327730 -7.621506 0.026479 -0.015287 0.015287 -0.000007 0.000011 -0.000014 0.019989 -0.011541 0.011541 -0.000001 -0.000001 0.000001 0.091093 -0.005180 0.022599 -2.779282 -2.309885 -15.462908 0.896029 1.829243 -19.383170 0.000002 0.000001 0.000001 0.000002 0.000001 0.000001 0.095334 0.000000 0.000000 -1.412078 2.741379 -19.839111 -0.217838 -0.510854 -16.924925 0.000000 -0.000003 0.000001 0.000002 -0.000002 0.000002 0.091045 -0.000430 -0.018651 1.281520 6.120801 -28.574878 -1.298894 -1.598217 -27.718916 0.000000 0.000001 -0.000000 0.000003 -0.000001 -0.000000 0.080778 -0.004869 -0.038063 2.982308 10.423554 -26.283212 -2.105822 -4.730673 -29.224505 -0.000008 -0.000012 -0.000013 0.000001 0.000002 -0.000000 -0.082078 -0.067517 -0.015995 -23.385876 -1.450787 -1.393077 34.291149 1.532014 1.431517 -11.526454 -13.021149 -1.893000 -0.883013 -1.816120 1.007039 -0.000000 -0.000000 0.000000 0.082078 -0.067517 -0.015995 -22.011555 -5.285443 11.670534 34.938723 -6.926959 -1.662766 -5.308944 0.899842 -9.465237 -11.198693 -0.393471 1.965034 -0.000000 -0.000000 -0.000000 
-0.078734 0.991757 -0.024565 0.618196 13.188047 -1.115487 -0.000000 0.101815 0.001315 4.737426 0.661120 0.869942 9.465255 1.391269 1.687055 9.465247 1.391266 1.687054 -0.000000 0.167404 -0.020490 -8.934366 -3.638732 -0.513719 0.000000 0.096179 0.016850 -21.126796 -4.320603 3.029677 0.000000 0.220374 0.075011 0.000000 -0.000000 -0.000000 -0.045700 0.110149 -0.021608 4.923776 2.227736 2.866158 -11.150560 -9.937719 34.680579 2.824602 54.871178 -2.477073 17.160386 2.657619 -3.491404 -0.024648 -0.015740 0.026819 -26.293638 -4.730785 8.264121 -0.981402 -3.804305 -2.892874 -0.026463 -0.015278 0.015278 -0.000003 0.000013 -0.000001 -0.019946 -0.011516 0.011516 0.000000 -0.000003 0.000001 -0.091083 -0.005179 0.022598 -11.056431 -0.278851 25.115587 0.862046 -0.686375 19.657442 -0.000000 0.000002 -0.000005 -0.000002 0.000000 -0.000001 -0.095325 0.000000 -0.000000 -4.975847 0.667598 22.560757 -0.307784 1.165415 20.783398 0.000001 -0.000000 -0.000000 -0.000003 0.000001 0.000000 -0.091036 -0.000431 -0.018651 -2.003957 -1.452075 22.377583 -0.914658 0.566314 23.559682 -0.000007 0.000007 0.000010 0.000000 0.000000 -0.000001 -0.080767 -0.004867 -0.038063 -0.285130 -1.729302 28.941964 -1.201758 1.599645 19.347523 -0.000004 0.000003 0.000012 0.000001 0.000000 0.000000 0.045704 0.110147 -0.021608 1.130182 -4.732344 -2.726050 -29.034625 -0.442490 -57.389551 2.012272 -32.008401 1.168607 31.368702 -16.405746 13.718425 0.024661 -0.015762 0.026817 -18.548620 -1.719437 9.109989 10.303447 15.381340 -7.667187 0.026479 -0.015287 0.015288 -0.000008 0.000006 -0.000011 0.019989 -0.011541 0.011541 0.000001 0.000005 0.000005 0.091093 -0.005180 0.022599 -2.862522 -2.010784 -16.576036 1.067007 1.873643 -20.865316 0.000002 -0.000000 0.000000 0.000003 -0.000000 0.000000 0.095334 -0.000000 -0.000000 -1.499706 2.793201 -20.916191 -0.237402 -0.586945 -18.470032 0.000000 0.000000 0.000000 -0.000001 0.000002 0.000003 0.091045 -0.000430 -0.018651 1.252356 5.943466 -29.566485 -1.462718 -1.712355 -28.888046 0.000000 -0.000001 0.000001 0.000000 -0.000002 0.000001 0.080778 -0.004869 -0.038063 2.860236 10.108148 -27.195996 -2.325270 -4.850258 -30.381665 -0.000008 -0.000012 -0.000013 0.000000 -0.000002 0.000001 -0.082078 -0.067517 -0.015995 -23.166270 -1.268643 -1.508399 34.720604 1.593906 1.449382 -11.780043 -12.895034 -1.910279 -0.603267 -1.940088 1.164302 -0.000000 -0.000000 0.000000 0.082078 -0.067517 -0.015995 -21.741313 -5.538849 11.451796 35.558487 -7.061561 -1.692262 -5.653481 1.127932 -9.168208 -11.123548 -0.470172 1.789874 -0.000000 -0.000001 0.000000 
-0.074847 0.991149 -0.022773 0.303425 12.898720 -1.028439 -0.000000 0.101815 0.001315 4.840566 0.691800 0.870666 9.671240 1.453091 1.679756 9.671243 1.453085 1.679758 0.000000 0.167403 -0.020490 -9.545260 -4.281713 -0.380159 0.000000 0.096179 0.016850 -20.848732 -4.704462 2.895314 -0.000000 0.220374 0.075011 -0.000001 -0.000000 -0.000000 -0.045700 0.110149 -0.021609 5.120877 2.102463 2.728905 -11.451633 -8.511962 34.305247 2.811952 54.966583 -2.476455 15.986843 3.045822 -3.299530 -0.024648 -0.015740 0.026819 -25.667347 -4.982811 7.414164 -1.140928 -3.768268 -2.865870 -0.026463 -0.015278 0.015278 -0.000001 0.000010 -0.000009 -0.019946 -0.011516 0.011516 -0.000002 -0.000003 0.000001 -0.091083 -0.005179 0.022598 -10.879773 -0.670526 25.752912 1.007969 -0.682912 21.478145 -0.000002 0.000001 -0.000005 -0.000002 0.000000 0.000001 -0.095325 0.000000 -0.000000 -5.016832 0.477448 23.308605 -0.355755 1.279533 22.629289 -0.000001 0.000000 -0.000000 -0.000004 0.000000 -0.000001 -0.091036 -0.000431 -0.018651 -2.057500 -1.427737 23.180448 -1.072434 0.680732 25.136177 -0.000006 0.000005 0.000010 -0.000002 0.000001 0.000000 -0.080767 -0.004867 -0.038063 -0.521754 -1.648520 29.510266 -1.384230 1.706433 21.008719 -0.000003 0.000002 0.000013 -0.000001 0.000001 0.000000 0.045704 0.110147 -0.021608 1.199941 -4.671170 -2.447517 -28.877070 -1.486404 -57.972105 2.055601 -31.929973 1.195963 30.620520 -16.800628 12.054651 0.024661 -0.015762 0.026817 -17.925290 -1.740914 9.035684 10.278146 15.431856 -7.712824 0.026479 -0.015288 0.015287 -0.000006 0.000009 -0.000013 0.019989 -0.011541 0.011541 -0.000002 0.000004 0.000001 0.091093 -0.005180 0.022599 -2.943010 -1.686896 -17.753427 1.250020 1.912010 -22.460196 0.000000 0.000001 0.000000 0.000001 -0.000001 0.000002 0.095334 0.000000 0.000000 -1.591187 2.852491 -22.055869 -0.260792 -0.668337 -20.132167 -0.000003 -0.000001 -0.000000 -0.000004 -0.000001 -0.000001 0.091045 -0.000430 -0.018651 1.217555 5.754813 -30.614178 -1.641752 -1.828654 -30.147376 0.000002 -0.000001 -0.000001 0.000004 0.000001 -0.000000 0.080778 -0.004869 -0.038063 2.723188 9.773688 -28.159038 -2.562332 -4.971000 -31.628581 -0.000011 -0.000013 -0.000014 -0.000003 -0.000001 -0.000001 -0.082078 -0.067517 -0.015995 -22.924789 -1.001092 -1.657855 35.144991 1.655659 1.467177 -12.029403 -12.810834 -1.935863 -0.282130 -2.113731 1.367371 0.000000 -0.000000 -0.000000 0.082078 -0.067517 -0.015995 -21.437158 -5.768155 11.162078 36.168717 -7.145276 -1.718220 -6.012971 1.378430 -8.844053 -11.030947 -0.549459 1.599380 -0.000000 -0.000001 0.000000 
-0.070404 0.990638 -0.020859 -0.024100 12.549991 -0.920677 0.000000 0.101815 0.001315 4.939598 0.734510 0.866076 9.868950 1.538608 1.661870 9.868947 1.538610 1.661871 -0.000000 0.167404 -0.020490 -10.130731 -4.895125 -0.287400 -0.000000 0.096179 0.016850 -20.569337 -5.065668 2.734135 0.000000 0.220374 0.075011 -0.000002 -0.000000 -0.000000 -0.045700 0.110149 -0.021608 5.317199 1.926261 2.539008 -11.687208 -7.094774 34.107475 2.795116 55.093218 -2.472632 14.874904 3.414884 -3.143023 -0.024648 -0.015740 0.026819 -24.985411 -5.237906 6.531225 -1.304642 -3.735394 -2.832249 -0.026463 -0.015278 0.015278 -0.000009 0.000011 -0.000006 -0.019946 -0.011516 0.011516 -0.000005 -0.000005 0.000001 -0.091083 -0.005179 0.022598 -10.683709 -1.082993 26.433657 1.161436 -0.670438 23.411249 -0.000004 0.000001 -0.000005 0.000002 0.000002 -0.000001 -0.095325 0.000000 -0.000000 -5.055221 0.274610 24.104506 -0.410707 1.398778 24.589292 -0.000001 0.000000 -0.000001 0.000001 -0.000001 -0.000001 -0.091036 -0.000431 -0.018651 -2.114868 -1.401830 24.035106 -1.244726 0.794650 26.809830 -0.000005 0.000005 0.000010 0.000002 0.000000 0.000000 -0.080767 -0.004867 -0.038063 -0.774757 -1.566206 30.115714 -1.580744 1.810686 22.772699 -0.000003 0.000003 0.000013 -0.000000 -0.000001 0.000001 0.045704 0.110147 -0.021608 1.269199 -4.606051 -2.162942 -28.612583 -2.476206 -58.601869 2.098796 -31.927590 1.225482 29.873653 -17.185502 10.278564 0.024661 -0.015762 0.026817 -17.260648 -1.778604 8.949062 10.245039 15.479360 -7.758516 0.026479 -0.015288 0.015288 -0.000007 0.000014 -0.000013 0.019989 -0.011541 0.011541 -0.000000 0.000000 0.000003 0.091093 -0.005180 0.022599 -3.018626 -1.339147 -18.991413 1.444082 1.942353 -24.161902 0.000004 0.000001 -0.000001 0.000005 -0.000001 -0.000001 0.095334 0.000000 0.000000 -1.685706 2.919501 -23.254803 -0.288377 -0.754524 -21.905165 -0.000001 -0.000002 0.000000 -0.000000 -0.000003 -0.000000 0.091045 -0.000430 -0.018651 1.176443 5.555529 -31.714819 -1.835953 -1.945229 -31.492384 0.000001 0.000000 0.000001 0.000003 -0.000000 0.000001 0.080778 -0.004869 -0.038063 2.570332 9.421842 -29.169501 -2.816317 -5.090706 -32.960802 -0.000007 -0.000012 -0.000012 -0.000001 0.000001 -0.000001 -0.082078 -0.067517 -0.015995 -22.653622 -0.605821 -1.811383 35.552600 1.712866 1.484378 -12.273562 -12.799533 -1.995893 0.081784 -2.336005 1.616471 -0.000000 0.000000 0.000000 0.082078 -0.067517 -0.015995 -21.091114 -5.920422 10.828811 36.756677 -7.145036 -1.737434 -6.383651 1.591402 -8.500102 -10.966541 -0.613055 1.435913 -0.000000 -0.000000 0.000000 
-0.065550 0.990141 -0.018819 -0.356443 12.138669 -0.787340 0.000000 0.101816 0.001315 5.034284 0.783921 0.850838 10.058054 1.636865 1.624128 10.058049 1.636866 1.624128 0.000000 0.167404 -0.020490 -10.704821 -5.475269 -0.224242 0.000000 0.096178 0.016850 -20.279568 -5.395241 2.545212 -0.000000 0.220374 0.075011 -0.000002 -0.000000 0.000000 -0.045700 0.110149 -0.021608 5.511578 1.713879 2.313331 -11.853724 -5.679230 34.074881 2.776137 55.279245 -2.467898 13.801493 3.755152 -3.003737 -0.024648 -0.015740 0.026819 -24.250264 -5.496849 5.620073 -1.472318 -3.705639 -2.792337 -0.026463 -0.015278 0.015278 -0.000010 0.000011 -0.000010 -0.019946 -0.011516 0.011516 0.000004 0.000003 -0.000004 -0.091083 -0.005179 0.022598 -10.467603 -1.513864 27.156129 1.320868 -0.647670 25.450504 -0.000002 0.000002 -0.000005 0.000003 0.000000 0.000000 -0.095325 0.000000 -0.000000 -5.089982 0.059835 24.945821 -0.473099 1.522322 26.657110 0.000001 -0.000000 0.000000 -0.000000 0.000000 -0.000000 -0.091036 -0.000431 -0.018651 -2.175946 -1.374417 24.938769 -1.431245 0.906047 28.575285 -0.000008 0.000005 0.000009 0.000002 -0.000000 -0.000000 -0.080767 -0.004867 -0.038063 -1.043371 -1.483285 30.756355 -1.790463 1.910326 24.633902 -0.000001 0.000003 0.000012 -0.000001 -0.000000 -0.000000 0.045704 0.110147 -0.021608 1.339484 -4.522979 -1.856121 -28.208633 -3.420879 -59.268591 2.140880 -32.045864 1.257916 29.095878 -17.519661 8.502126 0.024661 -0.015762 0.026817 -16.563590 -1.831189 8.852230 10.204492 15.524009 -7.804289 0.026479 -0.015287 0.015288 -0.000007 0.000013 -0.000012 0.019989 -0.011541 0.011541 -0.000003 -0.000003 -0.000000 0.091093 -0.005180 0.022599 -3.087268 -0.968804 -20.286509 1.647748 1.963008 -25.964544 0.000003 -0.000000 0.000000 0.000003 -0.000001 -0.000001 0.095334 -0.000000 0.000000 -1.782314 2.994342 -24.509582 -0.320508 -0.845037 -23.782948 0.000001 -0.000001 0.000000 -0.000003 -0.000001 -0.000001 0.091045 -0.000430 -0.018651 1.128330 5.346428 -32.865354 -2.044829 -2.060236 -32.918397 -0.000003 0.000002 0.000002 -0.000000 0.000001 0.000003 0.080778 -0.004869 -0.038063 2.400963 9.054387 -30.224670 -3.086234 -5.207440 -34.373808 -0.000009 -0.000013 -0.000012 0.000004 0.000000 -0.000000 -0.082078 -0.067517 -0.015995 -22.376139 -0.121059 -1.980949 35.969620 1.764056 1.501751 -12.535380 -12.825550 -2.103514 0.457224 -2.565234 1.876387 0.000000 0.000000 0.000000 0.082078 -0.067517 -0.015995 -20.726643 -5.954840 10.468131 37.335248 -7.055021 -1.749891 -6.771562 1.720663 -8.140084 -10.923895 -0.672650 1.301454 0.000000 0.000000 0.000000 
-0.060410 0.989596 -0.016637 -0.688418 11.639237 -0.623443 -0.000000 0.101815 0.001315 5.123018 0.839001 0.817674 10.235445 1.745198 1.552855 10.235437 1.745194 1.552855 -0.000000 0.167404 -0.020490 -11.256025 -6.023141 -0.172001 0.000000 0.096178 0.016850 -19.973976 -5.679148 2.317252 0.000000 0.220374 0.075011 -0.000000 0.000000 -0.000000 -0.045700 0.110149 -0.021608 5.703478 1.469501 2.054782 -11.943299 -4.247873 34.227581 2.755507 55.536897 -2.462865 12.757083 4.057306 -2.881133 -0.024648 -0.015740 0.026819 -23.463605 -5.760776 4.685316 -1.643736 -3.678995 -2.746532 -0.026463 -0.015278 0.015278 -0.000007 0.000003 -0.000004 -0.019946 -0.011516 0.011516 -0.000001 -0.000001 -0.000000 -0.091083 -0.005179 0.022598 -10.230632 -1.960758 27.918470 1.484943 -0.612914 27.589620 -0.000003 0.000001 -0.000004 -0.000001 0.000001 -0.000000 -0.095325 0.000000 -0.000000 -5.119971 -0.166170 25.829851 -0.543338 1.649264 28.826417 0.000000 0.000002 0.000000 -0.000001 0.000001 -0.000000 -0.091036 -0.000431 -0.018651 -2.240626 -1.345579 25.888524 -1.631892 1.013003 30.427280 -0.000007 0.000006 0.000010 0.000002 0.000000 -0.000000 -0.080767 -0.004867 -0.038063 -1.326907 -1.400694 31.430195 -2.012712 2.003186 26.586672 0.000002 0.000004 0.000013 -0.000001 0.000001 -0.000000 0.045704 0.110147 -0.021608 1.412887 -4.400244 -1.499832 -27.641198 -4.310347 -59.982817 2.180759 -32.325810 1.293847 28.250972 -17.770033 6.797911 0.024661 -0.015762 0.026817 -15.843966 -1.898579 8.746020 10.156985 15.565866 -7.850251 0.026479 -0.015287 0.015288 -0.000008 0.000018 -0.000010 0.019989 -0.011541 0.011541 -0.000000 0.000003 0.000005 0.091093 -0.005180 0.022599 -3.146826 -0.576905 -21.635046 1.859724 1.972004 -27.862208 0.000000 0.000001 -0.000001 0.000003 0.000003 0.000001 0.095334 0.000000 -0.000000 -1.880123 3.077218 -25.816875 -0.357593 -0.939272 -25.759386 -0.000000 -0.000000 0.000000 -0.000002 -0.000002 0.000000 0.091045 -0.000430 -0.018651 1.072547 5.128270 -34.062690 -2.268083 -2.171757 -34.420902 0.000002 -0.000002 0.000000 0.000000 -0.000002 -0.000002 0.080778 -0.004869 -0.038063 2.214252 8.673118 -31.321827 -3.371092 -5.319078 -35.863090 -0.000009 -0.000011 -0.000013 -0.000001 -0.000002 -0.000001 -0.082078 -0.067517 -0.015995 -22.109681 0.445660 -2.165516 36.413029 1.809061 1.519920 -12.835233 -12.873097 -2.282697 0.788190 -2.760631 2.163925 -0.000000 0.000000 0.000000 0.082078 -0.067517 -0.015995 -20.356836 -5.797996 10.107942 37.910132 -6.851406 -1.753940 -7.180794 1.691634 -7.770547 -10.918770 -0.731383 1.216582 0.000000 -0.000000 0.000000 
-0.055093 0.988953 -0.014341 -1.015196 11.092718 -0.435574 -0.000000 0.101815 0.001315 5.208351 0.892187 0.770595 10.406282 1.848699 1.456683 10.406282 1.848705 1.456681 0.000000 0.167404 -0.020490 -11.813125 -6.536502 -0.136076 0.000000 0.096178 0.016850 -19.656289 -5.928807 2.067830 -0.000000 0.220374 0.075011 -0.000000 0.000000 0.000000 -0.045700 0.110149 -0.021608 5.891468 1.202960 1.779145 -11.967878 -2.814046 34.526415 2.735541 55.891797 -2.459961 11.727743 4.321760 -2.749842 -0.024648 -0.015740 0.026819 -22.628007 -6.030248 3.731658 -1.818649 -3.655428 -2.695234 -0.026462 -0.015278 0.015278 -0.000006 0.000010 -0.000009 -0.019946 -0.011516 0.011516 0.000003 -0.000005 -0.000000 -0.091083 -0.005179 0.022598 -9.972382 -2.421176 28.719040 1.651871 -0.565211 29.822225 -0.000001 0.000002 -0.000004 0.000003 0.000000 -0.000000 -0.095325 0.000000 -0.000000 -5.144264 -0.402494 26.753923 -0.621769 1.778720 31.090943 -0.000001 0.000000 -0.000000 -0.000001 -0.000000 -0.000000 -0.091036 -0.000431 -0.018651 -2.308815 -1.315412 26.881458 -1.846056 1.113596 32.360483 -0.000007 0.000004 0.000009 0.000002 0.000001 0.000000 -0.080767 -0.004867 -0.038063 -1.624590 -1.319383 32.135282 -2.246311 2.087429 28.625405 0.000001 0.000002 0.000012 0.000002 -0.000002 0.000000 0.045704 0.110147 -0.021608 1.487910 -4.248425 -1.109036 -26.904513 -5.168831 -60.709112 2.217465 -32.776241 1.332944 27.386719 -17.951843 5.295483 0.024661 -0.015762 0.026817 -15.110241 -1.978319 8.633030 10.102874 15.605128 -7.896447 0.026479 -0.015287 0.015288 -0.000009 0.000009 -0.000015 0.019989 -0.011541 0.011541 -0.000000 0.000006 -0.000002 0.091093 -0.005180 0.022599 -3.195312 -0.164920 -23.033621 2.078213 1.967979 -29.848893 0.000001 -0.000002 -0.000000 0.000002 -0.000001 0.000001 0.095334 0.000000 -0.000000 -1.978240 3.168166 -27.173237 -0.399913 -1.036635 -27.828354 0.000001 0.000001 0.000000 -0.000000 0.000001 0.000000 0.091045 -0.000430 -0.018651 1.008526 4.901918 -35.303721 -2.505095 -2.278013 -35.995251 -0.000003 0.000001 0.000001 -0.000001 0.000003 -0.000001 0.080778 -0.004869 -0.038063 2.009679 8.279947 -32.458183 -3.669700 -5.423835 -37.424078 -0.000013 -0.000012 -0.000014 -0.000002 -0.000001 -0.000001 -0.082078 -0.067517 -0.015995 -21.863979 1.047906 -2.374369 36.896842 1.844890 1.539119 -13.175760 -12.917261 -2.519483 1.014410 -2.930296 2.536483 -0.000000 -0.000000 -0.000000 0.082078 -0.067517 -0.015995 -19.995591 -5.495425 9.746323 38.488311 -6.559877 -1.751853 -7.612294 1.531997 -7.399089 -10.939228 -0.796450 1.174454 0.000000 0.000000 0.000000 
-0.049757 0.988123 -0.011935 -1.328965 10.513239 -0.216126 0.000000 0.101816 0.001315 5.291383 0.935646 0.706194 10.572878 1.931662 1.331153 10.572879 1.931664 1.331152 0.000000 0.167404 -0.020490 -12.400984 -7.010128 -0.116020 0.000000 0.096179 0.016850 -19.321478 -6.143590 1.805648 0.000000 0.220374 0.075011 -0.000002 0.000000 -0.000000 -0.045700 0.110149 -0.021608 6.074559 0.927970 1.503422 -11.927248 -1.375645 34.950648 2.718993 56.379797 -2.462232 10.690982 4.533779 -2.583647 -0.024648 -0.015740 0.026819 -21.745137 -6.306152 2.763869 -1.996794 -3.634943 -2.638838 -0.026463 -0.015278 0.015278 -0.000006 0.000010 -0.000009 -0.019946 -0.011516 0.011516 0.000003 -0.000000 0.000003 -0.091083 -0.005179 0.022598 -9.692164 -2.892716 29.555950 1.820022 -0.503113 32.142027 -0.000002 0.000005 -0.000004 -0.000000 0.000002 0.000001 -0.095325 0.000000 -0.000000 -5.161780 -0.648365 27.715383 -0.708659 1.909742 33.444349 0.000001 0.000001 -0.000000 0.000002 0.000001 -0.000001 -0.091036 -0.000431 -0.018651 -2.380392 -1.284012 27.914703 -2.073330 1.205863 34.369549 -0.000006 0.000003 0.000010 0.000001 0.000000 0.000000 -0.080767 -0.004867 -0.038063 -1.935644 -1.240285 32.869623 -2.490189 2.160952 30.744386 -0.000002 -0.000001 0.000012 -0.000001 -0.000001 -0.000001 0.045704 0.110147 -0.021608 1.563941 -4.062708 -0.680666 -25.962063 -6.018332 -61.417689 2.250551 -33.434251 1.375953 26.504020 -18.067590 4.130986 0.024661 -0.015762 0.026817 -14.371804 -2.069687 8.514468 10.042577 15.641833 -7.942956 0.026479 -0.015287 0.015287 -0.000007 0.000014 -0.000018 0.019989 -0.011541 0.011541 -0.000002 -0.000004 -0.000002 0.091093 -0.005180 0.022599 -3.230686 0.265848 -24.478754 2.301608 1.949256 -31.918652 -0.000003 -0.000001 -0.000000 0.000000 -0.000000 0.000001 0.095334 0.000000 0.000000 -2.075677 3.267229 -28.575348 -0.447744 -1.136549 -29.983759 0.000000 -0.000000 -0.000001 -0.000002 0.000002 0.000000 0.091045 -0.000430 -0.018651 0.935633 4.668215 -36.585417 -2.755296 -2.377093 -37.636832 0.000000 0.000003 0.000002 -0.000001 0.000004 0.000004 0.080778 -0.004869 -0.038063 1.786556 7.876628 -33.631131 -3.980860 -5.519714 -39.052139 -0.000016 -0.000013 -0.000014 -0.000003 -0.000002 -0.000002 -0.082078 -0.067517 -0.015995 -21.680602 1.618513 -2.592703 37.468912 1.621775 1.551759 -13.634441 -12.903949 -2.992930 1.249962 -3.043079 2.727118 0.000000 -0.000000 -0.000000 0.082078 -0.067517 -0.015995 -19.663413 -5.031512 9.392100 39.081403 -6.190724 -1.744844 -8.070710 1.219776 -7.032668 -10.980887 -0.879056 1.177237 0.000000 -0.000000 0.000000 
-0.044429 0.987124 -0.009473 -1.635805 9.956663 0.001589 0.000000 0.101815 0.001315 5.375028 0.969085 0.639446 10.740917 1.994249 1.202616 10.740932 1.994258 1.202617 -0.000000 0.167404 -0.020490 -13.021052 -7.454519 -0.113933 0.000000 0.096178 0.016850 -18.988515 -6.344194 1.546261 -0.000000 0.220374 0.075011 -0.000001 0.000000 0.000000 -0.045700 0.110149 -0.021608 6.251946 0.637622 1.225628 -11.839989 0.034564 35.464473 2.701934 56.985976 -2.465474 9.661971 4.722935 -2.384502 -0.024648 -0.015740 0.026819 -20.817677 -6.588835 1.786339 -2.177938 -3.617416 -2.577667 -0.026463 -0.015278 0.015278 -0.000005 0.000006 -0.000005 -0.019946 -0.011516 0.011516 -0.000003 -0.000006 0.000005 -0.091083 -0.005179 0.022598 -9.389707 -3.372862 30.427485 1.987402 -0.426107 34.542708 0.000000 0.000001 -0.000006 -0.000002 -0.000002 -0.000001 -0.095325 0.000000 0.000000 -5.171687 -0.902804 28.711602 -0.804247 2.041353 35.880343 -0.000001 0.000001 0.000001 -0.000000 0.000001 0.000000 -0.091036 -0.000431 -0.018651 -2.455252 -1.251476 28.985414 -2.312797 1.288071 36.449038 -0.000012 0.000006 0.000012 -0.000001 0.000000 -0.000001 -0.080767 -0.004867 -0.038063 -2.259224 -1.164203 33.631138 -2.742953 2.222228 32.937870 -0.000001 0.000000 0.000012 -0.000001 -0.000000 -0.000001 0.045704 0.110147 -0.021608 1.639195 -3.867869 -0.240922 -24.876690 -6.859787 -62.101706 2.276704 -34.262128 1.419260 25.700933 -18.155597 3.353583 0.024661 -0.015762 0.026817 -13.636697 -2.169108 8.393337 9.976553 15.676148 -7.989831 0.026479 -0.015287 0.015288 -0.000007 0.000009 -0.000014 0.019989 -0.011541 0.011541 -0.000004 -0.000003 0.000003 0.091093 -0.005180 0.022599 -3.251250 0.713717 -25.967092 2.527903 1.914852 -34.065463 0.000000 -0.000000 0.000000 0.000001 -0.000001 -0.000002 0.095334 -0.000000 0.000000 -2.171630 3.374339 -30.019815 -0.501368 -1.238344 -32.219423 0.000003 -0.000002 -0.000001 0.000002 -0.000001 -0.000001 0.091045 -0.000430 -0.018651 0.853365 4.428097 -37.904732 -3.017694 -2.467442 -39.340913 0.000000 -0.000003 -0.000002 0.000000 0.000000 -0.000003 0.080778 -0.004869 -0.038063 1.544548 7.465124 -34.838036 -4.303143 -5.605176 -40.742621 -0.000013 -0.000013 -0.000015 -0.000001 -0.000002 -0.000001 -0.082078 -0.067517 -0.015995 -21.522706 2.141155 -2.827208 38.084858 1.396286 1.563298 -14.120977 -12.908591 -3.491248 1.442424 -3.132882 2.821694 -0.000000 -0.000000 -0.000000 0.082078 -0.067517 -0.015995 -19.355298 -4.512962 9.050170 39.694218 -5.772797 -1.734910 -8.557361 0.827621 -6.681669 -11.045097 -0.971791 1.203348 0.000000 0.000000 0.000000 
-0.039166 0.985941 -0.007035 -1.939345 9.479756 0.200482 -0.000000 0.101816 0.001315 5.462636 0.987189 0.580388 10.916854 2.026659 1.090487 10.916851 2.026656 1.090487 -0.000000 0.167404 -0.020490 -13.689356 -7.874394 -0.137350 0.000000 0.096178 0.016850 -18.669596 -6.549335 1.308852 -0.000000 0.220374 0.075011 -0.000000 -0.000000 0.000000 -0.045700 0.110149 -0.021608 6.422747 0.331079 0.950033 -11.722853 1.394465 36.033790 2.688451 57.714798 -2.473304 8.645243 4.908851 -2.138988 -0.024648 -0.015740 0.026819 -19.847282 -6.878965 0.803918 -2.361852 -3.602888 -2.512134 -0.026463 -0.015278 0.015278 -0.000008 0.000006 -0.000005 -0.019946 -0.011516 0.011516 -0.000003 -0.000006 0.000007 -0.091083 -0.005179 0.022598 -9.064575 -3.859219 31.331867 2.152104 -0.333095 37.017931 -0.000001 0.000002 -0.000005 0.000004 -0.000002 0.000001 -0.095325 0.000000 -0.000000 -5.173026 -1.164977 29.739969 -0.908632 2.172581 38.392640 -0.000002 -0.000001 -0.000001 -0.000002 -0.000002 -0.000002 -0.091036 -0.000431 -0.018651 -2.533315 -1.217942 30.090685 -2.563691 1.358313 38.593687 -0.000006 0.000006 0.000009 0.000001 -0.000004 -0.000001 -0.080767 -0.004867 -0.038063 -2.594507 -1.092071 34.417914 -3.003150 2.269443 35.200193 -0.000003 0.000003 0.000014 -0.000001 -0.000001 -0.000001 0.045704 0.110147 -0.021608 1.711647 -3.686315 0.184595 -23.678440 -7.706537 -62.734584 2.295159 -35.234695 1.461067 25.097190 -18.265625 3.106010 0.024661 -0.015762 0.026817 -12.913656 -2.275012 8.271549 9.905147 15.708185 -8.037133 0.026479 -0.015287 0.015288 -0.000006 0.000011 -0.000019 0.019989 -0.011541 0.011541 0.000001 0.000002 -0.000002 0.091093 -0.005180 0.022599 -3.255042 1.177206 -27.495203 2.755153 1.863419 -36.283348 0.000000 -0.000002 -0.000000 0.000001 -0.000001 -0.000001 0.095334 0.000000 0.000000 -2.265062 3.489463 -31.503281 -0.560990 -1.341408 -34.529318 0.000001 -0.000002 0.000000 0.000004 -0.000001 -0.000004 0.091045 -0.000430 -0.018651 0.761242 4.182420 -39.258595 -3.291505 -2.547176 -41.102859 0.000002 0.000001 -0.000001 0.000003 -0.000000 -0.000002 0.080778 -0.004869 -0.038063 1.283172 7.047268 -36.076161 -4.635022 -5.678436 -42.490839 -0.000007 -0.000013 -0.000015 0.000002 0.000001 0.000003 -0.082078 -0.067517 -0.015995 -21.462968 2.628419 -3.136760 38.778239 1.191884 1.576846 -14.449161 -12.953905 -3.888859 1.520284 -3.232424 2.913023 0.000000 0.000000 -0.000000 0.082078 -0.067517 -0.015995 -19.079433 -4.019369 8.719422 40.334760 -5.339375 -1.724353 -9.069728 0.407586 -6.353824 -11.156837 -1.074679 1.188728 -0.000000 0.000000 0.000000 
-0.033985 0.984663 -0.004666 -2.240169 9.095808 0.347839 -0.000000 0.101816 0.001315 5.553947 0.997339 0.538749 11.100069 2.044313 1.010786 11.100062 2.044311 1.010787 0.000000 0.167404 -0.020490 -14.388198 -8.281288 -0.172150 0.000000 0.096178 0.016850 -18.380189 -6.760573 1.091885 0.000000 0.220374 0.075011 -0.000000 0.000000 0.000000 -0.045700 0.110149 -0.021608 6.586590 0.003807 0.674770 -11.583198 2.676682 36.640123 2.679821 58.522939 -2.486080 7.651518 5.119711 -1.866201 -0.024648 -0.015740 0.026819 -18.836864 -7.176467 -0.179228 -2.548259 -3.591246 -2.442607 -0.026463 -0.015278 0.015278 -0.000011 0.000010 -0.000009 -0.019946 -0.011516 0.011516 0.000006 -0.000001 0.000001 -0.091083 -0.005179 0.022598 -8.716816 -4.349292 32.267296 2.312108 -0.224073 39.561398 -0.000004 -0.000001 -0.000007 -0.000002 -0.000001 -0.000000 -0.095325 -0.000000 0.000000 -5.165146 -1.433805 30.797856 -1.021889 2.302461 40.974984 0.000003 -0.000001 0.000000 0.000003 -0.000002 -0.000000 -0.091036 -0.000431 -0.018651 -2.614460 -1.183501 31.227642 -2.824791 1.415121 40.797949 -0.000008 0.000007 0.000008 -0.000002 -0.000000 -0.000001 -0.080767 -0.004867 -0.038063 -2.940622 -1.024606 35.227838 -3.269153 2.301385 37.525589 -0.000003 0.000003 0.000013 -0.000003 0.000003 0.000001 0.045704 0.110147 -0.021608 1.782404 -3.521135 0.598161 -22.447284 -8.544993 -63.353420 2.307883 -36.309183 1.501053 24.635608 -18.405412 3.247874 0.024661 -0.015762 0.026817 -12.210082 -2.382802 8.152340 9.828848 15.738040 -8.084899 0.026479 -0.015288 0.015287 -0.000006 0.000008 -0.000015 0.019989 -0.011541 0.011541 0.000000 0.000000 0.000003 0.091093 -0.005180 0.022599 -3.240679 1.654415 -29.059931 2.981257 1.794525 -38.566267 -0.000002 0.000000 -0.000000 -0.000004 -0.000003 -0.000002 0.095334 -0.000000 -0.000000 -2.355226 3.612393 -33.022390 -0.626720 -1.445059 -36.907269 -0.000002 -0.000005 -0.000003 -0.000004 -0.000001 -0.000003 0.091045 -0.000430 -0.018651 0.658904 3.932180 -40.644031 -3.575515 -2.614995 -42.917910 0.000001 -0.000002 -0.000001 0.000003 0.000002 -0.000000 0.080778 -0.004869 -0.038063 1.002330 6.624983 -37.343031 -4.974951 -5.738282 -44.292025 -0.000008 -0.000011 -0.000014 -0.000002 -0.000000 -0.000001 -0.082078 -0.067517 -0.015995 -21.538691 3.069821 -3.530766 39.528241 1.024158 1.593338 -14.452226 -13.106512 -4.115126 1.441067 -3.347143 3.094117 0.000000 -0.000000 0.000000 0.082078 -0.067517 -0.015995 -18.825036 -3.604342 8.419663 40.986770 -4.892311 -1.712338 -9.601507 -0.001900 -6.060145 -11.257579 -1.177407 1.232085 -0.000000 -0.000000 0.000000 
-0.028928 0.983355 -0.002412 -2.544960 8.852802 0.401057 0.000000 0.101815 0.001315 5.650902 1.003924 0.531374 11.294161 2.057274 0.992064 11.294157 2.057274 0.992064 0.000000 0.167404 -0.020490 -15.106632 -8.689864 -0.212910 -0.000000 0.096179 0.016850 -18.143219 -6.991544 0.903611 0.000000 0.220374 0.075011 0.000000 0.000000 -0.000001 -0.045700 0.110149 -0.021608 6.742615 -0.352831 0.396080 -11.431763 3.841297 37.251657 2.676700 59.379609 -2.503899 6.693622 5.396409 -1.571464 -0.024648 -0.015740 0.026819 -17.788123 -7.481648 -1.158399 -2.736912 -3.582466 -2.369465 -0.026463 -0.015278 0.015278 -0.000006 0.000011 -0.000008 -0.019946 -0.011516 0.011516 -0.000002 0.000000 0.000001 -0.091083 -0.005179 0.022598 -8.346118 -4.840624 33.231845 2.465259 -0.098413 42.166736 -0.000004 0.000001 -0.000004 0.000001 -0.000000 0.000002 -0.095325 0.000000 0.000000 -5.147136 -1.708310 31.882589 -1.143908 2.429997 43.620863 0.000000 0.000003 0.000000 -0.000000 0.000004 0.000000 -0.091036 -0.000431 -0.018651 -2.698568 -1.148235 32.393391 -3.094958 1.456767 43.056365 -0.000007 0.000007 0.000011 -0.000001 -0.000002 -0.000001 -0.080767 -0.004867 -0.038063 -3.296617 -0.962606 36.058864 -3.539168 2.316584 39.908201 0.000000 0.000004 0.000013 0.000002 -0.000001 0.000000 0.045704 0.110147 -0.021608 1.851341 -3.390130 0.985317 -21.272013 -9.367376 -63.981961 2.313924 -37.429505 1.536416 24.362499 -18.598421 3.759232 0.024661 -0.015762 0.026817 -11.534099 -2.490015 8.038357 9.747998 15.765871 -8.133236 0.026479 -0.015287 0.015287 -0.000007 0.000002 -0.000009 0.019989 -0.011541 0.011541 -0.000004 0.000004 0.000006 0.091093 -0.005180 0.022599 -3.206497 2.143624 -30.657915 3.203997 1.707240 -40.908161 0.000000 0.000001 0.000002 0.000002 0.000002 0.000002 0.095334 0.000000 0.000000 -2.441187 3.742939 -34.573758 -0.698644 -1.548595 -39.347139 0.000000 -0.000001 0.000001 0.000000 0.000000 -0.000001 0.091045 -0.000430 -0.018651 0.545964 3.678295 -42.058007 -3.868655 -2.669242 -44.781302 -0.000001 0.000001 -0.000001 0.000000 0.000004 -0.000002 0.080778 -0.004869 -0.038063 0.701780 6.200191 -38.635918 -5.321187 -5.783264 -46.141401 -0.000013 -0.000012 -0.000015 0.000001 -0.000003 0.000002 -0.082078 -0.067517 -0.015995 -21.686610 3.428745 -3.924604 40.285350 0.866273 1.609562 -14.154408 -13.401428 -4.181467 1.181277 -3.507746 3.296928 -0.000000 -0.000001 0.000000 0.082078 -0.067517 -0.015995 -18.587014 -3.361786 8.171584 41.648260 -4.456771 -1.699805 -10.150112 -0.339050 -5.810530 -11.341859 -1.271333 1.331449 0.000000 0.000000 0.000000 
-0.024002 0.982031 -0.000235 -2.840479 8.706837 0.374168 0.000000 0.101816 0.001315 5.750407 1.011216 0.548277 11.493089 2.073452 1.015402 11.493096 2.073455 1.015403 -0.000000 0.167404 -0.020490 -15.838956 -9.097824 -0.242354 0.000000 0.096179 0.016850 -17.948166 -7.223116 0.733404 0.000000 0.220374 0.075011 -0.000002 0.000000 -0.000000 -0.045700 0.110149 -0.021608 6.890994 -0.727461 0.124079 -11.259918 4.903018 37.869116 2.677135 60.259146 -2.524476 5.768324 5.717589 -1.275508 -0.024648 -0.015740 0.026819 -16.704116 -7.794142 -2.129833 -2.927546 -3.576480 -2.293102 -0.026463 -0.015278 0.015278 -0.000006 0.000013 -0.000009 -0.019946 -0.011516 0.011516 0.000004 -0.000001 -0.000002 -0.091083 -0.005179 0.022598 -7.952893 -5.330924 34.223711 2.609615 0.043382 44.827730 -0.000002 0.000000 -0.000002 0.000000 -0.000000 -0.000001 -0.095325 0.000000 0.000000 -5.118621 -1.987436 32.991706 -1.274612 2.554221 46.324245 0.000001 0.000002 0.000002 -0.000000 0.000000 0.000001 -0.091036 -0.000431 -0.018651 -2.785560 -1.112294 33.585089 -3.372687 1.482115 45.363548 -0.000008 0.000006 0.000013 0.000000 -0.000003 0.000000 -0.080767 -0.004867 -0.038063 -3.661639 -0.906670 36.909041 -3.811383 2.314316 42.342282 -0.000002 0.000003 0.000010 -0.000001 0.000001 -0.000002 0.045704 0.110147 -0.021608 1.920134 -3.271618 1.370830 -20.149543 -10.161483 -64.630761 2.318456 -38.627698 1.571481 24.090164 -18.813761 4.415529 0.024661 -0.015762 0.026817 -10.892282 -2.591234 7.933310 9.663055 15.791785 -8.182132 0.026479 -0.015287 0.015287 -0.000010 0.000006 -0.000018 0.019989 -0.011541 0.011541 -0.000002 -0.000002 0.000003 0.091093 -0.005180 0.022599 -3.151431 2.642776 -32.286058 3.421260 1.601715 -43.303099 0.000002 0.000003 0.000000 0.000003 0.000003 0.000000 0.095334 0.000000 -0.000000 -2.522200 3.880744 -36.154114 -0.776798 -1.651412 -41.842920 0.000003 0.000000 -0.000001 0.000004 -0.000003 0.000001 0.091045 -0.000430 -0.018651 0.422235 3.421791 -43.497571 -4.169419 -2.708885 -46.688298 -0.000001 0.000004 0.000002 -0.000001 0.000004 0.000003 0.080778 -0.004869 -0.038063 0.381673 5.774707 -39.952375 -5.671999 -5.812552 -48.034268 -0.000011 -0.000009 -0.000013 0.000000 -0.000000 -0.000003 -0.082078 -0.067517 -0.015995 -22.102511 3.658254 -4.309613 41.325680 0.786481 1.638808 -13.196579 -13.867161 -4.074967 0.465715 -3.684099 3.844871 0.000000 -0.000000 0.000000 0.082078 -0.067517 -0.015995 -18.372246 -3.243321 7.976435 42.313401 -4.042985 -1.687557 -10.703609 -0.622619 -5.591478 -11.419341 -1.353741 1.463771 0.000000 0.000000 0.000000 
-0.019208 0.980733 0.001903 -3.117947 8.647176 0.253439 -0.000000 0.101815 0.001315 5.850238 1.025555 0.590616 11.692403 2.105452 1.079472 11.692409 2.105448 1.079474 0.000000 0.167404 -0.020490 -16.573883 -9.514475 -0.240179 -0.000000 0.096178 0.016850 -17.798705 -7.445931 0.574002 -0.000000 0.220374 0.075011 -0.000002 0.000001 0.000000 -0.045700 0.110149 -0.021608 7.031684 -1.116467 -0.135523 -11.058633 5.847508 38.480425 2.679349 61.130651 -2.545681 4.870116 6.087211 -0.992491 -0.024648 -0.015740 0.026819 -15.586693 -8.113813 -3.088928 -3.119941 -3.573166 -2.213839 -0.026463 -0.015278 0.015278 -0.000003 0.000006 -0.000007 -0.019946 -0.011516 0.011516 0.000004 -0.000004 0.000007 -0.091083 -0.005179 0.022598 -7.537175 -5.817723 35.240890 2.742967 0.201309 47.537980 -0.000003 0.000002 -0.000003 0.000002 0.000002 0.000000 -0.095325 0.000000 -0.000000 -5.078862 -2.270106 34.122532 -1.413715 2.674207 49.078597 -0.000000 -0.000001 -0.000000 -0.000001 0.000001 -0.000000 -0.091036 -0.000431 -0.018651 -2.875303 -1.075775 34.799810 -3.656551 1.489743 47.713909 -0.000004 0.000006 0.000010 -0.000000 0.000001 0.000002 -0.080767 -0.004867 -0.038063 -4.034647 -0.857531 37.776175 -4.083770 2.293560 44.821870 -0.000002 0.000003 0.000012 -0.000002 0.000001 0.000003 0.045704 0.110147 -0.021608 1.990115 -3.153908 1.771277 -19.123802 -10.911079 -65.329387 2.325150 -39.912357 1.609167 23.649564 -19.017967 5.005276 0.024661 -0.015762 0.026817 -10.292013 -2.683179 7.840405 9.574433 15.815947 -8.231629 0.026479 -0.015287 0.015288 -0.000007 0.000013 -0.000011 0.019989 -0.011541 0.011541 -0.000001 0.000004 -0.000000 0.091093 -0.005180 0.022599 -3.074116 3.149925 -33.941092 3.630700 1.477600 -45.744936 -0.000001 -0.000001 -0.000001 -0.000001 -0.000001 0.000001 0.095334 -0.000000 -0.000000 -2.597391 4.025498 -37.760008 -0.861167 -1.752807 -44.388354 0.000003 0.000001 0.000000 -0.000000 0.000001 -0.000001 0.091045 -0.000430 -0.018651 0.287476 3.163598 -44.959696 -4.476525 -2.732558 -48.633956 -0.000001 -0.000002 -0.000002 0.000001 -0.000001 -0.000001 0.080778 -0.004869 -0.038063 0.042032 5.350452 -41.289702 -6.025441 -5.825064 -49.965583 -0.000012 -0.000013 -0.000017 -0.000004 -0.000005 -0.000002 -0.082078 -0.067517 -0.015995 -22.694374 3.676862 -4.639447 42.516073 0.765531 1.675884 -11.751183 -14.531036 -3.913346 -0.568539 -3.853267 4.633522 0.000000 -0.000001 0.000001 0.082078 -0.067517 -0.015995 -18.185111 -3.252522 7.849445 42.980830 -3.676584 -1.677303 -11.248878 -0.848964 -5.387276 -11.502661 -1.420633 1.605942 0.000000 -0.000000 0.000000 
-0.014602 0.979451 0.004092 -3.369777 8.622397 0.076534 0.000000 0.101816 0.001315 5.949742 1.044980 0.641763 11.890902 2.148761 1.159546 11.890891 2.148756 1.159548 -0.000000 0.167404 -0.020490 -17.314668 -9.924003 -0.209657 0.000000 0.096178 0.016850 -17.675563 -7.645518 0.422849 -0.000000 0.220374 0.075011 0.000002 -0.000000 0.000000 -0.045700 0.110149 -0.021608 7.165894 -1.504642 -0.373803 -10.835758 6.722184 39.090952 2.680708 61.979650 -2.564716 4.019213 6.473925 -0.748882 -0.024648 -0.015740 0.026819 -14.439039 -8.439996 -4.032482 -3.313818 -3.572454 -2.132073 -0.026463 -0.015278 0.015278 -0.000003 0.000008 -0.000003 -0.019946 -0.011516 0.011516 0.000001 0.000002 -0.000001 -0.091083 -0.005179 0.022598 -7.099637 -6.298904 36.281395 2.863519 0.374396 50.291328 -0.000007 0.000004 -0.000005 -0.000001 0.000003 -0.000000 -0.095325 0.000000 -0.000000 -5.027655 -2.555299 35.272535 -1.560855 2.789038 51.877633 -0.000001 0.000000 -0.000001 -0.000001 0.000003 0.000000 -0.091036 -0.000431 -0.018651 -2.967692 -1.038857 36.034729 -3.944843 1.478943 50.101995 -0.000010 0.000007 0.000010 0.000001 -0.000000 0.000002 -0.080767 -0.004867 -0.038063 -4.414686 -0.815680 38.658263 -4.354472 2.254087 47.341257 -0.000005 0.000003 0.000012 0.000001 -0.000002 0.000001 0.045704 0.110147 -0.021608 2.061134 -3.024330 2.195448 -18.144056 -11.617648 -66.043503 2.338253 -41.296546 1.653156 23.016810 -19.203369 5.472305 0.024661 -0.015762 0.026817 -9.739188 -2.759788 7.763914 9.482543 15.838399 -8.281785 0.026479 -0.015287 0.015287 -0.000011 0.000008 -0.000011 0.019989 -0.011541 0.011541 -0.000005 -0.000003 0.000002 0.091093 -0.005180 0.022599 -2.973985 3.662972 -35.620031 3.830414 1.335541 -48.227812 -0.000001 -0.000000 -0.000001 -0.000001 0.000000 -0.000001 0.095334 0.000000 0.000000 -2.666234 4.176729 -39.388219 -0.951611 -1.852124 -46.977481 0.000001 0.000001 -0.000001 0.000001 -0.000000 -0.000002 0.091045 -0.000430 -0.018651 0.141659 2.904722 -46.441489 -4.788338 -2.739585 -50.613604 -0.000001 0.000004 -0.000001 0.000002 0.000005 0.000001 0.080778 -0.004869 -0.038063 -0.316717 4.929162 -42.645434 -6.379801 -5.820404 -51.930615 -0.000011 -0.000011 -0.000013 0.000001 0.000002 0.000000 -0.082078 -0.067517 -0.015995 -23.358767 3.509597 -5.011190 43.669265 0.846225 1.716728 -10.006038 -15.299912 -3.650155 -1.429503 -3.946070 6.086397 0.000000 -0.000000 0.000000 0.082078 -0.067517 -0.015995 -18.015618 -3.328096 7.770754 43.634797 -3.346115 -1.668367 -11.787445 -1.026873 -5.200208 -11.581542 -1.466524 1.740473 0.000000 -0.000000 0.000000 
-0.010296 0.978171 0.006366 -3.582341 8.583045 -0.136729 0.000000 0.101815 0.001315 6.046649 1.070137 0.693970 12.084407 2.203397 1.231409 12.084403 2.203394 1.231409 0.000000 0.167404 -0.020490 -18.062329 -10.320398 -0.137656 -0.000000 0.096178 0.016850 -17.560205 -7.803658 0.272103 0.000000 0.220374 0.075011 -0.000001 -0.000001 0.000000 -0.045700 0.110149 -0.021608 7.294983 -1.874480 -0.576721 -10.588782 7.559437 39.700714 2.677540 62.784144 -2.577672 3.224516 6.847852 -0.580148 -0.024648 -0.015740 0.026819 -13.263244 -8.772119 -4.956200 -3.508926 -3.574277 -2.048175 -0.026463 -0.015278 0.015278 -0.000002 0.000011 -0.000006 -0.019946 -0.011516 0.011516 0.000001 -0.000005 0.000004 -0.091083 -0.005179 0.022598 -6.640671 -6.772090 37.343124 2.969166 0.562087 53.081409 -0.000003 0.000004 -0.000002 -0.000000 -0.000001 0.000001 -0.095325 0.000000 0.000000 -4.964477 -2.841836 36.439066 -1.715626 2.897881 54.714941 -0.000001 -0.000001 0.000000 -0.000002 -0.000001 -0.000001 -0.091036 -0.000431 -0.018651 -3.062574 -1.001595 37.286894 -4.235811 1.448607 52.522164 -0.000010 0.000010 0.000014 -0.000003 -0.000004 -0.000002 -0.080767 -0.004867 -0.038063 -4.800737 -0.781630 39.553171 -4.621302 2.195363 49.894436 -0.000004 0.000002 0.000014 -0.000001 0.000004 0.000002 0.045704 0.110147 -0.021608 2.133693 -2.862737 2.663276 -17.180151 -12.278482 -66.760345 2.363649 -42.810816 1.709149 22.048134 -19.336667 5.656026 0.024661 -0.015762 0.026817 -9.240259 -2.817033 7.707828 9.387752 15.859359 -8.332630 0.026479 -0.015287 0.015288 -0.000009 0.000011 -0.000011 0.019989 -0.011541 0.011541 0.000001 -0.000003 0.000002 0.091093 -0.005180 0.022599 -2.849982 4.179814 -37.319583 4.017983 1.175810 -50.745632 -0.000001 -0.000000 -0.000001 0.000001 -0.000002 -0.000002 0.095334 0.000000 -0.000000 -2.727877 4.333992 -41.035343 -1.047952 -1.948732 -49.603969 -0.000002 0.000002 0.000001 -0.000003 0.000001 0.000002 0.091045 -0.000430 -0.018651 -0.015265 2.646183 -47.939821 -5.103240 -2.728939 -52.622277 0.000001 0.000003 0.000001 -0.000002 0.000002 0.000001 0.080778 -0.004869 -0.038063 -0.694228 4.512666 -44.016871 -6.733042 -5.797932 -53.924449 -0.000010 -0.000012 -0.000012 -0.000004 0.000003 0.000001 -0.082078 -0.067517 -0.015995 -24.022692 3.084479 -5.412532 44.615793 0.992537 1.754057 -8.306373 -16.132470 -3.447324 -2.039687 -3.992769 7.616909 -0.000000 0.000000 0.000000 0.082078 -0.067517 -0.015995 -17.867121 -3.418418 7.739877 44.266439 -3.035735 -1.659851 -12.320079 -1.171097 -5.038445 -11.648900 -1.486479 1.855458 0.000000 -0.000000 0.000000 
-0.006285 0.976939 0.008719 -3.763292 8.510311 -0.371413 0.000000 0.101815 0.001315 6.143348 1.099792 0.741149 12.277592 2.266835 1.292391 12.277589 2.266837 1.292391 0.000000 0.167404 -0.020490 -18.812721 -10.684617 -0.049980 0.000000 0.096179 0.016850 -17.454065 -7.923605 0.131042 0.000000 0.220374 0.075011 0.000004 -0.000000 0.000000 -0.045700 0.110149 -0.021608 7.419642 -2.228939 -0.755126 -10.340844 8.389962 40.315222 2.668947 63.535369 -2.583567 2.516317 7.214677 -0.478923 -0.024648 -0.015740 0.026819 -12.062568 -9.109200 -5.857426 -3.704970 -3.578474 -1.962518 -0.026463 -0.015278 0.015278 0.000000 0.000010 -0.000006 -0.019946 -0.011516 0.011516 -0.000003 0.000002 0.000001 -0.091083 -0.005179 0.022598 -6.161290 -7.235338 38.423919 3.058440 0.762884 55.902155 -0.000002 0.000004 -0.000001 -0.000000 -0.000001 0.000002 -0.095325 -0.000000 0.000000 -4.889332 -3.128644 37.619579 -1.877477 2.999893 57.584294 0.000001 -0.000000 0.000001 0.000002 0.000001 0.000004 -0.091036 -0.000431 -0.018651 -3.159823 -0.964169 38.553474 -4.527657 1.398513 54.968990 -0.000009 0.000003 0.000015 -0.000001 -0.000001 0.000002 -0.080767 -0.004867 -0.038063 -5.191753 -0.755743 40.458844 -4.882464 2.117725 52.475712 -0.000003 -0.000000 0.000015 -0.000001 -0.000001 0.000001 0.045704 0.110147 -0.021608 2.205568 -2.679691 3.157042 -16.212086 -12.894437 -67.443494 2.401850 -44.409262 1.776815 20.923644 -19.440190 5.659654 0.024661 -0.015762 0.026817 -8.800495 -2.848718 7.677011 9.290534 15.878916 -8.384173 0.026479 -0.015288 0.015288 -0.000004 0.000013 -0.000014 0.019989 -0.011541 0.011541 -0.000003 0.000005 -0.000000 0.091093 -0.005180 0.022599 -2.701928 4.698248 -39.036788 4.191742 0.999553 -53.292544 0.000002 0.000003 0.000001 0.000002 0.000003 0.000000 0.095334 0.000000 0.000000 -2.781898 4.496673 -42.698057 -1.149962 -2.042010 -52.261869 -0.000000 -0.000001 -0.000002 -0.000000 0.000000 -0.000002 0.091045 -0.000430 -0.018651 -0.183115 2.388917 -49.451888 -5.419648 -2.700349 -54.655146 0.000002 -0.000001 0.000000 0.000000 0.000001 -0.000001 0.080778 -0.004869 -0.038063 -1.089793 4.102603 -45.401497 -7.083375 -5.757668 -55.942166 -0.000009 -0.000009 -0.000010 0.000005 0.000002 0.000003 -0.082078 -0.067517 -0.015995 -24.716863 2.496677 -5.818987 45.532309 1.064435 1.782990 -7.591776 -16.820072 -3.363567 -1.813971 -3.708875 7.051007 -0.000000 0.000000 0.000000 0.082078 -0.067517 -0.015995 -17.719891 -3.520358 7.737938 44.858551 -2.747240 -1.651888 -12.840533 -1.256071 -4.901496 -11.695034 -1.472953 1.934379 0.000000 -0.000001 -0.000000 
-0.002603 0.975774 0.011170 -3.912373 8.369010 -0.603989 -0.000000 0.101816 0.001315 6.241269 1.132265 0.774376 12.473385 2.335128 1.329065 12.473374 2.335129 1.329066 -0.000000 0.167404 -0.020490 -19.567911 -10.998986 0.040014 0.000000 0.096179 0.016850 -17.348812 -8.001482 0.004018 -0.000000 0.220374 0.075011 -0.000000 0.000001 -0.000000 -0.045700 0.110149 -0.021608 7.541006 -2.558428 -0.906752 -10.110505 9.251202 40.934758 2.652091 64.218934 -2.579447 1.929690 7.565013 -0.465833 -0.024648 -0.015740 0.026819 -10.839356 -9.450262 -6.732270 -3.901771 -3.584973 -1.875403 -0.026463 -0.015278 0.015278 -0.000004 0.000010 -0.000008 -0.019946 -0.011516 0.011516 0.000002 -0.000002 0.000001 -0.091083 -0.005179 0.022598 -5.662231 -7.686514 39.521554 3.129452 0.975709 58.747222 -0.000004 0.000004 -0.000002 -0.000001 -0.000000 -0.000001 -0.095325 -0.000000 0.000000 -4.801937 -3.414626 38.811461 -2.045786 3.094413 60.479160 0.000001 -0.000003 0.000001 0.000001 -0.000003 0.000002 -0.091036 -0.000431 -0.018651 -3.259307 -0.926688 39.831536 -4.818504 1.328031 57.436837 -0.000004 0.000007 0.000014 -0.000000 0.000002 0.000004 -0.080767 -0.004867 -0.038063 -5.586720 -0.738448 41.373140 -5.135675 2.021154 55.079110 -0.000002 0.000000 0.000013 0.000001 0.000001 0.000001 0.045704 0.110147 -0.021608 2.275486 -2.474430 3.671858 -15.201462 -13.478006 -68.050356 2.455923 -46.069971 1.858899 19.739926 -19.518372 5.512945 0.024661 -0.015762 0.026817 -8.425663 -2.850230 7.676174 9.191276 15.897177 -8.436412 0.026479 -0.015288 0.015287 -0.000012 0.000011 -0.000011 0.019989 -0.011541 0.011541 0.000002 0.000001 -0.000002 0.091093 -0.005180 0.022599 -2.529269 5.216111 -40.768436 4.349513 0.807660 -55.862529 -0.000001 -0.000003 0.000001 -0.000001 -0.000004 0.000002 0.095334 -0.000000 -0.000000 -2.827684 4.664197 -44.373045 -1.257343 -2.131388 -54.944924 0.000001 0.000001 -0.000001 -0.000001 -0.000000 -0.000002 0.091045 -0.000430 -0.018651 -0.361824 2.133890 -50.974600 -5.735714 -2.653211 -56.707297 0.000002 -0.000001 -0.000002 0.000001 0.000001 -0.000001 0.080778 -0.004869 -0.038063 -1.502823 3.700677 -46.796662 -7.428791 -5.699440 -57.978874 -0.000010 -0.000012 -0.000013 -0.000000 0.000001 0.000001 -0.082078 -0.067517 -0.015995 -25.344904 1.778618 -6.238159 46.107783 1.124119 1.799744 -7.388650 -17.221526 -3.237096 -1.115317 -3.288259 5.794032 0.000000 -0.000000 -0.000000 0.082078 -0.067517 -0.015995 -17.561806 -3.606026 7.746503 45.395206 -2.476246 -1.644487 -13.344581 -1.270081 -4.791600 -11.705370 -1.416799 1.952950 -0.000000 0.000000 0.000000 
0.000786 0.974696 0.013712 -4.038921 8.157846 -0.846916 0.000000 0.101816 0.001315 6.340952 1.169390 0.799231 12.672829 2.412080 1.349605 12.672823 2.412081 1.349605 -0.000000 0.167404 -0.020490 -20.312638 -11.248138 0.113791 0.000000 0.096179 0.016850 -17.254878 -8.040436 -0.101753 -0.000000 0.220374 0.075011 0.000001 0.000000 -0.000000 -0.045700 0.110149 -0.021608 7.658651 -2.883088 -1.056555 -9.911598 10.154452 41.577643 2.627142 64.829130 -2.565476 1.460082 7.914983 -0.493397 -0.024648 -0.015740 0.026819 -9.596949 -9.794140 -7.578742 -4.099019 -3.593617 -1.787261 -0.026463 -0.015278 0.015278 -0.000000 0.000006 -0.000002 -0.019946 -0.011516 0.011516 0.000006 -0.000002 0.000005 -0.091083 -0.005179 0.022598 -5.144864 -8.123950 40.633642 3.181186 1.198689 61.610615 0.000000 -0.000001 -0.000001 -0.000000 0.000002 0.000003 -0.095325 0.000000 -0.000000 -4.702491 -3.698726 40.012139 -2.219917 3.180757 63.393260 -0.000001 0.000003 -0.000001 0.000002 0.000003 -0.000000 -0.091036 -0.000431 -0.018651 -3.360865 -0.889304 41.118272 -5.106503 1.237393 59.920150 -0.000007 0.000006 0.000012 -0.000002 0.000002 0.000002 -0.080767 -0.004867 -0.038063 -5.984568 -0.729882 42.293966 -5.379400 1.906456 57.698843 -0.000007 0.000001 0.000010 -0.000005 0.000001 0.000001 0.045704 0.110147 -0.021608 2.342057 -2.260938 4.189405 -14.167653 -13.996539 -68.584989 2.524547 -47.753428 1.953889 18.607517 -19.598331 5.271929 0.024661 -0.015762 0.026817 -8.120496 -2.815678 7.711045 9.090393 15.914324 -8.489375 0.026479 -0.015288 0.015288 -0.000008 0.000009 -0.000013 0.019989 -0.011541 0.011541 -0.000004 -0.000002 -0.000000 0.091093 -0.005180 0.022599 -2.332321 5.731272 -42.511483 4.490036 0.601706 -58.449760 0.000002 0.000001 -0.000004 0.000004 0.000000 -0.000002 0.095334 0.000000 -0.000000 -2.864923 4.835899 -46.057062 -1.369737 -2.216358 -57.647022 0.000003 0.000005 -0.000001 0.000003 0.000005 0.000000 0.091045 -0.000430 -0.018651 -0.551017 1.882042 -52.505136 -6.049852 -2.587620 -58.773887 0.000001 -0.000000 0.000001 0.000005 0.000001 -0.000002 0.080778 -0.004869 -0.038063 -1.932293 3.308344 -48.199801 -7.767740 -5.623655 -60.029706 -0.000010 -0.000013 -0.000012 -0.000001 0.000001 -0.000000 -0.082078 -0.067517 -0.015995 -25.896312 1.034412 -6.621446 46.268948 1.171041 1.803179 -7.345823 -17.316094 -2.926071 -0.273090 -2.860255 4.333899 0.000000 0.000001 -0.000000 0.082078 -0.067517 -0.015995 -17.380946 -3.704144 7.764948 45.879665 -2.218791 -1.637284 -13.835502 -1.187766 -4.710605 -11.684808 -1.317173 1.919284 0.000000 -0.000001 0.000000 
0.003910 0.973732 0.016343 -4.151456 7.862945 -1.103135 0.000000 0.101815 0.001315 6.444264 1.213308 0.818285 12.879684 2.501836 1.357026 12.879678 2.501835 1.357027 -0.000000 0.167404 -0.020490 -21.041228 -11.411504 0.146294 0.000000 0.096178 0.016850 -17.179048 -8.046025 -0.177741 -0.000000 0.220374 0.075011 -0.000001 0.000000 -0.000000 -0.045700 0.110149 -0.021608 7.771502 -3.218924 -1.226669 -9.771216 11.117693 42.261328 2.593195 65.354406 -2.540729 1.132819 8.279915 -0.525974 -0.024648 -0.015740 0.026819 -8.338009 -10.139446 -8.393473 -4.296423 -3.604302 -1.698413 -0.026463 -0.015278 0.015278 -0.000003 0.000008 -0.000006 -0.019946 -0.011516 0.011516 0.000001 0.000000 0.000001 -0.091083 -0.005179 0.022598 -4.610230 -8.545665 41.757796 3.212116 1.430256 64.486022 -0.000005 -0.000000 -0.000004 0.000001 -0.000000 0.000003 -0.095325 -0.000000 -0.000000 -4.591002 -3.979822 41.219017 -2.399049 3.258328 66.320153 0.000001 -0.000001 0.000000 -0.000000 -0.000003 -0.000000 -0.091036 -0.000431 -0.018651 -3.464321 -0.852130 42.410752 -5.389652 1.126482 62.413408 -0.000003 0.000005 0.000013 0.000000 0.000001 0.000001 -0.080767 -0.004867 -0.038063 -6.384149 -0.730331 43.219152 -5.611535 1.774210 60.329032 0.000000 0.000001 0.000011 0.000004 -0.000001 0.000001 0.045704 0.110147 -0.021608 2.403667 -2.053852 4.688445 -13.105042 -14.442355 -69.019553 2.607407 -49.414865 2.061069 17.686597 -19.714045 5.007437 0.024661 -0.015762 0.026817 -7.904370 -2.740703 7.788185 8.988325 15.930475 -8.543033 0.026479 -0.015287 0.015288 -0.000007 0.000014 -0.000011 0.019989 -0.011541 0.011541 -0.000003 -0.000003 -0.000000 0.091093 -0.005180 0.022599 -2.110935 6.241532 -44.262723 4.611428 0.383097 -61.048354 0.000001 0.000002 -0.000002 -0.000001 0.000009 -0.000003 0.095334 -0.000000 -0.000000 -2.893116 5.011094 -47.746663 -1.486682 -2.296373 -60.362029 0.000001 0.000004 -0.000001 0.000002 0.000003 -0.000000 0.091045 -0.000430 -0.018651 -0.750346 1.634280 -54.040399 -6.360267 -2.503486 -60.849971 -0.000002 -0.000003 0.000000 0.000004 -0.000006 0.000000 0.080778 -0.004869 -0.038063 -2.377300 2.927150 -49.608204 -8.098190 -5.530687 -62.089739 -0.000011 -0.000010 -0.000015 -0.000000 0.000003 -0.000001 -0.082078 -0.067517 -0.015995 -26.334812 0.362013 -6.915829 45.907365 1.177731 1.788702 -7.384992 -16.948419 -2.260837 0.648094 -2.501094 2.710917 -0.000000 -0.000001 -0.000001 0.082078 -0.067517 -0.015995 -17.161293 -3.833532 7.783468 46.307477 -1.973982 -1.630344 -14.313171 -0.973491 -4.659442 -11.625798 -1.166686 1.820083 -0.000000 -0.000000 0.000000 
0.006756 0.972883 0.019076 -4.252605 7.487352 -1.379033 0.000000 0.101815 0.001315 6.548580 1.261791 0.833134 13.088752 2.599632 1.353152 13.088758 2.599628 1.353155 -0.000000 0.167404 -0.020490 -21.727592 -11.480748 0.149149 -0.000000 0.096178 0.016850 -17.124046 -8.006627 -0.223260 -0.000000 0.220374 0.075011 -0.000001 0.000000 -0.000000 -0.045700 0.110149 -0.021608 7.879100 -3.569876 -1.422977 -9.674445 12.156490 42.992465 2.550292 65.797938 -2.505391 0.892014 8.645756 -0.546538 -0.024648 -0.015740 0.026819 -7.065949 -10.484898 -9.175199 -4.493769 -3.616809 -1.609193 -0.026463 -0.015278 0.015278 -0.000003 0.000006 -0.000005 -0.019946 -0.011516 0.011516 0.000002 -0.000005 -0.000000 -0.091083 -0.005179 0.022598 -4.060043 -8.950341 42.891450 3.221809 1.668288 67.367454 -0.000002 0.000002 -0.000003 0.000001 -0.000001 0.000002 -0.095325 0.000000 -0.000000 -4.467831 -4.256967 42.429436 -2.582357 3.326730 69.253467 0.000001 -0.000000 0.000000 -0.000002 -0.000002 -0.000002 -0.091036 -0.000431 -0.018651 -3.569478 -0.815317 43.706083 -5.666310 0.995990 64.911078 -0.000013 0.000004 0.000010 -0.000002 -0.000001 -0.000002 -0.080767 -0.004867 -0.038063 -6.784499 -0.739802 44.146624 -5.830737 1.625612 62.963996 -0.000001 0.000002 0.000013 -0.000000 -0.000001 0.000001 0.045704 0.110147 -0.021608 2.460865 -1.850915 5.172960 -12.045585 -14.752712 -69.403396 2.702834 -51.051825 2.179374 16.925369 -19.860624 4.695933 0.024661 -0.015762 0.026817 -7.739232 -2.618408 7.911167 8.885430 15.945799 -8.597414 0.026479 -0.015287 0.015288 -0.000006 0.000011 -0.000012 0.019989 -0.011541 0.011541 0.000001 -0.000001 -0.000000 0.091093 -0.005180 0.022599 -1.865913 6.744887 -46.019024 4.712901 0.153727 -63.652568 -0.000002 0.000002 -0.000001 -0.000002 0.000003 0.000000 0.095334 0.000000 -0.000000 -2.912192 5.189054 -49.438634 -1.607738 -2.371069 -63.083777 -0.000002 -0.000000 -0.000000 -0.000004 -0.000003 0.000003 0.091045 -0.000430 -0.018651 -0.959341 1.391453 -55.577529 -6.665363 -2.401291 -62.930761 -0.000003 0.000002 0.000001 -0.000002 0.000000 -0.000000 0.080778 -0.004869 -0.038063 -2.836575 2.558342 -51.019228 -8.418796 -5.421271 -64.154143 -0.000011 -0.000012 -0.000013 0.000000 0.000002 -0.000001 -0.082078 -0.067517 -0.015995 -26.690660 -0.202718 -7.097795 45.105142 1.133424 1.758105 -7.332871 -16.339969 -1.313712 1.111484 -2.222010 1.829178 -0.000000 0.000001 0.000000 0.082078 -0.067517 -0.015995 -16.901564 -3.994820 7.809740 46.682154 -1.726807 -1.622315 -14.778516 -0.646337 -4.643093 -11.575373 -0.978699 1.636491 0.000000 -0.000000 0.000000 
0.009333 0.972160 0.021921 -4.346742 7.020196 -1.685684 -0.000000 0.101816 0.001315 6.652780 1.315616 0.846638 13.297846 2.706621 1.340925 13.297848 2.706623 1.340925 -0.000000 0.167404 -0.020490 -22.351331 -11.436297 0.117540 0.000000 0.096178 0.016850 -17.095438 -7.913318 -0.234424 0.000000 0.220374 0.075011 0.000000 0.000000 0.000000 -0.045700 0.110149 -0.021608 7.979739 -3.951659 -1.665492 -9.628818 13.294675 43.794845 2.497867 66.151967 -2.458922 0.708511 9.008553 -0.517729 -0.024648 -0.015740 0.026819 -5.783761 -10.828822 -9.921147 -4.690792 -3.631057 -1.519956 -0.026463 -0.015278 0.015278 -0.000004 0.000006 -0.000007 -0.019946 -0.011516 0.011516 -0.000001 0.000004 -0.000001 -0.091083 -0.005179 0.022598 -3.495718 -9.336309 44.032044 3.209165 1.910853 70.248728 -0.000002 0.000002 -0.000002 0.000001 0.000000 0.000001 -0.095325 0.000000 -0.000000 -4.333229 -4.529075 43.640811 -2.769014 3.385599 72.186685 0.000001 0.000003 -0.000001 0.000001 0.000002 -0.000000 -0.091036 -0.000431 -0.018651 -3.676169 -0.778998 45.001408 -5.934547 0.846313 67.407636 -0.000010 0.000004 0.000011 -0.000001 -0.000004 0.000000 -0.080767 -0.004867 -0.038063 -7.184460 -0.758369 45.074225 -6.035141 1.461743 65.597888 -0.000002 -0.000001 0.000014 0.000001 0.000000 -0.000001 0.045704 0.110147 -0.021608 2.513312 -1.658578 5.634466 -11.012766 -14.860991 -69.758436 2.810082 -52.652941 2.308221 16.354729 -20.054573 4.339279 0.024661 -0.015762 0.026817 -7.602258 -2.438483 8.089475 8.782143 15.960346 -8.652484 0.026479 -0.015287 0.015288 -0.000006 0.000013 -0.000012 0.019989 -0.011541 0.011541 0.000000 0.000002 0.000005 0.091093 -0.005180 0.022599 -1.597602 7.239173 -47.777143 4.793054 -0.084569 -66.256482 0.000000 0.000002 -0.000002 0.000001 0.000004 -0.000002 0.095334 0.000000 -0.000000 -2.921818 5.368992 -51.129669 -1.732406 -2.440020 -65.806086 -0.000002 0.000002 -0.000002 -0.000002 0.000004 -0.000002 0.091045 -0.000430 -0.018651 -1.177488 1.154439 -57.113533 -6.963394 -2.281346 -65.011318 0.000000 0.000002 -0.000001 -0.000002 0.000003 -0.000002 0.080778 -0.004869 -0.038063 -3.308943 2.203253 -52.430205 -8.727775 -5.296211 -66.218062 -0.000007 -0.000012 -0.000014 0.000003 0.000002 -0.000004 -0.082078 -0.067517 -0.015995 -26.969268 -0.571336 -7.115403 43.854561 1.019268 1.709623 -6.963770 -15.581569 -0.063934 1.116133 -1.994260 1.673888 0.000001 -0.000001 -0.000000 0.082078 -0.067517 -0.015995 -16.592929 -4.202562 7.845944 47.005454 -1.462156 -1.611831 -15.234674 -0.194893 -4.666532 -11.542887 -0.754719 1.399697 0.000000 0.000000 0.000000 
0.011590 0.971554 0.024896 -4.437561 6.489166 -2.010994 -0.000000 0.101816 0.001315 6.754269 1.368010 0.856949 13.501808 2.809149 1.320314 13.501806 2.809149 1.320317 -0.000000 0.167404 -0.020490 -22.887127 -11.291785 0.076381 0.000000 0.096178 0.016850 -17.091973 -7.763767 -0.211830 -0.000000 0.220373 0.075011 0.000002 0.000000 -0.000000 -0.045700 0.110149 -0.021608 8.073720 -4.345367 -1.933486 -9.599730 14.523200 44.641379 2.437944 66.437496 -2.403611 0.526805 9.349036 -0.466114 -0.024648 -0.015740 0.026819 -4.494929 -11.169863 -10.630776 -4.887235 -3.646813 -1.431031 -0.026463 -0.015278 0.015278 -0.000008 0.000006 -0.000009 -0.019946 -0.011516 0.011516 -0.000007 -0.000005 -0.000007 -0.091083 -0.005179 0.022598 -2.919204 -9.702613 45.176790 3.174414 2.155778 73.123787 -0.000003 0.000000 -0.000002 0.000001 0.000000 -0.000001 -0.095325 0.000000 -0.000000 -4.187850 -4.795310 44.850502 -2.958064 3.434616 75.113496 0.000002 -0.000001 -0.000000 0.000001 0.000000 -0.000001 -0.091036 -0.000431 -0.018651 -3.784163 -0.743311 46.293841 -6.192839 0.678541 69.897642 -0.000007 0.000003 0.000013 0.000000 -0.000003 0.000001 -0.080767 -0.004867 -0.038063 -7.582985 -0.785859 45.999835 -6.223872 1.284125 68.225066 0.000002 0.000001 0.000014 0.000001 0.000001 0.000001 0.045704 0.110147 -0.021608 2.562112 -1.465508 6.089041 -10.028780 -14.764699 -70.134684 2.926568 -54.201267 2.445040 15.886093 -20.264999 3.930097 0.024661 -0.015762 0.026817 -7.467002 -2.205488 8.315941 8.678876 15.974371 -8.708167 0.026479 -0.015287 0.015287 -0.000005 0.000014 -0.000011 0.019989 -0.011541 0.011541 0.000000 -0.000001 -0.000000 0.091093 -0.005180 0.022599 -1.307224 7.722611 -49.533806 4.851658 -0.329713 -68.854434 0.000000 -0.000001 0.000001 -0.000002 0.000001 -0.000000 0.095334 0.000000 0.000000 -2.922111 5.550139 -52.816388 -1.860031 -2.502936 -68.522841 0.000001 0.000002 -0.000001 -0.000000 0.000003 -0.000001 0.091045 -0.000430 -0.018651 -1.404080 0.923931 -58.645411 -7.252998 -2.144537 -67.086835 0.000001 0.000000 -0.000000 -0.000001 0.000000 -0.000002 0.080778 -0.004869 -0.038063 -3.792894 1.862865 -53.838379 -9.024040 -5.156534 -68.276647 -0.000008 -0.000010 -0.000014 0.000002 0.000001 -0.000001 -0.082078 -0.067517 -0.015995 -27.188821 -0.795455 -7.004871 42.283567 0.849591 1.647231 -6.355291 -14.850196 1.281839 1.112733 -1.787587 1.530998 -0.000000 0.000000 -0.000000 0.082078 -0.067517 -0.015995 -16.239463 -4.431137 7.897534 47.276107 -1.181158 -1.598950 -15.676435 0.327718 -4.725563 -11.524798 -0.519479 1.137884 -0.000000 -0.000000 0.000000 
0.013581 0.971046 0.028008 -4.527464 5.902255 -2.351346 -0.000000 0.101816 0.001315 6.850077 1.413055 0.862316 13.694570 2.895349 1.290746 13.694575 2.895352 1.290746 -0.000000 0.167404 -0.020490 -23.305510 -11.041082 0.043001 -0.000000 0.096178 0.016850 -17.113987 -7.543889 -0.150752 0.000000 0.220374 0.075011 0.000000 -0.000000 0.000000 -0.045700 0.110149 -0.021608 8.161737 -4.738086 -2.217270 -9.559888 15.860702 45.520342 2.371186 66.662141 -2.340262 0.277317 9.644640 -0.403879 -0.024648 -0.015740 0.026819 -3.202760 -11.506182 -11.302048 -5.082841 -3.663967 -1.342791 -0.026463 -0.015278 0.015278 -0.000005 0.000008 -0.000006 -0.019946 -0.011516 0.011516 -0.000001 -0.000006 0.000007 -0.091083 -0.005179 0.022598 -2.332266 -10.047900 46.322992 3.117045 2.400838 75.986483 -0.000002 -0.000002 -0.000004 -0.000002 -0.000002 0.000002 -0.095325 0.000000 -0.000000 -4.032080 -5.054658 46.055819 -3.148597 3.473703 78.027384 0.000004 0.000000 -0.000001 0.000007 0.000005 -0.000002 -0.091036 -0.000431 -0.018651 -3.893254 -0.708342 47.580488 -6.439487 0.493604 72.375560 -0.000008 0.000007 0.000010 -0.000001 0.000001 0.000000 -0.080767 -0.004867 -0.038063 -7.979010 -0.822224 46.921323 -6.395399 1.094325 70.839703 0.000000 0.000002 0.000010 0.000003 0.000001 -0.000002 0.045704 0.110147 -0.021608 2.608097 -1.261772 6.550241 -9.127911 -14.406208 -70.591378 3.049546 -55.689794 2.587158 15.455641 -20.472088 3.460010 0.024661 -0.015762 0.026817 -7.294027 -1.916596 8.589037 8.576038 15.987922 -8.764514 0.026479 -0.015287 0.015287 -0.000010 0.000013 -0.000007 0.019989 -0.011541 0.011541 0.000003 0.000001 -0.000000 0.091093 -0.005180 0.022599 -0.995651 8.193202 -51.285766 4.887874 -0.579591 -71.440582 0.000003 -0.000003 0.000001 0.000002 -0.000003 0.000001 0.095334 -0.000000 -0.000000 -2.912906 5.731715 -54.495515 -1.990104 -2.559584 -71.227822 0.000001 0.000001 -0.000001 0.000001 -0.000002 -0.000001 0.091045 -0.000430 -0.018651 -1.638440 0.700709 -60.170196 -7.532568 -1.991610 -69.152482 0.000002 0.000002 -0.000000 -0.000002 0.000003 -0.000000 0.080778 -0.004869 -0.038063 -4.286990 1.538277 -55.240972 -9.306066 -5.003447 -70.325178 -0.000009 -0.000011 -0.000015 0.000001 0.000004 -0.000001 -0.082078 -0.067517 -0.015995 -27.376993 -0.861358 -6.776781 40.495488 0.643526 1.574751 -5.434274 -14.369934 2.535964 1.122971 -1.594536 1.401317 -0.000000 -0.000000 -0.000000 0.082078 -0.067517 -0.015995 -15.844666 -4.661518 7.965241 47.500137 -0.872733 -1.582737 -16.105403 0.885975 -4.815924 -11.537275 -0.292109 0.880053 -0.000000 0.000000 0.000000 
0.015383 0.970644 0.031258 -4.623970 5.307641 -2.689970 0.000000 0.101815 0.001315 6.940448 1.448340 0.863844 13.876561 2.960953 1.257678 13.876555 2.960953 1.257680 -0.000000 0.167404 -0.020490 -23.598100 -10.728304 0.026454 -0.000000 0.096178 0.016850 -17.163287 -7.280585 -0.062460 0.000000 0.220374 0.075011 -0.000000 0.000001 0.000000 -0.045700 0.110149 -0.021608 8.243472 -5.126865 -2.504147 -9.489748 17.250795 46.411166 2.301874 66.857395 -2.273525 -0.025564 9.904285 -0.339997 -0.024648 -0.015740 0.026819 -1.910858 -11.836487 -11.935093 -5.277331 -3.682281 -1.255546 -0.026463 -0.015278 0.015278 -0.000006 0.000008 -0.000008 -0.019946 -0.011516 0.011516 0.000003 -0.000003 -0.000002 -0.091083 -0.005179 0.022598 -1.737066 -10.371604 47.467629 3.037820 2.644057 78.830738 -0.000004 0.000002 -0.000004 -0.000000 -0.000002 0.000001 -0.095325 0.000000 0.000000 -3.866813 -5.306453 47.254107 -3.339655 3.502821 80.921978 0.000003 -0.000001 0.000001 0.000004 -0.000001 0.000000 -0.091036 -0.000431 -0.018651 -4.003169 -0.674269 48.858478 -6.673333 0.292971 74.836074 -0.000009 0.000004 0.000011 0.000002 -0.000003 0.000002 -0.080767 -0.004867 -0.038063 -8.371502 -0.867076 47.836596 -6.549302 0.893986 73.436213 0.000003 -0.000002 0.000014 0.000007 -0.000000 -0.000000 0.045704 0.110147 -0.021608 2.651377 -1.049423 7.016897 -8.305744 -13.877390 -71.120205 3.175912 -57.077644 2.730805 15.023093 -20.657518 2.941018 0.024661 -0.015762 0.026817 -7.099196 -1.579748 8.902872 8.474030 16.001229 -8.821417 0.026479 -0.015287 0.015287 -0.000007 0.000009 -0.000006 0.019989 -0.011541 0.011541 0.000003 0.000001 -0.000000 0.091093 -0.005180 0.022599 -0.664510 8.649416 -53.029476 4.902046 -0.832112 -74.009300 0.000002 0.000003 -0.000001 0.000002 0.000004 0.000000 0.095334 -0.000000 -0.000000 -2.894564 5.912977 -56.163730 -2.121929 -2.609760 -73.914866 0.000000 0.000000 -0.000000 -0.000002 -0.000003 -0.000002 0.091045 -0.000430 -0.018651 -1.879729 0.485349 -61.684941 -7.800961 -1.823783 -71.203513 0.000000 -0.000000 -0.000001 0.000000 0.000005 -0.000003 0.080778 -0.004869 -0.038063 -4.789475 1.230151 -56.635252 -9.573137 -4.838250 -72.358881 -0.000009 -0.000011 -0.000015 0.000003 0.000003 -0.000000 -0.082078 -0.067517 -0.015995 -27.517190 -0.852938 -6.495398 38.550506 0.416864 1.494542 -4.317079 -14.087071 3.661127 1.142033 -1.417186 1.284986 -0.000000 0.000000 0.000000 0.082078 -0.067517 -0.015995 -15.411004 -4.878533 8.039774 47.674536 -0.553245 -1.564536 -16.514960 1.436400 -4.919515 -11.563209 -0.092153 0.618312 -0.000000 0.000000 0.000000 
0.016970 0.970349 0.034659 -4.733351 4.745663 -3.012579 0.000000 0.101815 0.001315 7.024389 1.467746 0.861150 14.045505 2.994772 1.225199 14.045502 2.994772 1.225200 -0.000000 0.167404 -0.020490 -23.744208 -10.381715 0.043589 0.000000 0.096178 0.016850 -17.241390 -6.983730 0.050116 0.000000 0.220374 0.075011 0.000000 -0.000000 -0.000000 -0.045700 0.110149 -0.021608 8.320317 -5.497532 -2.775244 -9.356439 18.667477 47.280308 2.233490 67.048081 -2.207192 -0.402311 10.125546 -0.290981 -0.024648 -0.015740 0.026819 -0.622833 -12.158877 -12.528678 -5.470463 -3.701545 -1.169616 -0.026463 -0.015278 0.015278 -0.000005 0.000010 -0.000012 -0.019946 -0.011516 0.011516 0.000000 -0.000002 0.000003 -0.091083 -0.005179 0.022598 -1.135641 -10.672818 48.607922 2.936916 2.883064 81.650465 -0.000003 0.000000 -0.000005 0.000006 -0.000000 0.000001 -0.095325 -0.000000 0.000000 -3.692645 -5.549777 48.442724 -3.530288 3.522034 83.790814 -0.000002 0.000001 -0.000001 -0.000001 0.000000 -0.000003 -0.091036 -0.000431 -0.018651 -4.113698 -0.641138 50.124952 -6.892904 0.077934 77.273707 -0.000007 0.000006 0.000011 0.000002 0.000003 -0.000001 -0.080767 -0.004867 -0.038063 -8.759358 -0.920226 48.743502 -6.684549 0.685028 76.008975 -0.000001 0.000002 0.000013 0.000000 -0.000001 0.000000 0.045704 0.110147 -0.021608 2.692553 -0.820508 7.500522 -7.575348 -13.220972 -71.753781 3.298811 -58.328142 2.868582 14.518631 -20.794338 2.387005 0.024661 -0.015762 0.026817 -6.884429 -1.199600 9.251805 8.373230 16.014365 -8.878872 0.026479 -0.015287 0.015288 -0.000008 0.000011 -0.000009 0.019989 -0.011541 0.011541 0.000002 0.000003 -0.000002 0.091093 -0.005180 0.022599 -0.315140 9.089496 -54.761684 4.893938 -1.084963 -76.554816 -0.000001 -0.000001 0.000001 -0.000000 0.000003 -0.000000 0.095334 0.000000 -0.000000 -2.867117 6.093082 -57.817763 -2.254889 -2.653420 -76.577779 -0.000001 -0.000000 -0.000001 -0.000001 0.000001 0.000000 0.091045 -0.000430 -0.018651 -2.127103 0.278517 -63.186633 -8.056811 -1.642173 -73.235139 0.000001 -0.000002 -0.000001 -0.000001 0.000001 -0.000001 0.080778 -0.004869 -0.038063 -5.298746 0.939351 -58.018455 -9.824100 -4.662437 -74.373049 -0.000012 -0.000010 -0.000013 -0.000001 -0.000001 -0.000002 -0.082078 -0.067517 -0.015995 -27.623961 -0.835966 -6.214333 36.571667 0.199351 1.412240 -3.096314 -14.101643 4.518219 1.181500 -1.253164 1.183632 0.000000 -0.000001 -0.000000 0.082078 -0.067517 -0.015995 -14.939844 -5.061885 8.124725 47.794594 -0.236667 -1.545387 -16.899490 1.930278 -5.026384 -11.710817 0.041185 0.491433 -0.000000 -0.000000 0.000000 
0.018341 0.970161 0.038235 -4.860390 4.248932 -3.306797 -0.000000 0.101815 0.001315 7.102863 1.475774 0.856369 14.203310 3.006183 1.197056 14.203312 3.006177 1.197058 0.000000 0.167404 -0.020490 -23.755885 -10.043821 0.076829 0.000000 0.096178 0.016850 -17.349606 -6.690769 0.167327 0.000000 0.220374 0.075011 -0.000002 -0.000000 -0.000000 -0.045700 0.110149 -0.021608 8.390394 -5.870487 -3.039667 -9.161182 20.043221 48.142821 2.168958 67.261189 -2.144463 -0.817890 10.321596 -0.246009 -0.024648 -0.015740 0.026819 0.657566 -12.472203 -13.083610 -5.661961 -3.721604 -1.085357 -0.026463 -0.015278 0.015278 -0.000002 0.000008 -0.000006 -0.019946 -0.011516 0.011516 -0.000003 -0.000004 0.000003 -0.091083 -0.005179 0.022598 -0.530333 -10.951346 49.740658 2.815647 3.116152 84.439341 -0.000001 0.000001 -0.000003 -0.000002 0.000002 -0.000001 -0.095325 -0.000000 -0.000000 -3.510629 -5.784097 49.618845 -3.719546 3.531531 86.627405 0.000004 -0.000000 -0.000000 0.000005 -0.000000 0.000000 -0.091036 -0.000431 -0.018651 -4.224487 -0.609116 51.376980 -7.097481 -0.149732 79.683104 -0.000008 0.000007 0.000010 0.000005 0.000001 0.000001 -0.080767 -0.004867 -0.038063 -9.141604 -0.981137 49.639906 -6.801148 0.469185 78.552319 0.000003 0.000002 0.000014 0.000004 0.000002 -0.000001 0.045704 0.110147 -0.021608 2.730558 -0.595083 7.976589 -6.920173 -12.525583 -72.432264 3.416946 -59.421976 2.998852 13.970834 -20.890443 1.791282 0.024661 -0.015762 0.026817 -6.652030 -0.781327 9.631492 8.274105 16.027529 -8.936781 0.026479 -0.015287 0.015288 -0.000010 0.000009 -0.000013 0.019989 -0.011541 0.011541 0.000002 0.000005 -0.000000 0.091093 -0.005180 0.022599 0.050445 9.512217 -56.478660 4.864477 -1.336296 -79.071311 -0.000002 -0.000001 0.000000 -0.000001 -0.000003 -0.000001 0.095334 0.000000 -0.000000 -2.831073 6.271278 -59.454160 -2.388343 -2.690507 -79.210414 0.000000 -0.000000 -0.000001 -0.000001 -0.000000 -0.000002 0.091045 -0.000430 -0.018651 -2.379579 0.080629 -64.672240 -8.299348 -1.448252 -75.242559 -0.000003 0.000001 0.000001 -0.000004 -0.000001 0.000002 0.080778 -0.004869 -0.038063 -5.812866 0.666207 -59.387621 -10.058560 -4.477424 -76.362956 -0.000011 -0.000010 -0.000013 -0.000002 0.000001 -0.000000 -0.082078 -0.067517 -0.015995 -27.657576 -0.853568 -5.966878 34.527108 -0.016156 1.326179 -1.792936 -14.236445 5.244486 1.214021 -1.108329 1.093622 0.000000 0.000002 -0.000000 0.082078 -0.067517 -0.015995 -14.428172 -5.222190 8.208942 47.857950 0.075382 -1.525437 -17.257187 2.349435 -5.134401 -11.956133 0.123274 0.476720 -0.000000 -0.000000 0.000000 
0.019483 0.970088 0.042007 -5.012728 3.864758 -3.555482 0.000000 0.101815 0.001315 7.176826 1.473132 0.851355 14.351728 2.997321 1.177827 14.351735 2.997318 1.177829 -0.000000 0.167404 -0.020490 -23.631920 -9.764400 0.123912 -0.000000 0.096178 0.016850 -17.491358 -6.435286 0.269595 0.000000 0.220374 0.075011 0.000001 0.000000 -0.000000 -0.045700 0.110149 -0.021608 8.452842 -6.257081 -3.296120 -8.888795 21.310591 48.989771 2.112634 67.531132 -2.090082 -1.241781 10.506189 -0.204900 -0.024648 -0.015740 0.026819 1.926461 -12.774698 -13.599468 -5.851607 -3.742180 -1.003012 -0.026463 -0.015278 0.015278 -0.000006 0.000010 -0.000009 -0.019946 -0.011516 0.011516 0.000002 -0.000001 -0.000000 -0.091083 -0.005179 0.022598 0.076638 -11.206691 50.862930 2.674802 3.341137 87.191347 -0.000003 0.000001 -0.000003 0.000004 0.000001 0.000001 -0.095325 0.000000 0.000000 -3.321578 -6.008687 50.779837 -3.906522 3.531671 89.425399 0.000003 0.000003 -0.000003 0.000006 0.000002 -0.000003 -0.091036 -0.000431 -0.018651 -4.335316 -0.578277 52.611735 -7.285903 -0.388324 82.058951 -0.000004 0.000005 0.000010 0.000001 0.000001 -0.000002 -0.080767 -0.004867 -0.038063 -9.517215 -1.049463 50.523715 -6.898589 0.248548 81.060630 0.000001 0.000002 0.000012 0.000003 0.000004 -0.000001 0.045704 0.110147 -0.021608 2.765326 -0.385902 8.430333 -6.326044 -11.896175 -73.121212 3.524266 -60.322817 3.115018 13.364226 -20.939381 1.153022 0.024661 -0.015762 0.026817 -6.403873 -0.329491 10.036546 8.176982 16.040846 -8.995135 0.026479 -0.015287 0.015287 -0.000007 0.000009 -0.000011 0.019989 -0.011541 0.011541 0.000003 0.000000 0.000005 0.091093 -0.005180 0.022599 0.430508 9.916151 -58.176901 4.814094 -1.583768 -81.553169 0.000002 0.000003 -0.000002 -0.000002 0.000006 -0.000001 0.095334 0.000000 -0.000000 -2.786649 6.446797 -61.069712 -2.521588 -2.721104 -81.806549 -0.000001 0.000002 0.000001 -0.000001 0.000003 -0.000001 0.091045 -0.000430 -0.018651 -2.636161 -0.107816 -66.138805 -8.527449 -1.243500 -77.221156 -0.000001 0.000003 -0.000001 -0.000001 0.000001 -0.000001 0.080778 -0.004869 -0.038063 -6.330052 0.411249 -60.740046 -10.275734 -4.284880 -78.323999 -0.000008 -0.000012 -0.000012 -0.000001 0.000005 -0.000003 -0.082078 -0.067517 -0.015995 -27.598633 -0.976353 -5.808301 32.458217 -0.227088 1.237869 -0.471516 -14.380912 5.908218 1.218801 -0.987759 1.012710 -0.000000 0.000001 0.000000 0.082078 -0.067517 -0.015995 -13.872873 -5.359028 8.286613 47.858668 0.370694 -1.505622 -17.582835 2.657683 -5.236750 -12.204424 0.153578 0.476625 -0.000000 -0.000000 0.000000 
0.020403 0.970107 0.046000 -5.187732 3.589197 -3.758913 -0.000000 0.101816 0.001315 7.245134 1.465201 0.847936 14.488540 2.978853 1.168590 14.488540 2.978853 1.168590 -0.000000 0.167404 -0.020490 -23.392327 -9.548787 0.156028 -0.000000 0.096178 0.016850 -17.660144 -6.238299 0.352758 -0.000000 0.220374 0.075011 0.000002 0.000000 -0.000000 -0.045700 0.110149 -0.021608 8.506488 -6.670435 -3.556601 -8.549591 22.443684 49.845573 2.064436 67.860825 -2.043959 -1.681508 10.673909 -0.150713 -0.024648 -0.015740 0.026819 3.179917 -13.065410 -14.077587 -6.039079 -3.763097 -0.923016 -0.026463 -0.015278 0.015278 -0.000002 0.000010 -0.000008 -0.019946 -0.011516 0.011516 0.000003 -0.000006 0.000003 -0.091083 -0.005179 0.022598 0.682739 -11.439093 51.971422 2.516209 3.556609 89.900104 -0.000004 0.000004 -0.000004 -0.000001 -0.000001 0.000001 -0.095325 -0.000000 0.000000 -3.126687 -6.223172 51.922873 -4.090346 3.522792 92.178232 -0.000003 0.000001 0.000001 -0.000004 0.000001 0.000000 -0.091036 -0.000431 -0.018651 -4.445835 -0.548736 53.826228 -7.457924 -0.635975 84.395887 -0.000002 0.000006 0.000010 0.000002 -0.000000 -0.000001 -0.080767 -0.004867 -0.038063 -9.885257 -1.124518 51.392785 -6.977374 0.024850 83.528193 -0.000001 0.000003 0.000010 0.000000 0.000002 -0.000002 0.045704 0.110147 -0.021608 2.796697 -0.206892 8.844421 -5.794740 -11.332975 -73.790440 3.620579 -61.043941 3.217204 12.762237 -20.957472 0.468815 0.024661 -0.015762 0.026817 -6.142563 0.150970 10.462906 8.082358 16.054508 -9.053806 0.026479 -0.015287 0.015287 -0.000011 0.000009 -0.000011 0.019989 -0.011541 0.011541 0.000004 -0.000009 0.000004 0.091093 -0.005180 0.022599 0.822649 10.300467 -59.852661 4.744153 -1.825773 -83.994415 -0.000001 0.000002 0.000001 -0.000004 0.000002 0.000001 0.095334 0.000000 0.000000 -2.734559 6.619008 -62.660941 -2.654005 -2.745319 -84.359953 0.000000 0.000004 -0.000001 0.000000 0.000005 -0.000001 0.091045 -0.000430 -0.018651 -2.895762 -0.286509 -67.583247 -8.740692 -1.029520 -79.166127 -0.000002 0.000003 0.000001 -0.000001 0.000007 0.000000 0.080778 -0.004869 -0.038063 -6.848203 0.174543 -62.072766 -10.475628 -4.086346 -80.251451 -0.000012 -0.000013 -0.000012 0.000000 0.000001 -0.000002 -0.082078 -0.067517 -0.015995 -27.409325 -1.184561 -5.728351 30.295577 -0.443414 1.144095 0.860044 -14.429131 6.574914 1.187934 -0.891259 0.938615 0.000000 -0.000000 -0.000000 0.082078 -0.067517 -0.015995 -13.273713 -5.489890 8.350708 47.802735 0.667513 -1.484538 -17.882772 2.860197 -5.341662 -12.448598 0.161292 0.480860 -0.000000 0.000000 0.000000 
0.021106 0.970212 0.050243 -5.388516 3.443097 -3.907902 0.000000 0.101816 0.001315 7.307730 1.457458 0.848893 14.613644 2.961554 1.172403 14.613642 2.961557 1.172401 -0.000000 0.167404 -0.020490 -23.047898 -9.427069 0.146847 0.000000 0.096179 0.016850 -17.854465 -6.136974 0.403647 -0.000000 0.220374 0.075011 -0.000001 -0.000000 -0.000000 -0.045700 0.110149 -0.021608 8.548843 -7.132036 -3.834631 -8.143601 23.387732 50.728699 2.027040 68.273519 -2.008908 -2.132573 10.827686 -0.074294 -0.024648 -0.015740 0.026819 4.413919 -13.342783 -14.518426 -6.224196 -3.784063 -0.845559 -0.026463 -0.015278 0.015278 -0.000004 0.000008 -0.000015 -0.019946 -0.011516 0.011516 -0.000002 -0.000000 0.000005 -0.091083 -0.005179 0.022598 1.285696 -11.648461 53.063149 2.341203 3.760667 92.559534 0.000000 0.000003 -0.000004 0.000004 0.000001 0.000001 -0.095325 0.000000 -0.000000 -2.926924 -6.426985 53.045240 -4.270151 3.505404 94.879654 -0.000001 0.000001 0.000001 -0.000004 0.000001 -0.000000 -0.091036 -0.000431 -0.018651 -4.555731 -0.520530 55.017724 -7.612841 -0.890733 86.688713 -0.000006 0.000006 0.000010 0.000002 0.000003 -0.000001 -0.080767 -0.004867 -0.038063 -10.244719 -1.205759 52.245097 -7.037581 -0.199814 85.949687 -0.000001 0.000006 0.000011 0.000000 -0.000001 0.000000 0.045704 0.110147 -0.021608 2.824475 -0.081526 9.190281 -5.315133 -10.896751 -74.386142 3.703948 -61.575043 3.303437 12.217168 -20.961150 -0.267693 0.024661 -0.015762 0.026817 -5.870052 0.655541 10.905472 7.990497 16.068606 -9.112734 0.026479 -0.015287 0.015288 -0.000007 0.000008 -0.000011 0.019989 -0.011541 0.011541 -0.000004 -0.000001 0.000001 0.091093 -0.005180 0.022599 1.224834 10.664078 -61.502350 4.655687 -2.060239 -86.389537 0.000000 0.000002 -0.000002 0.000001 0.000000 -0.000005 0.095334 -0.000000 -0.000000 -2.675259 6.787140 -64.224631 -2.784916 -2.763341 -86.864522 -0.000002 0.000003 -0.000001 0.000001 0.000002 0.000001 0.091045 -0.000430 -0.018651 -3.157311 -0.455119 -69.002628 -8.938362 -0.808012 -81.072986 -0.000001 -0.000000 0.000000 -0.000003 0.000001 0.000002 0.080778 -0.004869 -0.038063 -7.365379 -0.043677 -63.382988 -10.657939 -3.883651 -82.140900 -0.000013 -0.000015 -0.000011 -0.000003 -0.000001 0.000005 -0.082078 -0.067517 -0.015995 -27.041188 -1.498736 -5.744305 27.974071 -0.685233 1.040800 2.176846 -14.207570 7.363290 1.096752 -0.828341 0.870905 0.000000 -0.000001 -0.000000 0.082078 -0.067517 -0.015995 -12.626922 -5.628936 8.392075 47.689764 0.978473 -1.461184 -18.156904 2.939563 -5.454823 -12.683663 0.173987 0.478820 0.000000 0.000000 0.000000 
0.021592 0.970367 0.054745 -5.606082 3.397958 -4.012686 -0.000000 0.101816 0.001315 7.362403 1.450876 0.853751 14.722693 2.947251 1.187346 14.722679 2.947251 1.187346 0.000000 0.167403 -0.020490 -22.624238 -9.377483 0.094469 -0.000000 0.096179 0.016850 -18.062331 -6.115416 0.426849 0.000000 0.220374 0.075011 -0.000000 0.000000 0.000000 -0.045700 0.110149 -0.021608 8.580982 -7.628471 -4.123795 -7.686961 24.158437 51.640226 1.997919 68.742774 -1.982295 -2.601137 10.953049 0.047964 -0.024648 -0.015740 0.026819 5.624375 -13.606192 -14.923779 -6.406672 -3.804893 -0.771024 -0.026463 -0.015278 0.015278 -0.000007 0.000008 -0.000008 -0.019946 -0.011516 0.011516 0.000001 -0.000009 -0.000000 -0.091083 -0.005179 0.022598 1.882927 -11.835456 54.134850 2.151975 3.952458 95.163195 -0.000006 0.000003 -0.000004 -0.000001 0.000004 0.000001 -0.095325 0.000000 -0.000000 -2.723577 -6.619925 54.144146 -4.445210 3.480175 97.523101 -0.000001 0.000000 -0.000001 0.000000 -0.000000 0.000001 -0.091036 -0.000431 -0.018651 -4.664669 -0.493751 56.183227 -7.750796 -1.150605 88.932075 -0.000008 0.000005 0.000008 -0.000005 -0.000003 0.000000 -0.080767 -0.004867 -0.038063 -10.594828 -1.292427 53.078544 -7.080030 -0.423837 88.319298 -0.000004 0.000002 0.000014 -0.000008 -0.000001 0.000001 0.045704 0.110147 -0.021608 2.849426 0.005911 9.487558 -4.909905 -10.516627 -74.952379 3.774113 -61.949365 3.373942 11.746266 -20.943377 -1.052502 0.024661 -0.015762 0.026817 -5.589280 1.179328 11.360525 7.901921 16.083338 -9.171834 0.026479 -0.015287 0.015287 -0.000006 0.000009 -0.000012 0.019989 -0.011541 0.011541 0.000002 0.000002 0.000001 0.091093 -0.005180 0.022599 1.634430 11.006555 -63.122006 4.550465 -2.285934 -88.732511 0.000003 0.000003 0.000000 0.000000 0.000000 0.000002 0.095334 -0.000000 -0.000000 -2.609544 6.950617 -65.757257 -2.913699 -2.775439 -89.314033 0.000000 -0.000003 -0.000000 0.000001 0.000000 -0.000002 0.091045 -0.000430 -0.018651 -3.419588 -0.613549 -70.393828 -9.120380 -0.580760 -82.936945 0.000003 0.000003 -0.000004 0.000001 0.000003 -0.000005 0.080778 -0.004869 -0.038063 -7.879548 -0.243735 -64.667753 -10.822915 -3.678217 -83.987558 -0.000010 -0.000015 -0.000016 -0.000001 0.000002 -0.000005 -0.082078 -0.067517 -0.015995 -26.489548 -1.873138 -5.817748 25.480080 -0.944181 0.927416 3.467630 -13.790656 8.184025 0.975274 -0.775072 0.801201 -0.000000 0.000002 -0.000000 0.082078 -0.067517 -0.015995 -11.939348 -5.786770 8.414047 47.530778 1.307125 -1.435367 -18.413891 2.929179 -5.582690 -12.906767 0.190347 0.473027 -0.000000 -0.000001 0.000000 
0.021866 0.970548 0.059528 -5.835914 3.441771 -4.077255 -0.000000 0.101816 0.001315 7.406812 1.449359 0.863874 14.810965 2.943621 1.214480 14.810960 2.943620 1.214480 -0.000000 0.167404 -0.020490 -22.138996 -9.397658 -0.020824 0.000000 0.096179 0.016850 -18.273044 -6.184095 0.420884 0.000000 0.220374 0.075011 -0.000000 0.000000 -0.000000 -0.045700 0.110149 -0.021609 8.602625 -8.160871 -4.426775 -7.187205 24.739632 52.588980 1.977492 69.261472 -1.964554 -3.094928 11.034073 0.244360 -0.024648 -0.015740 0.026819 6.807016 -13.854404 -15.294873 -6.586219 -3.825304 -0.699701 -0.026463 -0.015278 0.015278 -0.000001 0.000006 -0.000015 -0.019946 -0.011516 0.011516 0.000002 -0.000002 0.000001 -0.091083 -0.005179 0.022598 2.472057 -12.000384 55.183349 1.950356 4.130448 97.704934 -0.000003 0.000003 -0.000004 0.000003 -0.000004 -0.000001 -0.095325 0.000000 -0.000000 -2.517767 -6.801647 55.216803 -4.614759 3.447687 100.102289 -0.000002 -0.000001 -0.000000 -0.000002 -0.000003 0.000000 -0.091036 -0.000431 -0.018651 -4.772281 -0.468425 57.319986 -7.871619 -1.413508 91.120761 -0.000006 0.000004 0.000010 -0.000000 -0.000002 -0.000001 -0.080767 -0.004867 -0.038063 -10.934533 -1.383867 53.891019 -7.105396 -0.645190 90.631590 0.000002 0.000000 0.000013 -0.000004 -0.000001 0.000002 0.045704 0.110147 -0.021608 2.871963 0.054817 9.736231 -4.598659 -10.162869 -75.495775 3.831334 -62.179399 3.429263 11.411058 -20.914529 -1.882933 0.024661 -0.015762 0.026817 -5.302464 1.717927 11.823406 7.817006 16.098850 -9.231042 0.026479 -0.015288 0.015288 -0.000004 0.000011 -0.000013 0.019989 -0.011541 0.011541 0.000001 0.000002 0.000005 0.091093 -0.005180 0.022599 2.049036 11.327189 -64.707914 4.430048 -2.501040 -91.017605 0.000002 0.000003 -0.000001 0.000001 0.000002 0.000001 0.095334 0.000000 -0.000000 -2.538043 7.108773 -67.255602 -3.039785 -2.782000 -91.702366 0.000002 -0.000003 -0.000000 0.000001 -0.000000 -0.000002 0.091045 -0.000430 -0.018651 -3.681453 -0.761610 -71.753965 -9.286423 -0.349530 -84.753434 -0.000001 0.000001 -0.000000 -0.000003 0.000001 0.000001 0.080778 -0.004869 -0.038063 -8.388560 -0.425653 -65.924262 -10.970702 -3.471947 -85.787033 -0.000011 -0.000014 -0.000011 -0.000001 0.000002 -0.000000 -0.082078 -0.067517 -0.015995 -25.711113 -2.282295 -5.923278 22.723908 -1.227188 0.795966 4.720659 -13.148953 9.039437 0.837074 -0.716327 0.722889 0.000000 -0.000000 -0.000001 0.082078 -0.067517 -0.015995 -11.212813 -5.979201 8.413391 47.332292 1.665150 -1.406225 -18.660289 2.846011 -5.730861 -13.116939 0.222676 0.460648 -0.000000 -0.000000 0.000000 
0.021912 0.970718 0.064588 -6.068091 3.545786 -4.110546 -0.000000 0.101815 0.001315 7.441345 1.449298 0.875646 14.879354 2.943575 1.247806 14.879350 2.943574 1.247806 -0.000000 0.167404 -0.020490 -21.626641 -9.462095 -0.167869 -0.000000 0.096178 0.016850 -18.481932 -6.300632 0.389907 -0.000000 0.220374 0.075011 -0.000000 0.000000 -0.000000 -0.045700 0.110149 -0.021608 8.616131 -8.706992 -4.729751 -6.669486 25.169778 53.565728 1.961475 69.795340 -1.951062 -3.604474 11.073816 0.507813 -0.024648 -0.015740 0.026819 7.957713 -14.087172 -15.633842 -6.762648 -3.845033 -0.631881 -0.026463 -0.015278 0.015278 -0.000006 0.000010 -0.000006 -0.019946 -0.011516 0.011516 -0.000002 -0.000000 -0.000004 -0.091083 -0.005179 0.022598 3.050579 -12.144243 56.205453 1.738742 4.294292 100.178145 0.000000 -0.000001 -0.000006 -0.000004 0.000004 0.000002 -0.095325 0.000000 -0.000000 -2.310822 -6.972067 56.260415 -4.778169 3.408739 102.610656 -0.000002 0.000002 -0.000001 -0.000001 -0.000002 -0.000002 -0.091036 -0.000431 -0.018651 -4.878175 -0.444619 58.424960 -7.975858 -1.677497 93.249485 -0.000006 0.000009 0.000010 -0.000000 -0.000000 0.000002 -0.080767 -0.004867 -0.038063 -11.263119 -1.479193 54.680476 -7.114861 -0.862523 92.880812 -0.000002 0.000005 0.000013 -0.000002 0.000000 0.000001 0.045704 0.110147 -0.021608 2.892734 0.091028 9.966990 -4.381679 -9.769605 -76.067844 3.877875 -62.316720 3.472422 11.131576 -20.840089 -2.761350 0.024661 -0.015762 0.026817 -5.012754 2.266446 12.290821 7.736058 16.115307 -9.290222 0.026479 -0.015287 0.015287 -0.000006 0.000011 -0.000009 0.019989 -0.011541 0.011541 -0.000001 -0.000001 -0.000002 0.091093 -0.005180 0.022599 2.465935 11.625968 -66.256086 4.296541 -2.704796 -93.238851 -0.000003 0.000002 -0.000000 -0.000002 -0.000002 0.000000 0.095334 0.000000 -0.000000 -2.461685 7.261201 -68.716184 -3.162505 -2.783326 -94.023237 -0.000001 -0.000000 -0.000003 -0.000002 -0.000003 -0.000002 0.091045 -0.000430 -0.018651 -3.941637 -0.899348 -73.079807 -9.436712 -0.116153 -86.517842 -0.000000 -0.000000 -0.000001 -0.000001 -0.000003 -0.000003 0.080778 -0.004869 -0.038063 -8.890339 -0.590032 -67.149550 -11.101857 -3.266144 -87.534680 -0.000007 -0.000012 -0.000013 0.000000 0.000001 0.000000 -0.082078 -0.067517 -0.015995 -24.740535 -2.689676 -6.035540 19.796168 -1.505800 0.660443 5.952575 -12.434569 9.797561 0.706782 -0.634848 0.630936 0.000001 0.000003 0.000000 0.082078 -0.067517 -0.015995 -10.458207 -6.201140 8.399415 47.103812 2.040728 -1.374806 -18.902183 2.720842 -5.899917 -13.314222 0.257625 0.447304 0.000000 -0.000000 0.000000 
0.021720 0.970839 0.069938 -6.292358 3.682137 -4.121722 -0.000000 0.101816 0.001315 7.464306 1.449383 0.886392 14.924477 2.944749 1.282830 14.924467 2.944748 1.282832 -0.000000 0.167404 -0.020490 -21.117671 -9.549050 -0.329651 0.000000 0.096178 0.016850 -18.681005 -6.434121 0.333056 0.000000 0.220374 0.075011 0.000001 -0.000000 -0.000000 -0.045700 0.110149 -0.021608 8.624534 -9.245551 -5.018166 -6.149773 25.465607 54.562290 1.946455 70.316934 -1.938181 -4.126006 11.058816 0.847813 -0.024648 -0.015740 0.026819 9.072043 -14.303659 -15.942561 -6.935690 -3.863832 -0.567856 -0.026463 -0.015278 0.015278 -0.000005 0.000008 -0.000008 -0.019946 -0.011516 0.011516 -0.000000 -0.000003 0.000001 -0.091083 -0.005179 0.022598 3.616051 -12.267809 57.198012 1.519346 4.443007 102.576696 -0.000003 0.000001 -0.000002 -0.000002 0.000000 0.000001 -0.095325 -0.000000 0.000000 -2.104019 -7.131064 57.272185 -4.934816 3.364087 105.041944 -0.000001 0.000004 0.000003 -0.000002 0.000003 0.000004 -0.091036 -0.000431 -0.018651 -4.982027 -0.422387 59.495435 -8.063729 -1.940470 95.313029 -0.000011 0.000007 0.000015 0.000000 -0.000001 0.000001 -0.080767 -0.004867 -0.038063 -11.579688 -1.577597 55.444904 -7.109517 -1.073966 95.061453 -0.000002 0.000006 0.000016 -0.000001 0.000002 0.000003 0.045704 0.110147 -0.021608 2.912261 0.138614 10.209616 -4.281818 -9.254736 -76.722907 3.916818 -62.405587 3.507118 10.876034 -20.695425 -3.691982 0.024661 -0.015762 0.026817 -4.722819 2.820492 12.758575 7.659558 16.132840 -9.349294 0.026479 -0.015287 0.015288 -0.000007 0.000013 -0.000010 0.019989 -0.011541 0.011541 -0.000001 0.000004 0.000001 0.091093 -0.005180 0.022599 2.882445 11.902595 -67.762621 4.151869 -2.895842 -95.390490 0.000000 -0.000003 -0.000000 -0.000001 0.000001 -0.000003 0.095334 -0.000000 0.000000 -2.381305 7.407247 -70.135654 -3.281419 -2.779886 -96.270546 0.000001 0.000000 -0.000000 0.000000 0.000002 0.000001 0.091045 -0.000430 -0.018651 -4.198923 -1.026747 -74.368466 -9.571332 0.117495 -88.225608 -0.000001 -0.000001 -0.000002 -0.000001 -0.000003 -0.000001 0.080778 -0.004869 -0.038063 -9.382791 -0.737220 -68.340824 -11.216888 -3.062637 -89.226005 -0.000010 -0.000012 -0.000014 -0.000003 -0.000003 -0.000002 -0.082078 -0.067517 -0.015995 -23.875211 -3.031117 -6.094327 17.242056 -1.691681 0.539958 6.935874 -11.790617 9.661165 0.619367 -0.500310 0.514451 -0.000000 0.000000 -0.000000 0.082078 -0.067517 -0.015995 -9.684708 -6.457525 8.375269 46.855733 2.428356 -1.341710 -19.147911 2.590013 -6.090908 -13.498757 0.282616 0.438787 -0.000000 -0.000001 0.000000 
0.021276 0.970900 0.075556 -6.505209 3.837497 -4.116251 -0.000000 0.101816 0.001315 7.479614 1.446113 0.894172 14.954216 2.940386 1.316317 14.954202 2.940383 1.316318 -0.000000 0.167404 -0.020490 -20.639572 -9.639451 -0.485658 -0.000000 0.096179 0.016850 -18.869890 -6.560956 0.266568 -0.000000 0.220374 0.075011 -0.000000 -0.000000 -0.000000 -0.045700 0.110149 -0.021608 8.628068 -9.774557 -5.296735 -5.664331 25.675093 55.588560 1.927853 70.798435 -1.921026 -4.649098 11.022800 1.242171 -0.024648 -0.015740 0.026819 10.145780 -14.504007 -16.223543 -7.105048 -3.881434 -0.507942 -0.026463 -0.015278 0.015278 -0.000005 0.000008 -0.000008 -0.019946 -0.011516 0.011516 0.000000 0.000004 0.000001 -0.091083 -0.005179 0.022598 4.166072 -12.372318 58.157825 1.294649 4.576773 104.894009 -0.000003 0.000001 -0.000004 -0.000004 0.000003 0.000005 -0.095325 -0.000000 -0.000000 -1.898701 -7.278726 58.249206 -5.084237 3.314619 107.389712 -0.000002 0.000002 0.000001 -0.000003 0.000001 0.000001 -0.091036 -0.000431 -0.018651 -5.083370 -0.401700 60.528351 -8.136261 -2.200525 97.306092 -0.000012 0.000006 0.000013 -0.000003 -0.000003 0.000003 -0.080767 -0.004868 -0.038063 -11.883531 -1.678148 56.182151 -7.090862 -1.278489 97.167801 -0.000001 0.000003 0.000013 -0.000000 -0.000001 -0.000002 0.045704 0.110147 -0.021608 2.930510 0.202904 10.467947 -4.254191 -8.630543 -77.447153 3.951083 -62.480453 3.536748 10.565473 -20.461399 -4.659002 0.024661 -0.015762 0.026817 -4.436173 3.375191 13.223867 7.587883 16.151666 -9.408136 0.026479 -0.015287 0.015288 -0.000007 0.000009 -0.000008 0.019989 -0.011541 0.011541 0.000003 -0.000001 -0.000000 0.091093 -0.005180 0.022599 3.295792 12.157416 -69.223578 3.998298 -3.073883 -97.466390 0.000002 0.000002 0.000000 0.000002 0.000001 0.000002 0.095334 -0.000000 0.000000 -2.297875 7.546629 -71.510551 -3.395960 -2.772191 -98.438107 -0.000001 0.000002 0.000002 -0.000000 0.000002 0.000001 0.091045 -0.000430 -0.018651 -4.452090 -1.144004 -75.616833 -9.690859 0.349671 -89.872032 -0.000002 0.000003 0.000001 -0.000001 0.000003 -0.000000 0.080778 -0.004869 -0.038063 -9.863792 -0.868042 -69.495139 -11.316619 -2.862673 -90.856365 -0.000010 -0.000012 -0.000011 -0.000002 -0.000002 0.000001 -0.082078 -0.067517 -0.015995 -23.062363 -3.298337 -6.118019 15.019149 -1.765103 0.431759 7.762108 -11.295998 9.010536 0.557945 -0.336689 0.385332 -0.000000 0.000001 0.000001 0.082078 -0.067517 -0.015995 -8.898322 -6.730438 8.353799 46.589673 2.820836 -1.307454 -19.398407 2.452259 -6.300881 -13.670086 0.307388 0.431186 0.000000 -0.000001 0.000000 
0.020540 0.970868 0.081430 -6.699286 3.988035 -4.101818 -0.000000 0.101815 0.001315 7.489787 1.435392 0.895716 14.973702 2.922143 1.341963 14.973704 2.922145 1.341963 -0.000000 0.167404 -0.020490 -20.229724 -9.705409 -0.607242 -0.000000 0.096179 0.016850 -19.047390 -6.643317 0.202554 -0.000000 0.220374 0.075011 -0.000000 0.000000 0.000000 -0.045700 0.110149 -0.021608 8.628435 -10.281125 -5.561286 -5.252515 25.842366 56.655408 1.899139 71.208076 -1.892661 -5.169984 10.987391 1.679285 -0.024648 -0.015740 0.026819 11.174460 -14.687751 -16.479085 -7.270511 -3.897533 -0.452362 -0.026463 -0.015278 0.015278 -0.000004 0.000003 -0.000008 -0.019946 -0.011516 0.011516 0.000003 0.000001 -0.000000 -0.091083 -0.005179 0.022598 4.698260 -12.458840 59.081819 1.067077 4.695113 107.123710 -0.000002 -0.000001 -0.000004 -0.000001 0.000002 -0.000000 -0.095325 0.000000 0.000000 -1.696172 -7.415041 59.188760 -5.225975 3.261239 109.647670 -0.000002 0.000000 -0.000001 0.000001 -0.000006 -0.000002 -0.091036 -0.000431 -0.018651 -5.181856 -0.382577 61.520982 -8.194071 -2.455646 99.223401 -0.000010 0.000009 0.000014 -0.000001 -0.000001 -0.000002 -0.080767 -0.004867 -0.038063 -12.173876 -1.779958 56.890326 -7.060342 -1.474504 99.194298 -0.000002 0.000003 0.000012 0.000001 -0.000000 0.000003 0.045704 0.110147 -0.021608 2.947255 0.300637 10.760491 -4.272690 -7.853076 -78.261182 3.986131 -62.603499 3.567705 10.081956 -20.094283 -5.664322 0.024661 -0.015762 0.026817 -4.155747 3.926116 13.683049 7.521428 16.171895 -9.466659 0.026479 -0.015288 0.015287 -0.000007 0.000002 -0.000006 0.019989 -0.011541 0.011541 0.000003 -0.000003 0.000002 0.091093 -0.005180 0.022599 3.703202 12.390521 -70.634975 3.838075 -3.237969 -99.460750 -0.000002 -0.000002 -0.000002 -0.000002 -0.000000 -0.000001 0.095334 -0.000000 0.000000 -2.212320 7.678820 -72.837527 -3.505688 -2.760717 -100.519737 0.000001 0.000001 0.000002 -0.000001 0.000003 0.000001 0.091045 -0.000430 -0.018651 -4.699776 -1.251252 -76.821911 -9.795669 0.578538 -91.452668 0.000000 0.000000 -0.000000 0.000001 0.000001 -0.000000 0.080778 -0.004869 -0.038063 -10.331211 -0.983123 -70.609710 -11.401868 -2.667825 -92.421352 -0.000013 -0.000010 -0.000013 0.000001 0.000003 0.000003 -0.082078 -0.067517 -0.015995 -22.226469 -3.472635 -6.133109 13.061948 -1.715943 0.359568 8.527475 -11.056653 8.197448 0.523160 -0.149657 0.247534 0.000000 0.000000 0.000000 0.082078 -0.067517 -0.015995 -8.109104 -7.007250 8.345622 46.314813 3.210209 -1.272823 -19.659132 2.322870 -6.530592 -13.826507 0.332524 0.424399 0.000000 -0.000000 0.000000 
0.019556 0.970791 0.087522 -6.875989 4.137782 -4.086385 0.000000 0.101815 0.001315 7.497483 1.418883 0.895561 14.988264 2.892577 1.364610 14.988247 2.892575 1.364611 -0.000000 0.167404 -0.020490 -19.887412 -9.745405 -0.705531 0.000000 0.096179 0.016850 -19.207293 -6.694001 0.154669 0.000000 0.220374 0.075011 -0.000001 -0.000000 -0.000000 -0.045700 0.110149 -0.021608 8.623825 -10.777005 -5.824089 -4.929660 25.991052 57.765922 1.858140 71.529743 -1.850779 -5.665681 10.979332 2.141512 -0.024648 -0.015740 0.026819 12.153849 -14.855479 -16.711800 -7.431832 -3.911870 -0.401451 -0.026463 -0.015278 0.015278 -0.000004 0.000011 -0.000005 -0.019946 -0.011516 0.011516 -0.000000 -0.000000 0.000005 -0.091083 -0.005179 0.022598 5.210333 -12.528941 59.966875 0.839112 4.798708 109.259374 -0.000002 0.000001 -0.000003 -0.000002 0.000002 0.000002 -0.095325 -0.000000 0.000000 -1.497816 -7.540303 60.087981 -5.359652 3.204839 111.809350 -0.000002 0.000001 -0.000001 0.000001 0.000000 -0.000000 -0.091036 -0.000431 -0.018651 -5.277040 -0.365009 62.470433 -8.238420 -2.704150 101.059643 -0.000010 0.000006 0.000012 0.000000 0.000004 0.000002 -0.080767 -0.004867 -0.038063 -12.450033 -1.882027 57.567293 -7.019671 -1.661218 101.135178 -0.000001 0.000001 0.000012 0.000001 -0.000002 -0.000001 0.045704 0.110147 -0.021608 2.962128 0.421703 11.073676 -4.303358 -7.008164 -79.113166 4.019003 -62.735991 3.596473 9.511856 -19.646409 -6.654107 0.024661 -0.015762 0.026817 -3.885451 4.468469 14.133917 7.460531 16.193711 -9.524706 0.026479 -0.015287 0.015288 -0.000006 0.000009 -0.000009 0.019989 -0.011541 0.011541 0.000004 0.000004 -0.000000 0.091093 -0.005180 0.022599 4.101937 12.602630 -71.992769 3.673479 -3.388335 -101.367500 -0.000002 0.000000 0.000000 0.000002 -0.000002 0.000001 0.095334 0.000000 -0.000000 -2.125684 7.803647 -74.113119 -3.610137 -2.746076 -102.509214 0.000000 0.000004 0.000002 -0.000000 0.000001 -0.000001 0.091045 -0.000430 -0.018651 -4.940757 -1.348776 -77.980577 -9.886635 0.802438 -92.962795 0.000001 -0.000002 -0.000001 -0.000001 0.000000 -0.000000 0.080778 -0.004869 -0.038063 -10.782984 -1.083467 -71.681674 -11.473652 -2.479281 -93.916303 -0.000010 -0.000009 -0.000012 0.000000 0.000000 0.000002 -0.082078 -0.067517 -0.015995 -21.386907 -3.561055 -6.132311 11.359693 -1.561724 0.311603 9.258616 -11.060525 7.273782 0.497178 0.035830 0.113215 0.000001 0.000001 0.000000 0.082078 -0.067517 -0.015995 -7.314223 -7.278107 8.362038 46.020042 3.594300 -1.237551 -19.921445 2.189611 -6.776121 -13.965079 0.373033 0.413103 -0.000000 -0.000000 0.000000 
0.018317 0.970682 0.093795 -7.035330 4.281459 -4.077411 -0.000000 0.101815 0.001315 7.506993 1.395052 0.894975 15.006607 2.848436 1.385344 15.006605 2.848432 1.385347 -0.000000 0.167404 -0.020490 -19.634671 -9.743663 -0.777141 -0.000000 0.096179 0.016850 -19.343058 -6.706932 0.143870 0.000000 0.220374 0.075011 0.000003 0.000000 -0.000000 -0.045700 0.110149 -0.021608 8.612352 -11.270273 -6.098313 -4.737758 26.163395 58.943385 1.799533 71.734014 -1.789722 -6.108845 11.038723 2.615918 -0.024648 -0.015740 0.026819 13.079467 -15.007196 -16.924464 -7.588727 -3.924155 -0.355487 -0.026463 -0.015278 0.015278 -0.000006 0.000010 -0.000006 -0.019946 -0.011516 0.011516 -0.000001 -0.000003 -0.000000 -0.091083 -0.005179 0.022598 5.699993 -12.583923 60.809966 0.613217 4.887648 111.294531 -0.000002 0.000001 -0.000003 0.000002 0.000001 -0.000002 -0.095325 0.000000 0.000000 -1.304943 -7.654659 60.944098 -5.484995 3.146375 113.868406 -0.000002 -0.000000 0.000001 -0.000003 0.000002 0.000004 -0.091036 -0.000431 -0.018651 -5.368482 -0.348993 63.373760 -8.270404 -2.944103 102.809531 -0.000013 0.000008 0.000012 -0.000002 -0.000000 0.000001 -0.080767 -0.004867 -0.038063 -12.711230 -1.983440 58.211066 -6.970529 -1.837404 102.984773 -0.000002 0.000003 0.000015 -0.000002 -0.000001 -0.000001 0.045704 0.110147 -0.021608 2.974810 0.564566 11.403271 -4.298964 -6.148922 -79.974644 4.049926 -62.879644 3.623251 8.848033 -19.131263 -7.591771 0.024661 -0.015762 0.026817 -3.628753 4.997710 14.573354 7.405624 16.217256 -9.582230 0.026479 -0.015288 0.015287 -0.000006 0.000009 -0.000005 0.019989 -0.011541 0.011541 -0.000000 -0.000001 0.000001 0.091093 -0.005180 0.022599 4.489068 12.794115 -73.293059 3.506966 -3.524476 -103.180697 -0.000002 0.000002 0.000000 -0.000002 0.000000 -0.000000 0.095334 0.000000 -0.000000 -2.039031 7.920701 -75.333886 -3.708939 -2.728792 -104.400534 -0.000001 0.000001 0.000001 -0.000001 0.000001 0.000000 0.091045 -0.000430 -0.018651 -5.173797 -1.436880 -79.089889 -9.964397 1.019580 -94.397818 0.000000 -0.000001 0.000000 -0.000002 0.000001 -0.000000 0.080778 -0.004869 -0.038063 -11.217068 -1.169955 -72.708217 -11.533002 -2.298384 -95.336771 -0.000010 -0.000013 -0.000013 0.000002 0.000001 0.000001 -0.082078 -0.067517 -0.015995 -20.574794 -3.558513 -6.106721 9.977767 -1.290705 0.290905 9.959441 -11.348052 6.213148 0.461282 0.193829 -0.004923 0.000001 -0.000001 -0.000000 0.082078 -0.067517 -0.015995 -6.515642 -7.527694 8.416725 45.704098 3.967906 -1.201860 -20.183416 2.045229 -7.035506 -14.081975 0.447929 0.391057 -0.000000 -0.000000 0.000000 
0.016872 0.970611 0.100195 -7.174181 4.423758 -4.081682 0.000000 0.101815 0.001315 7.515810 1.369073 0.897843 15.023655 2.799025 1.409078 15.023653 2.799025 1.409079 -0.000000 0.167404 -0.020490 -19.440622 -9.715760 -0.836889 0.000000 0.096178 0.016850 -19.454387 -6.701715 0.160080 -0.000000 0.220374 0.075011 -0.000001 0.000000 -0.000000 -0.045700 0.110149 -0.021608 8.594792 -11.759085 -6.377194 -4.642333 26.343522 60.152527 1.726491 71.828482 -1.712840 -6.511285 11.150847 3.082465 -0.024648 -0.015740 0.026819 13.947111 -15.143708 -17.119678 -7.740985 -3.934080 -0.314745 -0.026463 -0.015278 0.015278 -0.000006 0.000010 -0.000004 -0.019946 -0.011516 0.011516 -0.000001 -0.000004 0.000006 -0.091083 -0.005179 0.022598 6.165140 -12.625479 61.608149 0.391714 4.963000 113.222748 -0.000004 0.000001 -0.000003 0.000005 0.000004 0.000001 -0.095325 -0.000000 -0.000000 -1.118928 -7.758428 61.754172 -5.601777 3.086784 115.818562 -0.000001 0.000000 0.000001 0.000001 -0.000002 0.000001 -0.091036 -0.000431 -0.018651 -5.455816 -0.334456 64.228135 -8.291392 -3.174036 104.467648 -0.000007 0.000009 0.000010 -0.000001 0.000003 0.000002 -0.080767 -0.004867 -0.038063 -12.956948 -2.083107 58.819615 -6.914722 -2.002594 104.737399 -0.000003 0.000004 0.000013 -0.000002 0.000002 0.000002 0.045704 0.110147 -0.021608 2.985374 0.720109 11.739553 -4.269544 -5.335610 -80.810536 4.074111 -62.975157 3.642416 8.241894 -18.630821 -8.440117 0.024661 -0.015762 0.026817 -3.389815 5.508983 14.999579 7.357111 16.242731 -9.639050 0.026479 -0.015287 0.015288 -0.000007 0.000011 -0.000010 0.019989 -0.011541 0.011541 0.000001 0.000002 0.000005 0.091093 -0.005180 0.022599 4.862012 12.965931 -74.531837 3.340708 -3.646962 -104.894330 0.000001 0.000000 -0.000000 0.000001 -0.000004 -0.000000 0.095334 -0.000000 0.000000 -1.953384 8.029831 -76.496418 -3.801753 -2.709536 -106.187401 -0.000002 -0.000000 0.000000 -0.000001 -0.000003 0.000001 0.091045 -0.000430 -0.018651 -5.397607 -1.515968 -80.146758 -10.030022 1.228468 -95.753125 -0.000002 0.000001 -0.000001 -0.000002 -0.000003 -0.000000 0.080778 -0.004869 -0.038063 -11.631463 -1.243718 -73.686533 -11.581051 -2.126090 -96.678090 -0.000010 -0.000013 -0.000013 0.000000 0.000002 0.000000 -0.082078 -0.067517 -0.015995 -19.763468 -3.474328 -6.162114 8.660053 -1.007893 0.283050 11.522143 -11.791066 6.326773 0.417514 0.321780 -0.104522 0.000000 0.000000 0.000000 0.082078 -0.067517 -0.015995 -5.712347 -7.759763 8.512665 45.350414 4.331241 -1.165261 -20.431519 1.890638 -7.305735 -14.173352 0.546095 0.361777 -0.000000 0.000000 0.000000 
0.015225 0.970651 0.106670 -7.290358 4.570960 -4.107552 0.000000 0.101816 0.001315 7.524417 1.343746 0.906551 15.040201 2.751143 1.442949 15.040194 2.751137 1.442952 -0.000000 0.167404 -0.020490 -19.292672 -9.668114 -0.896500 0.000000 0.096178 0.016850 -19.536931 -6.692749 0.205177 -0.000000 0.220374 0.075011 0.000002 0.000000 -0.000000 -0.045700 0.110149 -0.021608 8.570531 -12.247263 -6.661984 -4.636031 26.540619 61.376141 1.639022 71.800963 -1.620286 -6.866416 11.328482 3.510470 -0.024648 -0.015740 0.026819 14.752328 -15.265428 -17.300353 -7.864296 -3.992927 -0.287240 -0.026463 -0.015278 0.015278 -0.000012 0.000010 -0.000006 -0.019946 -0.011516 0.011516 0.000005 -0.000006 -0.000000 -0.091083 -0.005179 0.022598 6.603599 -12.655151 62.358377 0.177073 5.025315 115.037625 -0.000003 0.000002 -0.000003 0.000000 0.000002 0.000001 -0.095325 0.000000 0.000000 -0.941090 -7.851897 62.515506 -5.709827 3.027014 117.653383 -0.000002 0.000002 -0.000002 -0.000004 -0.000001 -0.000000 -0.091036 -0.000431 -0.018651 -5.538568 -0.321383 65.030668 -8.302804 -3.392209 106.028763 -0.000010 0.000008 0.000010 -0.000005 -0.000001 0.000003 -0.080767 -0.004867 -0.038063 -13.186448 -2.180079 59.391002 -6.854120 -2.155845 106.387313 -0.000002 0.000003 0.000012 0.000001 0.000001 -0.000001 0.045704 0.110147 -0.021608 2.993633 0.880755 12.073386 -4.204848 -4.655198 -81.585435 4.084343 -62.954639 3.645832 7.853637 -18.238458 -9.145787 0.024661 -0.015762 0.026817 -3.172583 5.997812 15.410170 7.315367 16.270262 -9.695074 0.026479 -0.015288 0.015287 -0.000003 0.000011 -0.000010 0.019989 -0.011541 0.011541 0.000001 -0.000004 -0.000000 0.091093 -0.005180 0.022599 5.217882 13.118807 -75.705127 3.177176 -3.755826 -106.502368 -0.000003 0.000001 0.000001 -0.000001 -0.000000 -0.000000 0.095334 -0.000000 -0.000000 -1.869848 8.130820 -77.597301 -3.888230 -2.688869 -107.863734 0.000001 0.000001 0.000000 -0.000001 0.000001 0.000000 0.091045 -0.000430 -0.018651 -5.610958 -1.586393 -81.148173 -10.084436 1.427460 -97.024032 0.000000 -0.000000 0.000000 -0.000003 -0.000002 0.000001 0.080778 -0.004869 -0.038063 -12.024142 -1.305761 -74.613915 -11.619000 -1.963620 -97.935740 -0.000010 -0.000008 -0.000013 0.000000 0.000003 -0.000000 -0.082078 -0.067517 -0.015995 -18.804540 -3.335090 -6.192794 7.078111 -0.718996 0.278058 13.615040 -12.403678 6.816052 0.356225 0.403080 -0.176867 -0.000000 -0.000001 -0.000000 0.082078 -0.067517 -0.015995 -4.902769 -7.976296 8.659403 44.943215 4.679846 -1.127475 -20.653046 1.725987 -7.584312 -14.236225 0.673551 0.323457 0.000000 -0.000001 0.000000 
0.013291 0.970848 0.113323 -7.380956 4.714422 -4.169284 0.000000 0.101815 0.001315 7.527929 1.325275 0.938328 15.047477 2.709227 1.481218 15.047467 2.709226 1.481218 -0.000000 0.167404 -0.020490 -19.159097 -9.615003 -0.961121 -0.000000 0.096179 0.016850 -19.596760 -6.689101 0.263299 0.000000 0.220374 0.075011 -0.000000 0.000000 -0.000000 -0.045700 0.110149 -0.021608 8.541791 -12.726048 -6.941642 -4.675084 26.730608 62.586799 1.544004 71.679782 -1.519278 -7.203265 11.533411 3.918486 -0.024648 -0.015740 0.026819 15.490983 -15.373477 -17.469110 -7.976922 -4.060482 -0.267233 -0.026463 -0.015278 0.015278 -0.000005 0.000008 -0.000005 -0.019946 -0.011516 0.011516 -0.000001 -0.000002 0.000001 -0.091083 -0.005179 0.022598 7.013397 -12.674657 63.057836 -0.028612 5.075866 116.732728 -0.000002 0.000005 -0.000004 0.000001 0.000001 0.000001 -0.095325 0.000000 -0.000000 -0.772685 -7.935538 63.225176 -5.809029 2.968023 119.366626 -0.000002 -0.000000 -0.000000 -0.000002 0.000002 -0.000001 -0.091036 -0.000431 -0.018651 -5.616263 -0.309730 65.778471 -8.306118 -3.597330 107.487363 -0.000007 0.000005 0.000009 0.000003 0.000003 0.000000 -0.080767 -0.004867 -0.038063 -13.399147 -2.273353 59.923189 -6.790505 -2.296904 107.928709 -0.000002 0.000005 0.000013 -0.000002 0.000006 0.000000 0.045704 0.110147 -0.021608 2.999976 1.040162 12.398719 -4.115579 -4.087218 -82.287373 4.085413 -62.845178 3.638721 7.638274 -17.941770 -9.740215 0.024661 -0.015762 0.026817 -2.981476 6.459299 15.803702 7.280758 16.300040 -9.750145 0.026479 -0.015288 0.015288 -0.000005 0.000009 -0.000006 0.019989 -0.011541 0.011541 0.000006 0.000005 -0.000000 0.091093 -0.005180 0.022599 5.554148 13.253793 -76.809008 3.018467 -3.851810 -107.998828 -0.000001 -0.000001 0.000001 -0.000003 0.000001 0.000001 0.095334 0.000000 -0.000000 -1.789478 8.223581 -78.633079 -3.968114 -2.667382 -109.423346 0.000000 -0.000000 -0.000000 -0.000001 0.000000 -0.000000 0.091045 -0.000430 -0.018651 -5.812638 -1.648631 -82.091046 -10.128745 1.615220 -98.205956 0.000001 0.000004 0.000001 0.000001 0.000002 0.000001 0.080778 -0.004869 -0.038063 -12.393220 -1.357304 -75.487510 -11.648032 -1.811749 -99.105143 -0.000011 -0.000008 -0.000013 -0.000001 0.000004 0.000000 -0.082078 -0.067517 -0.015995 -19.178183 -2.892136 -5.904882 8.886799 -0.267834 0.364475 13.576592 -12.979847 7.086080 0.301485 0.372805 -0.171239 -0.000000 0.000000 0.000000 0.082078 -0.067517 -0.015995 -4.068592 -8.174165 8.877852 44.460980 5.022503 -1.087782 -20.843721 1.549825 -7.881002 -14.269529 0.797855 0.285353 0.000000 -0.000000 0.000000 
0.012595 0.970751 0.118767 -7.240030 4.904383 -4.140730 0.000000 0.101815 0.001315 7.468451 1.302095 0.954406 14.928553 2.658848 1.505957 14.928557 2.658850 1.505957 -0.000000 0.167404 -0.020490 -18.851476 -9.501476 -1.054845 -0.000000 0.096178 0.016850 -19.679296 -6.685297 0.318693 -0.000000 0.220374 0.075011 -0.000001 0.000000 -0.000000 -0.045700 0.110149 -0.021608 8.537072 -12.800288 -6.928453 -4.406567 26.156162 63.564049 1.494214 71.836521 -1.463351 -7.120768 11.870293 3.954172 -0.024648 -0.015740 0.026819 16.459260 -15.421232 -17.368783 -8.018494 -4.105517 -0.170709 -0.026463 -0.015278 0.015278 -0.000004 0.000008 -0.000003 -0.019946 -0.011516 0.011516 0.000003 -0.000003 0.000001 -0.091083 -0.005179 0.022598 7.392456 -12.685640 63.703597 -0.215357 5.119751 118.222501 -0.000002 0.000005 -0.000004 0.000002 0.000003 0.000002 -0.095325 -0.000000 -0.000000 -0.615084 -8.009643 63.880464 -5.892886 2.914571 120.873038 0.000002 -0.000004 -0.000001 0.000003 -0.000002 0.000001 -0.091036 -0.000431 -0.018651 -5.688575 -0.299412 66.468696 -8.299867 -3.786896 108.759418 -0.000005 0.000006 0.000012 -0.000000 0.000004 0.000001 -0.080767 -0.004867 -0.038063 -13.594482 -2.361907 60.414143 -6.726280 -2.425413 109.276941 -0.000003 0.000005 0.000014 -0.000000 -0.000002 -0.000002 0.045704 0.110147 -0.021608 2.995600 1.069595 12.400488 -3.716252 -3.467273 -82.694617 4.074165 -62.903105 3.627252 8.186663 -18.035536 -9.713392 0.024661 -0.015762 0.026817 -2.280119 6.996991 16.014943 7.161266 16.240498 -9.749217 0.026479 -0.015288 0.015287 -0.000007 0.000008 -0.000009 0.019989 -0.011541 0.011541 -0.000003 0.000002 0.000001 0.091093 -0.005180 0.022599 5.880783 13.374482 -77.629526 2.862839 -3.933983 -109.430600 0.000002 0.000001 -0.000001 -0.000000 0.000003 -0.000001 0.095334 -0.000000 0.000000 -1.698733 8.310568 -79.389604 -4.045217 -2.644143 -110.913017 0.000000 0.000002 0.000001 0.000001 -0.000001 0.000001 0.091045 -0.000430 -0.018651 -5.982187 -1.700716 -82.759421 -10.167975 1.790841 -99.346870 0.000000 0.000001 -0.000000 -0.000001 0.000001 -0.000000 0.080778 -0.004869 -0.038063 -12.714400 -1.394014 -76.092023 -11.672898 -1.670847 -100.234529 -0.000011 -0.000007 -0.000013 -0.000001 0.000002 -0.000001 -0.082078 -0.067517 -0.015995 -19.574318 -2.475690 -5.797292 10.041054 0.053288 0.426225 13.894545 -13.568710 7.399432 0.256069 0.321900 -0.148848 0.000000 -0.000001 0.000000 0.082078 -0.067517 -0.015995 -3.700232 -8.240684 8.955683 44.134691 5.020999 -1.078402 -21.023660 1.486124 -7.940838 -14.274528 0.850067 0.266767 -0.000000 -0.000000 0.000000 
0.011678 0.970723 0.124343 -7.076379 5.082635 -4.121083 -0.000000 0.101816 0.001315 7.402059 1.283847 0.968747 14.795727 2.618982 1.530103 14.795728 2.618981 1.530104 -0.000000 0.167404 -0.020490 -18.522923 -9.401885 -1.160962 -0.000000 0.096179 0.016850 -19.744081 -6.698335 0.368988 -0.000000 0.220374 0.075011 -0.000001 0.000000 -0.000000 -0.045700 0.110149 -0.021608 8.533503 -12.869236 -6.910084 -4.111484 25.586415 64.491138 1.441494 71.929016 -1.404472 -7.041893 12.188818 3.996822 -0.024648 -0.015740 0.026819 17.344056 -15.460135 -17.268410 -8.056416 -4.146622 -0.082688 -0.026463 -0.015278 0.015278 -0.000002 0.000008 -0.000006 -0.019946 -0.011516 0.011516 -0.000001 -0.000003 0.000001 -0.091083 -0.005179 0.022598 7.739016 -12.689751 64.292939 -0.389449 5.154493 119.582009 -0.000003 0.000004 -0.000001 -0.000000 0.000001 -0.000001 -0.095325 0.000000 0.000000 -0.469407 -8.074696 64.478577 -5.968144 2.863886 122.247436 -0.000000 0.000000 -0.000000 0.000003 0.000004 -0.000000 -0.091036 -0.000431 -0.018651 -5.754974 -0.290427 67.098481 -8.288715 -3.960699 109.920454 -0.000006 0.000006 0.000011 0.000002 0.000001 0.000000 -0.080767 -0.004867 -0.038063 -13.771834 -2.444790 60.861924 -6.662571 -2.541077 110.507488 -0.000002 0.000002 0.000011 -0.000001 -0.000000 -0.000001 0.045704 0.110147 -0.021608 2.991309 1.091878 12.394209 -3.307182 -2.944340 -83.027172 4.061598 -62.913433 3.613931 8.783530 -18.195851 -9.651410 0.024661 -0.015762 0.026817 -1.629620 7.502466 16.203782 7.052309 16.186126 -9.748633 0.026479 -0.015288 0.015288 -0.000004 0.000014 -0.000009 0.019989 -0.011541 0.011541 -0.000000 -0.000002 0.000002 0.091093 -0.005180 0.022599 6.182426 13.478845 -78.378866 2.716481 -4.004411 -110.737393 -0.000003 0.000002 0.000001 -0.000002 0.000002 0.000001 0.095334 0.000000 0.000000 -1.613565 8.388631 -80.080068 -4.115036 -2.621205 -112.272204 -0.000001 0.000000 -0.000001 -0.000000 0.000003 -0.000000 0.091045 -0.000430 -0.018651 -6.138185 -1.746059 -83.369207 -10.199179 1.952643 -100.387928 -0.000000 0.000002 0.000001 0.000001 0.000002 0.000002 0.080778 -0.004869 -0.038063 -13.008765 -1.423156 -76.643308 -11.691072 -1.542072 -101.264972 -0.000011 -0.000008 -0.000012 0.000002 0.000006 0.000000 -0.082078 -0.067517 -0.015995 -19.972544 -2.175578 -5.674377 11.129122 0.311442 0.481465 14.087765 -14.101138 7.624683 0.225174 0.268844 -0.121034 0.000000 0.000000 0.000000 0.082078 -0.067517 -0.015995 -3.327743 -8.268762 9.072886 43.761288 5.015904 -1.068188 -21.186034 1.393973 -8.014389 -14.255188 0.861527 0.258500 0.000000 -0.000001 -0.000000 
0.010551 0.970719 0.130078 -6.893207 5.239775 -4.103232 -0.000000 0.101815 0.001315 7.326938 1.271514 0.978218 14.645382 2.591133 1.547888 14.645380 2.591134 1.547888 0.000000 0.167404 -0.020490 -18.150799 -9.326042 -1.283767 -0.000000 0.096178 0.016850 -19.796851 -6.734859 0.404362 0.000000 0.220374 0.075011 0.000000 0.000000 0.000000 -0.045700 0.110149 -0.021608 8.531484 -12.930498 -6.884607 -3.764354 25.012896 65.357629 1.390815 71.980802 -1.348034 -6.963800 12.460061 4.079135 -0.024648 -0.015740 0.026819 18.140766 -15.491129 -17.171359 -8.090564 -4.183570 -0.003546 -0.026463 -0.015278 0.015278 -0.000002 0.000006 -0.000005 -0.019946 -0.011516 0.011516 0.000000 -0.000005 -0.000000 -0.091083 -0.005179 0.022598 8.051144 -12.688699 64.823017 -0.548696 5.181323 120.804886 -0.000005 0.000006 -0.000004 0.000000 -0.000004 0.000002 -0.095325 0.000000 -0.000000 -0.336983 -8.131086 65.016680 -6.034783 2.816779 123.483495 -0.000003 0.000002 0.000001 -0.000005 0.000000 0.000003 -0.091036 -0.000431 -0.018651 -5.815043 -0.282642 67.664922 -8.274308 -4.117495 110.964988 -0.000006 0.000007 0.000012 0.000001 0.000002 0.000000 -0.080767 -0.004867 -0.038063 -13.930630 -2.520954 61.264516 -6.601342 -2.643605 111.614416 -0.000001 0.000006 0.000015 -0.000002 0.000005 0.000002 0.045704 0.110147 -0.021608 2.987316 1.101181 12.374862 -2.890902 -2.484010 -83.278495 4.055649 -62.933725 3.607775 9.293279 -18.368230 -9.606401 0.024661 -0.015762 0.026817 -1.035290 7.969932 16.370177 6.954346 16.137191 -9.748288 0.026479 -0.015287 0.015288 -0.000002 0.000008 -0.000013 0.019989 -0.011541 0.011541 0.000005 0.000006 0.000001 0.091093 -0.005180 0.022599 6.456478 13.567973 -79.053272 2.581521 -4.063950 -111.912930 0.000001 0.000001 0.000001 0.000001 0.000001 0.000001 0.095334 -0.000000 -0.000000 -1.535127 8.457711 -80.701321 -4.177378 -2.599123 -113.494685 -0.000003 -0.000001 -0.000000 0.000000 -0.000003 -0.000000 0.091045 -0.000430 -0.018651 -6.279547 -1.785064 -83.917658 -10.223497 2.099294 -101.324313 -0.000001 0.000001 0.000000 -0.000002 -0.000000 0.000000 0.080778 -0.004869 -0.038063 -13.274485 -1.445861 -77.138886 -11.703903 -1.426244 -102.191788 -0.000010 -0.000010 -0.000013 0.000000 0.000002 0.000000 -0.082078 -0.067517 -0.015995 -20.474435 -2.078407 -5.565698 12.352886 0.491572 0.532932 13.910190 -14.453141 7.687972 0.222665 0.233704 -0.097620 0.000000 0.000001 0.000000 0.082078 -0.067517 -0.015995 -2.951649 -8.237478 9.225291 43.347563 5.009878 -1.057449 -21.337467 1.260239 -8.102676 -14.217586 0.800030 0.269516 0.000000 0.000000 0.000000 
0.009272 0.970760 0.135911 -6.694832 5.389337 -4.089620 0.000000 0.101815 0.001315 7.246224 1.261301 0.986274 14.483795 2.568135 1.565506 14.483802 2.568129 1.565509 0.000000 0.167404 -0.020490 -17.752621 -9.262142 -1.410786 -0.000000 0.096178 0.016850 -19.830840 -6.777203 0.427586 -0.000000 0.220374 0.075011 0.000001 -0.000000 0.000000 -0.045700 0.110149 -0.021608 8.530111 -12.987519 -6.857623 -3.385752 24.448993 66.164077 1.342532 72.005528 -1.294398 -6.855518 12.682397 4.166202 -0.024648 -0.015740 0.026819 18.845090 -15.515164 -17.080051 -8.120724 -4.216199 0.066279 -0.026463 -0.015278 0.015278 -0.000005 0.000004 -0.000003 -0.019946 -0.011516 0.011516 -0.000001 0.000003 -0.000002 -0.091083 -0.005179 0.022598 8.327108 -12.683908 65.291165 -0.691550 5.201351 121.884958 -0.000001 0.000005 -0.000003 0.000001 0.000002 -0.000001 -0.095325 0.000000 0.000000 -0.218856 -8.179155 65.492007 -6.092780 2.773978 124.575069 -0.000000 -0.000000 0.000000 0.000000 0.000002 -0.000001 -0.091036 -0.000431 -0.018651 -5.868377 -0.276037 68.165185 -8.258000 -4.256321 111.887713 -0.000004 0.000006 0.000011 -0.000003 0.000002 -0.000000 -0.080767 -0.004867 -0.038063 -14.070281 -2.589590 61.619911 -6.544001 -2.732879 112.592308 0.000000 0.000004 0.000013 -0.000001 0.000001 -0.000000 0.045704 0.110147 -0.021608 2.983793 1.105033 12.352156 -2.478819 -2.059363 -83.482021 4.056111 -62.973770 3.608623 9.669061 -18.539895 -9.612334 0.024661 -0.015762 0.026817 -0.502438 8.393516 16.514474 6.867871 16.093944 -9.748196 0.026479 -0.015288 0.015287 -0.000002 0.000014 -0.000013 0.019989 -0.011541 0.011541 -0.000000 0.000003 0.000001 0.091093 -0.005180 0.022599 6.700775 13.642854 -79.649254 2.459654 -4.113374 -112.951316 -0.000001 0.000001 0.000000 -0.000001 0.000001 -0.000000 0.095334 0.000000 0.000000 -1.464349 8.517800 -81.250148 -4.232059 -2.578470 -114.574326 -0.000002 -0.000000 -0.000000 -0.000001 -0.000000 -0.000000 0.091045 -0.000430 -0.018651 -6.405164 -1.818083 -84.401986 -10.241929 2.229664 -102.151373 0.000002 0.000001 0.000000 0.000001 0.000001 -0.000000 0.080778 -0.004869 -0.038063 -13.509894 -1.463104 -77.576353 -11.712313 -1.324024 -103.010263 -0.000010 -0.000009 -0.000013 0.000000 0.000003 0.000000 -0.082078 -0.067517 -0.015995 -21.024815 -2.158708 -5.475344 13.634697 0.610959 0.581931 13.471050 -14.649245 7.622562 0.233167 0.216795 -0.083089 -0.000000 -0.000000 0.000000 0.082078 -0.067517 -0.015995 -2.572351 -8.160865 9.409378 42.893923 4.998506 -1.046408 -21.473276 1.090912 -8.200747 -14.169054 0.699528 0.291933 0.000000 -0.000000 0.000000 
0.006207 0.970835 0.141609 -6.488233 5.540229 -4.079378 0.000000 0.101815 0.001315 7.162201 1.250170 0.994191 14.315506 2.543800 1.586337 14.315498 2.543797 1.586338 -0.000000 0.167404 -0.020490 -17.330650 -9.205003 -1.533592 0.000000 0.096178 0.016850 -19.843460 -6.813549 0.435217 0.000000 0.220374 0.075011 0.000002 -0.000001 0.000000 -0.045700 0.110149 -0.021608 8.528616 -13.041963 -6.833245 -2.977334 23.902978 66.908185 1.298875 72.021346 -1.245928 -6.679985 12.844777 4.248474 -0.024648 -0.015740 0.026819 19.452601 -15.533419 -16.997515 -8.146740 -4.244321 0.126447 -0.026463 -0.015278 0.015278 -0.000002 0.000011 -0.000004 -0.019946 -0.011516 0.011516 0.000006 -0.000002 -0.000002 -0.091083 -0.005179 0.022598 8.565132 -12.677010 65.694624 -0.816078 5.215918 122.815899 0.000000 0.000005 -0.000004 -0.000001 0.000001 -0.000001 -0.095325 0.000000 -0.000000 -0.116257 -8.219361 65.901777 -6.142129 2.736234 125.515900 -0.000001 -0.000002 -0.000003 0.000002 0.000001 -0.000003 -0.091036 -0.000431 -0.018651 -5.914566 -0.270563 68.596362 -8.241382 -4.376161 112.683245 -0.000008 0.000002 0.000011 -0.000004 0.000002 0.000001 -0.080767 -0.004867 -0.038063 -14.190214 -2.649689 61.926163 -6.492285 -2.808888 113.435249 -0.000002 0.000003 0.000013 -0.000001 0.000005 -0.000000 0.045704 0.110147 -0.021608 2.980888 1.108471 12.333944 -2.079972 -1.627794 -83.665904 4.068098 -63.075001 3.622172 9.785348 -18.664547 -9.745324 0.024661 -0.015762 0.026817 -0.036699 8.767430 16.637072 6.793355 16.056627 -9.748265 0.026479 -0.015287 0.015287 -0.000007 0.000011 -0.000016 0.019989 -0.011541 0.011541 -0.000001 0.000004 0.000001 0.091093 -0.005180 0.022599 6.912818 13.704575 -80.163178 2.352811 -4.153652 -113.846413 0.000002 -0.000003 -0.000001 0.000001 0.000000 -0.000000 0.095334 0.000000 0.000000 -1.402302 8.568896 -81.723302 -4.278877 -2.559886 -115.504865 0.000000 0.000000 -0.000000 -0.000003 0.000000 0.000000 0.091045 -0.000430 -0.018651 -6.514018 -1.845484 -84.819393 -10.255626 2.342565 -102.864315 0.000000 0.000004 0.000001 -0.000002 -0.000001 0.000002 0.080778 -0.004869 -0.038063 -13.713381 -1.475877 -77.953256 -11.717498 -1.235920 -103.715705 -0.000011 -0.000010 -0.000013 -0.000000 0.000002 0.000000 -0.082078 -0.067517 -0.015995 -21.621275 -2.454748 -5.422149 15.004351 0.687315 0.634351 12.755064 -14.637039 7.422434 0.249656 0.228205 -0.086297 0.000000 -0.000001 -0.000000 0.082078 -0.067517 -0.015995 -2.176380 -8.087967 9.731246 42.368111 4.957289 -1.035968 -21.549518 0.909323 -8.410710 -14.116866 0.568938 0.324101 -0.000000 0.000000 0.000000 
0.003166 0.970993 0.147291 -6.268828 5.696288 -4.073995 -0.000000 0.101815 0.001315 7.075913 1.237119 1.003799 14.142574 2.516620 1.612849 14.142571 2.516620 1.612849 0.000000 0.167404 -0.020490 -16.908487 -9.142971 -1.645003 -0.000000 0.096179 0.016850 -19.828101 -6.833023 0.436399 -0.000000 0.220374 0.075011 0.000001 0.000000 -0.000000 -0.045700 0.110149 -0.021608 8.526456 -13.096797 -6.813963 -2.571673 23.381507 67.590657 1.258719 72.038190 -1.201386 -6.452339 12.947085 4.282579 -0.024648 -0.015740 0.026819 19.959030 -15.546632 -16.925781 -8.168410 -4.267734 0.176548 -0.026463 -0.015278 0.015278 -0.000006 0.000011 -0.000005 -0.019946 -0.011516 0.011516 -0.000000 -0.000007 0.000001 -0.091083 -0.005179 0.022598 8.763548 -12.669134 66.030690 -0.920961 5.225980 123.591535 -0.000001 0.000001 -0.000004 -0.000001 -0.000001 -0.000003 -0.095325 0.000000 -0.000000 -0.030161 -8.251870 66.243204 -6.182757 2.704168 126.299651 0.000000 -0.000002 0.000001 0.000002 0.000000 0.000000 -0.091036 -0.000431 -0.018651 -5.953215 -0.266120 68.955561 -8.225554 -4.476121 113.346197 -0.000005 0.000006 0.000014 0.000000 0.000002 -0.000002 -0.080767 -0.004867 -0.038063 -14.289771 -2.700483 62.181223 -6.447466 -2.871363 114.137713 -0.000001 0.000002 0.000012 -0.000001 0.000001 -0.000001 0.045704 0.110147 -0.021608 2.978475 1.113166 12.320790 -1.703762 -1.201058 -83.837724 4.084573 -63.199836 3.640722 9.743088 -18.788636 -9.931525 0.024661 -0.015762 0.026817 0.356529 9.085940 16.738058 6.731312 16.025548 -9.748393 0.026479 -0.015287 0.015287 -0.000007 0.000011 -0.000014 0.019989 -0.011541 0.011541 -0.000003 -0.000007 0.000003 0.091093 -0.005180 0.022599 7.090656 13.753864 -80.591458 2.262399 -4.185372 -114.592256 0.000001 -0.000003 0.000001 0.000001 -0.000002 0.000001 0.095334 -0.000000 -0.000000 -1.349748 8.610939 -82.117561 -4.317662 -2.543782 -116.280091 -0.000001 0.000001 -0.000000 -0.000001 0.000003 0.000000 0.091045 -0.000430 -0.018651 -6.605152 -1.867519 -85.167152 -10.265347 2.437047 -103.458310 0.000002 -0.000001 0.000000 0.000001 -0.000001 -0.000001 0.080778 -0.004869 -0.038063 -13.883244 -1.484969 -78.267131 -11.720243 -1.162690 -104.303450 -0.000011 -0.000010 -0.000013 0.000001 0.000004 0.000001 -0.082078 -0.067517 -0.015995 -22.310970 -2.858041 -5.373206 16.516845 0.734256 0.689224 11.835655 -14.528309 6.815931 0.261061 0.258839 -0.104161 0.000000 -0.000001 0.000000 0.082078 -0.067517 -0.015995 -1.784061 -7.984463 10.067748 41.800358 4.909717 -1.024986 -21.600405 0.702541 -8.617499 -14.067118 0.450949 0.355104 -0.000000 -0.000000 0.000000 
0.000180 0.971289 0.152877 -6.032298 5.869590 -4.076148 -0.000000 0.101816 0.001315 6.988066 1.219470 1.018590 13.966414 2.481354 1.650837 13.966419 2.481356 1.650837 -0.000000 0.167403 -0.020490 -16.502871 -9.062169 -1.735553 -0.000000 0.096178 0.016850 -19.776188 -6.819721 0.435997 -0.000000 0.220374 0.075011 -0.000001 -0.000000 0.000000 -0.045700 0.110149 -0.021608 8.522879 -13.155089 -6.803356 -2.193394 22.895187 68.211720 1.221389 72.071473 -1.159873 -6.159084 12.975845 4.215608 -0.024648 -0.015740 0.026819 20.360135 -15.556056 -16.867369 -8.185578 -4.286283 0.216222 -0.026463 -0.015278 0.015278 -0.000004 0.000008 -0.000005 -0.019946 -0.011516 0.011516 -0.000000 -0.000003 0.000001 -0.091083 -0.005179 0.022598 8.920669 -12.661718 66.296753 -1.004561 5.232791 124.205610 -0.000003 0.000005 -0.000006 0.000002 0.000003 -0.000002 -0.095325 0.000000 0.000000 0.038305 -8.277072 66.513564 -6.214617 2.678377 126.920132 -0.000002 -0.000002 -0.000002 -0.000001 -0.000001 -0.000002 -0.091036 -0.000431 -0.018651 -5.983936 -0.262708 69.239970 -8.211904 -4.555298 113.871138 -0.000006 0.000006 0.000010 0.000000 -0.000002 -0.000001 -0.080767 -0.004867 -0.038063 -14.368442 -2.741107 62.383150 -6.411035 -2.920437 114.693916 0.000001 0.000003 0.000013 0.000001 0.000002 -0.000000 0.045704 0.110147 -0.021608 2.976403 1.123528 12.317415 -1.361878 -0.764705 -84.019584 4.102303 -63.331905 3.660608 9.566044 -18.929132 -10.173049 0.024661 -0.015762 0.026817 0.671604 9.343290 16.817881 6.682204 16.000929 -9.748547 0.026479 -0.015287 0.015287 -0.000006 0.000013 -0.000015 0.019989 -0.011541 0.011541 -0.000002 -0.000002 -0.000002 0.091093 -0.005180 0.022599 7.232081 13.791668 -80.930645 2.190075 -4.209510 -115.182767 0.000001 -0.000001 0.000000 0.000002 -0.000001 0.000001 0.095334 0.000000 0.000000 -1.307714 8.643919 -82.429790 -4.348204 -2.530636 -116.893838 0.000002 0.000002 -0.000001 0.000001 0.000001 -0.000001 0.091045 -0.000430 -0.018651 -6.677526 -1.884491 -85.442449 -10.272067 2.512111 -103.928630 -0.000003 -0.000001 0.000000 -0.000002 -0.000001 -0.000001 0.080778 -0.004869 -0.038063 -14.017940 -1.491280 -78.515524 -11.721556 -1.104692 -104.768757 -0.000010 -0.000008 -0.000013 -0.000000 0.000001 0.000000 -0.082078 -0.067517 -0.015995 -22.998125 -3.301956 -5.322284 17.996129 0.750843 0.742186 10.851945 -14.379126 5.958955 0.251547 0.304634 -0.138259 0.000000 -0.000000 0.000000 0.082078 -0.067517 -0.015995 -1.400643 -7.874955 10.412603 41.181710 4.854133 -1.013082 -21.613667 0.485982 -8.817090 -14.023712 0.394918 0.372441 -0.000000 0.000000 0.000000 
-0.002768 0.971733 0.158272 -5.784941 6.043262 -4.084311 0.000000 0.101815 0.001315 6.901970 1.200694 1.037109 13.793806 2.442807 1.693627 13.793814 2.442809 1.693626 0.000000 0.167404 -0.020490 -16.136650 -8.961726 -1.804709 0.000000 0.096178 0.016850 -19.690969 -6.777000 0.443115 0.000000 0.220374 0.075011 -0.000000 0.000000 -0.000000 -0.045700 0.110149 -0.021608 8.517632 -13.218222 -6.802289 -1.868534 22.439220 68.771932 1.186868 72.122761 -1.121443 -5.849587 12.960896 4.066731 -0.024648 -0.015740 0.026819 20.651789 -15.562016 -16.823739 -8.198054 -4.299762 0.245046 -0.026463 -0.015278 0.015278 -0.000003 0.000010 -0.000009 -0.019946 -0.011516 0.011516 -0.000003 -0.000001 -0.000002 -0.091083 -0.005179 0.022598 9.034941 -12.655476 66.490109 -1.065750 5.236848 124.651922 -0.000002 0.000001 -0.000003 0.000003 -0.000000 -0.000001 -0.095325 0.000000 -0.000000 0.088328 -8.295004 66.710048 -6.237603 2.659430 127.371130 -0.000000 -0.000000 -0.000001 -0.000002 -0.000001 -0.000000 -0.091036 -0.000431 -0.018651 -6.006300 -0.260282 69.446679 -8.201190 -4.612870 114.252727 -0.000005 0.000003 0.000012 -0.000001 0.000002 0.000001 -0.080767 -0.004867 -0.038063 -14.425464 -2.770923 62.529849 -6.383859 -2.955709 115.098209 -0.000004 0.000007 0.000014 -0.000001 -0.000001 0.000001 0.045704 0.110147 -0.021608 2.974563 1.136609 12.319007 -1.056318 -0.354201 -84.195400 4.114830 -63.448960 3.674867 9.359689 -19.128006 -10.317980 0.024661 -0.015762 0.026817 0.903218 9.533958 16.875861 6.646504 15.983030 -9.748709 0.026479 -0.015287 0.015287 -0.000007 0.000011 -0.000016 0.019989 -0.011541 0.011541 0.000002 0.000000 0.000005 0.091093 -0.005180 0.022599 7.335308 13.818289 -81.177242 2.136997 -4.226235 -115.611962 -0.000001 -0.000000 -0.000001 -0.000000 -0.000000 -0.000000 0.095334 0.000000 -0.000000 -1.276823 8.667668 -82.656750 -4.370326 -2.520889 -117.339918 -0.000000 0.000000 -0.000000 -0.000002 -0.000001 -0.000001 0.091045 -0.000430 -0.018651 -6.730280 -1.896519 -85.642513 -10.276279 2.566753 -104.270474 -0.000001 0.000003 0.000000 -0.000001 -0.000002 -0.000000 0.080778 -0.004869 -0.038063 -14.115966 -1.495236 -78.696039 -11.721846 -1.062661 -105.106974 -0.000011 -0.000012 -0.000013 0.000000 0.000006 0.000000 -0.082078 -0.067517 -0.015995 -23.569414 -3.731067 -5.288105 19.220598 0.735209 0.789072 10.082346 -14.209854 5.400228 0.228508 0.360833 -0.183268 -0.000000 -0.000000 0.000000 0.082078 -0.067517 -0.015995 -1.026325 -7.742410 10.764839 40.512697 4.791898 -1.000018 -21.584456 0.257856 -9.011135 -13.988047 0.389324 0.377586 -0.000000 0.000000 0.000000 
-0.005723 0.972346 0.163386 -5.527505 6.208619 -4.093522 -0.000000 0.101816 0.001315 6.819806 1.181381 1.055601 13.629017 2.403476 1.737787 13.629015 2.403479 1.737786 -0.000000 0.167404 -0.020490 -15.835896 -8.831786 -1.847855 0.000000 0.096178 0.016850 -19.568340 -6.699103 0.469379 -0.000000 0.220374 0.075011 -0.000002 -0.000000 -0.000000 -0.045700 0.110149 -0.021608 8.509973 -13.290185 -6.814325 -1.635135 22.014623 69.275508 1.153865 72.199116 -1.084544 -5.553932 12.913714 3.813179 -0.024648 -0.015740 0.026819 20.814197 -15.565303 -16.799306 -8.205002 -4.307276 0.261088 -0.026463 -0.015278 0.015278 -0.000006 0.000008 -0.000000 -0.019946 -0.011516 0.011516 0.000002 0.000001 -0.000002 -0.091083 -0.005179 0.022598 9.098563 -12.651874 66.597760 -1.099875 5.239038 124.900446 -0.000005 0.000005 -0.000004 0.000003 -0.000000 0.000000 -0.095325 0.000000 0.000000 0.116204 -8.304925 66.819481 -6.250335 2.648786 127.622235 -0.000000 0.000001 -0.000001 -0.000002 0.000003 -0.000001 -0.091036 -0.000431 -0.018651 -6.018766 -0.258958 69.561782 -8.195100 -4.644953 114.465248 -0.000007 0.000007 0.000013 0.000002 0.000005 0.000001 -0.080767 -0.004867 -0.038063 -14.457200 -2.787578 62.611524 -6.368600 -2.975373 115.323345 -0.000005 0.000007 0.000012 -0.000002 -0.000002 -0.000000 0.045704 0.110147 -0.021608 2.972779 1.150180 12.321189 -0.793565 0.003865 -84.358874 4.113772 -63.518751 3.674260 9.233051 -19.439613 -10.226244 0.024661 -0.015762 0.026817 1.033039 9.641454 16.908524 6.626653 15.973056 -9.748793 0.026479 -0.015287 0.015288 -0.000006 0.000009 -0.000015 0.019989 -0.011541 0.011541 0.000003 0.000001 -0.000000 0.091093 -0.005180 0.022599 7.392869 13.832963 -81.314570 2.107334 -4.235506 -115.851019 0.000001 0.000001 0.000000 -0.000002 0.000002 0.000001 0.095334 0.000000 0.000000 -1.259605 8.680879 -82.783122 -4.382605 -2.515406 -117.588305 0.000002 -0.000000 -0.000002 0.000002 0.000000 -0.000002 0.091045 -0.000430 -0.018651 -6.759690 -1.903149 -85.753954 -10.278541 2.597232 -104.460831 0.000000 0.000001 0.000001 0.000001 0.000001 0.000000 0.080778 -0.004869 -0.038063 -14.170612 -1.497328 -78.796525 -11.721915 -1.039208 -105.295269 -0.000009 -0.000010 -0.000013 0.000000 0.000003 0.000000 -0.082078 -0.067517 -0.015995 -24.032876 -4.047704 -5.275958 20.176935 0.707574 0.827027 9.752392 -14.087759 5.501279 0.189421 0.421857 -0.236025 -0.000000 -0.000000 0.000000 0.082078 -0.067517 -0.015995 -0.664904 -7.583557 11.118459 39.789083 4.723250 -0.985479 -21.504548 0.022808 -9.200966 -13.959098 0.452554 0.365120 0.000000 -0.000000 0.000000 
-0.008665 0.973058 0.168224 -5.272049 6.356890 -4.103127 -0.000000 0.101816 0.001315 6.745953 1.162550 1.072462 13.480888 2.365237 1.779526 13.480879 2.365233 1.779527 -0.000000 0.167404 -0.020490 -15.607853 -8.684710 -1.866840 -0.000000 0.096178 0.016850 -19.421786 -6.597077 0.511441 -0.000000 0.220374 0.075011 -0.000000 -0.000001 0.000000 -0.045700 0.110149 -0.021608 8.500759 -13.366230 -6.834918 -1.480852 21.613457 69.709867 1.125249 72.299335 -1.052544 -5.316086 12.875984 3.527550 -0.024648 -0.015740 0.026819 20.890026 -15.566520 -16.787592 -8.208242 -4.310781 0.268566 -0.026463 -0.015278 0.015278 -0.000005 0.000008 -0.000005 -0.019946 -0.011516 0.011516 0.000000 0.000000 -0.000001 -0.091083 -0.005179 0.022598 9.128265 -12.649986 66.647989 -1.115900 5.239804 125.016436 -0.000002 0.000004 -0.000002 -0.000005 0.000001 0.000000 -0.095325 -0.000000 0.000000 0.129287 -8.309472 66.870550 -6.256267 2.643824 127.739427 -0.000001 0.000000 -0.000003 -0.000001 0.000003 -0.000003 -0.091036 -0.000431 -0.018651 -6.024565 -0.258336 69.615501 -8.192089 -4.659874 114.564457 -0.000007 0.000006 0.000010 -0.000001 -0.000004 0.000001 -0.080767 -0.004867 -0.038063 -14.471969 -2.795413 62.649657 -6.361336 -2.984390 115.428407 0.000001 0.000006 0.000015 0.000003 -0.000005 0.000000 0.045704 0.110147 -0.021608 2.970981 1.166367 12.327026 -0.571534 0.297347 -84.503538 4.100489 -63.554241 3.660368 9.200442 -19.844389 -9.862781 0.024661 -0.015762 0.026817 1.094494 9.692990 16.924106 6.617378 15.968402 -9.748853 0.026479 -0.015287 0.015288 -0.000008 0.000014 -0.000015 0.019989 -0.011541 0.011541 -0.000000 -0.000002 -0.000000 0.091093 -0.005180 0.022599 7.419810 13.839613 -81.378651 2.093393 -4.239586 -115.962569 0.000000 -0.000001 -0.000000 -0.000001 0.000001 0.000001 0.095334 0.000000 -0.000000 -1.251472 8.686975 -82.842115 -4.388326 -2.512814 -117.704226 0.000002 0.000000 -0.000000 0.000001 0.000001 0.000001 0.091045 -0.000430 -0.018651 -6.773465 -1.906188 -85.805939 -10.279413 2.611452 -104.549665 0.000001 -0.000004 -0.000000 0.000002 -0.000004 -0.000001 0.080778 -0.004869 -0.038063 -14.196135 -1.498167 -78.843442 -11.721815 -1.028343 -105.383173 -0.000010 -0.000010 -0.000013 0.000000 0.000006 -0.000000 -0.082078 -0.067517 -0.015995 -24.395841 -4.284876 -5.230793 20.937759 0.662705 0.856767 9.435512 -14.024240 5.610115 0.148131 0.486277 -0.291629 -0.000000 -0.000001 0.000000 0.082078 -0.067517 -0.015995 -0.313855 -7.379454 11.475560 39.031089 4.639107 -0.970757 -21.387824 -0.222159 -9.383236 -13.934163 0.544633 0.344518 -0.000000 -0.000000 0.000000 
-0.011600 0.973823 0.172757 -5.033030 6.473113 -4.110591 0.000000 0.101815 0.001315 6.686365 1.146145 1.084143 13.361315 2.332502 1.813085 13.361315 2.332508 1.813084 0.000000 0.167404 -0.020490 -15.476906 -8.525224 -1.857622 -0.000000 0.096179 0.016850 -19.256986 -6.475162 0.573972 0.000000 0.220374 0.075011 -0.000001 -0.000000 -0.000000 -0.045700 0.110149 -0.021608 8.490533 -13.444499 -6.861742 -1.419206 21.226496 70.066068 1.102823 72.426739 -1.027223 -5.196650 12.895385 3.257499 -0.024648 -0.015740 0.026819 20.904904 -15.566828 -16.785325 -8.208735 -4.311775 0.269998 -0.026463 -0.015278 0.015278 -0.000007 0.000006 -0.000005 -0.019946 -0.011516 0.011516 0.000002 0.000001 -0.000000 -0.091083 -0.005179 0.022598 9.134074 -12.649651 66.657852 -1.119026 5.239975 125.039235 -0.000007 0.000004 -0.000006 -0.000006 0.000003 -0.000000 -0.095325 -0.000000 -0.000000 0.131819 -8.310367 66.880598 -6.257429 2.642824 127.762445 0.000000 0.000000 0.000001 0.000001 -0.000001 0.000001 -0.091036 -0.000431 -0.018651 -6.025750 -0.258227 69.626047 -8.191518 -4.662826 114.583937 -0.000003 0.000005 0.000011 0.000001 -0.000000 -0.000000 -0.080767 -0.004867 -0.038063 -14.474901 -2.796933 62.657143 -6.359930 -2.986191 115.449062 -0.000001 0.000003 0.000013 -0.000000 0.000003 0.000001 0.045704 0.110147 -0.021608 2.969251 1.186491 12.337819 -0.395546 0.494876 -84.621215 4.070530 -63.548401 3.628397 9.346300 -20.362307 -9.081434 0.024661 -0.015762 0.026817 1.106457 9.702919 16.927120 6.615550 15.967483 -9.748880 0.026479 -0.015287 0.015287 -0.000004 0.000014 -0.000015 0.019989 -0.011541 0.011541 0.000000 0.000000 -0.000002 0.091093 -0.005180 0.022599 7.425085 13.840945 -81.391253 2.090675 -4.240425 -115.984453 -0.000001 0.000000 0.000000 -0.000001 -0.000002 0.000001 0.095334 0.000000 0.000000 -1.249901 8.688174 -82.853692 -4.389446 -2.512281 -117.727012 -0.000001 0.000002 -0.000001 -0.000000 0.000002 -0.000001 0.091045 -0.000430 -0.018651 -6.776164 -1.906787 -85.816143 -10.279605 2.614248 -104.567095 -0.000001 0.000000 0.000000 -0.000001 0.000001 0.000000 0.080778 -0.004869 -0.038063 -14.201159 -1.498354 -78.852622 -11.721810 -1.026169 -105.400433 -0.000010 -0.000012 -0.000013 -0.000001 0.000002 0.000000 -0.082078 -0.067517 -0.015995 -24.542791 -4.425953 -5.125143 21.367513 0.590163 0.873229 8.872758 -14.046963 5.704129 0.117263 0.552150 -0.345329 0.000000 0.000001 0.000000 0.082078 -0.067517 -0.015995 0.031008 -7.105373 11.837371 38.254660 4.535716 -0.956598 -21.243806 -0.484710 -9.558005 -13.909885 0.635583 0.321942 0.000000 -0.000000 0.000000 
-0.014458 0.974608 0.177004 -4.804291 6.566515 -4.116065 0.000000 0.101816 0.001315 6.638455 1.130315 1.093296 13.265168 2.300476 1.841054 13.265159 2.300479 1.841053 -0.000000 0.167404 -0.020490 -15.417487 -8.367466 -1.830933 0.000000 0.096178 0.016850 -19.093422 -6.347857 0.644901 0.000000 0.220374 0.075011 -0.000001 0.000000 0.000000 -0.045700 0.110149 -0.021608 8.480150 -13.520083 -6.891517 -1.411080 20.859143 70.336585 1.089743 72.574844 -1.012202 -5.176239 12.966335 3.054516 -0.024648 -0.015740 0.026819 20.890017 -15.566539 -16.787596 -8.208234 -4.310757 0.268586 -0.026463 -0.015278 0.015278 -0.000006 0.000011 -0.000006 -0.019946 -0.011516 0.011516 -0.000001 0.000000 0.000003 -0.091083 -0.005179 0.022598 9.128260 -12.649983 66.647989 -1.115886 5.239775 125.016422 -0.000005 0.000006 -0.000004 -0.000002 0.000002 -0.000003 -0.095325 -0.000000 0.000000 0.129291 -8.309459 66.870557 -6.256272 2.643820 127.739427 -0.000002 0.000000 -0.000001 -0.000001 0.000000 -0.000000 -0.091036 -0.000431 -0.018651 -6.024563 -0.258330 69.615481 -8.192079 -4.659883 114.564450 -0.000009 0.000006 0.000011 -0.000002 -0.000000 -0.000001 -0.080767 -0.004867 -0.038063 -14.471974 -2.795414 62.649678 -6.361333 -2.984385 115.428421 -0.000002 0.000007 0.000014 0.000001 0.000003 0.000001 0.045704 0.110147 -0.021608 2.967676 1.210628 12.354240 -0.250135 0.627691 -84.711080 4.033575 -63.528696 3.588876 9.590561 -20.926060 -8.067375 0.024661 -0.015762 0.026817 1.094484 9.692990 16.924133 6.617354 15.968386 -9.748862 0.026479 -0.015287 0.015287 -0.000007 0.000016 -0.000015 0.019989 -0.011541 0.011541 0.000001 -0.000001 0.000003 0.091093 -0.005180 0.022599 7.419793 13.839596 -81.378630 2.093381 -4.239597 -115.962556 0.000000 0.000001 0.000000 -0.000000 -0.000004 0.000001 0.095334 -0.000000 0.000000 -1.251513 8.686955 -82.842080 -4.388317 -2.512780 -117.704226 0.000000 -0.000000 -0.000000 0.000000 0.000000 -0.000001 0.091045 -0.000430 -0.018651 -6.773472 -1.906187 -85.805918 -10.279423 2.611447 -104.549665 -0.000003 0.000001 -0.000001 -0.000002 -0.000002 -0.000000 0.080778 -0.004869 -0.038063 -14.196145 -1.498178 -78.843408 -11.721798 -1.028338 -105.383194 -0.000011 -0.000013 -0.000013 -0.000000 0.000002 0.000000 -0.082078 -0.067517 -0.015995 -24.664351 -4.510498 -5.001079 21.719238 0.519697 0.885675 8.417836 -14.093807 5.791114 0.098013 0.615131 -0.393822 -0.000000 -0.000000 0.000000 0.082078 -0.067517 -0.015995 0.358064 -6.774461 12.196390 37.473553 4.397045 -0.944760 -21.080527 -0.746749 -9.714610 -13.883315 0.713664 0.300967 0.000000 0.000000 0.000000 
-0.017183 0.975363 0.180990 -4.587551 6.641386 -4.118374 -0.000000 0.101816 0.001315 6.603410 1.113164 1.100033 13.194878 2.265451 1.863347 13.194889 2.265453 1.863349 -0.000000 0.167404 -0.020490 -15.423991 -8.228011 -1.792329 -0.000000 0.096178 0.016850 -18.950618 -6.229836 0.715965 -0.000000 0.220374 0.075011 -0.000000 -0.000000 0.000000 -0.045700 0.110149 -0.021608 8.470513 -13.587288 -6.919912 -1.430403 20.510925 70.507653 1.089953 72.739964 -1.011850 -5.277142 13.113543 2.991587 -0.024648 -0.015740 0.026819 20.890000 -15.566522 -16.787603 -8.208227 -4.310768 0.268570 -0.026463 -0.015278 0.015278 -0.000001 0.000008 -0.000007 -0.019946 -0.011516 0.011516 0.000003 -0.000006 -0.000000 -0.091083 -0.005179 0.022598 9.128256 -12.649984 66.647989 -1.115889 5.239799 125.016449 -0.000006 0.000005 -0.000004 -0.000002 0.000002 0.000002 -0.095325 -0.000000 0.000000 0.129284 -8.309453 66.870585 -6.256263 2.643822 127.739427 -0.000002 0.000000 0.000001 0.000001 -0.000001 0.000002 -0.091036 -0.000431 -0.018651 -6.024587 -0.258330 69.615501 -8.192078 -4.659884 114.564457 -0.000007 0.000003 0.000009 0.000001 -0.000000 -0.000001 -0.080767 -0.004867 -0.038063 -14.471988 -2.795404 62.649651 -6.361326 -2.984395 115.428448 -0.000000 0.000000 0.000012 -0.000001 -0.000001 0.000001 0.045704 0.110147 -0.021608 2.966127 1.240914 12.379341 -0.126610 0.707219 -84.771090 3.995688 -63.516811 3.548414 9.896967 -21.486573 -6.901388 0.024661 -0.015762 0.026817 1.094499 9.692975 16.924106 6.617369 15.968409 -9.748875 0.026479 -0.015287 0.015287 -0.000005 0.000016 -0.000012 0.019989 -0.011541 0.011541 -0.000002 0.000006 0.000003 0.091093 -0.005180 0.022599 7.419804 13.839609 -81.378651 2.093392 -4.239571 -115.962569 0.000001 -0.000001 -0.000000 -0.000002 -0.000002 -0.000000 0.095334 0.000000 0.000000 -1.251482 8.686955 -82.842067 -4.388316 -2.512788 -117.704267 0.000001 0.000004 0.000000 -0.000002 0.000006 0.000001 0.091045 -0.000430 -0.018651 -6.773449 -1.906185 -85.805918 -10.279420 2.611440 -104.549678 0.000001 -0.000000 -0.000001 0.000001 -0.000004 -0.000000 0.080778 -0.004869 -0.038063 -14.196138 -1.498174 -78.843394 -11.721817 -1.028331 -105.383194 -0.000010 -0.000011 -0.000013 -0.000000 0.000001 -0.000000 -0.082078 -0.067517 -0.015995 -24.782327 -4.573457 -4.875423 22.030087 0.455309 0.896300 8.080037 -14.132017 5.860365 0.099103 0.672500 -0.432882 -0.000000 -0.000001 0.000000 0.082078 -0.067517 -0.015995 0.661308 -6.391250 12.547403 36.707294 4.212311 -0.936751 -20.910064 -0.999333 -9.846692 -13.852895 0.755232 0.287369 0.000000 -0.000000 0.000000 
-0.019741 0.976071 0.184738 -4.373605 6.698740 -4.115960 0.000000 0.101815 0.001315 6.576007 1.095151 1.105175 13.139924 2.228546 1.882157 13.139924 2.228548 1.882156 -0.000000 0.167404 -0.020490 -15.461462 -8.105588 -1.753969 -0.000000 0.096178 0.016850 -18.833572 -6.125617 0.782012 0.000000 0.220374 0.075011 -0.000000 0.000000 -0.000000 -0.045700 0.110149 -0.021608 8.461634 -13.646674 -6.947901 -1.451917 20.189788 70.589793 1.103549 72.918034 -1.026249 -5.437030 13.293874 3.052194 -0.024648 -0.015740 0.026819 20.890012 -15.566519 -16.787594 -8.208235 -4.310766 0.268565 -0.026463 -0.015278 0.015278 -0.000008 0.000006 -0.000005 -0.019946 -0.011516 0.011516 0.000002 -0.000007 0.000005 -0.091083 -0.005179 0.022598 9.128258 -12.649993 66.647968 -1.115893 5.239800 125.016436 -0.000007 0.000005 -0.000005 -0.000003 -0.000000 0.000002 -0.095325 -0.000000 0.000000 0.129280 -8.309472 66.870564 -6.256264 2.643827 127.739400 -0.000003 0.000000 0.000001 -0.000003 -0.000003 -0.000000 -0.091036 -0.000431 -0.018651 -6.024596 -0.258332 69.615487 -8.192079 -4.659903 114.564464 -0.000006 0.000005 0.000011 -0.000004 0.000007 0.000000 -0.080767 -0.004867 -0.038063 -14.471996 -2.795429 62.649678 -6.361336 -2.984397 115.428421 -0.000002 0.000005 0.000013 -0.000000 0.000002 -0.000001 0.045704 0.110147 -0.021608 2.964814 1.272213 12.407015 -0.010257 0.761445 -84.796143 3.963597 -63.522767 3.514304 10.203194 -22.009888 -5.756800 0.024661 -0.015762 0.026817 1.094506 9.692985 16.924099 6.617363 15.968407 -9.748860 0.026479 -0.015287 0.015287 -0.000007 0.000014 -0.000011 0.019989 -0.011541 0.011541 -0.000001 -0.000005 0.000003 0.091093 -0.005180 0.022599 7.419817 13.839614 -81.378637 2.093408 -4.239565 -115.962528 0.000000 -0.000000 -0.000000 0.000001 -0.000002 -0.000000 0.095334 0.000000 0.000000 -1.251470 8.686975 -82.842087 -4.388328 -2.512812 -117.704240 0.000002 0.000003 0.000001 -0.000001 0.000006 0.000001 0.091045 -0.000430 -0.018651 -6.773448 -1.906184 -85.805932 -10.279408 2.611466 -104.549678 0.000003 0.000003 0.000002 0.000003 0.000005 0.000002 0.080778 -0.004869 -0.038063 -14.196118 -1.498177 -78.843401 -11.721837 -1.028357 -105.383180 -0.000011 -0.000010 -0.000013 -0.000000 0.000001 -0.000000 -0.082078 -0.067517 -0.015995 -24.890796 -4.641528 -4.758306 22.284527 0.395358 0.904903 7.795449 -14.140343 5.906169 0.110567 0.717533 -0.460679 -0.000000 -0.000001 0.000000 0.082078 -0.067517 -0.015995 0.929018 -5.957935 12.885152 35.962350 3.958119 -0.934777 -20.736955 -1.221129 -9.942467 -13.818991 0.766050 0.280718 0.000000 0.000000 0.000000 
-0.022072 0.976715 0.188279 -4.151779 6.744972 -4.105715 -0.000000 0.101816 0.001315 6.551619 1.074896 1.109694 13.091021 2.187282 1.899606 13.091027 2.187277 1.899608 0.000000 0.167404 -0.020490 -15.497487 -8.007824 -1.732264 0.000000 0.096179 0.016850 -18.757117 -6.048646 0.834374 -0.000000 0.220374 0.075011 0.000000 -0.000000 0.000000 -0.045700 0.110149 -0.021608 8.453480 -13.697220 -6.976233 -1.440735 19.906127 70.584869 1.133091 73.101595 -1.058169 -5.607206 13.480985 3.260733 -0.024648 -0.015740 0.026819 20.890014 -15.566532 -16.787616 -8.208242 -4.310781 0.268575 -0.026463 -0.015278 0.015278 -0.000004 0.000010 -0.000004 -0.019946 -0.011516 0.011516 -0.000001 -0.000001 -0.000000 -0.091083 -0.005179 0.022598 9.128245 -12.649992 66.647989 -1.115891 5.239776 125.016436 -0.000006 0.000003 -0.000003 -0.000004 0.000001 0.000001 -0.095325 0.000000 0.000000 0.129265 -8.309460 66.870550 -6.256259 2.643804 127.739441 -0.000000 0.000001 0.000001 0.000000 0.000001 0.000002 -0.091036 -0.000431 -0.018651 -6.024591 -0.258337 69.615481 -8.192090 -4.659896 114.564464 -0.000007 0.000006 0.000012 -0.000002 0.000005 0.000002 -0.080767 -0.004867 -0.038063 -14.471976 -2.795405 62.649651 -6.361336 -2.984385 115.428435 -0.000001 0.000003 0.000014 -0.000000 0.000001 0.000000 0.045704 0.110147 -0.021608 2.963698 1.300128 12.432120 0.118778 0.820973 -84.779580 3.946820 -63.566631 3.496746 10.415956 -22.440539 -4.847009 0.024661 -0.015762 0.026817 1.094507 9.692977 16.924111 6.617367 15.968397 -9.748860 0.026479 -0.015288 0.015287 -0.000007 0.000014 -0.000009 0.019989 -0.011541 0.011541 -0.000001 0.000002 -0.000000 0.091093 -0.005180 0.022599 7.419827 13.839603 -81.378644 2.093383 -4.239598 -115.962583 -0.000001 0.000002 0.000001 -0.000004 0.000002 0.000001 0.095334 0.000000 -0.000000 -1.251465 8.686962 -82.842094 -4.388330 -2.512808 -117.704226 0.000002 0.000001 0.000001 0.000002 0.000004 0.000001 0.091045 -0.000430 -0.018651 -6.773450 -1.906182 -85.805939 -10.279395 2.611453 -104.549685 0.000002 0.000000 0.000000 0.000001 0.000000 0.000001 0.080778 -0.004869 -0.038063 -14.196128 -1.498181 -78.843401 -11.721814 -1.028334 -105.383180 -0.000011 -0.000008 -0.000013 0.000000 0.000003 0.000000 -0.082078 -0.067517 -0.015995 -25.006117 -4.757738 -4.672060 22.494238 0.340977 0.912368 7.548498 -14.081180 5.923764 0.127181 0.743593 -0.474040 -0.000000 -0.000000 0.000000 0.082078 -0.067517 -0.015995 1.147903 -5.486053 13.199797 35.247461 3.613629 -0.940909 -20.565956 -1.389030 -9.990229 -13.783859 0.740503 0.283185 0.000000 0.000000 0.000000 
-0.024203 0.977251 0.191611 -3.928243 6.768642 -4.092063 -0.000000 0.101815 0.001315 6.529676 1.055953 1.114096 13.047054 2.148729 1.915775 13.047056 2.148727 1.915778 -0.000000 0.167403 -0.020490 -15.518910 -7.924292 -1.721994 0.000000 0.096178 0.016850 -18.710957 -5.987276 0.875866 -0.000000 0.220374 0.075011 -0.000001 -0.000000 0.000000 -0.045700 0.110149 -0.021608 8.446530 -13.738050 -7.001364 -1.398112 19.650026 70.504860 1.176201 73.297936 -1.105051 -5.767086 13.648198 3.567195 -0.024648 -0.015740 0.026819 20.890026 -15.566520 -16.787608 -8.208240 -4.310773 0.268575 -0.026463 -0.015278 0.015278 -0.000006 0.000010 -0.000008 -0.019946 -0.011516 0.011516 0.000004 -0.000001 -0.000002 -0.091083 -0.005179 0.022598 9.128267 -12.649984 66.647982 -1.115883 5.239797 125.016449 -0.000003 0.000004 -0.000004 -0.000004 0.000001 0.000000 -0.095325 -0.000000 0.000000 0.129284 -8.309460 66.870564 -6.256262 2.643829 127.739414 0.000001 -0.000000 -0.000002 0.000003 -0.000001 -0.000000 -0.091036 -0.000431 -0.018651 -6.024578 -0.258333 69.615481 -8.192069 -4.659891 114.564464 -0.000006 0.000007 0.000013 -0.000003 0.000001 0.000002 -0.080767 -0.004867 -0.038063 -14.471958 -2.795415 62.649657 -6.361342 -2.984377 115.428435 -0.000003 0.000001 0.000012 -0.000000 0.000002 -0.000001 0.045704 0.110147 -0.021608 2.962732 1.324425 12.454320 0.253995 0.889490 -84.724412 3.943479 -63.640301 3.493697 10.549130 -22.801837 -4.149264 0.024661 -0.015762 0.026817 1.094488 9.692985 16.924121 6.617370 15.968397 -9.748869 0.026479 -0.015287 0.015288 -0.000004 0.000011 -0.000009 0.019989 -0.011541 0.011541 0.000002 -0.000003 0.000002 0.091093 -0.005180 0.022599 7.419815 13.839607 -81.378658 2.093389 -4.239587 -115.962556 0.000001 -0.000002 -0.000000 -0.000001 -0.000003 0.000000 0.095334 -0.000000 -0.000000 -1.251491 8.686972 -82.842080 -4.388330 -2.512784 -117.704240 0.000003 0.000001 0.000001 0.000001 0.000004 -0.000001 0.091045 -0.000430 -0.018651 -6.773468 -1.906171 -85.805918 -10.279400 2.611476 -104.549685 -0.000001 0.000001 0.000001 -0.000002 0.000002 0.000001 0.080778 -0.004869 -0.038063 -14.196131 -1.498174 -78.843414 -11.721824 -1.028363 -105.383187 -0.000010 -0.000010 -0.000013 -0.000000 0.000000 -0.000000 -0.082078 -0.067517 -0.015995 -25.137965 -4.903169 -4.605657 22.689093 0.295293 0.920196 7.325427 -13.965335 5.906814 0.143389 0.747903 -0.472594 0.000000 -0.000000 -0.000000 0.082078 -0.067517 -0.015995 1.315279 -4.953976 13.502637 34.579639 3.158795 -0.957283 -20.408120 -1.498133 -9.985774 -13.751264 0.689345 0.293380 0.000000 -0.000000 0.000000 
-0.026129 0.977643 0.194742 -3.701266 6.758599 -4.076673 0.000000 0.101816 0.001315 6.507196 1.041816 1.118572 13.001996 2.119594 1.931573 13.002000 2.119598 1.931573 -0.000000 0.167404 -0.020490 -15.498968 -7.846943 -1.729501 0.000000 0.096178 0.016850 -18.691627 -5.937280 0.904395 -0.000000 0.220374 0.075011 -0.000001 -0.000000 -0.000000 -0.045700 0.110149 -0.021608 8.441175 -13.768810 -7.021379 -1.306601 19.417424 70.359261 1.232800 73.514098 -1.166584 -5.869813 13.755880 3.941633 -0.024648 -0.015740 0.026819 20.890026 -15.566520 -16.787587 -8.208257 -4.310771 0.268563 -0.026463 -0.015278 0.015278 -0.000003 0.000006 -0.000007 -0.019946 -0.011516 0.011516 0.000001 -0.000006 0.000001 -0.091083 -0.005179 0.022598 9.128259 -12.649983 66.647982 -1.115896 5.239781 125.016449 -0.000005 0.000005 -0.000005 0.000001 -0.000000 0.000001 -0.095325 0.000000 -0.000000 0.129272 -8.309460 66.870564 -6.256244 2.643810 127.739414 -0.000002 -0.000000 0.000001 -0.000001 -0.000003 0.000002 -0.091036 -0.000431 -0.018651 -6.024584 -0.258344 69.615501 -8.192066 -4.659882 114.564443 -0.000006 0.000008 0.000012 -0.000002 0.000006 0.000002 -0.080767 -0.004867 -0.038063 -14.471986 -2.795412 62.649657 -6.361333 -2.984405 115.428435 -0.000002 0.000003 0.000013 -0.000001 0.000002 0.000001 0.045704 0.110147 -0.021608 2.961996 1.341480 12.469237 0.401724 0.984237 -84.627478 3.956895 -63.745445 3.508725 10.577950 -23.086540 -3.749102 0.024661 -0.015762 0.026817 1.094513 9.692979 16.924109 6.617359 15.968415 -9.748863 0.026479 -0.015287 0.015288 -0.000007 0.000008 -0.000009 0.019989 -0.011541 0.011541 0.000002 -0.000001 0.000003 0.091093 -0.005180 0.022599 7.419819 13.839602 -81.378651 2.093409 -4.239590 -115.962556 -0.000001 0.000003 0.000001 -0.000003 0.000003 0.000001 0.095334 -0.000000 -0.000000 -1.251465 8.686962 -82.842087 -4.388334 -2.512814 -117.704226 -0.000001 0.000003 -0.000000 -0.000002 0.000004 -0.000000 0.091045 -0.000430 -0.018651 -6.773456 -1.906184 -85.805925 -10.279406 2.611443 -104.549685 0.000001 0.000003 0.000001 0.000000 0.000004 0.000001 0.080778 -0.004869 -0.038063 -14.196119 -1.498192 -78.843394 -11.721821 -1.028362 -105.383187 -0.000010 -0.000008 -0.000012 -0.000000 -0.000002 0.000001 -0.082078 -0.067517 -0.015995 -25.301587 -5.084067 -4.559995 22.891546 0.260868 0.929661 7.114860 -13.777827 5.846901 0.150883 0.722895 -0.453372 -0.000000 -0.000000 0.000000 0.082078 -0.067517 -0.015995 1.420241 -4.339743 13.799531 33.974187 2.557393 -0.987349 -20.272838 -1.529630 -9.916624 -13.725431 0.618847 0.310905 0.000000 0.000000 0.000000 
-0.027884 0.977866 0.197673 -3.483926 6.719519 -4.062426 0.000000 0.101815 0.001315 6.486737 1.031733 1.123088 12.960964 2.098452 1.946656 12.960971 2.098454 1.946655 -0.000000 0.167403 -0.020490 -15.445660 -7.776204 -1.736959 0.000000 0.096178 0.016850 -18.693640 -5.889589 0.925453 -0.000000 0.220374 0.075011 0.000001 0.000000 0.000000 -0.045700 0.110149 -0.021608 8.438153 -13.786743 -7.032015 -1.185752 19.199452 70.155325 1.298998 73.743394 -1.238577 -5.942810 13.816194 4.346603 -0.024648 -0.015740 0.026819 20.890006 -15.566519 -16.787599 -8.208232 -4.310774 0.268584 -0.026463 -0.015278 0.015278 -0.000006 0.000011 -0.000004 -0.019946 -0.011516 0.011516 0.000000 -0.000003 -0.000000 -0.091083 -0.005179 0.022598 9.128258 -12.649987 66.647989 -1.115893 5.239772 125.016449 -0.000003 0.000002 -0.000004 -0.000004 -0.000003 -0.000001 -0.095325 0.000000 0.000000 0.129263 -8.309466 66.870550 -6.256275 2.643813 127.739427 -0.000002 -0.000003 0.000001 0.000001 0.000001 0.000000 -0.091036 -0.000431 -0.018651 -6.024596 -0.258339 69.615481 -8.192080 -4.659888 114.564464 -0.000006 0.000003 0.000010 -0.000002 0.000002 0.000001 -0.080767 -0.004867 -0.038063 -14.471960 -2.795418 62.649657 -6.361348 -2.984379 115.428407 -0.000002 0.000002 0.000012 0.000000 -0.000001 0.000001 0.045704 0.110147 -0.021608 2.961428 1.357110 12.484060 0.543293 1.095167 -84.501372 3.981565 -63.872582 3.535898 10.526487 -23.331218 -3.534875 0.024661 -0.015762 0.026817 1.094496 9.692966 16.924104 6.617387 15.968397 -9.748863 0.026479 -0.015288 0.015288 -0.000008 0.000009 -0.000012 0.019989 -0.011541 0.011541 -0.000002 -0.000004 0.000005 0.091093 -0.005180 0.022599 7.419812 13.839595 -81.378658 2.093388 -4.239582 -115.962515 -0.000002 0.000000 0.000002 -0.000000 -0.000001 0.000001 0.095334 0.000000 -0.000000 -1.251485 8.686953 -82.842094 -4.388325 -2.512786 -117.704226 -0.000001 0.000002 0.000000 -0.000000 -0.000000 -0.000000 0.091045 -0.000430 -0.018651 -6.773449 -1.906187 -85.805939 -10.279401 2.611440 -104.549665 -0.000001 0.000001 0.000000 -0.000004 0.000005 0.000001 0.080778 -0.004869 -0.038063 -14.196125 -1.498172 -78.843414 -11.721806 -1.028347 -105.383173 -0.000010 -0.000012 -0.000013 -0.000000 0.000002 0.000000 -0.082078 -0.067517 -0.015995 -25.490490 -5.268213 -4.523045 23.123010 0.240052 0.941748 6.906270 -13.558680 5.745703 0.152781 0.676494 -0.420959 -0.000000 -0.000000 0.000000 0.082078 -0.067517 -0.015995 1.472942 -3.655403 14.096348 33.443950 1.835316 -1.029380 -20.167023 -1.500874 -9.797235 -13.710276 0.536734 0.334407 0.000000 0.000000 0.000000 
-0.029500 0.977867 0.200407 -3.286671 6.642774 -4.055122 0.000000 0.101816 0.001315 6.469352 1.027642 1.127916 12.926045 2.089130 1.960742 12.926054 2.089129 1.960743 0.000000 0.167404 -0.020490 -15.352696 -7.705959 -1.730986 -0.000000 0.096178 0.016850 -18.709963 -5.831137 0.942106 -0.000000 0.220374 0.075011 -0.000001 0.000000 0.000000 -0.045700 0.110149 -0.021608 8.438812 -13.787312 -7.026808 -1.042315 18.984994 69.898831 1.371996 73.989773 -1.317820 -5.991283 13.820245 4.738520 -0.024648 -0.015740 0.026819 20.890019 -15.566532 -16.787599 -8.208246 -4.310764 0.268566 -0.026463 -0.015278 0.015278 -0.000005 0.000011 -0.000008 -0.019946 -0.011516 0.011516 -0.000001 -0.000003 0.000001 -0.091083 -0.005179 0.022598 9.128252 -12.649991 66.647989 -1.115891 5.239792 125.016436 -0.000003 0.000003 -0.000003 -0.000001 -0.000002 0.000002 -0.095325 0.000000 0.000000 0.129277 -8.309468 66.870591 -6.256252 2.643811 127.739414 0.000001 0.000001 -0.000001 0.000002 -0.000001 -0.000001 -0.091036 -0.000431 -0.018651 -6.024590 -0.258335 69.615501 -8.192084 -4.659893 114.564464 -0.000006 0.000004 0.000011 -0.000001 0.000002 -0.000000 -0.080767 -0.004867 -0.038063 -14.471977 -2.795412 62.649651 -6.361349 -2.984396 115.428407 -0.000002 0.000004 0.000012 0.000002 0.000000 -0.000000 0.045704 0.110147 -0.021608 2.961015 1.375518 12.503600 0.665554 1.225502 -84.355077 4.014315 -64.015292 3.571791 10.411807 -23.570202 -3.439845 0.024661 -0.015762 0.026817 1.094505 9.692978 16.924095 6.617363 15.968402 -9.748869 0.026479 -0.015287 0.015287 -0.000004 0.000016 -0.000019 0.019989 -0.011541 0.011541 0.000001 0.000002 -0.000000 0.091093 -0.005180 0.022599 7.419812 13.839609 -81.378637 2.093393 -4.239569 -115.962569 0.000002 0.000001 0.000000 0.000000 -0.000001 0.000001 0.095334 0.000000 -0.000000 -1.251483 8.686964 -82.842115 -4.388325 -2.512801 -117.704226 -0.000001 0.000003 0.000001 -0.000003 0.000003 -0.000000 0.091045 -0.000430 -0.018651 -6.773444 -1.906170 -85.805939 -10.279407 2.611455 -104.549658 0.000001 0.000002 -0.000001 -0.000001 -0.000001 -0.000001 0.080778 -0.004869 -0.038063 -14.196120 -1.498181 -78.843414 -11.721820 -1.028361 -105.383200 -0.000010 -0.000011 -0.000013 -0.000000 -0.000000 0.000000 -0.082078 -0.067517 -0.015995 -25.707589 -5.428152 -4.478911 23.412773 0.236018 0.957836 6.685296 -13.332507 5.595303 0.148047 0.610536 -0.376952 0.000000 0.000000 0.000000 0.082078 -0.067517 -0.015995 1.471932 -2.882682 14.408438 33.011824 0.975712 -1.085482 -20.104964 -1.410596 -9.624945 -13.765567 0.455076 0.296899 0.000000 0.000000 0.000000 
-0.030977 0.977690 0.202941 -3.115482 6.556677 -4.048747 -0.000000 0.101816 0.001315 6.456471 1.024852 1.133000 12.900133 2.082515 1.974560 12.900124 2.082514 1.974561 -0.000000 0.167403 -0.020490 -15.236219 -7.647578 -1.704463 -0.000000 0.096178 0.016850 -18.741851 -5.769521 0.959349 0.000000 0.220374 0.075011 0.000000 0.000000 0.000000 -0.045700 0.110149 -0.021608 8.442100 -13.775394 -7.010295 -0.896918 18.776053 69.602674 1.447744 74.228201 -1.399939 -6.036444 13.792305 5.105430 -0.024648 -0.015740 0.026819 20.890012 -15.566536 -16.787598 -8.208227 -4.310764 0.268567 -0.026463 -0.015278 0.015278 -0.000005 0.000008 -0.000004 -0.019946 -0.011516 0.011516 0.000001 -0.000005 -0.000002 -0.091083 -0.005179 0.022598 9.128248 -12.649991 66.647975 -1.115882 5.239785 125.016436 -0.000005 0.000006 -0.000004 -0.000003 -0.000002 -0.000001 -0.095325 0.000000 0.000000 0.129263 -8.309457 66.870550 -6.256260 2.643807 127.739400 -0.000002 -0.000002 -0.000001 -0.000002 -0.000002 -0.000002 -0.091036 -0.000431 -0.018651 -6.024600 -0.258334 69.615501 -8.192074 -4.659885 114.564464 -0.000008 0.000003 0.000012 -0.000001 0.000000 0.000001 -0.080767 -0.004867 -0.038063 -14.471976 -2.795412 62.649678 -6.361359 -2.984370 115.428407 -0.000002 0.000003 0.000014 -0.000001 -0.000003 -0.000000 0.045704 0.110147 -0.021608 2.960892 1.398110 12.530501 0.758147 1.352510 -84.196145 4.051468 -64.166287 3.612353 10.242692 -23.800110 -3.409081 0.024661 -0.015762 0.026817 1.094498 9.692981 16.924118 6.617366 15.968400 -9.748856 0.026479 -0.015288 0.015287 -0.000006 0.000011 -0.000010 0.019989 -0.011541 0.011541 0.000001 0.000001 0.000005 0.091093 -0.005180 0.022599 7.419805 13.839603 -81.378637 2.093379 -4.239581 -115.962569 -0.000001 0.000001 0.000000 -0.000003 0.000001 0.000000 0.095334 0.000000 0.000000 -1.251489 8.686970 -82.842094 -4.388336 -2.512810 -117.704240 -0.000002 -0.000000 -0.000001 -0.000003 -0.000002 -0.000002 0.091045 -0.000430 -0.018651 -6.773482 -1.906177 -85.805918 -10.279397 2.611470 -104.549678 0.000000 -0.000001 0.000001 -0.000001 0.000000 -0.000000 0.080778 -0.004869 -0.038063 -14.196134 -1.498179 -78.843401 -11.721840 -1.028345 -105.383187 -0.000010 -0.000008 -0.000012 -0.000000 0.000003 0.000000 -0.082078 -0.067517 -0.015995 -25.939003 -5.556449 -4.437170 23.757046 0.246590 0.977206 6.453045 -13.130732 5.415612 0.140987 0.535582 -0.327437 -0.000000 0.000001 0.000000 0.082078 -0.067517 -0.015995 1.438065 -2.093832 14.717449 32.667757 0.072319 -1.147877 -20.078743 -1.296685 -9.432104 -13.899553 0.372692 0.188220 0.000000 -0.000000 0.000000 
-0.032331 0.977345 0.205277 -2.981860 6.480177 -4.042234 0.000000 0.101816 0.001315 6.450234 1.019543 1.138121 12.887551 2.071291 1.988165 12.887554 2.071288 1.988165 0.000000 0.167404 -0.020490 -15.105679 -7.608080 -1.641082 0.000000 0.096179 0.016850 -18.788162 -5.703368 0.983864 -0.000000 0.220374 0.075011 -0.000000 -0.000000 0.000000 -0.045700 0.110149 -0.021608 8.448282 -13.749808 -6.980926 -0.770000 18.573197 69.273875 1.520360 74.436180 -1.478679 -6.104290 13.751116 5.419534 -0.024648 -0.015740 0.026819 20.889997 -15.566529 -16.787599 -8.208229 -4.310754 0.268562 -0.026463 -0.015278 0.015278 0.000000 0.000011 -0.000006 -0.019946 -0.011516 0.011516 -0.000003 -0.000004 -0.000002 -0.091083 -0.005179 0.022598 9.128265 -12.650005 66.647996 -1.115876 5.239792 125.016436 -0.000004 0.000004 -0.000005 0.000002 -0.000004 0.000001 -0.095325 -0.000000 0.000000 0.129289 -8.309466 66.870564 -6.256258 2.643833 127.739400 -0.000005 -0.000000 0.000000 -0.000006 0.000003 -0.000000 -0.091036 -0.000431 -0.018651 -6.024588 -0.258342 69.615508 -8.192085 -4.659865 114.564402 -0.000007 0.000007 0.000010 -0.000005 0.000006 0.000003 -0.080767 -0.004867 -0.038063 -14.471962 -2.795422 62.649637 -6.361347 -2.984372 115.428421 -0.000002 0.000006 0.000013 -0.000000 0.000006 0.000002 0.045704 0.110147 -0.021608 2.961056 1.430451 12.571829 0.804060 1.460705 -84.036687 4.087992 -64.317357 3.652302 10.027981 -24.038600 -3.360381 0.024661 -0.015762 0.026817 1.094502 9.692989 16.924095 6.617375 15.968397 -9.748865 0.026479 -0.015288 0.015287 -0.000008 0.000014 -0.000011 0.019989 -0.011541 0.011541 -0.000002 0.000004 -0.000000 0.091093 -0.005180 0.022599 7.419812 13.839602 -81.378651 2.093388 -4.239588 -115.962556 -0.000000 0.000001 0.000001 -0.000004 -0.000000 -0.000000 0.095334 0.000000 -0.000000 -1.251482 8.686967 -82.842087 -4.388318 -2.512775 -117.704213 -0.000001 0.000006 0.000001 -0.000001 0.000007 -0.000000 0.091045 -0.000430 -0.018651 -6.773460 -1.906177 -85.805918 -10.279406 2.611456 -104.549665 0.000000 -0.000001 -0.000000 -0.000002 -0.000001 -0.000000 0.080778 -0.004869 -0.038063 -14.196122 -1.498170 -78.843401 -11.721808 -1.028346 -105.383180 -0.000010 -0.000007 -0.000013 0.000000 0.000003 -0.000000 -0.082078 -0.067517 -0.015995 -26.153361 -5.631510 -4.392840 24.142075 0.270749 0.998977 6.157085 -12.998179 5.216867 0.134585 0.462812 -0.279268 0.000000 -0.000000 0.000000 0.082078 -0.067517 -0.015995 1.389958 -1.333528 15.018814 32.413172 -0.815389 -1.211812 -20.088064 -1.186796 -9.241387 -14.079486 0.288063 0.043802 0.000000 -0.000000 0.000000 
-0.033544 0.976889 0.207409 -2.879453 6.433035 -4.027859 -0.000000 0.101816 0.001315 6.449582 1.010881 1.143889 12.886149 2.053925 2.003249 12.886146 2.053921 2.003250 -0.000000 0.167404 -0.020490 -14.975031 -7.593842 -1.554303 0.000000 0.096178 0.016850 -18.849299 -5.646588 1.013629 0.000000 0.220374 0.075011 -0.000001 0.000000 0.000000 -0.045700 0.110149 -0.021609 8.454666 -13.724266 -6.950344 -0.668686 18.370122 68.934463 1.588709 74.609708 -1.552766 -6.187708 13.704837 5.685713 -0.024648 -0.015740 0.026819 20.890019 -15.566527 -16.787587 -8.208240 -4.310748 0.268580 -0.026463 -0.015278 0.015278 -0.000005 0.000010 -0.000009 -0.019946 -0.011516 0.011516 -0.000001 0.000003 -0.000000 -0.091083 -0.005179 0.022598 9.128253 -12.650003 66.647975 -1.115880 5.239799 125.016463 -0.000004 0.000003 -0.000003 -0.000000 -0.000001 0.000001 -0.095325 0.000000 0.000000 0.129294 -8.309463 66.870578 -6.256267 2.643839 127.739400 -0.000002 0.000001 -0.000001 -0.000001 0.000002 0.000000 -0.091036 -0.000431 -0.018651 -6.024590 -0.258337 69.615501 -8.192092 -4.659880 114.564430 -0.000007 0.000005 0.000012 0.000000 0.000002 -0.000001 -0.080767 -0.004867 -0.038063 -14.471967 -2.795424 62.649671 -6.361343 -2.984373 115.428407 -0.000003 0.000006 0.000012 -0.000001 0.000003 -0.000001 0.045704 0.110147 -0.021608 2.961674 1.464214 12.618354 0.810097 1.531171 -83.871335 4.123622 -64.464425 3.691249 9.788253 -24.257039 -3.307008 0.024661 -0.015762 0.026817 1.094503 9.692990 16.924101 6.617360 15.968386 -9.748864 0.026479 -0.015287 0.015288 -0.000003 0.000009 -0.000012 0.019989 -0.011541 0.011541 -0.000000 -0.000001 -0.000000 0.091093 -0.005180 0.022599 7.419812 13.839609 -81.378658 2.093378 -4.239612 -115.962569 0.000000 0.000001 -0.000001 -0.000000 0.000001 -0.000001 0.095334 -0.000000 -0.000000 -1.251478 8.686976 -82.842115 -4.388334 -2.512816 -117.704226 0.000001 0.000004 0.000000 0.000001 -0.000000 -0.000000 0.091045 -0.000430 -0.018651 -6.773458 -1.906166 -85.805939 -10.279395 2.611458 -104.549658 -0.000002 0.000001 0.000001 -0.000000 -0.000001 -0.000000 0.080778 -0.004869 -0.038063 -14.196117 -1.498165 -78.843421 -11.721815 -1.028359 -105.383159 -0.000010 -0.000011 -0.000013 0.000001 0.000003 0.000000 -0.082078 -0.067517 -0.015995 -26.366350 -5.671031 -4.365319 24.575120 0.305119 1.022612 5.845525 -12.923613 5.017476 0.131341 0.391982 -0.231577 -0.000000 -0.000000 -0.000000 0.082078 -0.067517 -0.015995 1.339703 -0.665486 15.288351 32.232206 -1.600217 -1.269747 -20.122593 -1.112252 -9.079042 -14.262928 0.208035 -0.096603 -0.000000 -0.000000 0.000000 
-0.034606 0.976381 0.209331 -2.809729 6.446569 -3.997348 0.000000 0.101816 0.001315 6.454942 0.995440 1.150907 12.896814 2.023927 2.021864 12.896807 2.023926 2.021864 -0.000000 0.167404 -0.020490 -14.858306 -7.615427 -1.446413 0.000000 0.096178 0.016850 -18.929448 -5.611852 1.052025 0.000000 0.220374 0.075011 -0.000000 0.000000 0.000000 -0.045700 0.110149 -0.021608 8.459016 -13.709655 -6.927420 -0.608950 18.162578 68.603486 1.648531 74.730397 -1.617728 -6.292942 13.667250 5.896703 -0.024648 -0.015740 0.026819 20.890019 -15.566522 -16.787604 -8.208240 -4.310773 0.268578 -0.026463 -0.015278 0.015278 -0.000004 0.000008 -0.000006 -0.019946 -0.011516 0.011516 0.000002 -0.000005 0.000001 -0.091083 -0.005179 0.022598 9.128253 -12.649982 66.647989 -1.115897 5.239787 125.016463 -0.000002 0.000006 -0.000003 -0.000002 -0.000002 0.000002 -0.095325 0.000000 0.000000 0.129268 -8.309458 66.870591 -6.256251 2.643798 127.739414 -0.000000 -0.000001 -0.000001 0.000003 0.000000 -0.000000 -0.091036 -0.000431 -0.018651 -6.024595 -0.258327 69.615501 -8.192079 -4.659893 114.564464 -0.000008 0.000003 0.000011 -0.000000 0.000003 -0.000000 -0.080767 -0.004867 -0.038063 -14.471972 -2.795401 62.649678 -6.361339 -2.984399 115.428421 -0.000000 0.000004 0.000014 -0.000000 0.000000 -0.000000 0.045704 0.110147 -0.021608 2.962831 1.494890 12.666001 0.771182 1.536516 -83.700191 4.155440 -64.598242 3.726015 9.539056 -24.433885 -3.226386 0.024661 -0.015762 0.026817 1.094502 9.692984 16.924116 6.617358 15.968391 -9.748860 0.026479 -0.015288 0.015288 -0.000005 0.000013 -0.000009 0.019989 -0.011541 0.011541 -0.000002 -0.000005 0.000003 0.091093 -0.005180 0.022599 7.419806 13.839603 -81.378651 2.093402 -4.239581 -115.962569 0.000001 0.000001 0.000001 0.000001 -0.000000 0.000001 0.095334 0.000000 -0.000000 -1.251496 8.686968 -82.842087 -4.388316 -2.512789 -117.704226 0.000002 0.000003 0.000001 0.000002 0.000005 -0.000000 0.091045 -0.000430 -0.018651 -6.773463 -1.906186 -85.805918 -10.279393 2.611449 -104.549671 0.000001 -0.000002 -0.000001 -0.000000 -0.000004 -0.000001 0.080778 -0.004869 -0.038063 -14.196130 -1.498171 -78.843442 -11.721803 -1.028353 -105.383187 -0.000010 -0.000009 -0.000013 0.000001 0.000004 0.000001 -0.082078 -0.067517 -0.015995 -26.570016 -5.680983 -4.371075 25.051076 0.346752 1.047376 5.520549 -12.922621 4.838710 0.135554 0.327981 -0.186531 0.000000 0.000001 0.000000 0.082078 -0.067517 -0.015995 1.310978 -0.171670 15.499719 32.109085 -2.172312 -1.312173 -20.170896 -1.116664 -8.982921 -14.426396 0.137238 -0.215366 -0.000000 -0.000000 0.000000 
-0.035513 0.975831 0.211046 -2.760724 6.505546 -3.951391 -0.000000 0.101816 0.001315 6.463973 0.977146 1.158819 12.914827 1.988889 2.043026 12.914823 1.988890 2.043027 -0.000000 0.167404 -0.020490 -14.764371 -7.667997 -1.334156 0.000000 0.096178 0.016850 -19.016066 -5.601581 1.089225 0.000000 0.220374 0.075011 0.000000 0.000000 -0.000000 -0.045700 0.110149 -0.021608 8.459917 -13.713240 -6.918359 -0.584918 17.947080 68.295260 1.701490 74.818404 -1.675378 -6.406033 13.640783 6.061408 -0.024648 -0.015740 0.026819 20.890028 -15.566532 -16.787591 -8.208244 -4.310771 0.268570 -0.026463 -0.015278 0.015278 -0.000003 0.000006 -0.000001 -0.019946 -0.011516 0.011516 0.000005 -0.000005 -0.000000 -0.091083 -0.005179 0.022598 9.128267 -12.649995 66.647982 -1.115885 5.239797 125.016422 -0.000001 0.000002 -0.000006 0.000003 -0.000000 0.000000 -0.095325 0.000000 0.000000 0.129302 -8.309471 66.870557 -6.256259 2.643815 127.739427 0.000000 0.000002 -0.000001 -0.000001 -0.000003 -0.000001 -0.091036 -0.000431 -0.018651 -6.024571 -0.258335 69.615481 -8.192067 -4.659889 114.564464 -0.000008 0.000004 0.000012 -0.000003 0.000001 0.000000 -0.080767 -0.004867 -0.038063 -14.471965 -2.795410 62.649651 -6.361360 -2.984369 115.428407 -0.000002 0.000003 0.000014 0.000002 0.000001 0.000001 0.045704 0.110147 -0.021608 2.964503 1.516531 12.706278 0.706135 1.486716 -83.518556 4.185960 -64.726254 3.759377 9.305207 -24.565484 -3.143430 0.024661 -0.015762 0.026817 1.094500 9.692995 16.924119 6.617357 15.968409 -9.748854 0.026479 -0.015287 0.015288 -0.000007 0.000013 -0.000007 0.019989 -0.011541 0.011541 0.000000 0.000000 -0.000000 0.091093 -0.005180 0.022599 7.419818 13.839607 -81.378658 2.093392 -4.239591 -115.962583 -0.000003 0.000001 0.000001 -0.000003 0.000002 0.000001 0.095334 0.000000 -0.000000 -1.251488 8.686968 -82.842121 -4.388344 -2.512797 -117.704240 -0.000000 0.000001 0.000000 -0.000002 -0.000001 -0.000000 0.091045 -0.000430 -0.018651 -6.773469 -1.906166 -85.805945 -10.279406 2.611455 -104.549685 -0.000000 0.000003 0.000001 -0.000003 0.000005 0.000002 0.080778 -0.004869 -0.038063 -14.196116 -1.498159 -78.843428 -11.721820 -1.028360 -105.383153 -0.000010 -0.000009 -0.000012 -0.000000 -0.000002 0.000000 -0.082078 -0.067517 -0.015995 -26.771700 -5.676049 -4.410120 25.552052 0.392136 1.071976 5.192285 -12.963977 4.678874 0.144586 0.266354 -0.141771 -0.000000 0.000001 0.000000 0.082078 -0.067517 -0.015995 1.295350 0.162046 15.651262 32.039792 -2.543907 -1.339890 -20.232554 -1.187926 -8.946168 -14.535276 0.081316 -0.281639 0.000000 -0.000000 0.000000 
-0.036256 0.975271 0.212552 -2.723809 6.615799 -3.883940 -0.000000 0.101816 0.001315 6.475235 0.957875 1.167810 12.937249 1.952673 2.067497 12.937262 1.952672 2.067498 0.000000 0.167403 -0.020490 -14.708302 -7.754450 -1.235625 0.000000 0.096178 0.016850 -19.103382 -5.627222 1.118842 0.000000 0.220374 0.075011 -0.000000 -0.000000 -0.000000 -0.045700 0.110149 -0.021608 8.454424 -13.750211 -6.935411 -0.600940 17.715421 68.034053 1.748002 74.883482 -1.726035 -6.516361 13.632310 6.180397 -0.024648 -0.015740 0.026819 20.890023 -15.566536 -16.787609 -8.208245 -4.310749 0.268586 -0.026463 -0.015278 0.015278 -0.000004 0.000011 -0.000002 -0.019946 -0.011516 0.011516 0.000001 0.000002 -0.000001 -0.091083 -0.005179 0.022598 9.128268 -12.649980 66.647982 -1.115899 5.239798 125.016422 -0.000004 0.000003 -0.000003 0.000002 -0.000002 0.000000 -0.095325 -0.000000 -0.000000 0.129289 -8.309455 66.870564 -6.256267 2.643803 127.739427 -0.000003 -0.000000 -0.000000 -0.000003 -0.000003 -0.000000 -0.091036 -0.000431 -0.018651 -6.024583 -0.258340 69.615501 -8.192078 -4.659881 114.564464 -0.000008 0.000006 0.000011 -0.000002 0.000005 0.000002 -0.080767 -0.004867 -0.038063 -14.471965 -2.795413 62.649685 -6.361364 -2.984393 115.428407 -0.000002 0.000004 0.000014 -0.000000 -0.000000 0.000001 0.045704 0.110147 -0.021608 2.966719 1.519568 12.727701 0.626768 1.369850 -83.318213 4.215981 -64.847353 3.792134 9.115811 -24.634597 -3.071746 0.024661 -0.015762 0.026817 1.094506 9.692983 16.924116 6.617360 15.968412 -9.748868 0.026479 -0.015288 0.015287 -0.000001 0.000014 -0.000011 0.019989 -0.011541 0.011541 -0.000003 0.000005 -0.000000 0.091093 -0.005180 0.022599 7.419817 13.839609 -81.378651 2.093385 -4.239583 -115.962556 -0.000003 0.000003 0.000001 -0.000001 0.000004 0.000002 0.095334 0.000000 -0.000000 -1.251480 8.686973 -82.842094 -4.388345 -2.512806 -117.704226 0.000001 0.000002 -0.000000 -0.000002 0.000002 -0.000001 0.091045 -0.000430 -0.018651 -6.773467 -1.906191 -85.805918 -10.279399 2.611464 -104.549685 0.000000 -0.000004 -0.000001 -0.000001 -0.000003 -0.000002 0.080778 -0.004869 -0.038063 -14.196126 -1.498182 -78.843401 -11.721820 -1.028343 -105.383228 -0.000011 -0.000011 -0.000013 0.000000 0.000002 -0.000000 -0.082078 -0.067517 -0.015995 -26.975154 -5.674084 -4.495405 26.064753 0.438211 1.095458 4.868313 -13.027408 4.546714 0.160053 0.203900 -0.094658 -0.000000 -0.000000 0.000000 0.082078 -0.067517 -0.015995 1.297478 0.302554 15.724540 32.013172 -2.662992 -1.348252 -20.300864 -1.342563 -8.985554 -14.543486 0.050464 -0.253304 -0.000000 0.000000 0.000000 
-0.036844 0.974688 0.213866 -2.690579 6.745628 -3.806245 -0.000000 0.101815 0.001315 6.486483 0.940241 1.176678 12.959663 1.919972 2.092061 12.959663 1.919970 2.092062 -0.000000 0.167404 -0.020490 -14.685462 -7.863111 -1.149684 -0.000000 0.096178 0.016850 -19.175280 -5.674016 1.133597 0.000000 0.220374 0.075011 -0.000000 0.000000 0.000000 -0.045700 0.110149 -0.021608 8.444904 -13.807749 -6.969135 -0.642331 17.478710 67.807502 1.790246 74.938452 -1.772046 -6.619494 13.642112 6.271276 -0.024648 -0.015740 0.026819 20.890017 -15.566527 -16.787599 -8.208232 -4.310759 0.268578 -0.026463 -0.015278 0.015278 -0.000004 0.000011 -0.000006 -0.019946 -0.011516 0.011516 0.000002 -0.000007 0.000001 -0.091083 -0.005179 0.022598 9.128269 -12.649987 66.647975 -1.115877 5.239804 125.016463 -0.000004 0.000002 -0.000004 -0.000001 0.000001 -0.000000 -0.095325 -0.000000 -0.000000 0.129276 -8.309453 66.870585 -6.256257 2.643794 127.739427 -0.000003 -0.000000 0.000001 -0.000003 0.000001 0.000000 -0.091036 -0.000431 -0.018651 -6.024573 -0.258323 69.615501 -8.192084 -4.659896 114.564436 -0.000006 0.000006 0.000012 -0.000003 0.000001 -0.000002 -0.080767 -0.004867 -0.038063 -14.471976 -2.795402 62.649651 -6.361350 -2.984392 115.428421 -0.000002 0.000000 0.000013 0.000002 -0.000001 -0.000000 0.045704 0.110147 -0.021608 2.969199 1.510550 12.735759 0.549140 1.224269 -83.109810 4.248844 -64.978356 3.827940 8.972781 -24.660166 -3.022603 0.024661 -0.015762 0.026817 1.094501 9.692994 16.924104 6.617372 15.968390 -9.748860 0.026479 -0.015287 0.015287 -0.000002 0.000011 -0.000014 0.019989 -0.011541 0.011541 -0.000003 -0.000001 -0.000000 0.091093 -0.005180 0.022599 7.419814 13.839616 -81.378658 2.093392 -4.239595 -115.962556 -0.000000 0.000003 0.000001 -0.000001 0.000002 0.000002 0.095334 0.000000 -0.000000 -1.251489 8.686971 -82.842115 -4.388331 -2.512789 -117.704240 -0.000002 0.000004 0.000000 -0.000001 0.000004 0.000002 0.091045 -0.000430 -0.018651 -6.773445 -1.906161 -85.805918 -10.279411 2.611445 -104.549678 0.000002 0.000002 0.000001 -0.000001 0.000003 0.000000 0.080778 -0.004869 -0.038063 -14.196116 -1.498163 -78.843414 -11.721809 -1.028363 -105.383173 -0.000010 -0.000008 -0.000013 0.000000 0.000006 0.000001 -0.082078 -0.067517 -0.015995 -27.184706 -5.670893 -4.606657 26.574982 0.481680 1.117230 4.556198 -13.096796 4.433213 0.173665 0.141710 -0.048224 -0.000000 -0.000000 -0.000000 0.082078 -0.067517 -0.015995 1.301345 0.311234 15.741057 32.030999 -2.613146 -1.344102 -20.381302 -1.536906 -9.070236 -14.465569 0.036243 -0.148684 -0.000001 -0.000001 0.000000 
-0.037282 0.974076 0.214997 -2.649247 6.869275 -3.724068 -0.000000 0.101815 0.001315 6.495285 0.927861 1.184132 12.977128 1.897623 2.113718 12.977135 1.897620 2.113719 0.000000 0.167404 -0.020490 -14.702585 -7.987805 -1.083922 0.000000 0.096179 0.016850 -19.212409 -5.735679 1.122066 -0.000000 0.220374 0.075011 0.000000 -0.000000 0.000000 -0.045700 0.110149 -0.021608 8.431688 -13.883065 -7.017536 -0.698154 17.241245 67.617179 1.830680 75.001699 -1.815962 -6.704851 13.678023 6.343253 -0.024648 -0.015740 0.026819 20.890019 -15.566537 -16.787606 -8.208235 -4.310743 0.268593 -0.026463 -0.015278 0.015278 -0.000007 0.000006 -0.000006 -0.019946 -0.011516 0.011516 -0.000001 -0.000006 -0.000003 -0.091083 -0.005179 0.022598 9.128254 -12.649985 66.647982 -1.115909 5.239789 125.016463 -0.000004 0.000005 -0.000004 -0.000003 0.000002 0.000001 -0.095325 0.000000 0.000000 0.129269 -8.309460 66.870564 -6.256251 2.643807 127.739427 0.000001 0.000001 0.000002 0.000001 0.000001 0.000001 -0.091036 -0.000431 -0.018651 -6.024593 -0.258343 69.615487 -8.192060 -4.659878 114.564430 -0.000006 0.000003 0.000010 0.000000 0.000003 -0.000002 -0.080767 -0.004867 -0.038063 -14.471989 -2.795421 62.649664 -6.361346 -2.984378 115.428421 -0.000000 0.000002 0.000013 -0.000001 0.000006 0.000002 0.045704 0.110147 -0.021608 2.971533 1.490501 12.729381 0.492436 1.074625 -82.897036 4.288336 -65.134009 3.870987 8.895668 -24.653286 -3.012047 0.024661 -0.015762 0.026817 1.094505 9.692988 16.924111 6.617379 15.968395 -9.748868 0.026479 -0.015287 0.015288 -0.000005 0.000014 -0.000016 0.019989 -0.011541 0.011541 -0.000000 0.000001 -0.000000 0.091093 -0.005180 0.022599 7.419827 13.839614 -81.378651 2.093387 -4.239600 -115.962569 0.000002 0.000001 -0.000001 0.000003 0.000003 -0.000000 0.095334 0.000000 -0.000000 -1.251464 8.686968 -82.842087 -4.388318 -2.512807 -117.704213 -0.000000 0.000002 0.000000 0.000002 -0.000002 0.000002 0.091045 -0.000430 -0.018651 -6.773456 -1.906175 -85.805959 -10.279402 2.611462 -104.549671 0.000001 0.000001 0.000000 -0.000001 0.000002 0.000001 0.080778 -0.004869 -0.038063 -14.196109 -1.498173 -78.843414 -11.721820 -1.028365 -105.383153 -0.000010 -0.000009 -0.000013 0.000000 0.000003 0.000000 -0.082078 -0.067517 -0.015995 -27.408654 -5.669844 -4.733825 27.067942 0.519067 1.137367 4.264238 -13.148627 4.332660 0.178362 0.078661 -0.003701 -0.000000 -0.000000 -0.000000 0.082078 -0.067517 -0.015995 1.292918 0.226310 15.709346 32.090643 -2.441850 -1.331250 -20.474327 -1.741228 -9.182873 -14.293026 0.037793 0.038991 0.000000 -0.000000 0.000000 
-0.037575 0.973440 0.215963 -2.601176 6.974875 -3.647614 0.000000 0.101816 0.001315 6.500913 0.919497 1.190462 12.988241 1.883032 2.132514 12.988229 1.883036 2.132512 -0.000000 0.167404 -0.020490 -14.741599 -8.114762 -1.030958 -0.000000 0.096178 0.016850 -19.219177 -5.798077 1.090903 0.000000 0.220374 0.075011 0.000000 0.000001 0.000000 -0.045700 0.110149 -0.021608 8.417703 -13.961224 -7.070448 -0.761081 17.014297 67.445516 1.870126 75.066921 -1.858746 -6.779755 13.724350 6.421804 -0.024648 -0.015740 0.026819 20.889992 -15.566534 -16.787601 -8.208234 -4.310754 0.268592 -0.026463 -0.015278 0.015278 -0.000008 0.000010 -0.000006 -0.019946 -0.011516 0.011516 0.000005 -0.000006 0.000003 -0.091083 -0.005179 0.022598 9.128240 -12.649989 66.647989 -1.115895 5.239773 125.016463 -0.000003 0.000004 -0.000005 -0.000001 -0.000002 0.000000 -0.095325 0.000000 0.000000 0.129265 -8.309465 66.870564 -6.256251 2.643813 127.739414 0.000001 0.000001 0.000001 0.000002 0.000002 0.000001 -0.091036 -0.000431 -0.018651 -6.024600 -0.258332 69.615501 -8.192094 -4.659884 114.564436 -0.000006 0.000006 0.000012 0.000001 0.000008 0.000002 -0.080767 -0.004867 -0.038063 -14.471998 -2.795405 62.649651 -6.361332 -2.984396 115.428407 -0.000001 0.000005 0.000013 0.000002 -0.000002 0.000000 0.045704 0.110147 -0.021608 2.973788 1.466437 12.716536 0.458857 0.950171 -82.693387 4.334741 -65.319278 3.921576 8.860371 -24.620716 -3.039318 0.024661 -0.015762 0.026817 1.094503 9.692978 16.924106 6.617376 15.968414 -9.748862 0.026479 -0.015287 0.015287 -0.000002 0.000011 -0.000013 0.019989 -0.011541 0.011541 -0.000004 0.000003 -0.000000 0.091093 -0.005180 0.022599 7.419810 13.839611 -81.378651 2.093393 -4.239583 -115.962556 0.000003 0.000001 0.000000 0.000001 0.000002 0.000000 0.095334 0.000000 -0.000000 -1.251484 8.686962 -82.842115 -4.388325 -2.512803 -117.704226 0.000000 0.000001 0.000000 -0.000003 0.000001 0.000001 0.091045 -0.000430 -0.018651 -6.773467 -1.906191 -85.805952 -10.279409 2.611467 -104.549712 0.000001 0.000000 0.000000 0.000002 -0.000001 0.000001 0.080778 -0.004869 -0.038063 -14.196138 -1.498175 -78.843428 -11.721830 -1.028346 -105.383187 -0.000010 -0.000014 -0.000013 0.000000 0.000000 -0.000000 -0.082078 -0.067517 -0.015995 -27.641470 -5.666542 -4.861106 27.538133 0.548303 1.155702 3.994230 -13.184864 4.244848 0.172056 0.018156 0.035981 0.000000 -0.000001 0.000000 0.082078 -0.067517 -0.015995 1.269489 0.084502 15.648822 32.189121 -2.207153 -1.314309 -20.580649 -1.928414 -9.303374 -14.056241 0.045567 0.276311 -0.000000 0.000000 0.000000 
-0.037728 0.972776 0.216781 -2.540533 7.037689 -3.590138 -0.000000 0.101815 0.001315 6.501293 0.915848 1.195176 12.988855 1.877258 2.146715 12.988848 1.877253 2.146717 -0.000000 0.167404 -0.020490 -14.790085 -8.230415 -0.984140 0.000000 0.096179 0.016850 -19.187912 -5.843908 1.038451 0.000000 0.220374 0.075011 -0.000000 0.000000 -0.000000 -0.045700 0.110149 -0.021608 8.406035 -14.024409 -7.114865 -0.817023 16.808426 67.272514 1.910619 75.137490 -1.902667 -6.845268 13.772904 6.534378 -0.024648 -0.015740 0.026819 20.890007 -15.566530 -16.787582 -8.208231 -4.310756 0.268566 -0.026463 -0.015278 0.015278 -0.000006 0.000010 -0.000008 -0.019946 -0.011516 0.011516 -0.000000 -0.000003 0.000001 -0.091083 -0.005179 0.022598 9.128256 -12.649986 66.647989 -1.115882 5.239782 125.016449 -0.000006 0.000002 -0.000004 -0.000000 -0.000000 0.000002 -0.095325 0.000000 -0.000000 0.129281 -8.309473 66.870550 -6.256262 2.643832 127.739414 -0.000003 -0.000004 0.000001 0.000000 -0.000003 0.000000 -0.091036 -0.000431 -0.018651 -6.024587 -0.258336 69.615501 -8.192079 -4.659876 114.564450 -0.000010 0.000006 0.000011 0.000001 0.000007 0.000002 -0.080767 -0.004867 -0.038063 -14.471982 -2.795412 62.649692 -6.361341 -2.984386 115.428435 -0.000003 0.000002 0.000013 -0.000002 0.000001 0.000001 0.045704 0.110147 -0.021608 2.975513 1.446497 12.705193 0.459649 0.892964 -82.514709 4.391693 -65.550814 3.983611 8.858646 -24.574109 -3.114699 0.024661 -0.015762 0.026817 1.094507 9.692985 16.924104 6.617382 15.968393 -9.748857 0.026479 -0.015288 0.015287 -0.000007 0.000014 -0.000013 0.019989 -0.011541 0.011541 -0.000001 -0.000004 -0.000000 0.091093 -0.005180 0.022599 7.419819 13.839602 -81.378651 2.093391 -4.239592 -115.962569 -0.000001 0.000001 0.000000 0.000000 0.000001 0.000001 0.095334 0.000000 0.000000 -1.251482 8.686960 -82.842067 -4.388325 -2.512776 -117.704240 0.000001 0.000003 -0.000000 0.000000 0.000004 0.000001 0.091045 -0.000430 -0.018651 -6.773474 -1.906178 -85.805918 -10.279411 2.611454 -104.549651 0.000000 0.000002 0.000001 0.000000 0.000002 0.000001 0.080778 -0.004869 -0.038063 -14.196103 -1.498174 -78.843408 -11.721816 -1.028366 -105.383187 -0.000010 -0.000009 -0.000013 -0.000000 0.000007 0.000000 -0.082078 -0.067517 -0.015995 -27.884239 -5.656267 -4.967010 27.973969 0.565531 1.171530 3.752109 -13.198554 4.166606 0.147347 -0.036993 0.066797 -0.000000 -0.000001 0.000000 0.082078 -0.067517 -0.015995 1.219765 -0.064433 15.581173 32.325260 -1.983001 -1.299224 -20.702063 -2.057937 -9.404903 -13.793377 0.049078 0.523163 -0.000000 0.000000 0.000000 
-0.037747 0.972103 0.217467 -2.477100 7.070356 -3.547911 -0.000000 0.101816 0.001315 6.498226 0.914788 1.199305 12.982565 1.876278 2.158684 12.982563 1.876271 2.158687 -0.000000 0.167404 -0.020490 -14.838950 -8.327625 -0.948428 0.000000 0.096178 0.016850 -19.135455 -5.876824 0.978383 -0.000000 0.220374 0.075011 -0.000001 0.000000 -0.000000 -0.045700 0.110149 -0.021608 8.395450 -14.078400 -7.157081 -0.875085 16.629021 67.108555 1.950573 75.202760 -1.945965 -6.909398 13.808962 6.684439 -0.024648 -0.015740 0.026819 20.890017 -15.566539 -16.787601 -8.208240 -4.310748 0.268586 -0.026463 -0.015278 0.015278 -0.000010 0.000010 -0.000003 -0.019946 -0.011516 0.011516 -0.000001 -0.000006 -0.000002 -0.091083 -0.005179 0.022598 9.128254 -12.649978 66.647989 -1.115900 5.239795 125.016449 -0.000002 0.000006 -0.000004 -0.000000 -0.000004 0.000001 -0.095325 -0.000000 -0.000000 0.129288 -8.309465 66.870564 -6.256263 2.643824 127.739400 0.000001 0.000001 0.000000 -0.000002 -0.000001 0.000001 -0.091036 -0.000431 -0.018651 -6.024584 -0.258326 69.615487 -8.192078 -4.659888 114.564436 -0.000006 0.000005 0.000010 -0.000004 0.000001 -0.000001 -0.080767 -0.004867 -0.038063 -14.471981 -2.795411 62.649671 -6.361337 -2.984381 115.428407 -0.000002 0.000003 0.000014 -0.000001 0.000003 -0.000000 0.045704 0.110147 -0.021608 2.976911 1.428247 12.693483 0.486490 0.889092 -82.358619 4.454535 -65.808722 4.052035 8.862759 -24.509896 -3.221043 0.024661 -0.015762 0.026817 1.094515 9.692985 16.924106 6.617372 15.968402 -9.748854 0.026479 -0.015287 0.015288 -0.000002 0.000013 -0.000012 0.019989 -0.011541 0.011541 -0.000000 0.000001 -0.000000 0.091093 -0.005180 0.022599 7.419818 13.839602 -81.378658 2.093376 -4.239578 -115.962556 0.000000 0.000001 0.000001 0.000002 -0.000001 0.000002 0.095334 0.000000 -0.000000 -1.251473 8.686963 -82.842115 -4.388338 -2.512805 -117.704226 -0.000001 0.000003 -0.000000 -0.000000 0.000003 0.000001 0.091045 -0.000430 -0.018651 -6.773457 -1.906185 -85.805945 -10.279397 2.611469 -104.549665 0.000001 0.000002 -0.000000 0.000002 0.000002 -0.000000 0.080778 -0.004869 -0.038063 -14.196112 -1.498178 -78.843442 -11.721822 -1.028356 -105.383187 -0.000010 -0.000006 -0.000012 0.000000 0.000002 0.000000 -0.082078 -0.067517 -0.015995 -28.126330 -5.644847 -5.058062 28.380204 0.573087 1.185370 3.533342 -13.192795 4.102876 0.112946 -0.086178 0.090729 0.000000 0.000000 0.000000 0.082078 -0.067517 -0.015995 1.156050 -0.221103 15.507622 32.490380 -1.768737 -1.285708 -20.834010 -2.141147 -9.489530 -13.729752 0.050669 0.520758 0.000000 -0.000000 0.000000 
-0.037632 0.971428 0.218037 -2.416386 7.072590 -3.525257 -0.000000 0.101816 0.001315 6.491965 0.914710 1.204082 12.969886 1.877006 2.170597 12.969877 1.877000 2.170598 -0.000000 0.167404 -0.020490 -14.872874 -8.392526 -0.925051 0.000000 0.096178 0.016850 -19.073433 -5.891302 0.922774 0.000000 0.220374 0.075011 -0.000000 0.000000 -0.000000 -0.045700 0.110149 -0.021608 8.386156 -14.120151 -7.197337 -0.936610 16.485094 66.950962 1.989607 75.254608 -1.988376 -6.985351 13.812484 6.894856 -0.024648 -0.015740 0.026819 20.890017 -15.566525 -16.787591 -8.208240 -4.310764 0.268567 -0.026462 -0.015278 0.015278 -0.000007 0.000011 -0.000007 -0.019946 -0.011516 0.011516 0.000003 0.000003 0.000006 -0.091083 -0.005179 0.022598 9.128258 -12.649985 66.647968 -1.115891 5.239791 125.016463 -0.000006 0.000003 -0.000004 -0.000007 -0.000001 -0.000001 -0.095325 0.000000 0.000000 0.129297 -8.309461 66.870564 -6.256256 2.643850 127.739414 -0.000000 0.000001 -0.000001 -0.000001 0.000001 -0.000000 -0.091036 -0.000431 -0.018651 -6.024589 -0.258337 69.615501 -8.192081 -4.659883 114.564436 -0.000006 0.000006 0.000010 0.000003 0.000007 0.000000 -0.080767 -0.004867 -0.038063 -14.471974 -2.795410 62.649651 -6.361339 -2.984376 115.428407 -0.000002 0.000003 0.000013 -0.000000 0.000002 0.000000 0.045704 0.110147 -0.021608 2.977994 1.412883 12.683037 0.537787 0.950858 -82.231919 4.521799 -66.088016 4.125228 8.842179 -24.426015 -3.352354 0.024661 -0.015762 0.026817 1.094511 9.692985 16.924107 6.617370 15.968403 -9.748871 0.026479 -0.015287 0.015288 -0.000001 0.000014 -0.000011 0.019989 -0.011541 0.011541 -0.000002 0.000003 -0.000002 0.091093 -0.005180 0.022599 7.419809 13.839608 -81.378665 2.093395 -4.239579 -115.962556 0.000001 0.000002 0.000002 0.000003 0.000001 0.000001 0.095334 0.000000 -0.000000 -1.251494 8.686980 -82.842094 -4.388321 -2.512790 -117.704226 -0.000002 -0.000001 0.000000 -0.000001 0.000001 0.000001 0.091045 -0.000430 -0.018651 -6.773451 -1.906182 -85.805932 -10.279396 2.611447 -104.549665 0.000002 0.000004 0.000001 0.000002 0.000004 0.000002 0.080778 -0.004869 -0.038063 -14.196106 -1.498174 -78.843428 -11.721829 -1.028366 -105.383166 -0.000010 -0.000008 -0.000012 0.000000 0.000000 0.000000 -0.082078 -0.067517 -0.015995 -28.360252 -5.636392 -5.129633 28.756445 0.570726 1.197345 3.336800 -13.166961 4.057056 0.073200 -0.128182 0.108200 0.000000 0.000000 0.000000 0.082078 -0.067517 -0.015995 1.083245 -0.368401 15.438850 32.679494 -1.593625 -1.275990 -20.975084 -2.168239 -9.547095 -13.651291 0.038431 0.521635 0.000000 0.000000 0.000000 
-0.037409 0.970774 0.218505 -2.365482 7.058198 -3.511187 -0.000000 0.101816 0.001315 6.485060 0.914718 1.208557 12.955940 1.877738 2.181285 12.955945 1.877741 2.181284 -0.000000 0.167404 -0.020490 -14.898456 -8.431627 -0.917996 -0.000000 0.096179 0.016850 -19.009409 -5.897294 0.874400 -0.000000 0.220373 0.075011 -0.000000 -0.000000 -0.000000 -0.045700 0.110149 -0.021608 8.376780 -14.158344 -7.240842 -1.010381 16.376473 66.818327 2.024334 75.288711 -2.026168 -7.057809 13.790955 7.134628 -0.024648 -0.015740 0.026819 20.890017 -15.566520 -16.787611 -8.208240 -4.310757 0.268584 -0.026463 -0.015278 0.015278 -0.000000 0.000006 -0.000005 -0.019946 -0.011516 0.011516 -0.000002 -0.000003 0.000003 -0.091083 -0.005179 0.022598 9.128246 -12.649983 66.647975 -1.115881 5.239791 125.016477 -0.000006 0.000005 -0.000004 -0.000002 -0.000001 -0.000001 -0.095325 0.000000 0.000000 0.129279 -8.309467 66.870557 -6.256257 2.643802 127.739427 -0.000003 0.000000 -0.000000 -0.000004 0.000002 -0.000000 -0.091036 -0.000431 -0.018651 -6.024585 -0.258337 69.615474 -8.192074 -4.659877 114.564470 -0.000006 0.000005 0.000013 -0.000003 0.000003 -0.000001 -0.080767 -0.004867 -0.038063 -14.471981 -2.795406 62.649651 -6.361339 -2.984391 115.428421 -0.000003 0.000007 0.000014 0.000002 0.000002 -0.000001 0.045704 0.110147 -0.021608 2.979040 1.397824 12.672019 0.604458 1.041703 -82.122431 4.587661 -66.360335 4.196788 8.796992 -24.329528 -3.485309 0.024661 -0.015762 0.026817 1.094491 9.692981 16.924114 6.617377 15.968407 -9.748857 0.026479 -0.015287 0.015287 -0.000001 0.000014 -0.000015 0.019989 -0.011541 0.011541 0.000001 0.000000 0.000002 0.091093 -0.005180 0.022599 7.419815 13.839606 -81.378651 2.093412 -4.239590 -115.962569 0.000002 -0.000001 0.000000 -0.000000 -0.000005 -0.000001 0.095334 0.000000 -0.000000 -1.251500 8.686970 -82.842087 -4.388321 -2.512784 -117.704254 -0.000000 -0.000001 -0.000000 -0.000001 -0.000001 0.000000 0.091045 -0.000430 -0.018651 -6.773458 -1.906189 -85.805918 -10.279416 2.611458 -104.549685 -0.000002 0.000001 0.000000 -0.000001 0.000003 -0.000000 0.080778 -0.004869 -0.038063 -14.196116 -1.498169 -78.843414 -11.721800 -1.028344 -105.383173 -0.000011 -0.000009 -0.000012 -0.000000 0.000005 0.000001 -0.082078 -0.067517 -0.015995 -28.578152 -5.631686 -5.194045 29.106151 0.562727 1.207910 3.158733 -13.125318 4.030079 0.033814 -0.161844 0.120049 -0.000000 0.000001 -0.000000 0.082078 -0.067517 -0.015995 1.013090 -0.509729 15.368376 32.879325 -1.439160 -1.268254 -21.118122 -2.164934 -9.587338 -13.561603 0.018332 0.524149 -0.000000 -0.000001 0.000000 
-0.037095 0.970154 0.218892 -2.334166 7.039926 -3.497392 -0.000000 0.101816 0.001315 6.480043 0.913324 1.212720 12.945828 1.875684 2.191288 12.945823 1.875682 2.191289 -0.000000 0.167404 -0.020490 -14.916023 -8.442725 -0.934518 -0.000000 0.096178 0.016850 -18.955283 -5.902569 0.843556 0.000000 0.220374 0.075011 -0.000001 0.000001 0.000000 -0.045700 0.110149 -0.021608 8.365247 -14.202141 -7.295457 -1.106816 16.308202 66.728564 2.052051 75.297856 -2.056465 -7.122067 13.739876 7.390737 -0.024648 -0.015740 0.026819 20.890019 -15.566517 -16.787596 -8.208233 -4.310779 0.268561 -0.026463 -0.015278 0.015278 -0.000006 0.000011 -0.000009 -0.019946 -0.011516 0.011516 0.000004 -0.000003 0.000001 -0.091083 -0.005179 0.022598 9.128258 -12.649976 66.647989 -1.115892 5.239791 125.016463 -0.000005 0.000003 -0.000003 -0.000005 -0.000003 -0.000001 -0.095325 -0.000000 0.000000 0.129289 -8.309464 66.870578 -6.256261 2.643822 127.739400 -0.000002 0.000000 0.000000 -0.000005 0.000000 0.000000 -0.091036 -0.000431 -0.018651 -6.024591 -0.258340 69.615508 -8.192076 -4.659887 114.564430 -0.000007 0.000006 0.000010 -0.000001 0.000003 0.000001 -0.080767 -0.004867 -0.038063 -14.471964 -2.795394 62.649657 -6.361343 -2.984370 115.428421 0.000001 0.000003 0.000013 0.000000 -0.000004 -0.000000 0.045704 0.110147 -0.021608 2.980063 1.380611 12.658639 0.678817 1.134239 -82.022772 4.645735 -66.599453 4.259838 8.709176 -24.224354 -3.594584 0.024661 -0.015762 0.026817 1.094487 9.692992 16.924099 6.617356 15.968407 -9.748843 0.026479 -0.015287 0.015287 -0.000001 0.000013 -0.000009 0.019989 -0.011541 0.011541 0.000001 0.000001 0.000001 0.091093 -0.005180 0.022599 7.419796 13.839609 -81.378651 2.093398 -4.239593 -115.962569 0.000001 -0.000001 0.000000 0.000003 -0.000004 -0.000002 0.095334 0.000000 -0.000000 -1.251492 8.686959 -82.842108 -4.388335 -2.512801 -117.704254 0.000000 0.000004 0.000002 -0.000004 0.000003 0.000003 0.091045 -0.000430 -0.018651 -6.773476 -1.906162 -85.805925 -10.279401 2.611446 -104.549665 0.000000 0.000000 0.000001 0.000000 0.000004 -0.000000 0.080778 -0.004869 -0.038063 -14.196136 -1.498175 -78.843401 -11.721820 -1.028343 -105.383173 -0.000010 -0.000013 -0.000013 0.000002 -0.000001 0.000001 -0.082078 -0.067517 -0.015995 -28.769877 -5.635339 -5.262046 29.433508 0.552676 1.217565 2.995026 -13.068759 4.025054 0.003357 -0.186593 0.128295 0.000000 -0.000000 -0.000000 0.082078 -0.067517 -0.015995 0.958466 -0.643887 15.293844 33.078832 -1.296272 -1.261491 -21.257517 -2.152229 -9.616578 -13.464648 -0.006870 0.527380 0.000000 0.000000 0.000000 
-0.036717 0.969595 0.219205 -2.319900 7.020690 -3.480451 -0.000000 0.101816 0.001315 6.477340 0.910731 1.215037 12.940380 1.871075 2.197708 12.940371 1.871076 2.197709 -0.000000 0.167404 -0.020490 -14.929516 -8.438182 -0.966369 0.000000 0.096179 0.016850 -18.909508 -5.907752 0.819850 -0.000000 0.220374 0.075011 -0.000002 0.000000 0.000000 -0.045700 0.110149 -0.021608 8.353060 -14.246939 -7.353266 -1.222279 16.274020 66.680951 2.070497 75.282871 -2.076816 -7.159800 13.675473 7.632128 -0.024648 -0.015740 0.026819 20.890014 -15.566517 -16.787603 -8.208245 -4.310764 0.268563 -0.026463 -0.015278 0.015278 -0.000006 0.000008 -0.000006 -0.019946 -0.011516 0.011516 0.000003 -0.000007 0.000001 -0.091083 -0.005179 0.022598 9.128252 -12.649984 66.647982 -1.115891 5.239786 125.016449 -0.000005 0.000005 -0.000004 -0.000004 0.000001 -0.000002 -0.095325 0.000000 -0.000000 0.129266 -8.309458 66.870550 -6.256258 2.643810 127.739414 -0.000005 -0.000001 -0.000001 -0.000003 -0.000003 0.000000 -0.091036 -0.000431 -0.018651 -6.024615 -0.258323 69.615501 -8.192079 -4.659908 114.564436 -0.000007 0.000004 0.000010 -0.000002 0.000004 -0.000000 -0.080767 -0.004867 -0.038063 -14.471986 -2.795403 62.649692 -6.361347 -2.984397 115.428421 0.000001 0.000004 0.000012 0.000001 0.000003 -0.000000 0.045704 0.110147 -0.021608 2.981083 1.362048 12.644379 0.755546 1.213421 -81.925250 4.694242 -66.793800 4.312442 8.602017 -24.118252 -3.680240 0.024661 -0.015762 0.026817 1.094488 9.692988 16.924111 6.617363 15.968403 -9.748856 0.026479 -0.015287 0.015287 -0.000007 0.000011 -0.000010 0.019989 -0.011541 0.011541 0.000001 0.000001 0.000001 0.091093 -0.005180 0.022599 7.419790 13.839614 -81.378651 2.093406 -4.239580 -115.962569 -0.000002 0.000001 0.000000 -0.000001 -0.000003 -0.000001 0.095334 0.000000 -0.000000 -1.251496 8.686975 -82.842115 -4.388335 -2.512810 -117.704240 -0.000000 0.000006 0.000002 0.000001 0.000006 0.000001 0.091045 -0.000430 -0.018651 -6.773477 -1.906189 -85.805932 -10.279423 2.611464 -104.549678 0.000001 0.000003 0.000001 0.000002 0.000004 0.000003 0.080778 -0.004869 -0.038063 -14.196138 -1.498179 -78.843428 -11.721815 -1.028352 -105.383173 -0.000010 -0.000008 -0.000013 0.000001 0.000002 0.000001 -0.082078 -0.067517 -0.015995 -28.932142 -5.639867 -5.333259 29.730000 0.542233 1.226054 2.848922 -13.006629 4.037700 -0.022285 -0.199661 0.129939 -0.000000 0.000001 0.000000 0.082078 -0.067517 -0.015995 0.920787 -0.767684 15.214327 33.266091 -1.163002 -1.255249 -21.387035 -2.137133 -9.637021 -13.364350 -0.034411 0.531068 0.000000 0.000000 0.000000 
-0.036309 0.969121 0.219460 -2.326232 7.007778 -3.452538 -0.000000 0.101816 0.001315 6.478846 0.906564 1.213608 12.943407 1.863102 2.197358 12.943399 1.863104 2.197358 -0.000000 0.167404 -0.020490 -14.944736 -8.428812 -1.009649 0.000000 0.096179 0.016850 -18.875825 -5.917800 0.798762 0.000000 0.220374 0.075011 -0.000001 0.000000 -0.000000 -0.045700 0.110149 -0.021608 8.340886 -14.292753 -7.410562 -1.360671 16.271080 66.684510 2.076097 75.240353 -2.083371 -7.148207 13.610994 7.823004 -0.024648 -0.015740 0.026819 20.890014 -15.566539 -16.787606 -8.208231 -4.310762 0.268556 -0.026463 -0.015278 0.015278 -0.000008 0.000008 -0.000004 -0.019946 -0.011516 0.011516 0.000002 -0.000004 0.000005 -0.091083 -0.005179 0.022598 9.128263 -12.649988 66.647968 -1.115894 5.239801 125.016422 -0.000003 0.000006 -0.000005 -0.000004 -0.000001 -0.000002 -0.095325 0.000000 0.000000 0.129283 -8.309463 66.870557 -6.256263 2.643809 127.739414 -0.000000 -0.000000 -0.000003 -0.000000 0.000000 -0.000001 -0.091036 -0.000431 -0.018651 -6.024565 -0.258334 69.615474 -8.192075 -4.659886 114.564416 -0.000007 0.000004 0.000012 0.000001 0.000005 -0.000002 -0.080767 -0.004867 -0.038063 -14.471957 -2.795414 62.649651 -6.361335 -2.984383 115.428421 -0.000003 0.000007 0.000014 -0.000002 -0.000000 0.000001 0.045704 0.110147 -0.021608 2.982471 1.342675 12.631104 0.827092 1.249955 -81.819417 4.728330 -66.919113 4.349343 8.489181 -24.022149 -3.726800 0.024661 -0.015762 0.026817 1.094490 9.692990 16.924119 6.617369 15.968393 -9.748866 0.026479 -0.015287 0.015287 -0.000001 0.000011 -0.000013 0.019989 -0.011541 0.011541 0.000004 0.000003 -0.000000 0.091093 -0.005180 0.022599 7.419799 13.839619 -81.378665 2.093389 -4.239594 -115.962569 0.000000 0.000001 0.000000 0.000000 0.000003 0.000001 0.095334 -0.000000 -0.000000 -1.251495 8.686972 -82.842115 -4.388330 -2.512782 -117.704254 0.000002 0.000003 0.000001 0.000002 0.000002 0.000001 0.091045 -0.000430 -0.018651 -6.773476 -1.906180 -85.805925 -10.279404 2.611466 -104.549678 0.000000 0.000001 0.000000 0.000001 0.000002 0.000001 0.080778 -0.004869 -0.038063 -14.196125 -1.498181 -78.843408 -11.721813 -1.028349 -105.383173 -0.000010 -0.000009 -0.000013 0.000001 0.000001 0.000000 -0.082078 -0.067517 -0.015995 -29.057291 -5.639824 -5.412606 29.991374 0.534382 1.233351 2.720996 -12.946186 4.066081 -0.044036 -0.197036 0.121978 -0.000000 -0.000000 0.000000 0.082078 -0.067517 -0.015995 0.908633 -0.876801 15.127240 33.425436 -1.031745 -1.248551 -21.498092 -2.136848 -9.655128 -13.264250 -0.060743 0.534558 0.000000 0.000000 0.000000 
-0.035866 0.968748 0.219661 -2.344710 7.000892 -3.418469 0.000000 0.101815 0.001315 6.482512 0.901020 1.209304 12.950820 1.852111 2.191603 12.950823 1.852114 2.191603 -0.000000 0.167404 -0.020490 -14.955744 -8.417096 -1.058547 0.000000 0.096179 0.016850 -18.850366 -5.927585 0.773025 0.000000 0.220374 0.075011 -0.000001 0.000000 -0.000000 -0.045700 0.110149 -0.021608 8.329757 -14.334935 -7.462702 -1.510075 16.293838 66.728804 2.070917 75.176381 -2.078223 -7.097303 13.551316 7.964702 -0.024648 -0.015740 0.026819 20.890019 -15.566530 -16.787603 -8.208236 -4.310768 0.268554 -0.026463 -0.015278 0.015278 -0.000006 0.000011 -0.000004 -0.019946 -0.011516 0.011516 -0.000003 0.000003 0.000006 -0.091083 -0.005179 0.022598 9.128273 -12.649988 66.648002 -1.115861 5.239800 125.016449 -0.000003 0.000004 -0.000006 -0.000002 -0.000000 -0.000001 -0.095325 0.000000 0.000000 0.129293 -8.309456 66.870591 -6.256262 2.643817 127.739427 -0.000004 0.000002 0.000001 -0.000004 0.000000 0.000003 -0.091036 -0.000431 -0.018651 -6.024575 -0.258337 69.615487 -8.192084 -4.659899 114.564464 -0.000009 0.000004 0.000011 0.000002 0.000006 0.000000 -0.080767 -0.004867 -0.038063 -14.471958 -2.795409 62.649657 -6.361336 -2.984382 115.428407 -0.000002 0.000004 0.000015 0.000001 0.000005 0.000002 0.045704 0.110147 -0.021608 2.984019 1.320955 12.616301 0.892633 1.259281 -81.706083 4.750659 -66.987121 4.373438 8.381498 -23.930710 -3.755238 0.024661 -0.015762 0.026817 1.094503 9.692984 16.924114 6.617346 15.968395 -9.748866 0.026479 -0.015288 0.015288 -0.000003 0.000014 -0.000012 0.019989 -0.011541 0.011541 -0.000001 0.000000 -0.000002 0.091093 -0.005180 0.022599 7.419804 13.839610 -81.378658 2.093399 -4.239588 -115.962569 0.000001 0.000002 0.000001 0.000002 -0.000001 0.000001 0.095334 0.000000 -0.000000 -1.251501 8.686966 -82.842080 -4.388329 -2.512778 -117.704213 0.000000 0.000004 0.000001 0.000000 0.000005 0.000002 0.091045 -0.000430 -0.018651 -6.773462 -1.906175 -85.805939 -10.279403 2.611455 -104.549665 -0.000001 0.000001 0.000001 -0.000001 0.000002 0.000001 0.080778 -0.004869 -0.038063 -14.196133 -1.498188 -78.843428 -11.721811 -1.028348 -105.383180 -0.000009 -0.000010 -0.000013 0.000001 0.000000 0.000000 -0.082078 -0.067517 -0.015995 -29.147334 -5.633760 -5.494624 30.206908 0.528195 1.239115 2.616237 -12.894155 4.105755 -0.062807 -0.182015 0.106435 -0.000000 0.000001 0.000000 0.082078 -0.067517 -0.015995 0.915461 -0.973221 15.035647 33.552847 -0.908807 -1.241777 -21.588198 -2.143286 -9.667611 -13.167108 -0.085450 0.537954 0.000000 0.000000 0.000000 
-0.035405 0.968505 0.219816 -2.370055 7.002217 -3.378669 -0.000000 0.101816 0.001315 6.487446 0.894065 1.201572 12.960853 1.837990 2.179424 12.960854 1.837985 2.179425 -0.000000 0.167404 -0.020490 -14.959310 -8.411573 -1.104733 -0.000000 0.096179 0.016850 -18.833205 -5.934244 0.732018 -0.000000 0.220374 0.075011 -0.000001 -0.000000 0.000000 -0.045700 0.110149 -0.021608 8.321270 -14.367810 -7.502162 -1.663332 16.336518 66.808983 2.054064 75.092541 -2.060394 -7.003433 13.505934 8.040508 -0.024648 -0.015740 0.026819 20.890011 -15.566529 -16.787598 -8.208250 -4.310773 0.268568 -0.026463 -0.015278 0.015278 -0.000004 0.000008 -0.000006 -0.019946 -0.011516 0.011516 0.000003 -0.000004 0.000005 -0.091083 -0.005179 0.022598 9.128249 -12.649989 66.647989 -1.115888 5.239789 125.016449 -0.000004 0.000006 -0.000003 -0.000004 0.000001 0.000002 -0.095325 0.000000 -0.000000 0.129279 -8.309449 66.870571 -6.256251 2.643813 127.739427 -0.000002 0.000000 -0.000001 -0.000003 -0.000002 -0.000002 -0.091036 -0.000431 -0.018651 -6.024599 -0.258331 69.615501 -8.192086 -4.659892 114.564430 -0.000006 0.000005 0.000011 0.000001 0.000002 0.000001 -0.080767 -0.004867 -0.038063 -14.471982 -2.795408 62.649651 -6.361347 -2.984402 115.428421 -0.000002 0.000003 0.000012 -0.000002 -0.000001 0.000000 0.045704 0.110147 -0.021608 2.985838 1.295666 12.598806 0.949241 1.240800 -81.579657 4.761522 -66.994778 4.385081 8.297623 -23.843693 -3.778377 0.024661 -0.015762 0.026817 1.094499 9.692986 16.924114 6.617370 15.968398 -9.748882 0.026479 -0.015287 0.015288 -0.000003 0.000018 -0.000014 0.019989 -0.011541 0.011541 -0.000000 0.000003 0.000005 0.091093 -0.005180 0.022599 7.419820 13.839603 -81.378665 2.093390 -4.239584 -115.962556 0.000000 0.000003 0.000001 -0.000001 0.000004 0.000001 0.095334 0.000000 -0.000000 -1.251489 8.686976 -82.842115 -4.388322 -2.512803 -117.704213 -0.000001 0.000005 0.000001 -0.000000 0.000006 0.000002 0.091045 -0.000430 -0.018651 -6.773466 -1.906176 -85.805945 -10.279409 2.611459 -104.549651 0.000000 0.000002 0.000000 -0.000002 0.000003 0.000001 0.080778 -0.004869 -0.038063 -14.196132 -1.498179 -78.843408 -11.721810 -1.028343 -105.383166 -0.000010 -0.000010 -0.000013 -0.000001 0.000002 0.000001 -0.082078 -0.067517 -0.015995 -29.200059 -5.616333 -5.575972 30.364893 0.524280 1.242972 2.539565 -12.859884 4.151675 -0.081754 -0.154299 0.082182 0.000000 0.000000 0.000000 0.082078 -0.067517 -0.015995 0.940374 -1.056868 14.940673 33.637008 -0.798010 -1.234915 -21.650610 -2.154530 -9.674076 -13.074737 -0.107409 0.541368 0.000000 0.000000 0.000000 
-0.034900 0.968385 0.219931 -2.396323 7.011477 -3.338126 -0.000000 0.101816 0.001315 6.492086 0.885917 1.192493 12.970326 1.821333 2.164758 12.970331 1.821333 2.164757 -0.000000 0.167404 -0.020490 -14.952998 -8.404960 -1.151827 -0.000000 0.096178 0.016850 -18.816389 -5.936064 0.681261 0.000000 0.220374 0.075011 -0.000001 0.000000 -0.000000 -0.045700 0.110149 -0.021608 8.314400 -14.394511 -7.533567 -1.810396 16.396506 66.917645 2.029729 74.999056 -2.034509 -6.884585 13.473815 8.068646 -0.024648 -0.015740 0.026819 20.890012 -15.566520 -16.787604 -8.208228 -4.310769 0.268575 -0.026463 -0.015278 0.015278 -0.000008 0.000006 -0.000005 -0.019946 -0.011516 0.011516 0.000001 -0.000008 0.000007 -0.091083 -0.005179 0.022598 9.128260 -12.649985 66.647989 -1.115895 5.239807 125.016449 -0.000005 0.000006 -0.000004 -0.000003 -0.000000 -0.000001 -0.095325 0.000000 0.000000 0.129282 -8.309456 66.870564 -6.256258 2.643804 127.739414 0.000002 0.000000 0.000000 0.000002 -0.000001 -0.000000 -0.091036 -0.000431 -0.018651 -6.024587 -0.258338 69.615481 -8.192072 -4.659895 114.564464 -0.000004 0.000004 0.000009 0.000001 -0.000004 0.000001 -0.080767 -0.004867 -0.038063 -14.471981 -2.795416 62.649671 -6.361345 -2.984382 115.428421 -0.000004 0.000003 0.000013 -0.000001 -0.000004 -0.000001 0.045704 0.110147 -0.021608 2.987652 1.266506 12.576937 0.995563 1.213313 -81.448865 4.764618 -66.962341 4.388277 8.227950 -23.756882 -3.805126 0.024661 -0.015762 0.026817 1.094514 9.692970 16.924090 6.617369 15.968415 -9.748866 0.026479 -0.015288 0.015287 -0.000006 0.000013 -0.000008 0.019989 -0.011541 0.011541 -0.000003 0.000003 0.000005 0.091093 -0.005180 0.022599 7.419818 13.839601 -81.378665 2.093390 -4.239579 -115.962569 -0.000000 0.000003 0.000002 -0.000001 0.000001 0.000001 0.095334 0.000000 -0.000000 -1.251469 8.686955 -82.842115 -4.388342 -2.512810 -117.704226 0.000001 0.000003 0.000001 -0.000001 0.000006 0.000002 0.091045 -0.000430 -0.018651 -6.773452 -1.906194 -85.805952 -10.279406 2.611430 -104.549685 0.000000 0.000000 -0.000001 0.000001 -0.000000 -0.000000 0.080778 -0.004869 -0.038063 -14.196106 -1.498174 -78.843414 -11.721817 -1.028357 -105.383187 -0.000010 -0.000012 -0.000013 0.000001 -0.000003 -0.000000 -0.082078 -0.067517 -0.015995 -29.221387 -5.593925 -5.655640 30.465577 0.521164 1.244985 2.490688 -12.842430 4.203682 -0.094999 -0.120802 0.055634 -0.000000 -0.000000 0.000000 0.082078 -0.067517 -0.015995 0.975921 -1.129503 14.845194 33.683061 -0.699734 -1.228131 -21.688735 -2.168908 -9.672290 -12.988111 -0.125161 0.544090 -0.000000 -0.000000 0.000000 
-0.034337 0.968400 0.220016 -2.415246 7.030584 -3.301883 0.000000 0.101815 0.001315 6.494369 0.876498 1.183862 12.975088 1.802155 2.150850 12.975086 1.802155 2.150851 -0.000000 0.167404 -0.020490 -14.932259 -8.394136 -1.200024 0.000000 0.096178 0.016850 -18.793378 -5.929916 0.620012 0.000000 0.220374 0.075011 0.000000 -0.000000 0.000000 -0.045700 0.110149 -0.021608 8.309049 -14.414990 -7.557475 -1.938630 16.470356 67.047350 2.000772 74.904369 -2.003446 -6.753968 13.458171 8.056045 -0.024648 -0.015740 0.026819 20.890011 -15.566520 -16.787596 -8.208227 -4.310766 0.268578 -0.026463 -0.015278 0.015278 -0.000002 0.000010 -0.000009 -0.019946 -0.011516 0.011516 -0.000005 -0.000000 0.000005 -0.091083 -0.005179 0.022598 9.128253 -12.649993 66.647989 -1.115886 5.239802 125.016449 -0.000003 0.000005 -0.000003 0.000000 0.000002 -0.000002 -0.095325 0.000000 -0.000000 0.129288 -8.309460 66.870564 -6.256272 2.643819 127.739400 -0.000001 0.000000 -0.000003 -0.000002 0.000001 -0.000001 -0.091036 -0.000431 -0.018651 -6.024589 -0.258337 69.615508 -8.192085 -4.659879 114.564464 -0.000005 0.000005 0.000011 0.000001 0.000002 -0.000000 -0.080767 -0.004867 -0.038063 -14.471979 -2.795411 62.649657 -6.361344 -2.984392 115.428407 0.000001 0.000005 0.000013 -0.000001 -0.000003 -0.000000 0.045704 0.110147 -0.021608 2.989241 1.231914 12.547746 1.029562 1.194527 -81.318279 4.762823 -66.903253 4.386152 8.174443 -23.664171 -3.853124 0.024661 -0.015762 0.026817 1.094513 9.692978 16.924111 6.617354 15.968407 -9.748840 0.026479 -0.015287 0.015287 -0.000006 0.000011 -0.000014 0.019989 -0.011541 0.011541 0.000002 0.000003 0.000003 0.091093 -0.005180 0.022599 7.419825 13.839597 -81.378651 2.093395 -4.239593 -115.962583 0.000002 -0.000002 -0.000001 0.000002 -0.000002 -0.000001 0.095334 -0.000000 -0.000000 -1.251478 8.686973 -82.842115 -4.388330 -2.512805 -117.704213 0.000001 0.000002 0.000000 -0.000001 0.000000 0.000000 0.091045 -0.000430 -0.018651 -6.773461 -1.906201 -85.805918 -10.279406 2.611463 -104.549678 -0.000001 0.000000 0.000000 -0.000001 0.000001 -0.000001 0.080778 -0.004869 -0.038063 -14.196119 -1.498188 -78.843401 -11.721818 -1.028347 -105.383194 -0.000010 -0.000007 -0.000012 0.000001 0.000004 0.000001 -0.082078 -0.067517 -0.015995 -29.214495 -5.570560 -5.731030 30.501501 0.517486 1.244944 2.472450 -12.845918 4.259671 -0.097176 -0.088089 0.032720 0.000000 0.000001 0.000000 0.082078 -0.067517 -0.015995 1.014893 -1.193434 14.752698 33.688866 -0.617065 -1.221577 -21.700916 -2.183398 -9.660762 -12.907216 -0.136390 0.545421 0.000000 -0.000000 0.000000 
-0.033749 0.968524 0.220077 -2.428534 7.055155 -3.270404 -0.000000 0.101815 0.001315 6.494839 0.866654 1.176195 12.976233 1.782181 2.138700 12.976232 1.782182 2.138701 -0.000000 0.167404 -0.020490 -14.899942 -8.375122 -1.251227 0.000000 0.096179 0.016850 -18.759714 -5.917251 0.556452 0.000000 0.220374 0.075011 -0.000001 -0.000000 0.000000 -0.045700 0.110149 -0.021608 8.304367 -14.433233 -7.578537 -2.048782 16.554668 67.193250 1.969925 74.814573 -1.970320 -6.621372 13.455726 8.019309 -0.024648 -0.015740 0.026819 20.890019 -15.566529 -16.787584 -8.208247 -4.310754 0.268567 -0.026463 -0.015278 0.015278 -0.000004 0.000010 -0.000008 -0.019946 -0.011516 0.011516 -0.000001 -0.000006 0.000009 -0.091083 -0.005179 0.022598 9.128248 -12.649983 66.647989 -1.115890 5.239785 125.016449 -0.000006 0.000006 -0.000004 -0.000005 0.000005 -0.000001 -0.095325 0.000000 -0.000000 0.129280 -8.309469 66.870591 -6.256256 2.643816 127.739427 -0.000001 0.000000 0.000001 -0.000000 0.000000 0.000000 -0.091036 -0.000431 -0.018651 -6.024576 -0.258328 69.615508 -8.192078 -4.659881 114.564464 -0.000005 0.000002 0.000010 -0.000001 -0.000001 -0.000002 -0.080767 -0.004867 -0.038063 -14.471962 -2.795423 62.649664 -6.361326 -2.984373 115.428421 -0.000004 0.000006 0.000014 0.000000 0.000002 0.000000 0.045704 0.110147 -0.021608 2.990788 1.194282 12.513970 1.050414 1.187056 -81.194611 4.758309 -66.834630 4.381103 8.121203 -23.571201 -3.908956 0.024661 -0.015762 0.026817 1.094497 9.692975 16.924092 6.617364 15.968403 -9.748866 0.026479 -0.015287 0.015287 -0.000009 0.000009 -0.000010 0.019989 -0.011541 0.011541 0.000000 -0.000004 -0.000002 0.091093 -0.005180 0.022599 7.419824 13.839594 -81.378651 2.093390 -4.239611 -115.962569 0.000001 0.000001 0.000002 0.000002 0.000001 0.000001 0.095334 0.000000 -0.000000 -1.251477 8.686956 -82.842094 -4.388335 -2.512798 -117.704240 -0.000001 0.000003 0.000001 -0.000003 0.000004 0.000002 0.091045 -0.000430 -0.018651 -6.773464 -1.906184 -85.805939 -10.279415 2.611456 -104.549665 0.000000 0.000002 0.000001 -0.000002 0.000000 0.000002 0.080778 -0.004869 -0.038063 -14.196117 -1.498180 -78.843421 -11.721820 -1.028358 -105.383187 -0.000011 -0.000012 -0.000013 -0.000001 -0.000000 0.000001 -0.082078 -0.067517 -0.015995 -29.184384 -5.549219 -5.800163 30.483985 0.512546 1.243140 2.479092 -12.864067 4.317531 -0.090148 -0.057327 0.013731 0.000000 0.000001 0.000000 0.082078 -0.067517 -0.015995 1.057489 -1.247912 14.665463 33.660938 -0.546968 -1.215115 -21.691538 -2.198148 -9.642848 -12.831332 -0.142572 0.545432 0.000000 0.000001 0.000000 
-0.033169 0.968745 0.220124 -2.434313 7.082636 -3.246912 -0.000000 0.101816 0.001315 6.493042 0.857094 1.171024 12.972809 1.762942 2.131069 12.972803 1.762945 2.131067 -0.000000 0.167404 -0.020490 -14.855936 -8.341702 -1.309241 -0.000000 0.096179 0.016850 -18.706022 -5.898194 0.497801 -0.000000 0.220374 0.075011 -0.000000 0.000000 0.000000 -0.045700 0.110149 -0.021608 8.299340 -14.453005 -7.601585 -2.134847 16.646342 67.349613 1.940664 74.739782 -1.938740 -6.499169 13.465458 7.974010 -0.024648 -0.015740 0.026819 20.890021 -15.566529 -16.787587 -8.208241 -4.310761 0.268568 -0.026463 -0.015278 0.015278 -0.000003 0.000011 -0.000007 -0.019946 -0.011516 0.011516 0.000002 0.000006 0.000001 -0.091083 -0.005179 0.022598 9.128274 -12.649994 66.647989 -1.115890 5.239791 125.016436 -0.000004 0.000005 -0.000003 -0.000001 -0.000000 -0.000001 -0.095325 0.000000 0.000000 0.129297 -8.309466 66.870578 -6.256251 2.643821 127.739414 -0.000003 0.000000 -0.000000 -0.000004 0.000000 0.000000 -0.091036 -0.000431 -0.018651 -6.024573 -0.258335 69.615501 -8.192090 -4.659883 114.564470 -0.000004 0.000005 0.000010 -0.000002 0.000005 0.000000 -0.080767 -0.004867 -0.038063 -14.471972 -2.795414 62.649678 -6.361345 -2.984394 115.428421 -0.000001 0.000005 0.000013 -0.000002 -0.000002 0.000001 0.045704 0.110147 -0.021608 2.992137 1.154797 12.476133 1.055163 1.201814 -81.086688 4.753722 -66.774914 4.375984 8.053131 -23.479957 -3.966816 0.024661 -0.015762 0.026817 1.094505 9.692972 16.924123 6.617384 15.968400 -9.748855 0.026479 -0.015287 0.015287 -0.000010 0.000014 -0.000015 0.019989 -0.011541 0.011541 -0.000000 0.000001 -0.000000 0.091093 -0.005180 0.022599 7.419804 13.839602 -81.378651 2.093393 -4.239567 -115.962583 -0.000000 0.000001 0.000000 -0.000000 0.000001 -0.000001 0.095334 0.000000 -0.000000 -1.251483 8.686958 -82.842094 -4.388321 -2.512791 -117.704226 0.000001 0.000002 0.000000 0.000000 0.000002 0.000001 0.091045 -0.000430 -0.018651 -6.773447 -1.906177 -85.805925 -10.279403 2.611453 -104.549685 -0.000002 -0.000000 0.000002 -0.000002 0.000003 0.000001 0.080778 -0.004869 -0.038063 -14.196119 -1.498178 -78.843401 -11.721811 -1.028337 -105.383173 -0.000009 -0.000009 -0.000012 -0.000000 -0.000004 -0.000000 -0.082078 -0.067517 -0.015995 -29.135879 -5.536090 -5.859318 30.419081 0.504576 1.239672 2.506367 -12.894175 4.374415 -0.070857 -0.031576 0.001607 -0.000000 -0.000001 0.000000 0.082078 -0.067517 -0.015995 1.101479 -1.290531 14.589223 33.601662 -0.488111 -1.208572 -21.662922 -2.214931 -9.621691 -12.759285 -0.142963 0.543551 -0.000000 0.000000 0.000000 
-0.032601 0.969037 0.220149 -2.435003 7.109636 -3.228307 -0.000000 0.101816 0.001315 6.490083 0.848167 1.167261 12.967009 1.745075 2.125947 12.967020 1.745077 2.125948 0.000000 0.167404 -0.020490 -14.805369 -8.297610 -1.368806 0.000000 0.096179 0.016850 -18.640414 -5.873685 0.446146 0.000000 0.220374 0.075011 -0.000001 0.000000 0.000000 -0.045700 0.110149 -0.021608 8.293657 -14.475234 -7.626861 -2.204393 16.741267 67.511195 1.913221 74.676234 -1.909087 -6.392614 13.483943 7.929662 -0.024648 -0.015740 0.026819 20.890021 -15.566522 -16.787601 -8.208240 -4.310773 0.268572 -0.026463 -0.015278 0.015278 -0.000001 0.000010 -0.000004 -0.019946 -0.011516 0.011516 0.000001 -0.000001 0.000001 -0.091083 -0.005179 0.022598 9.128258 -12.649987 66.647975 -1.115892 5.239781 125.016463 -0.000003 0.000005 -0.000004 -0.000003 0.000003 -0.000001 -0.095325 0.000000 0.000000 0.129284 -8.309458 66.870564 -6.256249 2.643817 127.739414 0.000002 0.000002 0.000001 0.000001 0.000002 -0.000002 -0.091036 -0.000431 -0.018651 -6.024586 -0.258348 69.615481 -8.192065 -4.659892 114.564436 -0.000005 0.000006 0.000013 0.000003 0.000002 -0.000003 -0.080767 -0.004867 -0.038063 -14.471989 -2.795415 62.649657 -6.361339 -2.984391 115.428421 -0.000002 0.000005 0.000013 -0.000002 0.000002 0.000001 0.045704 0.110147 -0.021608 2.993199 1.115151 12.436785 1.048271 1.231818 -80.993039 4.750896 -66.733810 4.372807 7.969635 -23.395300 -4.021554 0.024661 -0.015762 0.026817 1.094494 9.692981 16.924116 6.617372 15.968397 -9.748872 0.026479 -0.015287 0.015288 -0.000008 0.000009 -0.000014 0.019989 -0.011541 0.011541 -0.000001 0.000000 0.000005 0.091093 -0.005180 0.022599 7.419810 13.839597 -81.378651 2.093383 -4.239594 -115.962556 0.000001 0.000002 0.000000 0.000001 0.000000 0.000001 0.095334 0.000000 -0.000000 -1.251483 8.686961 -82.842094 -4.388333 -2.512805 -117.704226 0.000002 0.000002 0.000000 0.000001 0.000003 -0.000000 0.091045 -0.000430 -0.018651 -6.773470 -1.906172 -85.805939 -10.279406 2.611467 -104.549678 -0.000003 -0.000002 -0.000001 -0.000005 0.000001 -0.000000 0.080778 -0.004869 -0.038063 -14.196137 -1.498179 -78.843401 -11.721817 -1.028345 -105.383187 -0.000010 -0.000011 -0.000013 0.000001 0.000000 0.000000 -0.082078 -0.067517 -0.015995 -29.073520 -5.525691 -5.910022 30.317246 0.495035 1.234930 2.551117 -12.929789 4.429606 -0.048769 -0.011807 -0.005662 -0.000000 0.000001 0.000000 0.082078 -0.067517 -0.015995 1.147694 -1.328755 14.518086 33.519649 -0.438864 -1.202075 -21.619540 -2.224863 -9.597175 -12.689691 -0.141968 0.541068 0.000000 -0.000000 0.000000 
-0.032043 0.969370 0.220147 -2.433015 7.132098 -3.213125 -0.000000 0.101815 0.001315 6.486693 0.840642 1.164680 12.960362 1.730014 2.122819 12.960356 1.730013 2.122819 0.000000 0.167404 -0.020490 -14.750504 -8.242809 -1.427637 0.000000 0.096179 0.016850 -18.564546 -5.844591 0.406670 -0.000000 0.220374 0.075011 -0.000000 -0.000000 0.000000 -0.045700 0.110149 -0.021608 8.286699 -14.503029 -7.657395 -2.260969 16.835035 67.673241 1.889692 74.626715 -1.883590 -6.312256 13.507507 7.903755 -0.024648 -0.015740 0.026819 20.890017 -15.566541 -16.787603 -8.208239 -4.310762 0.268578 -0.026463 -0.015278 0.015278 -0.000004 0.000010 -0.000003 -0.019946 -0.011516 0.011516 -0.000006 0.000001 -0.000000 -0.091083 -0.005179 0.022598 9.128264 -12.649989 66.647975 -1.115887 5.239797 125.016422 -0.000003 0.000004 -0.000004 -0.000001 0.000002 0.000000 -0.095325 -0.000000 0.000000 0.129295 -8.309466 66.870571 -6.256268 2.643831 127.739400 -0.000000 -0.000000 -0.000001 -0.000001 0.000001 0.000000 -0.091036 -0.000431 -0.018651 -6.024566 -0.258336 69.615481 -8.192068 -4.659884 114.564430 -0.000004 0.000005 0.000009 0.000000 0.000003 0.000001 -0.080767 -0.004867 -0.038063 -14.471965 -2.795401 62.649651 -6.361346 -2.984383 115.428421 -0.000004 0.000004 0.000013 -0.000002 -0.000001 0.000002 0.045704 0.110147 -0.021608 2.994108 1.076768 12.397887 1.031958 1.275927 -80.916056 4.752553 -66.729029 4.374570 7.857573 -23.323096 -4.062734 0.024661 -0.015762 0.026817 1.094507 9.692979 16.924116 6.617357 15.968409 -9.748848 0.026479 -0.015287 0.015288 -0.000008 0.000011 -0.000012 0.019989 -0.011541 0.011541 -0.000003 0.000003 0.000001 0.091093 -0.005180 0.022599 7.419805 13.839603 -81.378651 2.093396 -4.239579 -115.962569 -0.000001 0.000002 0.000001 -0.000004 0.000004 0.000001 0.095334 0.000000 -0.000000 -1.251470 8.686956 -82.842087 -4.388350 -2.512804 -117.704213 0.000002 0.000002 0.000001 0.000002 0.000001 0.000001 0.091045 -0.000430 -0.018651 -6.773461 -1.906181 -85.805918 -10.279417 2.611468 -104.549637 -0.000001 -0.000004 -0.000001 -0.000001 -0.000000 -0.000001 0.080778 -0.004869 -0.038063 -14.196108 -1.498183 -78.843401 -11.721826 -1.028361 -105.383173 -0.000010 -0.000011 -0.000012 -0.000001 0.000002 0.000000 -0.082078 -0.067517 -0.015995 -29.001670 -5.515753 -5.953246 30.189498 0.484988 1.229356 2.609108 -12.964412 4.482640 -0.032003 0.000232 -0.009166 0.000000 0.000000 0.000000 0.082078 -0.067517 -0.015995 1.196126 -1.366440 14.448505 33.424606 -0.398507 -1.195854 -21.567482 -2.221287 -9.568272 -12.621183 -0.143538 0.538993 -0.000000 0.000001 0.000000 
-0.031502 0.969735 0.220113 -2.426517 7.149489 -3.199829 -0.000000 0.101816 0.001315 6.483280 0.834098 1.162341 12.953616 1.716853 2.119948 12.953619 1.716851 2.119949 -0.000000 0.167404 -0.020490 -14.699006 -8.182236 -1.480395 0.000000 0.096178 0.016850 -18.488598 -5.811041 0.377302 0.000000 0.220374 0.075011 -0.000000 0.000000 -0.000000 -0.045700 0.110149 -0.021608 8.279311 -14.533454 -7.689657 -2.310388 16.925806 67.828730 1.868423 74.581745 -1.860520 -6.254861 13.535717 7.887600 -0.024648 -0.015740 0.026819 20.890038 -15.566515 -16.787587 -8.208240 -4.310765 0.268563 -0.026463 -0.015278 0.015278 -0.000005 0.000010 -0.000006 -0.019946 -0.011516 0.011516 0.000003 -0.000004 0.000003 -0.091083 -0.005179 0.022598 9.128272 -12.649982 66.648002 -1.115901 5.239792 125.016463 -0.000005 0.000006 -0.000003 -0.000002 0.000005 -0.000001 -0.095325 0.000000 0.000000 0.129284 -8.309463 66.870557 -6.256270 2.643808 127.739414 0.000001 0.000002 -0.000000 -0.000002 0.000000 -0.000002 -0.091036 -0.000431 -0.018651 -6.024589 -0.258328 69.615501 -8.192062 -4.659915 114.564457 -0.000004 0.000005 0.000011 0.000001 0.000006 0.000001 -0.080767 -0.004867 -0.038063 -14.471964 -2.795416 62.649651 -6.361340 -2.984378 115.428435 -0.000002 0.000005 0.000014 -0.000001 0.000000 0.000001 0.045704 0.110147 -0.021608 2.994938 1.041929 12.362416 1.010197 1.327433 -80.852822 4.758882 -66.755045 4.381415 7.739328 -23.262007 -4.099990 0.024661 -0.015762 0.026817 1.094503 9.692987 16.924090 6.617360 15.968400 -9.748858 0.026479 -0.015287 0.015287 -0.000011 0.000011 -0.000010 0.019989 -0.011541 0.011541 -0.000001 -0.000002 0.000003 0.091093 -0.005180 0.022599 7.419795 13.839603 -81.378637 2.093410 -4.239582 -115.962569 0.000000 0.000001 0.000001 -0.000001 0.000001 0.000001 0.095334 0.000000 -0.000000 -1.251497 8.686971 -82.842115 -4.388328 -2.512795 -117.704226 0.000001 0.000003 0.000000 0.000000 0.000003 0.000001 0.091045 -0.000430 -0.018651 -6.773472 -1.906183 -85.805945 -10.279398 2.611469 -104.549678 0.000000 -0.000002 0.000000 -0.000001 0.000003 -0.000000 0.080778 -0.004869 -0.038063 -14.196115 -1.498172 -78.843421 -11.721824 -1.028352 -105.383166 -0.000009 -0.000011 -0.000013 -0.000001 0.000002 0.000000 -0.082078 -0.067517 -0.015995 -28.925250 -5.501576 -5.989663 30.039903 0.474809 1.223057 2.680023 -12.995943 4.532731 -0.021633 0.003690 -0.008603 -0.000000 -0.000001 0.000000 0.082078 -0.067517 -0.015995 1.244368 -1.411180 14.376529 33.320559 -0.363653 -1.189752 -21.508051 -2.199455 -9.536177 -12.552593 -0.148232 0.537781 -0.000000 0.000001 0.000000 
-0.030979 0.970112 0.220037 -2.415222 7.160432 -3.185998 0.000000 0.101815 0.001315 6.480530 0.828449 1.159212 12.948208 1.705308 2.115363 12.948210 1.705307 2.115365 0.000000 0.167404 -0.020490 -14.657977 -8.120446 -1.519664 0.000000 0.096178 0.016850 -18.423529 -5.772722 0.358614 -0.000000 0.220374 0.075011 -0.000001 -0.000000 0.000000 -0.045700 0.110149 -0.021608 8.271757 -14.565539 -7.721780 -2.358617 17.009758 67.970423 1.849058 74.534672 -1.839600 -6.222748 13.567690 7.882378 -0.024648 -0.015740 0.026819 20.890011 -15.566530 -16.787592 -8.208248 -4.310769 0.268579 -0.026463 -0.015278 0.015278 -0.000006 0.000004 -0.000007 -0.019946 -0.011516 0.011516 0.000007 -0.000006 0.000007 -0.091083 -0.005179 0.022598 9.128248 -12.649983 66.647989 -1.115886 5.239807 125.016449 -0.000003 0.000005 -0.000004 0.000001 0.000003 -0.000001 -0.095325 0.000000 0.000000 0.129278 -8.309460 66.870571 -6.256253 2.643824 127.739400 -0.000001 0.000001 0.000001 -0.000002 0.000003 0.000000 -0.091036 -0.000431 -0.018651 -6.024592 -0.258340 69.615501 -8.192075 -4.659888 114.564464 -0.000007 0.000004 0.000009 0.000002 0.000007 0.000002 -0.080767 -0.004867 -0.038063 -14.471989 -2.795419 62.649678 -6.361341 -2.984382 115.428435 -0.000003 0.000005 0.000014 -0.000001 0.000003 0.000002 0.045704 0.110147 -0.021608 2.995728 1.013442 12.334342 0.987565 1.380065 -80.802449 4.771976 -66.817446 4.395663 7.629833 -23.213527 -4.138561 0.024661 -0.015762 0.026817 1.094505 9.692982 16.924116 6.617357 15.968407 -9.748878 0.026479 -0.015287 0.015287 -0.000008 0.000011 -0.000012 0.019989 -0.011541 0.011541 0.000001 0.000006 0.000003 0.091093 -0.005180 0.022599 7.419840 13.839603 -81.378658 2.093391 -4.239619 -115.962542 -0.000002 0.000003 0.000001 -0.000001 0.000003 0.000001 0.095334 0.000000 -0.000000 -1.251489 8.686958 -82.842087 -4.388332 -2.512801 -117.704240 0.000001 0.000003 0.000000 0.000001 0.000001 0.000000 0.091045 -0.000430 -0.018651 -6.773473 -1.906186 -85.805918 -10.279396 2.611463 -104.549671 0.000000 -0.000001 -0.000001 0.000001 -0.000003 -0.000001 0.080778 -0.004869 -0.038063 -14.196113 -1.498159 -78.843414 -11.721812 -1.028348 -105.383173 -0.000009 -0.000011 -0.000013 0.000001 0.000001 0.000001 -0.082078 -0.067517 -0.015995 -28.850098 -5.476924 -6.020583 29.877061 0.465648 1.216350 2.761673 -13.019304 4.578850 -0.024189 -0.005139 -0.003290 -0.000000 0.000001 0.000000 0.082078 -0.067517 -0.015995 1.291714 -1.475882 14.295360 33.214339 -0.331975 -1.183811 -21.444806 -2.147337 -9.500038 -12.483088 -0.159675 0.538712 0.000000 0.000001 0.000000 
-0.030479 0.970500 0.219922 -2.396922 7.163395 -3.172907 0.000000 0.101815 0.001315 6.478374 0.823508 1.155417 12.944004 1.695001 2.109317 12.944000 1.694998 2.109320 -0.000000 0.167404 -0.020490 -14.632147 -8.058311 -1.549250 0.000000 0.096178 0.016850 -18.368774 -5.731750 0.347966 0.000000 0.220374 0.075011 -0.000000 -0.000000 -0.000000 -0.045700 0.110149 -0.021608 8.264533 -14.596630 -7.752033 -2.408668 17.088589 68.094391 1.830286 74.480112 -1.819344 -6.209842 13.600918 7.875903 -0.024648 -0.015740 0.026819 20.890019 -15.566549 -16.787604 -8.208239 -4.310770 0.268584 -0.026463 -0.015278 0.015278 -0.000005 0.000010 -0.000006 -0.019946 -0.011516 0.011516 -0.000000 0.000003 -0.000002 -0.091083 -0.005179 0.022598 9.128273 -12.649987 66.647989 -1.115887 5.239810 125.016463 -0.000005 0.000002 -0.000004 -0.000000 0.000002 0.000002 -0.095325 0.000000 0.000000 0.129305 -8.309458 66.870557 -6.256260 2.643841 127.739414 -0.000002 0.000000 0.000001 -0.000004 -0.000002 0.000001 -0.091036 -0.000431 -0.018651 -6.024574 -0.258352 69.615481 -8.192067 -4.659884 114.564443 -0.000005 0.000004 0.000011 0.000002 0.000001 0.000000 -0.080767 -0.004867 -0.038063 -14.471948 -2.795404 62.649644 -6.361360 -2.984384 115.428435 -0.000003 0.000006 0.000014 -0.000002 -0.000002 0.000000 0.045704 0.110147 -0.021608 2.996398 0.991254 12.313069 0.964731 1.431280 -80.761714 4.789544 -66.900876 4.414719 7.538212 -23.174755 -4.181030 0.024661 -0.015762 0.026817 1.094502 9.692986 16.924097 6.617357 15.968412 -9.748859 0.026479 -0.015287 0.015287 -0.000007 0.000008 -0.000011 0.019989 -0.011541 0.011541 -0.000001 -0.000003 0.000002 0.091093 -0.005180 0.022599 7.419810 13.839605 -81.378651 2.093389 -4.239587 -115.962569 0.000002 0.000002 0.000001 0.000003 -0.000001 0.000001 0.095334 -0.000000 0.000000 -1.251498 8.686980 -82.842108 -4.388322 -2.512770 -117.704213 -0.000001 0.000002 0.000000 -0.000001 -0.000000 0.000001 0.091045 -0.000430 -0.018651 -6.773466 -1.906190 -85.805918 -10.279409 2.611452 -104.549665 0.000001 -0.000000 0.000001 0.000000 0.000004 0.000000 0.080778 -0.004869 -0.038063 -14.196127 -1.498183 -78.843408 -11.721818 -1.028332 -105.383194 -0.000009 -0.000009 -0.000013 -0.000001 0.000005 0.000001 -0.082078 -0.067517 -0.015995 -28.778971 -5.443902 -6.045182 29.701088 0.456319 1.209137 2.854029 -13.037077 4.620967 -0.031431 -0.019584 0.004525 -0.000000 0.000001 0.000000 0.082078 -0.067517 -0.015995 1.333208 -1.548276 14.210039 33.106241 -0.299256 -1.177716 -21.377884 -2.080519 -9.463489 -12.410374 -0.172561 0.540434 0.000000 0.000000 0.000000 
-0.030005 0.970892 0.219763 -2.368870 7.156230 -3.160810 -0.000000 0.101816 0.001315 6.477040 0.818962 1.150444 12.941446 1.685267 2.100935 12.941451 1.685266 2.100934 -0.000000 0.167404 -0.020490 -14.629594 -7.997947 -1.567701 -0.000000 0.096178 0.016850 -18.330175 -5.688556 0.343792 -0.000000 0.220374 0.075011 -0.000000 0.000000 -0.000000 -0.045700 0.110149 -0.021608 8.258382 -14.623324 -7.777318 -2.465735 17.162459 68.193360 1.810687 74.409283 -1.798271 -6.210872 13.633576 7.855324 -0.024648 -0.015740 0.026819 20.890004 -15.566530 -16.787596 -8.208245 -4.310754 0.268583 -0.026463 -0.015278 0.015278 -0.000002 0.000010 -0.000006 -0.019946 -0.011516 0.011516 0.000005 -0.000001 -0.000002 -0.091083 -0.005179 0.022598 9.128251 -12.649988 66.647989 -1.115880 5.239806 125.016449 -0.000007 0.000005 -0.000004 -0.000002 0.000003 0.000002 -0.095325 0.000000 0.000000 0.129283 -8.309460 66.870585 -6.256253 2.643823 127.739400 -0.000002 -0.000000 -0.000001 -0.000002 0.000000 -0.000003 -0.091036 -0.000431 -0.018651 -6.024594 -0.258336 69.615501 -8.192080 -4.659899 114.564470 -0.000005 0.000007 0.000012 -0.000002 0.000005 0.000001 -0.080767 -0.004867 -0.038063 -14.471982 -2.795409 62.649651 -6.361346 -2.984390 115.428435 -0.000003 0.000003 0.000013 -0.000001 0.000003 -0.000000 0.045704 0.110147 -0.021608 2.996878 0.977554 12.300759 0.944252 1.476758 -80.728321 4.810962 -66.995761 4.437985 7.484179 -23.143481 -4.235723 0.024661 -0.015762 0.026817 1.094497 9.692985 16.924118 6.617366 15.968410 -9.748862 0.026479 -0.015288 0.015288 -0.000005 0.000011 -0.000015 0.019989 -0.011541 0.011541 0.000001 -0.000000 -0.000002 0.091093 -0.005180 0.022599 7.419807 13.839619 -81.378651 2.093396 -4.239585 -115.962569 0.000002 0.000002 0.000001 0.000001 -0.000001 0.000000 0.095334 0.000000 0.000000 -1.251498 8.686974 -82.842087 -4.388330 -2.512782 -117.704226 0.000000 0.000001 -0.000001 -0.000003 -0.000003 -0.000000 0.091045 -0.000430 -0.018651 -6.773466 -1.906181 -85.805939 -10.279410 2.611447 -104.549658 0.000002 0.000004 0.000001 0.000002 0.000005 0.000002 0.080778 -0.004869 -0.038063 -14.196129 -1.498172 -78.843442 -11.721829 -1.028358 -105.383200 -0.000010 -0.000011 -0.000013 -0.000000 0.000002 -0.000000 -0.082078 -0.067517 -0.015995 -28.716257 -5.400233 -6.062500 29.513203 0.446125 1.201365 2.957587 -13.050564 4.658233 -0.037868 -0.035259 0.013411 -0.000000 0.000000 0.000000 0.082078 -0.067517 -0.015995 1.364502 -1.625985 14.120916 32.998536 -0.260642 -1.171179 -21.308240 -2.004284 -9.428908 -12.348237 -0.183815 0.542342 0.000000 0.000000 0.000000 
-0.029562 0.971287 0.219567 -2.332382 7.139493 -3.150170 0.000000 0.101816 0.001315 6.476270 0.815029 1.145022 12.940034 1.676632 2.091631 12.940026 1.676633 2.091630 0.000000 0.167404 -0.020490 -14.647110 -7.940255 -1.583173 0.000000 0.096178 0.016850 -18.299463 -5.647958 0.343508 -0.000000 0.220374 0.075011 -0.000000 0.000000 -0.000000 -0.045700 0.110149 -0.021608 8.253042 -14.646825 -7.799742 -2.529292 17.232388 68.270261 1.790670 74.325832 -1.776832 -6.225396 13.662913 7.824113 -0.024648 -0.015740 0.026819 20.890009 -15.566515 -16.787603 -8.208233 -4.310749 0.268573 -0.026463 -0.015278 0.015278 -0.000009 0.000010 -0.000006 -0.019946 -0.011516 0.011516 -0.000001 -0.000000 -0.000004 -0.091083 -0.005179 0.022598 9.128259 -12.649990 66.647989 -1.115897 5.239795 125.016436 -0.000004 0.000006 -0.000005 -0.000008 0.000001 -0.000001 -0.095325 0.000000 0.000000 0.129266 -8.309468 66.870564 -6.256254 2.643804 127.739427 -0.000001 0.000000 -0.000001 0.000001 -0.000002 -0.000002 -0.091036 -0.000431 -0.018651 -6.024611 -0.258330 69.615501 -8.192071 -4.659903 114.564436 -0.000004 0.000002 0.000013 0.000003 0.000004 0.000001 -0.080767 -0.004867 -0.038063 -14.471982 -2.795405 62.649671 -6.361343 -2.984377 115.428407 -0.000001 0.000004 0.000014 -0.000001 0.000003 0.000000 0.045704 0.110147 -0.021608 2.997278 0.968288 12.292222 0.924909 1.515472 -80.698344 4.832867 -67.090121 4.461718 7.451091 -23.119086 -4.290393 0.024661 -0.015762 0.026817 1.094488 9.692987 16.924113 6.617364 15.968403 -9.748848 0.026479 -0.015287 0.015287 -0.000008 0.000011 -0.000011 0.019989 -0.011541 0.011541 -0.000001 0.000003 -0.000000 0.091093 -0.005180 0.022599 7.419800 13.839603 -81.378658 2.093406 -4.239577 -115.962583 -0.000001 0.000003 0.000002 0.000001 0.000003 0.000002 0.095334 0.000000 0.000000 -1.251499 8.686962 -82.842121 -4.388324 -2.512790 -117.704213 -0.000000 0.000005 0.000001 0.000001 0.000002 0.000001 0.091045 -0.000430 -0.018651 -6.773488 -1.906190 -85.805918 -10.279410 2.611475 -104.549665 0.000002 -0.000001 0.000000 0.000000 0.000000 0.000000 0.080778 -0.004869 -0.038063 -14.196143 -1.498187 -78.843435 -11.721831 -1.028348 -105.383214 -0.000010 -0.000007 -0.000012 -0.000001 0.000005 0.000001 -0.082078 -0.067517 -0.015995 -28.661789 -5.352940 -6.073995 29.315893 0.434543 1.193120 3.070143 -13.058556 4.691981 -0.041618 -0.048799 0.021583 -0.000000 0.000000 0.000000 0.082078 -0.067517 -0.015995 1.382816 -1.692212 14.034906 32.892159 -0.215897 -1.164228 -21.236533 -1.937570 -9.399243 -12.294360 -0.190434 0.543302 0.000000 0.000001 0.000000 
-0.029152 0.971681 0.219338 -2.286634 7.111513 -3.141833 -0.000000 0.101816 0.001315 6.476035 0.811783 1.139608 12.939643 1.669303 2.082305 12.939647 1.669304 2.082307 -0.000000 0.167404 -0.020490 -14.687248 -7.885043 -1.603799 0.000000 0.096178 0.016850 -18.271367 -5.614401 0.345733 0.000000 0.220374 0.075011 -0.000000 0.000000 -0.000000 -0.045700 0.110149 -0.021608 8.248089 -14.667220 -7.820550 -2.602188 17.300970 68.324609 1.770307 74.227825 -1.755105 -6.251456 13.684003 7.779494 -0.024648 -0.015740 0.026819 20.890017 -15.566539 -16.787604 -8.208217 -4.310764 0.268564 -0.026463 -0.015278 0.015278 -0.000001 0.000010 -0.000006 -0.019946 -0.011516 0.011516 -0.000001 -0.000003 -0.000000 -0.091083 -0.005179 0.022598 9.128260 -12.650001 66.647975 -1.115902 5.239805 125.016463 -0.000006 0.000006 -0.000004 -0.000008 -0.000004 0.000000 -0.095325 -0.000000 0.000000 0.129297 -8.309466 66.870564 -6.256272 2.643816 127.739427 -0.000002 0.000001 0.000001 0.000001 0.000003 -0.000002 -0.091036 -0.000431 -0.018651 -6.024577 -0.258334 69.615501 -8.192080 -4.659901 114.564430 -0.000006 0.000006 0.000010 0.000001 0.000005 0.000001 -0.080767 -0.004867 -0.038063 -14.471969 -2.795414 62.649644 -6.361344 -2.984388 115.428421 -0.000003 0.000004 0.000014 -0.000000 -0.000002 0.000001 0.045704 0.110147 -0.021608 2.997243 0.959973 12.282356 0.907412 1.547775 -80.665620 4.852628 -67.171721 4.483125 7.432680 -23.101266 -4.340070 0.024661 -0.015762 0.026817 1.094500 9.692970 16.924119 6.617384 15.968398 -9.748868 0.026479 -0.015287 0.015287 -0.000006 0.000014 -0.000017 0.019989 -0.011541 0.011541 0.000001 0.000001 -0.000002 0.091093 -0.005180 0.022599 7.419812 13.839607 -81.378637 2.093394 -4.239583 -115.962569 -0.000001 0.000002 0.000001 0.000001 0.000001 0.000001 0.095334 0.000000 0.000000 -1.251498 8.686963 -82.842087 -4.388324 -2.512797 -117.704240 -0.000001 0.000002 0.000001 -0.000001 0.000001 0.000001 0.091045 -0.000430 -0.018651 -6.773477 -1.906182 -85.805918 -10.279411 2.611458 -104.549658 0.000000 0.000001 -0.000000 -0.000001 -0.000001 0.000001 0.080778 -0.004869 -0.038063 -14.196149 -1.498181 -78.843414 -11.721810 -1.028330 -105.383180 -0.000010 -0.000008 -0.000012 -0.000001 0.000004 0.000000 -0.082078 -0.067517 -0.015995 -28.616532 -5.306760 -6.079679 29.108238 0.420525 1.184301 3.191966 -13.061318 4.722661 -0.037501 -0.053863 0.026201 -0.000000 -0.000001 0.000000 0.082078 -0.067517 -0.015995 1.383436 -1.727466 13.958890 32.787217 -0.161789 -1.156643 -21.163425 -1.902392 -9.377851 -12.250213 -0.187625 0.541815 0.000000 0.000000 0.000000 
-0.028780 0.972070 0.219079 -2.235313 7.076870 -3.134870 -0.000000 0.101816 0.001315 6.476113 0.809387 1.134593 12.939887 1.663669 2.073691 12.939879 1.663671 2.073691 -0.000000 0.167404 -0.020490 -14.741956 -7.837804 -1.628487 0.000000 0.096178 0.016850 -18.242749 -5.589516 0.345252 -0.000000 0.220374 0.075011 -0.000001 0.000000 0.000000 -0.045700 0.110149 -0.021608 8.243694 -14.684618 -7.839467 -2.679525 17.363756 68.359648 1.750381 74.123310 -1.733853 -6.288193 13.701748 7.727209 -0.024648 -0.015740 0.026819 20.890031 -15.566530 -16.787599 -8.208248 -4.310768 0.268570 -0.026463 -0.015278 0.015278 -0.000003 0.000011 -0.000006 -0.019946 -0.011516 0.011516 -0.000001 0.000000 0.000005 -0.091083 -0.005179 0.022598 9.128274 -12.649989 66.647996 -1.115890 5.239801 125.016463 -0.000004 0.000004 -0.000004 0.000000 -0.000002 -0.000001 -0.095325 -0.000000 0.000000 0.129297 -8.309465 66.870578 -6.256277 2.643826 127.739400 -0.000002 0.000002 -0.000001 -0.000005 -0.000001 0.000001 -0.091036 -0.000431 -0.018651 -6.024592 -0.258345 69.615481 -8.192061 -4.659909 114.564430 -0.000008 0.000005 0.000013 -0.000001 0.000008 0.000001 -0.080767 -0.004867 -0.038063 -14.471953 -2.795417 62.649651 -6.361345 -2.984360 115.428407 -0.000003 0.000005 0.000012 0.000001 0.000003 0.000002 0.045704 0.110147 -0.021608 2.997002 0.952858 12.272447 0.888547 1.564977 -80.634700 4.866946 -67.231594 4.498611 7.417340 -23.087209 -4.371299 0.024661 -0.015762 0.026817 1.094510 9.692991 16.924097 6.617361 15.968403 -9.748867 0.026479 -0.015287 0.015287 -0.000007 0.000009 -0.000009 0.019989 -0.011541 0.011541 -0.000001 -0.000002 -0.000000 0.091093 -0.005180 0.022599 7.419798 13.839605 -81.378671 2.093383 -4.239585 -115.962556 0.000000 0.000003 0.000002 0.000001 0.000001 0.000001 0.095334 0.000000 0.000000 -1.251502 8.686984 -82.842115 -4.388323 -2.512797 -117.704213 -0.000000 0.000003 0.000002 0.000000 0.000002 0.000002 0.091045 -0.000430 -0.018651 -6.773445 -1.906179 -85.805925 -10.279401 2.611430 -104.549712 0.000000 0.000002 0.000001 -0.000001 0.000000 0.000002 0.080778 -0.004869 -0.038063 -14.196119 -1.498166 -78.843414 -11.721824 -1.028354 -105.383200 -0.000011 -0.000012 -0.000013 0.000000 0.000005 0.000000 -0.082078 -0.067517 -0.015995 -28.578422 -5.266636 -6.082397 28.895334 0.404699 1.175176 3.319749 -13.055420 4.752217 -0.029995 -0.054890 0.029032 -0.000000 0.000000 0.000000 0.082078 -0.067517 -0.015995 1.369969 -1.736618 13.892643 32.685054 -0.101677 -1.148707 -21.089942 -1.895376 -9.363437 -12.210700 -0.177739 0.538305 -0.000000 0.000000 0.000000 
-0.028450 0.972451 0.218795 -2.181008 7.038330 -3.128539 -0.000000 0.101815 0.001315 6.476320 0.808002 1.130445 12.940349 1.660148 2.066781 12.940361 1.660151 2.066782 -0.000000 0.167404 -0.020490 -14.806416 -7.802809 -1.661939 -0.000000 0.096179 0.016850 -18.206472 -5.578262 0.338435 0.000000 0.220374 0.075011 -0.000001 0.000000 -0.000000 -0.045700 0.110149 -0.021608 8.239623 -14.699711 -7.857552 -2.758763 17.419341 68.378465 1.731817 74.017558 -1.714075 -6.334719 13.717504 7.670320 -0.024648 -0.015740 0.026819 20.890043 -15.566546 -16.787604 -8.208256 -4.310763 0.268565 -0.026463 -0.015278 0.015278 -0.000006 0.000010 -0.000007 -0.019946 -0.011516 0.011516 -0.000002 -0.000005 -0.000000 -0.091083 -0.005179 0.022598 9.128264 -12.649975 66.647968 -1.115903 5.239794 125.016463 -0.000005 0.000006 -0.000004 -0.000004 -0.000000 -0.000000 -0.095325 0.000000 0.000000 0.129288 -8.309460 66.870557 -6.256251 2.643812 127.739414 -0.000003 0.000002 0.000001 -0.000003 0.000003 -0.000001 -0.091036 -0.000431 -0.018651 -6.024584 -0.258329 69.615501 -8.192079 -4.659894 114.564430 -0.000006 0.000004 0.000013 0.000001 0.000001 0.000000 -0.080767 -0.004867 -0.038063 -14.471967 -2.795415 62.649657 -6.361352 -2.984374 115.428421 -0.000001 0.000002 0.000013 0.000001 0.000001 -0.000002 0.045704 0.110147 -0.021608 2.996604 0.944521 12.259762 0.865980 1.562026 -80.604982 4.872190 -67.258061 4.504286 7.390244 -23.077121 -4.366018 0.024661 -0.015762 0.026817 1.094512 9.692993 16.924130 6.617377 15.968410 -9.748867 0.026479 -0.015287 0.015287 -0.000004 0.000011 -0.000012 0.019989 -0.011541 0.011541 -0.000001 -0.000003 0.000005 0.091093 -0.005180 0.022599 7.419823 13.839601 -81.378665 2.093388 -4.239597 -115.962556 -0.000002 0.000003 0.000000 -0.000001 -0.000001 0.000001 0.095334 0.000000 0.000000 -1.251473 8.686967 -82.842094 -4.388343 -2.512803 -117.704240 -0.000000 0.000004 0.000002 0.000000 0.000005 0.000002 0.091045 -0.000430 -0.018651 -6.773464 -1.906184 -85.805918 -10.279401 2.611456 -104.549671 0.000002 -0.000001 0.000000 0.000000 0.000002 0.000001 0.080778 -0.004869 -0.038063 -14.196118 -1.498172 -78.843421 -11.721820 -1.028341 -105.383180 -0.000010 -0.000009 -0.000013 0.000001 0.000002 -0.000000 -0.082078 -0.067517 -0.015995 -28.545237 -5.239545 -6.084954 28.678568 0.387165 1.165861 3.452091 -13.036604 4.782747 -0.021590 -0.054050 0.030816 -0.000000 0.000001 0.000000 0.082078 -0.067517 -0.015995 1.342922 -1.711623 13.839799 32.585695 -0.036484 -1.140496 -21.015698 -1.927228 -9.358119 -12.171208 -0.160112 0.532208 -0.000000 -0.000000 -0.000000 
-0.028162 0.972820 0.218490 -2.126143 6.999623 -3.123096 -0.000000 0.101816 0.001315 6.476590 0.807692 1.127291 12.940948 1.658881 2.061670 12.940944 1.658879 2.061670 -0.000000 0.167404 -0.020490 -14.873903 -7.783538 -1.695234 -0.000000 0.096179 0.016850 -18.169312 -5.575147 0.319127 -0.000000 0.220374 0.075011 -0.000000 0.000000 -0.000000 -0.045700 0.110149 -0.021608 8.236484 -14.711030 -7.872251 -2.835742 17.461479 68.381381 1.715370 73.916492 -1.696617 -6.389460 13.737068 7.614478 -0.024648 -0.015740 0.026819 20.890021 -15.566527 -16.787587 -8.208244 -4.310765 0.268564 -0.026463 -0.015278 0.015278 -0.000006 0.000011 -0.000011 -0.019946 -0.011516 0.011516 0.000002 -0.000003 0.000003 -0.091083 -0.005179 0.022598 9.128258 -12.649981 66.647989 -1.115890 5.239783 125.016463 -0.000002 0.000006 -0.000003 0.000002 0.000001 -0.000001 -0.095325 -0.000000 0.000000 0.129297 -8.309466 66.870564 -6.256270 2.643830 127.739400 -0.000003 -0.000000 -0.000000 -0.000006 -0.000004 -0.000001 -0.091036 -0.000431 -0.018651 -6.024574 -0.258333 69.615501 -8.192073 -4.659880 114.564464 -0.000007 0.000006 0.000010 -0.000002 0.000006 -0.000001 -0.080767 -0.004867 -0.038063 -14.471976 -2.795408 62.649657 -6.361343 -2.984413 115.428421 -0.000003 0.000003 0.000012 -0.000002 0.000003 -0.000001 0.045704 0.110147 -0.021608 2.996280 0.939406 12.250960 0.837480 1.528579 -80.586383 4.867268 -67.247338 4.499009 7.354573 -23.061726 -4.333380 0.024661 -0.015762 0.026817 1.094495 9.692983 16.924104 6.617363 15.968410 -9.748867 0.026479 -0.015287 0.015287 -0.000005 0.000013 -0.000014 0.019989 -0.011541 0.011541 0.000001 0.000001 0.000001 0.091093 -0.005180 0.022599 7.419809 13.839603 -81.378651 2.093380 -4.239588 -115.962583 0.000000 0.000006 0.000003 -0.000001 0.000005 0.000003 0.095334 0.000000 0.000000 -1.251484 8.686965 -82.842094 -4.388327 -2.512797 -117.704213 -0.000000 0.000003 0.000001 -0.000002 0.000003 0.000000 0.091045 -0.000430 -0.018651 -6.773475 -1.906180 -85.805945 -10.279404 2.611455 -104.549671 0.000002 -0.000003 -0.000001 0.000000 -0.000002 -0.000001 0.080778 -0.004869 -0.038063 -14.196120 -1.498180 -78.843414 -11.721814 -1.028350 -105.383153 -0.000010 -0.000011 -0.000013 0.000001 0.000002 -0.000001 -0.082078 -0.067517 -0.015995 -28.515435 -5.224471 -6.087423 28.461963 0.368517 1.156534 3.586814 -13.007424 4.814400 -0.013042 -0.051972 0.031792 -0.000000 0.000000 0.000000 0.082078 -0.067517 -0.015995 1.307633 -1.671646 13.796090 32.491367 0.028907 -1.132432 -20.942345 -1.977062 -9.357811 -12.131808 -0.139080 0.524952 -0.000000 -0.000000 0.000000 
-0.027920 0.973174 0.218166 -2.074007 6.965091 -3.118289 0.000000 0.101815 0.001315 6.476832 0.808727 1.125389 12.941419 1.660450 2.058766 12.941414 1.660454 2.058766 -0.000000 0.167403 -0.020490 -14.936611 -7.787301 -1.722206 -0.000000 0.096179 0.016850 -18.134082 -5.578392 0.278524 0.000000 0.220374 0.075011 -0.000000 -0.000000 0.000000 -0.045700 0.110149 -0.021608 8.234637 -14.716560 -7.880926 -2.904933 17.481985 68.368363 1.701783 73.827993 -1.682200 -6.450809 13.768707 7.563705 -0.024648 -0.015740 0.026819 20.890021 -15.566520 -16.787582 -8.208240 -4.310759 0.268586 -0.026463 -0.015278 0.015278 -0.000006 0.000006 -0.000007 -0.019946 -0.011516 0.011516 0.000003 -0.000006 0.000007 -0.091083 -0.005179 0.022598 9.128264 -12.649975 66.647975 -1.115891 5.239776 125.016436 -0.000002 0.000002 -0.000004 0.000003 0.000001 -0.000001 -0.095325 0.000000 0.000000 0.129295 -8.309459 66.870564 -6.256264 2.643823 127.739427 0.000000 0.000002 -0.000001 0.000002 0.000002 -0.000000 -0.091036 -0.000431 -0.018651 -6.024572 -0.258348 69.615515 -8.192087 -4.659864 114.564450 -0.000006 0.000005 0.000009 0.000005 0.000005 0.000002 -0.080767 -0.004867 -0.038063 -14.471964 -2.795400 62.649671 -6.361342 -2.984395 115.428421 -0.000004 0.000002 0.000013 -0.000003 -0.000002 0.000001 0.045704 0.110147 -0.021608 2.996057 0.941692 12.252447 0.798891 1.450142 -80.589095 4.849163 -67.187027 4.479455 7.305203 -23.033249 -4.268738 0.024661 -0.015762 0.026817 1.094486 9.692978 16.924094 6.617382 15.968398 -9.748844 0.026479 -0.015287 0.015287 -0.000005 0.000009 -0.000011 0.019989 -0.011541 0.011541 -0.000002 0.000003 -0.000000 0.091093 -0.005180 0.022599 7.419807 13.839591 -81.378658 2.093386 -4.239588 -115.962583 0.000001 -0.000000 0.000001 -0.000001 -0.000003 0.000002 0.095334 0.000000 -0.000000 -1.251492 8.686948 -82.842080 -4.388322 -2.512805 -117.704213 -0.000000 0.000004 0.000001 0.000001 0.000004 0.000001 0.091045 -0.000430 -0.018651 -6.773464 -1.906202 -85.805945 -10.279408 2.611456 -104.549665 0.000001 0.000001 -0.000000 0.000000 0.000003 -0.000000 0.080778 -0.004869 -0.038063 -14.196139 -1.498201 -78.843435 -11.721822 -1.028340 -105.383187 -0.000010 -0.000008 -0.000013 0.000000 0.000005 0.000000 -0.082078 -0.067517 -0.015995 -28.486890 -5.224162 -6.091364 28.249686 0.349084 1.147377 3.721504 -12.966782 4.849270 -0.006116 -0.050831 0.032986 0.000000 0.000001 0.000000 0.082078 -0.067517 -0.015995 1.269442 -1.629952 13.759125 32.403005 0.090673 -1.124827 -20.870799 -2.031749 -9.359793 -12.090337 -0.118299 0.517593 -0.000000 -0.000000 0.000000 
-0.027720 0.973510 0.217826 -2.024559 6.935567 -3.114921 -0.000000 0.101815 0.001315 6.477128 0.810653 1.124747 12.941989 1.663978 2.058142 12.941980 1.663978 2.058141 0.000000 0.167404 -0.020490 -14.993712 -7.807168 -1.739592 -0.000000 0.096178 0.016850 -18.105582 -5.581853 0.220908 -0.000000 0.220374 0.075011 -0.000000 -0.000000 0.000000 -0.045700 0.110149 -0.021608 8.233888 -14.718592 -7.884909 -2.967763 17.484980 68.343194 1.691068 73.750962 -1.670893 -6.517996 13.806201 7.526069 -0.024648 -0.015740 0.026819 20.890009 -15.566520 -16.787596 -8.208249 -4.310771 0.268561 -0.026463 -0.015278 0.015278 -0.000007 0.000008 -0.000005 -0.019946 -0.011516 0.011516 0.000003 -0.000002 0.000005 -0.091083 -0.005179 0.022598 9.128240 -12.649977 66.647996 -1.115899 5.239780 125.016477 -0.000003 0.000006 -0.000004 -0.000001 0.000001 -0.000001 -0.095325 0.000000 0.000000 0.129273 -8.309464 66.870564 -6.256257 2.643815 127.739414 -0.000002 0.000001 -0.000001 -0.000001 0.000003 -0.000002 -0.091036 -0.000431 -0.018651 -6.024600 -0.258334 69.615501 -8.192082 -4.659882 114.564464 -0.000008 0.000006 0.000009 0.000002 0.000002 0.000002 -0.080767 -0.004867 -0.038063 -14.471991 -2.795409 62.649671 -6.361345 -2.984400 115.428407 -0.000002 0.000004 0.000013 0.000001 0.000005 0.000000 0.045704 0.110147 -0.021608 2.996115 0.949606 12.262308 0.753524 1.334018 -80.612071 4.822092 -67.091097 4.450191 7.251808 -22.987032 -4.195668 0.024661 -0.015762 0.026817 1.094499 9.692981 16.924106 6.617374 15.968412 -9.748851 0.026479 -0.015287 0.015287 -0.000007 0.000011 -0.000013 0.019989 -0.011541 0.011541 -0.000001 -0.000000 -0.000002 0.091093 -0.005180 0.022599 7.419809 13.839612 -81.378651 2.093395 -4.239578 -115.962556 0.000000 0.000002 0.000000 -0.000001 -0.000003 0.000001 0.095334 0.000000 0.000000 -1.251488 8.686967 -82.842087 -4.388323 -2.512789 -117.704226 -0.000003 0.000002 0.000001 -0.000003 0.000002 0.000001 0.091045 -0.000430 -0.018651 -6.773467 -1.906192 -85.805918 -10.279410 2.611458 -104.549658 0.000002 0.000000 0.000000 0.000002 -0.000000 0.000001 0.080778 -0.004869 -0.038063 -14.196130 -1.498187 -78.843435 -11.721817 -1.028342 -105.383187 -0.000009 -0.000010 -0.000012 0.000001 0.000000 0.000000 -0.082078 -0.067517 -0.015995 -28.459698 -5.234264 -6.095158 28.043223 0.329804 1.138506 3.855405 -12.921381 4.883444 -0.000204 -0.048135 0.032805 -0.000000 0.000000 0.000000 0.082078 -0.067517 -0.015995 1.229481 -1.596231 13.726910 32.322631 0.145253 -1.118010 -20.801835 -2.078834 -9.361929 -12.049106 -0.099228 0.510766 -0.000000 -0.000000 0.000000 
-0.027561 0.973824 0.217471 -1.979013 6.913430 -3.113934 0.000000 0.101815 0.001315 6.477528 0.813471 1.125627 12.942723 1.669466 2.060161 12.942715 1.669463 2.060162 -0.000000 0.167404 -0.020490 -15.041799 -7.842602 -1.740426 0.000000 0.096178 0.016850 -18.090419 -5.578585 0.141974 0.000000 0.220373 0.075011 0.000001 -0.000000 0.000000 -0.045700 0.110149 -0.021608 8.234220 -14.717639 -7.883403 -3.022705 17.467558 68.307028 1.683801 73.689005 -1.663247 -6.592565 13.849374 7.511788 -0.024648 -0.015740 0.026819 20.890011 -15.566527 -16.787598 -8.208226 -4.310735 0.268582 -0.026463 -0.015278 0.015278 -0.000006 0.000006 -0.000003 -0.019946 -0.011516 0.011516 0.000001 -0.000007 0.000003 -0.091083 -0.005179 0.022598 9.128250 -12.649988 66.647989 -1.115878 5.239793 125.016436 -0.000005 0.000002 -0.000003 -0.000002 -0.000002 -0.000001 -0.095325 0.000000 -0.000000 0.129280 -8.309450 66.870578 -6.256263 2.643824 127.739427 -0.000004 0.000001 -0.000001 -0.000004 -0.000001 -0.000001 -0.091036 -0.000431 -0.018651 -6.024594 -0.258331 69.615501 -8.192073 -4.659891 114.564464 -0.000006 0.000003 0.000013 -0.000002 0.000008 0.000000 -0.080767 -0.004867 -0.038063 -14.471998 -2.795409 62.649664 -6.361356 -2.984389 115.428421 -0.000000 0.000005 0.000015 -0.000002 0.000001 0.000001 0.045704 0.110147 -0.021608 2.996589 0.964730 12.283433 0.701250 1.175536 -80.660655 4.787233 -66.960258 4.412473 7.199123 -22.911885 -4.134487 0.024661 -0.015762 0.026817 1.094498 9.692969 16.924089 6.617370 15.968414 -9.748852 0.026479 -0.015288 0.015288 -0.000006 0.000009 -0.000011 0.019989 -0.011541 0.011541 0.000001 0.000003 -0.000000 0.091093 -0.005180 0.022599 7.419795 13.839602 -81.378665 2.093393 -4.239588 -115.962569 -0.000001 0.000001 0.000000 -0.000001 0.000001 0.000000 0.095334 -0.000000 0.000000 -1.251495 8.686967 -82.842115 -4.388315 -2.512780 -117.704213 0.000001 0.000001 -0.000000 -0.000001 0.000000 -0.000001 0.091045 -0.000430 -0.018651 -6.773461 -1.906194 -85.805945 -10.279398 2.611447 -104.549685 0.000000 0.000001 0.000000 -0.000001 0.000002 0.000001 0.080778 -0.004869 -0.038063 -14.196145 -1.498174 -78.843408 -11.721815 -1.028332 -105.383187 -0.000009 -0.000010 -0.000013 0.000001 0.000004 0.000000 -0.082078 -0.067517 -0.015995 -28.433394 -5.252367 -6.097784 27.846106 0.311309 1.130061 3.986650 -12.876303 4.915212 0.005185 -0.041441 0.029749 -0.000000 -0.000000 0.000000 0.082078 -0.067517 -0.015995 1.191688 -1.586904 13.696178 32.251880 0.187366 -1.112455 -20.736760 -2.098583 -9.360065 -12.009773 -0.085222 0.505722 -0.000000 -0.000000 0.000000 
-0.027443 0.974115 0.217104 -1.936841 6.898325 -3.114847 -0.000000 0.101816 0.001315 6.478189 0.816118 1.127720 12.943963 1.674796 2.064391 12.943963 1.674799 2.064391 -0.000000 0.167404 -0.020490 -15.081153 -7.881836 -1.729615 0.000000 0.096179 0.016850 -18.086025 -5.569014 0.058615 -0.000000 0.220374 0.075011 -0.000001 0.000000 0.000000 -0.045700 0.110149 -0.021608 8.234692 -14.717183 -7.880425 -3.072946 17.442978 68.267871 1.678723 73.635532 -1.657939 -6.666202 13.888463 7.518125 -0.024648 -0.015740 0.026819 20.889999 -15.566524 -16.787594 -8.208247 -4.310761 0.268577 -0.026463 -0.015278 0.015278 -0.000008 0.000011 -0.000005 -0.019946 -0.011516 0.011516 -0.000001 -0.000003 0.000001 -0.091083 -0.005179 0.022598 9.128236 -12.649982 66.647982 -1.115891 5.239771 125.016463 -0.000003 0.000004 -0.000005 0.000000 -0.000000 0.000001 -0.095325 0.000000 0.000000 0.129261 -8.309453 66.870564 -6.256250 2.643805 127.739414 -0.000001 -0.000000 -0.000000 -0.000002 -0.000002 -0.000002 -0.091036 -0.000431 -0.018651 -6.024590 -0.258329 69.615501 -8.192076 -4.659885 114.564464 -0.000007 0.000006 0.000012 -0.000001 0.000003 -0.000000 -0.080767 -0.004867 -0.038063 -14.471979 -2.795409 62.649678 -6.361347 -2.984387 115.428421 -0.000001 0.000005 0.000013 -0.000000 0.000000 -0.000001 0.045704 0.110147 -0.021608 2.997234 0.981563 12.308314 0.648086 0.995639 -80.725480 4.750995 -66.821639 4.373237 7.156571 -22.819356 -4.090423 0.024661 -0.015762 0.026817 1.094512 9.692994 16.924090 6.617369 15.968393 -9.748877 0.026479 -0.015287 0.015287 -0.000007 0.000013 -0.000009 0.019989 -0.011541 0.011541 0.000001 -0.000001 -0.000000 0.091093 -0.005180 0.022599 7.419810 13.839602 -81.378651 2.093384 -4.239586 -115.962569 0.000000 0.000001 0.000001 0.000001 0.000001 0.000000 0.095334 0.000000 0.000000 -1.251474 8.686959 -82.842094 -4.388322 -2.512788 -117.704240 0.000001 0.000001 0.000000 -0.000000 -0.000004 0.000001 0.091045 -0.000430 -0.018651 -6.773455 -1.906182 -85.805939 -10.279405 2.611457 -104.549665 -0.000002 0.000000 0.000000 -0.000002 0.000002 0.000001 0.080778 -0.004869 -0.038063 -14.196126 -1.498179 -78.843414 -11.721812 -1.028334 -105.383194 -0.000010 -0.000007 -0.000013 -0.000000 0.000005 0.000001 -0.082078 -0.067517 -0.015995 -28.407443 -5.275348 -6.098824 27.657347 0.294747 1.122098 4.112020 -12.835853 4.940269 0.008670 -0.032479 0.024607 -0.000000 -0.000000 -0.000000 0.082078 -0.067517 -0.015995 1.154338 -1.594833 13.668465 32.190302 0.219144 -1.107969 -20.675659 -2.100063 -9.355733 -11.972145 -0.074179 0.501749 -0.000000 -0.000000 0.000000 
-0.027364 0.974380 0.216728 -1.897630 6.891121 -3.118333 -0.000000 0.101816 0.001315 6.479199 0.817677 1.131075 12.945918 1.678163 2.071031 12.945918 1.678165 2.071031 -0.000000 0.167404 -0.020490 -15.111140 -7.913762 -1.707832 0.000000 0.096178 0.016850 -18.093912 -5.549417 -0.016912 -0.000000 0.220374 0.075011 0.000000 -0.000000 0.000000 -0.045700 0.110149 -0.021608 8.234495 -14.721151 -7.879438 -3.121009 17.422382 68.232517 1.675082 73.585910 -1.654258 -6.734804 13.912750 7.549739 -0.024648 -0.015740 0.026819 20.890007 -15.566520 -16.787587 -8.208242 -4.310772 0.268570 -0.026463 -0.015278 0.015278 -0.000007 0.000010 -0.000008 -0.019946 -0.011516 0.011516 0.000001 0.000001 -0.000000 -0.091083 -0.005179 0.022598 9.128256 -12.649988 66.647989 -1.115883 5.239783 125.016463 -0.000007 0.000006 -0.000004 -0.000002 -0.000003 0.000000 -0.095325 -0.000000 -0.000000 0.129284 -8.309471 66.870591 -6.256259 2.643815 127.739400 0.000001 -0.000000 0.000000 0.000002 0.000000 -0.000000 -0.091036 -0.000431 -0.018651 -6.024600 -0.258334 69.615501 -8.192083 -4.659890 114.564464 -0.000006 0.000004 0.000010 -0.000003 0.000005 0.000001 -0.080767 -0.004867 -0.038063 -14.471984 -2.795422 62.649671 -6.361338 -2.984388 115.428421 -0.000003 0.000003 0.000013 0.000002 0.000001 -0.000001 0.045704 0.110147 -0.021608 2.998132 0.995600 12.331435 0.599271 0.810266 -80.800947 4.719002 -66.697699 4.338580 7.133838 -22.710565 -4.082285 0.024661 -0.015762 0.026817 1.094507 9.692978 16.924099 6.617369 15.968393 -9.748864 0.026479 -0.015287 0.015288 -0.000006 0.000009 -0.000010 0.019989 -0.011541 0.011541 0.000001 0.000005 -0.000000 0.091093 -0.005180 0.022599 7.419815 13.839606 -81.378651 2.093407 -4.239588 -115.962556 -0.000002 0.000002 0.000002 -0.000001 0.000003 0.000001 0.095334 0.000000 -0.000000 -1.251486 8.686968 -82.842121 -4.388324 -2.512798 -117.704226 -0.000000 0.000001 0.000000 0.000001 0.000001 0.000001 0.091045 -0.000430 -0.018651 -6.773476 -1.906176 -85.805945 -10.279408 2.611454 -104.549671 -0.000001 0.000000 0.000001 0.000001 0.000001 -0.000000 0.080778 -0.004869 -0.038063 -14.196130 -1.498177 -78.843414 -11.721802 -1.028346 -105.383180 -0.000010 -0.000007 -0.000012 0.000001 0.000003 0.000001 -0.082078 -0.067517 -0.015995 -28.380315 -5.299210 -6.096563 27.475903 0.281499 1.114678 4.227164 -12.807061 4.952744 0.008378 -0.021166 0.016806 -0.000000 -0.000000 0.000000 0.082078 -0.067517 -0.015995 1.116297 -1.622398 13.644155 32.140217 0.238475 -1.104807 -20.619195 -2.080151 -9.348728 -11.937310 -0.064941 0.498559 0.000000 -0.000001 0.000000 
-0.027325 0.974624 0.216345 -1.862229 6.890504 -3.121796 0.000000 0.101815 0.001315 6.480705 0.817733 1.134778 12.948879 1.678655 2.078521 12.948877 1.678653 2.078522 -0.000000 0.167404 -0.020490 -15.130764 -7.935765 -1.680517 0.000000 0.096178 0.016850 -18.108261 -5.525225 -0.074957 -0.000000 0.220374 0.075011 -0.000001 0.000000 0.000000 -0.045700 0.110149 -0.021608 8.233433 -14.728666 -7.881369 -3.167310 17.409396 68.205709 1.672026 73.537498 -1.651157 -6.787403 13.924993 7.594744 -0.024648 -0.015740 0.026819 20.890007 -15.566522 -16.787599 -8.208235 -4.310762 0.268574 -0.026463 -0.015278 0.015278 -0.000007 0.000010 -0.000006 -0.019946 -0.011516 0.011516 -0.000000 0.000000 -0.000001 -0.091083 -0.005179 0.022598 9.128250 -12.649993 66.648002 -1.115885 5.239791 125.016463 -0.000005 0.000002 -0.000004 -0.000001 0.000002 0.000000 -0.095325 -0.000000 0.000000 0.129280 -8.309464 66.870591 -6.256247 2.643817 127.739427 -0.000000 -0.000000 -0.000000 -0.000001 -0.000002 0.000001 -0.091036 -0.000431 -0.018651 -6.024596 -0.258331 69.615501 -8.192082 -4.659906 114.564470 -0.000009 0.000005 0.000011 0.000001 0.000003 -0.000000 -0.080767 -0.004867 -0.038063 -14.471984 -2.795408 62.649678 -6.361358 -2.984398 115.428421 -0.000002 0.000003 0.000013 -0.000000 -0.000002 -0.000001 0.045704 0.110147 -0.021608 2.998973 1.005698 12.350287 0.557348 0.629507 -80.881017 4.693448 -66.603101 4.310888 7.135143 -22.605274 -4.089478 0.024661 -0.015762 0.026817 1.094495 9.692971 16.924113 6.617377 15.968391 -9.748852 0.026479 -0.015287 0.015288 -0.000007 0.000011 -0.000014 0.019989 -0.011541 0.011541 -0.000003 0.000003 0.000003 0.091093 -0.005180 0.022599 7.419809 13.839595 -81.378651 2.093373 -4.239579 -115.962556 -0.000000 0.000003 0.000001 0.000002 0.000002 0.000001 0.095334 -0.000000 0.000000 -1.251491 8.686956 -82.842094 -4.388332 -2.512793 -117.704226 0.000002 0.000002 -0.000001 -0.000000 0.000000 -0.000000 0.091045 -0.000430 -0.018651 -6.773466 -1.906194 -85.805918 -10.279397 2.611451 -104.549671 0.000000 0.000001 0.000001 0.000002 0.000004 0.000002 0.080778 -0.004869 -0.038063 -14.196127 -1.498179 -78.843401 -11.721816 -1.028339 -105.383187 -0.000010 -0.000009 -0.000013 -0.000000 -0.000001 -0.000000 -0.082078 -0.067517 -0.015995 -28.351948 -5.324398 -6.093502 27.302261 0.271299 1.107775 4.331181 -12.786962 4.955747 0.006219 -0.010485 0.008914 -0.000000 -0.000001 -0.000000 0.082078 -0.067517 -0.015995 1.078151 -1.657776 13.623582 32.097624 0.251802 -1.102337 -20.565995 -2.055170 -9.342147 -11.902942 -0.058092 0.496173 0.000000 0.000000 0.000000 
-0.027339 0.974845 0.215957 -1.832516 6.896818 -3.122144 0.000000 0.101816 0.001315 6.482991 0.814952 1.137760 12.953433 1.673542 2.085096 12.953433 1.673542 2.085097 -0.000000 0.167404 -0.020490 -15.135534 -7.937025 -1.653665 0.000000 0.096179 0.016850 -18.123816 -5.500857 -0.093138 -0.000000 0.220374 0.075011 -0.000000 -0.000000 0.000000 -0.045700 0.110149 -0.021608 8.231073 -14.741210 -7.889668 -3.213196 17.415546 68.198797 1.667996 73.484994 -1.647061 -6.803719 13.921199 7.642924 -0.024648 -0.015740 0.026819 20.890019 -15.566530 -16.787606 -8.208246 -4.310759 0.268579 -0.026463 -0.015278 0.015278 -0.000005 0.000010 -0.000006 -0.019946 -0.011516 0.011516 0.000002 -0.000000 0.000003 -0.091083 -0.005179 0.022598 9.128255 -12.649979 66.647989 -1.115900 5.239792 125.016449 -0.000004 0.000006 -0.000004 0.000001 -0.000001 0.000000 -0.095325 -0.000000 -0.000000 0.129290 -8.309452 66.870564 -6.256268 2.643827 127.739427 0.000001 -0.000002 -0.000001 0.000001 -0.000003 -0.000001 -0.091036 -0.000431 -0.018651 -6.024583 -0.258329 69.615487 -8.192069 -4.659893 114.564464 -0.000007 0.000003 0.000011 0.000000 -0.000003 -0.000004 -0.080767 -0.004867 -0.038063 -14.471989 -2.795409 62.649664 -6.361337 -2.984403 115.428421 -0.000001 0.000003 0.000014 -0.000001 0.000001 0.000001 0.045704 0.110147 -0.021608 2.999730 1.007384 12.358010 0.529855 0.474753 -80.956620 4.681108 -66.574264 4.297579 7.176401 -22.530900 -4.097040 0.024661 -0.015762 0.026817 1.094500 9.692978 16.924102 6.617366 15.968407 -9.748864 0.026479 -0.015287 0.015288 -0.000007 0.000014 -0.000018 0.019989 -0.011541 0.011541 0.000002 -0.000003 -0.000000 0.091093 -0.005180 0.022599 7.419805 13.839600 -81.378658 2.093384 -4.239588 -115.962556 -0.000002 -0.000001 -0.000001 -0.000001 -0.000004 -0.000000 0.095334 0.000000 0.000000 -1.251487 8.686965 -82.842115 -4.388336 -2.512809 -117.704226 -0.000000 0.000004 0.000001 0.000002 -0.000001 0.000001 0.091045 -0.000430 -0.018651 -6.773471 -1.906181 -85.805918 -10.279412 2.611456 -104.549671 -0.000001 -0.000000 -0.000000 -0.000000 0.000001 0.000001 0.080778 -0.004869 -0.038063 -14.196116 -1.498172 -78.843408 -11.721808 -1.028342 -105.383180 -0.000010 -0.000010 -0.000013 -0.000001 0.000004 0.000000 -0.082078 -0.067517 -0.015995 -28.322554 -5.349917 -6.092093 27.140597 0.265142 1.101574 4.419672 -12.776730 4.948382 0.003347 -0.004525 0.004032 -0.000000 -0.000000 0.000000 0.082078 -0.067517 -0.015995 1.039647 -1.688539 13.608454 32.061133 0.264799 -1.100059 -20.515317 -2.043780 -9.340596 -11.866423 -0.054470 0.494689 0.000000 -0.000000 0.000000 
-0.027374 0.975057 0.215567 -1.804972 6.906061 -3.121611 -0.000000 0.101816 0.001315 6.485566 0.811157 1.140591 12.958580 1.666417 2.091532 12.958566 1.666415 2.091533 -0.000000 0.167404 -0.020490 -15.134608 -7.930936 -1.626149 -0.000000 0.096179 0.016850 -18.140649 -5.475794 -0.097420 0.000000 0.220374 0.075011 -0.000000 0.000000 0.000000 -0.045700 0.110149 -0.021608 8.228187 -14.755726 -7.900240 -3.258696 17.428237 68.198770 1.663878 73.431459 -1.642770 -6.807361 13.911115 7.693888 -0.024648 -0.015740 0.026819 20.890012 -15.566510 -16.787594 -8.208249 -4.310778 0.268564 -0.026463 -0.015278 0.015278 -0.000005 0.000011 -0.000006 -0.019946 -0.011516 0.011516 -0.000001 -0.000003 -0.000000 -0.091083 -0.005179 0.022598 9.128243 -12.649971 66.647982 -1.115893 5.239789 125.016436 -0.000006 0.000007 -0.000004 -0.000004 -0.000002 -0.000000 -0.095325 0.000000 0.000000 0.129289 -8.309443 66.870585 -6.256269 2.643810 127.739427 -0.000000 -0.000000 -0.000000 -0.000000 0.000001 0.000000 -0.091036 -0.000431 -0.018651 -6.024588 -0.258327 69.615501 -8.192076 -4.659869 114.564457 -0.000006 0.000004 0.000010 -0.000001 -0.000004 -0.000003 -0.080767 -0.004867 -0.038063 -14.471982 -2.795407 62.649664 -6.361337 -2.984396 115.428421 -0.000002 0.000007 0.000014 -0.000002 -0.000001 0.000001 0.045704 0.110147 -0.021608 3.000475 1.006119 12.362064 0.507395 0.328113 -81.031629 4.673347 -66.568424 4.289270 7.232576 -22.465814 -4.106854 0.024661 -0.015762 0.026817 1.094503 9.692977 16.924118 6.617373 15.968403 -9.748843 0.026479 -0.015287 0.015287 -0.000011 0.000014 -0.000011 0.019989 -0.011541 0.011541 -0.000003 0.000008 0.000001 0.091093 -0.005180 0.022599 7.419796 13.839601 -81.378651 2.093388 -4.239581 -115.962597 -0.000001 -0.000000 0.000001 -0.000001 0.000001 0.000001 0.095334 0.000000 0.000000 -1.251493 8.686957 -82.842094 -4.388327 -2.512801 -117.704240 -0.000001 0.000006 0.000002 0.000001 0.000004 0.000002 0.091045 -0.000430 -0.018651 -6.773462 -1.906192 -85.805918 -10.279418 2.611471 -104.549678 -0.000002 0.000000 0.000000 -0.000001 0.000000 -0.000001 0.080778 -0.004869 -0.038063 -14.196126 -1.498187 -78.843414 -11.721830 -1.028355 -105.383187 -0.000011 -0.000012 -0.000012 -0.000000 -0.000002 0.000001 -0.082078 -0.067517 -0.015995 -28.292590 -5.375730 -6.091026 26.983265 0.260584 1.095642 4.502258 -12.770610 4.936739 -0.000014 -0.000001 0.000002 -0.000000 -0.000000 0.000000 0.082078 -0.067517 -0.015995 1.001217 -1.719060 13.595421 32.027030 0.276811 -1.097928 -20.465470 -2.035527 -9.340769 -11.829497 -0.052115 0.493581 -0.000000 -0.000000 0.000000 
